voting_district,municipality_code_2021,municipality_name_2021,registered_voters,venue_type,vd_beta,vd_turnout_lag1,local_position_forecast,turnout_forecast,at_risk_district
54100011,MP304,MP304 - Dr Pixley Ka Isaka Seme,1582.0,school,1.059,38.559,-2.46,37.007,False
54100022,MP304,MP304 - Dr Pixley Ka Isaka Seme,1505.0,hall,1.185,46.445,2.252,41.719,False
54100033,MP304,MP304 - Dr Pixley Ka Isaka Seme,2011.0,other,1.036,51.069,3.247,42.714,False
54100044,MP304,MP304 - Dr Pixley Ka Isaka Seme,828.0,hall,2.082,46.377,2.829,42.297,False
54100055,MP304,MP304 - Dr Pixley Ka Isaka Seme,101.0,school,,68.317,10.363,49.83,False
54110012,MP303,MP303 - Mkhondo,1537.0,hall,0.458,47.495,2.174,41.641,False
54110023,MP303,MP303 - Mkhondo,2391.0,hall,0.876,40.36,-1.886,37.582,False
54110034,MP303,MP303 - Mkhondo,1538.0,hall,0.954,41.157,-1.309,38.159,False
54120013,MP301,MP301 - Chief Albert Luthuli,171.0,other,-0.416,35.088,-4.402,35.065,True
54120024,MP301,MP301 - Chief Albert Luthuli,485.0,school,0.587,56.495,7.592,47.06,False
54120035,MP301,MP301 - Chief Albert Luthuli,283.0,other,1.381,45.936,1.704,41.171,False
54120046,MP301,MP301 - Chief Albert Luthuli,770.0,hall,0.549,31.429,-6.41,33.057,True
54120057,MP301,MP301 - Chief Albert Luthuli,152.0,other,0.219,43.421,-0.188,39.279,False
54120068,MP301,MP301 - Chief Albert Luthuli,457.0,school,0.666,45.733,0.677,40.144,False
54120080,MP301,MP301 - Chief Albert Luthuli,793.0,school,1.25,45.397,1.336,40.803,False
54120091,MP301,MP301 - Chief Albert Luthuli,289.0,school,1.123,43.253,0.841,40.308,False
54120103,MP301,MP301 - Chief Albert Luthuli,905.0,school,0.83,56.906,7.272,46.74,False
54120114,MP301,MP301 - Chief Albert Luthuli,810.0,school,1.062,50.988,3.89,43.358,False
54120125,MP301,MP301 - Chief Albert Luthuli,1255.0,school,0.424,41.514,-0.656,38.812,False
54120136,MP301,MP301 - Chief Albert Luthuli,510.0,school,0.494,51.961,4.163,43.63,False
54120147,MP301,MP301 - Chief Albert Luthuli,182.0,hall,0.211,27.473,-9.971,29.496,True
54120181,MP301,MP301 - Chief Albert Luthuli,345.0,school,0.611,60.87,8.41,47.877,False
54120192,MP301,MP301 - Chief Albert Luthuli,1118.0,school,0.321,51.699,3.88,43.347,False
54120215,MP301,MP301 - Chief Albert Luthuli,1054.0,church,1.651,50.664,4.122,43.59,False
54120226,MP301,MP301 - Chief Albert Luthuli,1252.0,school,0.827,55.591,6.699,46.166,False
54120237,MP301,MP301 - Chief Albert Luthuli,397.0,traditional,2.325,48.866,4.221,43.689,False
54120248,MP301,MP301 - Chief Albert Luthuli,671.0,church,2.291,51.416,4.524,43.991,False
54120259,MP301,MP301 - Chief Albert Luthuli,431.0,school,,58.469,7.732,47.2,False
54120260,MP301,MP301 - Chief Albert Luthuli,246.0,traditional,,48.374,3.016,42.483,False
54120271,MP301,MP301 - Chief Albert Luthuli,510.0,church,,58.824,7.772,47.24,False
54120282,MP301,MP301 - Chief Albert Luthuli,155.0,school,,48.387,3.125,42.592,False
54120293,MP301,MP301 - Chief Albert Luthuli,192.0,church,,57.292,6.795,46.262,False
54130014,MP306,MP306 - Dipaleseng,1230.0,school,1.277,35.447,-2.874,36.594,False
54130025,MP306,MP306 - Dipaleseng,989.0,school,0.58,40.647,-1.147,38.321,False
54130036,MP306,MP306 - Dipaleseng,1439.0,church,0.346,48.436,3.08,42.547,False
54130047,MP306,MP306 - Dipaleseng,1886.0,tent,1.09,40.509,-1.95,37.517,False
54130070,MP306,MP306 - Dipaleseng,1430.0,school,0.269,46.364,2.712,42.179,False
54130081,MP306,MP306 - Dipaleseng,959.0,hall,0.924,46.09,2.742,42.21,False
54130092,MP306,MP306 - Dipaleseng,660.0,church,-0.367,45.758,0.525,39.992,False
54130104,MP306,MP306 - Dipaleseng,854.0,church,1.367,51.054,4.9,44.368,False
54130115,MP306,MP306 - Dipaleseng,487.0,other,1.299,55.031,7.067,46.534,False
54130126,MP306,MP306 - Dipaleseng,518.0,school,2.631,43.436,1.842,41.31,False
54130137,MP306,MP306 - Dipaleseng,733.0,school,2.12,49.523,4.808,44.275,False
54130148,MP306,MP306 - Dipaleseng,546.0,church,,53.663,6.037,45.505,False
54130159,MP306,MP306 - Dipaleseng,588.0,church,,53.401,5.974,45.442,False
54130160,MP306,MP306 - Dipaleseng,606.0,school,,46.865,3.166,42.633,False
54130171,MP306,MP306 - Dipaleseng,88.0,other,,85.227,17.349,56.816,False
54130182,MP306,MP306 - Dipaleseng,355.0,school,,65.07,9.724,49.191,False
54140015,MP307,MP307 - Govan Mbeki,2374.0,church,0.998,27.843,-7.697,31.771,True
54140026,MP307,MP307 - Govan Mbeki,1067.0,school,0.859,39.831,-0.549,38.918,False
54140037,MP307,MP307 - Govan Mbeki,1262.0,school,1.437,41.997,0.169,39.636,False
54140048,MP307,MP307 - Govan Mbeki,2130.0,school,1.284,34.038,-4.276,35.191,True
54140059,MP307,MP307 - Govan Mbeki,2410.0,school,1.089,55.602,5.368,44.836,False
54140060,MP307,MP307 - Govan Mbeki,1541.0,church,0.935,33.744,-5.414,34.054,True
54140071,MP307,MP307 - Govan Mbeki,1608.0,school,0.738,44.714,0.842,40.309,False
54140082,MP307,MP307 - Govan Mbeki,2743.0,school,1.637,43.128,-0.211,39.256,False
54140093,MP307,MP307 - Govan Mbeki,1896.0,hall,1.232,39.451,-1.525,37.943,False
54140105,MP307,MP307 - Govan Mbeki,2893.0,church,0.899,55.375,9.365,48.832,False
54140116,MP307,MP307 - Govan Mbeki,1225.0,hall,0.583,47.347,1.79,41.257,False
54140127,MP307,MP307 - Govan Mbeki,1440.0,church,0.554,40.347,-0.95,38.518,False
54140138,MP307,MP307 - Govan Mbeki,2498.0,school,0.526,37.47,-3.379,36.089,True
54140149,MP307,MP307 - Govan Mbeki,949.0,school,1.439,42.571,0.605,40.072,False
54140150,MP307,MP307 - Govan Mbeki,2120.0,church,0.975,45.33,0.983,40.45,False
54140161,MP307,MP307 - Govan Mbeki,395.0,church,,61.772,7.74,47.208,False
54140172,MP307,MP307 - Govan Mbeki,515.0,church,,68.932,10.004,49.471,False
54140183,MP307,MP307 - Govan Mbeki,44.0,school,,104.545,17.485,56.952,False
54150016,MP302,MP302 - Msukaligwa,2550.0,hall,1.007,22.275,-11.361,28.107,True
54150027,MP302,MP302 - Msukaligwa,1372.0,school,1.155,34.548,-3.806,35.662,True
54150038,MP302,MP302 - Msukaligwa,592.0,school,2.056,45.101,2.018,41.485,False
54160017,MP301,MP301 - Chief Albert Luthuli,1712.0,hall,0.637,38.96,-2.981,36.486,True
54160028,MP301,MP301 - Chief Albert Luthuli,843.0,hall,0.066,34.045,-4.927,34.541,True
54160039,MP301,MP301 - Chief Albert Luthuli,1150.0,school,0.57,42.783,0.292,39.76,False
54160040,MP301,MP301 - Chief Albert Luthuli,2051.0,school,0.606,42.662,0.033,39.5,False
54160051,MP301,MP301 - Chief Albert Luthuli,514.0,school,1.364,52.918,5.269,44.736,False
54160062,MP301,MP301 - Chief Albert Luthuli,433.0,school,1.665,49.192,4.223,43.69,False
54160073,MP301,MP301 - Chief Albert Luthuli,197.0,church,1.777,37.563,-2.888,36.579,False
54160084,MP301,MP301 - Chief Albert Luthuli,471.0,church,3.0,41.614,0.764,40.231,False
54160095,MP301,MP301 - Chief Albert Luthuli,1610.0,church,,46.832,2.22,41.687,False
54160107,MP301,MP301 - Chief Albert Luthuli,662.0,church,,48.187,3.073,42.541,False
54170018,MP302,MP302 - Msukaligwa,729.0,hall,0.173,45.405,0.43,39.897,False
54170029,MP302,MP302 - Msukaligwa,968.0,school,1.054,58.161,6.805,46.273,False
54180019,MP302,MP302 - Msukaligwa,2169.0,school,0.691,57.446,5.613,45.081,False
54180020,MP302,MP302 - Msukaligwa,496.0,church,1.777,51.815,4.405,43.872,False
54190010,MP311,MP311 - Victor Khanye,1909.0,hall,0.283,47.407,0.748,40.215,False
54190021,MP311,MP311 - Victor Khanye,2639.0,school,0.623,51.951,1.24,40.707,False
54190032,MP311,MP311 - Victor Khanye,1611.0,other,0.002,49.162,4.278,43.746,False
54190043,MP311,MP311 - Victor Khanye,2206.0,school,0.561,52.312,2.101,41.568,False
54190054,MP311,MP311 - Victor Khanye,2026.0,church,0.14,50.888,1.179,40.647,False
54190065,MP311,MP311 - Victor Khanye,1086.0,school,0.589,52.118,3.089,42.556,False
54190076,MP311,MP311 - Victor Khanye,2081.0,school,-0.131,49.976,1.153,40.62,False
54190087,MP311,MP311 - Victor Khanye,2204.0,school,0.823,47.505,0.412,39.88,False
54190098,MP311,MP311 - Victor Khanye,1375.0,hall,0.726,50.982,5.864,45.331,False
54190100,MP311,MP311 - Victor Khanye,1317.0,hall,0.257,53.303,4.162,43.63,False
54190111,MP311,MP311 - Victor Khanye,1598.0,school,0.345,54.443,5.244,44.711,False
54190122,MP311,MP311 - Victor Khanye,1506.0,hall,0.671,60.823,9.736,49.204,False
54190133,MP311,MP311 - Victor Khanye,954.0,church,0.364,55.451,6.21,45.678,False
54190144,MP311,MP311 - Victor Khanye,1894.0,school,1.185,58.078,5.594,45.061,False
54190155,MP311,MP311 - Victor Khanye,1176.0,church,,62.67,7.594,47.061,False
54200012,MP301,MP301 - Chief Albert Luthuli,365.0,school,0.411,45.205,0.772,40.239,False
54200023,MP301,MP301 - Chief Albert Luthuli,399.0,school,0.908,51.88,3.835,43.302,False
54200034,MP301,MP301 - Chief Albert Luthuli,1731.0,hall,0.263,49.162,2.235,41.703,False
54200045,MP301,MP301 - Chief Albert Luthuli,632.0,school,0.898,55.38,6.942,46.409,False
54200056,MP301,MP301 - Chief Albert Luthuli,77.0,other,1.311,37.662,-2.338,37.129,False
54200067,MP301,MP301 - Chief Albert Luthuli,188.0,school,0.774,49.468,4.212,43.68,False
54200078,MP301,MP301 - Chief Albert Luthuli,702.0,school,1.421,60.684,8.847,48.314,False
54200089,MP301,MP301 - Chief Albert Luthuli,394.0,school,,57.107,7.092,46.559,False
54210013,MP301,MP301 - Chief Albert Luthuli,1753.0,school,1.388,37.079,-2.966,36.502,True
54210024,MP301,MP301 - Chief Albert Luthuli,1540.0,school,0.84,48.442,2.587,42.054,False
54210035,MP301,MP301 - Chief Albert Luthuli,1105.0,school,0.603,32.127,-5.192,34.275,True
54210046,MP301,MP301 - Chief Albert Luthuli,1884.0,school,1.401,43.524,1.126,40.594,False
54210057,MP301,MP301 - Chief Albert Luthuli,1241.0,school,0.779,39.887,-1.917,37.55,False
54210068,MP301,MP301 - Chief Albert Luthuli,781.0,school,0.338,29.321,-7.48,31.987,True
54210079,MP301,MP301 - Chief Albert Luthuli,1518.0,school,1.024,40.843,-0.984,38.484,False
54210080,MP301,MP301 - Chief Albert Luthuli,1294.0,school,0.746,40.572,-1.221,38.246,False
54210091,MP301,MP301 - Chief Albert Luthuli,1640.0,school,0.878,43.049,0.377,39.844,False
54210103,MP301,MP301 - Chief Albert Luthuli,1591.0,school,0.941,33.941,-4.683,34.784,True
54210114,MP301,MP301 - Chief Albert Luthuli,1622.0,school,0.978,36.806,-3.052,36.416,True
54210125,MP301,MP301 - Chief Albert Luthuli,458.0,school,1.456,42.576,1.219,40.686,False
54210169,MP301,MP301 - Chief Albert Luthuli,504.0,school,0.86,39.087,-1.747,37.72,False
54210170,MP301,MP301 - Chief Albert Luthuli,1014.0,school,1.122,45.858,2.017,41.485,False
54210192,MP301,MP301 - Chief Albert Luthuli,761.0,school,0.37,47.7,3.378,42.845,False
54210204,MP301,MP301 - Chief Albert Luthuli,1247.0,school,0.416,48.196,3.281,42.748,False
54210215,MP301,MP301 - Chief Albert Luthuli,122.0,school,1.59,30.328,-5.895,33.573,True
54210226,MP301,MP301 - Chief Albert Luthuli,939.0,school,1.361,46.113,2.013,41.48,False
54210237,MP301,MP301 - Chief Albert Luthuli,1263.0,school,1.645,38.242,-1.056,38.411,False
54210248,MP301,MP301 - Chief Albert Luthuli,1195.0,school,1.74,43.598,1.191,40.658,False
54210259,MP301,MP301 - Chief Albert Luthuli,917.0,church,1.956,39.913,-0.774,38.693,False
54210260,MP301,MP301 - Chief Albert Luthuli,531.0,church,2.367,45.574,2.102,41.569,False
54210271,MP301,MP301 - Chief Albert Luthuli,592.0,church,2.263,42.736,1.166,40.633,False
54210282,MP301,MP301 - Chief Albert Luthuli,985.0,school,1.431,53.807,5.999,45.467,False
54210293,MP301,MP301 - Chief Albert Luthuli,620.0,school,2.847,42.097,1.414,40.881,False
54210305,MP301,MP301 - Chief Albert Luthuli,351.0,school,2.443,48.433,4.241,43.708,False
54210316,MP301,MP301 - Chief Albert Luthuli,753.0,school,2.078,48.738,4.159,43.626,False
54210327,MP301,MP301 - Chief Albert Luthuli,397.0,school,,43.073,0.407,39.874,False
54210338,MP301,MP301 - Chief Albert Luthuli,434.0,school,,46.083,2.225,41.692,False
54210349,MP301,MP301 - Chief Albert Luthuli,403.0,church,,46.898,2.614,42.081,False
54210350,MP301,MP301 - Chief Albert Luthuli,323.0,church,,53.56,5.669,45.137,False
54210361,MP301,MP301 - Chief Albert Luthuli,296.0,church,,43.919,0.76,40.227,False
54220014,MP301,MP301 - Chief Albert Luthuli,1232.0,church,0.253,33.442,-5.578,33.889,True
54220025,MP301,MP301 - Chief Albert Luthuli,1095.0,school,0.431,36.256,-4.03,35.437,True
54220036,MP301,MP301 - Chief Albert Luthuli,940.0,school,0.59,48.936,2.757,42.224,False
54220047,MP301,MP301 - Chief Albert Luthuli,1379.0,school,0.695,49.021,3.255,42.722,False
54220058,MP301,MP301 - Chief Albert Luthuli,929.0,school,0.727,31.97,-5.097,34.37,True
54220069,MP301,MP301 - Chief Albert Luthuli,1300.0,school,0.361,35.538,-3.625,35.842,True
54220070,MP301,MP301 - Chief Albert Luthuli,805.0,school,0.614,37.143,-2.496,36.972,False
54220081,MP301,MP301 - Chief Albert Luthuli,875.0,school,0.953,38.971,-1.437,38.03,False
54220092,MP301,MP301 - Chief Albert Luthuli,1346.0,school,0.141,41.456,-1.417,38.051,False
54220104,MP301,MP301 - Chief Albert Luthuli,1367.0,school,0.375,39.576,-2.236,37.231,False
54220115,MP301,MP301 - Chief Albert Luthuli,1773.0,school,0.733,34.349,-4.718,34.749,True
54220126,MP301,MP301 - Chief Albert Luthuli,1102.0,school,0.411,33.485,-4.556,34.911,True
54220137,MP301,MP301 - Chief Albert Luthuli,926.0,school,1.155,35.097,-3.478,35.99,True
54220148,MP301,MP301 - Chief Albert Luthuli,1017.0,traditional,0.447,34.907,-3.852,35.615,True
54220159,MP301,MP301 - Chief Albert Luthuli,1239.0,traditional,1.05,29.944,-6.684,32.783,True
54220160,MP301,MP301 - Chief Albert Luthuli,736.0,school,0.441,41.848,-0.365,39.103,False
54220171,MP301,MP301 - Chief Albert Luthuli,670.0,school,0.291,51.94,4.145,43.612,False
54220182,MP301,MP301 - Chief Albert Luthuli,258.0,school,1.523,39.535,-1.319,38.148,False
54220205,MP301,MP301 - Chief Albert Luthuli,523.0,school,0.799,45.315,1.468,40.936,False
54220216,MP301,MP301 - Chief Albert Luthuli,1022.0,school,0.388,45.988,1.342,40.809,False
54220227,MP301,MP301 - Chief Albert Luthuli,514.0,traditional,-0.106,42.218,-0.283,39.185,False
54220238,MP301,MP301 - Chief Albert Luthuli,420.0,school,0.937,52.619,5.429,44.896,False
54220249,MP301,MP301 - Chief Albert Luthuli,971.0,other,0.405,46.756,2.152,41.62,False
54220250,MP301,MP301 - Chief Albert Luthuli,381.0,school,0.559,44.357,1.124,40.591,False
54220261,MP301,MP301 - Chief Albert Luthuli,251.0,school,0.667,45.817,1.618,41.086,False
54220272,MP301,MP301 - Chief Albert Luthuli,354.0,school,0.072,57.627,7.456,46.923,False
54220283,MP301,MP301 - Chief Albert Luthuli,1175.0,school,1.433,47.149,2.946,42.413,False
54220294,MP301,MP301 - Chief Albert Luthuli,262.0,school,1.86,43.13,0.966,40.433,False
54220306,MP301,MP301 - Chief Albert Luthuli,822.0,school,2.855,41.971,1.359,40.826,False
54220317,MP301,MP301 - Chief Albert Luthuli,548.0,school,1.911,48.723,4.123,43.59,False
54220328,MP301,MP301 - Chief Albert Luthuli,702.0,church,1.239,57.977,7.636,47.104,False
54220339,MP301,MP301 - Chief Albert Luthuli,601.0,school,1.194,53.91,6.144,45.611,False
54220340,MP301,MP301 - Chief Albert Luthuli,587.0,school,2.484,36.286,-1.733,37.735,False
54220351,MP301,MP301 - Chief Albert Luthuli,376.0,school,1.87,44.681,1.543,41.01,False
54220362,MP301,MP301 - Chief Albert Luthuli,589.0,school,1.924,49.745,3.897,43.364,False
54220373,MP301,MP301 - Chief Albert Luthuli,199.0,school,,55.779,6.657,46.124,False
54220384,MP301,MP301 - Chief Albert Luthuli,518.0,school,,43.822,0.669,40.136,False
54220395,MP301,MP301 - Chief Albert Luthuli,659.0,other,,42.185,0.139,39.606,False
54220407,MP301,MP301 - Chief Albert Luthuli,702.0,school,,47.009,2.424,41.891,False
54220418,MP301,MP301 - Chief Albert Luthuli,413.0,school,,61.501,8.207,47.674,False
54220430,MP301,MP301 - Chief Albert Luthuli,672.0,church,,47.321,2.748,42.215,False
54220441,MP301,MP301 - Chief Albert Luthuli,173.0,school,,62.428,7.601,47.068,False
54230015,MP302,MP302 - Msukaligwa,1791.0,hall,0.714,42.044,0.897,40.364,False
54230026,MP302,MP302 - Msukaligwa,1572.0,hall,0.627,30.407,-8.01,31.458,True
54230037,MP302,MP302 - Msukaligwa,1486.0,other,1.008,44.213,1.485,40.952,False
54230048,MP302,MP302 - Msukaligwa,1042.0,hall,0.838,42.418,0.233,39.701,False
54230059,MP302,MP302 - Msukaligwa,2121.0,other,0.463,44.036,-0.277,39.191,False
54230060,MP302,MP302 - Msukaligwa,1654.0,church,0.575,33.555,-5.323,34.144,True
54230071,MP302,MP302 - Msukaligwa,1891.0,school,0.948,37.705,-3.176,36.292,True
54230082,MP302,MP302 - Msukaligwa,2138.0,school,1.226,40.692,-2.223,37.245,False
54230093,MP302,MP302 - Msukaligwa,1779.0,church,0.897,33.052,-5.334,34.134,True
54230105,MP302,MP302 - Msukaligwa,1872.0,school,0.901,37.393,-3.208,36.26,True
54230116,MP302,MP302 - Msukaligwa,1768.0,school,1.086,33.937,-4.591,34.876,True
54230127,MP302,MP302 - Msukaligwa,1100.0,school,-0.024,45.273,0.403,39.87,False
54230138,MP302,MP302 - Msukaligwa,680.0,school,0.541,40.735,-1.477,37.99,False
54230149,MP302,MP302 - Msukaligwa,1037.0,church,0.836,39.826,-1.936,37.531,False
54230150,MP302,MP302 - Msukaligwa,1224.0,school,0.604,40.931,-1.2,38.267,False
54230161,MP302,MP302 - Msukaligwa,2188.0,other,0.277,44.196,0.194,39.662,False
54230172,MP302,MP302 - Msukaligwa,811.0,church,0.876,47.596,2.873,42.341,False
54230183,MP302,MP302 - Msukaligwa,998.0,hall,0.525,34.569,-4.331,35.137,True
54230194,MP302,MP302 - Msukaligwa,1215.0,school,0.328,44.938,0.665,40.132,False
54230206,MP302,MP302 - Msukaligwa,1646.0,school,0.16,56.197,10.751,50.219,False
54230217,MP302,MP302 - Msukaligwa,3387.0,school,1.142,44.376,-0.109,39.358,False
54230228,MP302,MP302 - Msukaligwa,2505.0,school,2.251,42.715,0.26,39.727,False
54230239,MP302,MP302 - Msukaligwa,578.0,hall,1.828,33.564,-4.754,34.714,True
54230240,MP302,MP302 - Msukaligwa,785.0,church,2.165,45.86,0.709,40.177,False
54230251,MP302,MP302 - Msukaligwa,597.0,church,,45.729,1.532,41.0,False
54230262,MP302,MP302 - Msukaligwa,142.0,hall,,52.817,3.734,43.201,False
54240016,MP306,MP306 - Dipaleseng,1678.0,school,0.458,45.769,1.318,40.785,False
54240027,MP306,MP306 - Dipaleseng,504.0,hall,0.474,52.579,5.556,45.024,False
54240038,MP306,MP306 - Dipaleseng,1383.0,hall,1.907,52.278,5.15,44.617,False
54240049,MP306,MP306 - Dipaleseng,92.0,school,,66.304,10.024,49.491,False
54250017,MP306,MP306 - Dipaleseng,603.0,school,-0.006,35.489,-3.034,36.433,True
54250028,MP306,MP306 - Dipaleseng,1449.0,school,2.379,48.585,4.673,44.141,False
54260018,MP307,MP307 - Govan Mbeki,3088.0,school,0.85,59.974,11.388,50.856,False
54260029,MP307,MP307 - Govan Mbeki,2504.0,school,0.987,44.928,1.964,41.432,False
54260041,MP307,MP307 - Govan Mbeki,2426.0,school,0.648,48.392,4.997,44.465,False
54260052,MP307,MP307 - Govan Mbeki,3484.0,school,0.678,61.596,12.467,51.934,False
54260063,MP307,MP307 - Govan Mbeki,2949.0,school,1.182,31.943,-7.435,32.033,True
54260074,MP307,MP307 - Govan Mbeki,1838.0,other,0.847,37.813,-3.721,35.746,True
54260085,MP307,MP307 - Govan Mbeki,3497.0,school,1.154,31.084,-7.463,32.004,True
54260096,MP307,MP307 - Govan Mbeki,2037.0,school,1.237,40.844,-1.799,37.669,False
54260108,MP307,MP307 - Govan Mbeki,1891.0,school,0.904,36.859,-4.537,34.93,True
54260119,MP307,MP307 - Govan Mbeki,2010.0,school,0.219,41.194,-1.382,38.086,False
54260120,MP307,MP307 - Govan Mbeki,1854.0,school,1.257,28.479,-8.327,31.14,True
54260131,MP307,MP307 - Govan Mbeki,1427.0,church,1.063,31.745,-5.919,33.548,True
54260142,MP307,MP307 - Govan Mbeki,1859.0,school,0.295,57.074,4.095,43.563,False
54260153,MP307,MP307 - Govan Mbeki,2411.0,school,0.653,31.73,-6.509,32.959,True
54260175,MP307,MP307 - Govan Mbeki,2163.0,church,1.192,30.929,-7.761,31.706,True
54260186,MP307,MP307 - Govan Mbeki,2036.0,school,0.529,34.332,-5.678,33.79,True
54260197,MP307,MP307 - Govan Mbeki,2093.0,other,1.037,28.237,-8.634,30.833,True
54260209,MP307,MP307 - Govan Mbeki,963.0,school,1.22,34.476,-3.201,36.266,True
54260210,MP307,MP307 - Govan Mbeki,2199.0,church,0.434,30.787,-7.711,31.757,True
54260221,MP307,MP307 - Govan Mbeki,2111.0,hall,0.861,32.402,-6.653,32.814,True
54260232,MP307,MP307 - Govan Mbeki,2185.0,school,0.841,27.872,-9.107,30.361,True
54260243,MP307,MP307 - Govan Mbeki,971.0,hall,0.837,42.739,0.014,39.481,False
54260254,MP307,MP307 - Govan Mbeki,1933.0,school,2.753,30.367,-6.549,32.918,True
54260265,MP307,MP307 - Govan Mbeki,1896.0,hall,1.108,27.637,-8.68,30.788,True
54260287,MP307,MP307 - Govan Mbeki,2484.0,other,0.098,33.132,-5.948,33.519,True
54260298,MP307,MP307 - Govan Mbeki,1673.0,hall,1.124,37.717,-2.777,36.691,False
54260300,MP307,MP307 - Govan Mbeki,3524.0,school,0.857,36.493,-3.441,36.026,True
54260311,MP307,MP307 - Govan Mbeki,753.0,school,0.953,38.247,-2.07,37.397,False
54260333,MP307,MP307 - Govan Mbeki,1171.0,church,1.034,35.013,-3.883,35.584,True
54260344,MP307,MP307 - Govan Mbeki,514.0,school,0.789,39.105,-1.976,37.491,False
54260355,MP307,MP307 - Govan Mbeki,740.0,school,0.918,29.595,-6.042,33.426,True
54260366,MP307,MP307 - Govan Mbeki,721.0,school,0.297,36.2,-2.746,36.721,False
54260377,MP307,MP307 - Govan Mbeki,1327.0,school,0.885,43.783,0.301,39.768,False
54260388,MP307,MP307 - Govan Mbeki,1288.0,school,-0.292,71.972,14.639,54.106,False
54260399,MP307,MP307 - Govan Mbeki,2365.0,church,0.53,40.592,-1.172,38.296,False
54260401,MP307,MP307 - Govan Mbeki,1145.0,school,1.111,36.507,-2.144,37.323,False
54260412,MP307,MP307 - Govan Mbeki,1577.0,other,0.356,39.442,-2.165,37.302,False
54260423,MP307,MP307 - Govan Mbeki,597.0,church,0.835,47.069,2.142,41.609,False
54260434,MP307,MP307 - Govan Mbeki,2136.0,hall,0.608,51.545,6.92,46.387,False
54260445,MP307,MP307 - Govan Mbeki,2957.0,school,0.74,56.172,11.021,50.488,False
54260456,MP307,MP307 - Govan Mbeki,1160.0,church,0.94,36.897,-3.491,35.976,True
54260467,MP307,MP307 - Govan Mbeki,1273.0,hall,1.557,39.042,-1.047,38.42,False
54260478,MP307,MP307 - Govan Mbeki,834.0,school,0.782,59.353,10.899,50.366,False
54260490,MP307,MP307 - Govan Mbeki,626.0,other,2.483,39.137,-1.253,38.215,False
54260502,MP307,MP307 - Govan Mbeki,319.0,church,3.0,55.486,8.971,48.438,False
54260513,MP307,MP307 - Govan Mbeki,1545.0,church,2.121,35.081,-5.332,34.135,True
54260524,MP307,MP307 - Govan Mbeki,634.0,hall,,45.899,2.031,41.498,False
54260535,MP307,MP307 - Govan Mbeki,1465.0,school,,39.795,-1.697,37.77,False
54260546,MP307,MP307 - Govan Mbeki,162.0,school,,90.123,18.247,57.714,False
54260557,MP307,MP307 - Govan Mbeki,130.0,school,,59.231,7.174,46.641,False
54270019,MP312,MP312 - Emalahleni,2953.0,other,0.457,37.928,-6.213,33.255,True
54270020,MP312,MP312 - Emalahleni,2042.0,other,1.151,44.76,1.296,40.763,False
54270031,MP312,MP312 - Emalahleni,2677.0,school,0.176,40.941,-2.813,36.655,False
54270042,MP312,MP312 - Emalahleni,1257.0,school,0.542,43.596,1.013,40.48,False
54270053,MP312,MP312 - Emalahleni,2111.0,other,1.588,54.24,4.122,43.589,False
54270064,MP312,MP312 - Emalahleni,599.0,school,1.112,57.763,8.443,47.91,False
54270075,MP312,MP312 - Emalahleni,642.0,church,,60.28,10.454,49.922,False
54270086,MP312,MP312 - Emalahleni,112.0,school,,57.143,5.346,44.814,False
54280010,MP307,MP307 - Govan Mbeki,1490.0,school,0.822,42.148,-0.118,39.35,False
54280021,MP307,MP307 - Govan Mbeki,2112.0,school,1.0,43.939,0.543,40.01,False
54280032,MP307,MP307 - Govan Mbeki,2152.0,school,1.251,43.541,0.028,39.495,False
54280043,MP307,MP307 - Govan Mbeki,1479.0,hall,0.405,34.28,-4.657,34.811,True
54280065,MP307,MP307 - Govan Mbeki,978.0,school,0.908,41.513,-0.526,38.941,False
54280076,MP307,MP307 - Govan Mbeki,2520.0,hall,0.577,36.468,-3.968,35.5,True
54280087,MP307,MP307 - Govan Mbeki,673.0,hall,0.75,44.725,0.543,40.01,False
54280098,MP307,MP307 - Govan Mbeki,526.0,church,0.749,46.578,1.745,41.212,False
54280100,MP307,MP307 - Govan Mbeki,963.0,church,1.361,45.379,0.978,40.446,False
54280111,MP307,MP307 - Govan Mbeki,492.0,church,,51.016,3.024,42.491,False
54280122,MP307,MP307 - Govan Mbeki,175.0,other,,59.429,7.913,47.381,False
54290011,MP302,MP302 - Msukaligwa,1446.0,school,0.798,37.483,-2.471,36.996,False
54290022,MP302,MP302 - Msukaligwa,2264.0,hall,0.827,48.896,1.553,41.02,False
54300013,MP305,MP305 - Lekwa,2311.0,school,0.627,49.113,1.75,41.217,False
54300024,MP305,MP305 - Lekwa,1347.0,school,0.255,54.269,5.468,44.935,False
54310014,MP304,MP304 - Dr Pixley Ka Isaka Seme,2083.0,hall,0.81,43.399,0.042,39.509,False
54310025,MP304,MP304 - Dr Pixley Ka Isaka Seme,699.0,hall,,42.918,0.818,40.285,False
54320015,MP303,MP303 - Mkhondo,1901.0,school,-0.117,63.125,10.231,49.698,False
54320026,MP303,MP303 - Mkhondo,2103.0,hall,0.806,45.411,0.54,40.007,False
54320037,MP303,MP303 - Mkhondo,1163.0,school,0.334,38.951,-1.663,37.804,False
54320048,MP303,MP303 - Mkhondo,1673.0,hall,0.406,43.754,0.124,39.591,False
54320059,MP303,MP303 - Mkhondo,1093.0,church,0.563,39.067,-1.184,38.283,False
54320060,MP303,MP303 - Mkhondo,3010.0,school,-0.046,32.691,-6.312,33.155,True
54320071,MP303,MP303 - Mkhondo,2355.0,hall,0.145,45.902,0.922,40.389,False
54320082,MP303,MP303 - Mkhondo,1674.0,church,0.508,40.084,-1.677,37.79,False
54320093,MP303,MP303 - Mkhondo,1014.0,other,0.503,42.209,0.22,39.688,False
54320105,MP303,MP303 - Mkhondo,1858.0,hall,1.025,46.555,5.593,45.06,False
54320116,MP303,MP303 - Mkhondo,633.0,church,0.835,41.232,-0.542,38.925,False
54320127,MP303,MP303 - Mkhondo,1438.0,school,0.08,46.801,2.378,41.845,False
54320138,MP303,MP303 - Mkhondo,1945.0,church,2.936,27.404,-6.869,32.598,True
54320149,MP303,MP303 - Mkhondo,866.0,school,2.311,39.954,0.301,39.768,False
54320150,MP303,MP303 - Mkhondo,1512.0,school,2.124,48.148,3.63,43.097,False
54320161,MP303,MP303 - Mkhondo,953.0,school,,43.547,0.912,40.379,False
54320172,MP303,MP303 - Mkhondo,869.0,school,,43.383,1.03,40.497,False
54330016,MP305,MP305 - Lekwa,2512.0,school,1.113,42.596,1.941,41.408,False
54330027,MP305,MP305 - Lekwa,1093.0,hall,0.672,37.237,-3.682,35.786,True
54330038,MP305,MP305 - Lekwa,2796.0,hall,0.772,52.682,7.528,46.995,False
54330049,MP305,MP305 - Lekwa,1965.0,school,0.588,59.389,12.465,51.932,False
54330050,MP305,MP305 - Lekwa,1096.0,hall,0.801,40.693,-1.142,38.326,False
54330061,MP305,MP305 - Lekwa,1791.0,church,0.57,44.444,0.301,39.768,False
54330072,MP305,MP305 - Lekwa,2658.0,church,0.959,43.567,-0.103,39.364,False
54330094,MP305,MP305 - Lekwa,1338.0,school,0.497,45.665,0.769,40.236,False
54330106,MP305,MP305 - Lekwa,1658.0,school,0.882,42.34,-0.08,39.387,False
54330117,MP305,MP305 - Lekwa,2006.0,school,0.56,47.408,1.999,41.466,False
54330128,MP305,MP305 - Lekwa,1247.0,school,0.584,49.88,3.149,42.616,False
54330139,MP305,MP305 - Lekwa,2005.0,school,0.512,42.045,-0.544,38.923,False
54330140,MP305,MP305 - Lekwa,757.0,church,0.624,43.989,-0.329,39.138,False
54330151,MP305,MP305 - Lekwa,2740.0,school,0.518,42.044,-0.99,38.477,False
54330162,MP305,MP305 - Lekwa,1710.0,hall,-0.67,48.772,2.606,42.073,False
54330173,MP305,MP305 - Lekwa,737.0,school,-0.852,51.832,3.221,42.688,False
54330184,MP305,MP305 - Lekwa,1314.0,church,1.631,55.479,6.518,45.985,False
54330195,MP305,MP305 - Lekwa,482.0,school,1.743,51.037,4.771,44.238,False
54330207,MP305,MP305 - Lekwa,770.0,school,1.923,48.052,3.165,42.632,False
54330218,MP305,MP305 - Lekwa,818.0,church,1.827,55.746,7.142,46.609,False
54330229,MP305,MP305 - Lekwa,1072.0,school,2.043,45.522,1.557,41.025,False
54330230,MP305,MP305 - Lekwa,1716.0,hall,,46.911,1.646,41.113,False
54330241,MP305,MP305 - Lekwa,679.0,church,,66.274,9.91,49.377,False
54340017,MP304,MP304 - Dr Pixley Ka Isaka Seme,1566.0,hall,0.763,47.126,2.824,42.292,False
54340028,MP304,MP304 - Dr Pixley Ka Isaka Seme,1487.0,hall,0.067,30.935,-7.017,32.45,True
54340039,MP304,MP304 - Dr Pixley Ka Isaka Seme,887.0,hall,0.698,50.733,3.915,43.382,False
54340040,MP304,MP304 - Dr Pixley Ka Isaka Seme,1613.0,school,0.851,45.071,0.72,40.187,False
54340051,MP304,MP304 - Dr Pixley Ka Isaka Seme,1846.0,school,0.873,53.359,4.326,43.793,False
54340062,MP304,MP304 - Dr Pixley Ka Isaka Seme,723.0,church,0.822,48.133,3.942,43.409,False
54340073,MP304,MP304 - Dr Pixley Ka Isaka Seme,2277.0,school,0.743,52.789,4.092,43.559,False
54340084,MP304,MP304 - Dr Pixley Ka Isaka Seme,2571.0,school,,43.641,0.244,39.711,False
54340095,MP304,MP304 - Dr Pixley Ka Isaka Seme,636.0,hall,,43.553,1.084,40.551,False
54350018,MP304,MP304 - Dr Pixley Ka Isaka Seme,1119.0,church,1.221,47.453,3.406,42.873,False
54350029,MP304,MP304 - Dr Pixley Ka Isaka Seme,1308.0,hall,1.274,45.031,1.521,40.989,False
54350030,MP304,MP304 - Dr Pixley Ka Isaka Seme,966.0,hall,0.742,47.93,2.606,42.073,False
54360019,MP304,MP304 - Dr Pixley Ka Isaka Seme,1500.0,traditional,0.931,47.067,2.407,41.874,False
54360020,MP304,MP304 - Dr Pixley Ka Isaka Seme,309.0,school,1.344,42.395,1.382,40.849,False
54360031,MP304,MP304 - Dr Pixley Ka Isaka Seme,394.0,school,0.673,30.457,-7.024,32.443,True
54360042,MP304,MP304 - Dr Pixley Ka Isaka Seme,268.0,school,1.359,43.657,2.492,41.96,False
54360053,MP304,MP304 - Dr Pixley Ka Isaka Seme,551.0,school,0.321,39.564,-0.654,38.813,False
54360064,MP304,MP304 - Dr Pixley Ka Isaka Seme,1403.0,school,0.654,40.413,-0.952,38.515,False
54360075,MP304,MP304 - Dr Pixley Ka Isaka Seme,653.0,school,0.522,37.213,-2.149,37.318,False
54360086,MP304,MP304 - Dr Pixley Ka Isaka Seme,1103.0,hall,0.544,42.158,0.051,39.518,False
54360097,MP304,MP304 - Dr Pixley Ka Isaka Seme,1630.0,other,0.689,52.945,5.007,44.474,False
54360109,MP304,MP304 - Dr Pixley Ka Isaka Seme,532.0,school,1.079,39.85,-0.502,38.965,False
54360110,MP304,MP304 - Dr Pixley Ka Isaka Seme,1097.0,traditional,0.883,47.22,2.66,42.128,False
54360121,MP304,MP304 - Dr Pixley Ka Isaka Seme,104.0,school,2.403,50.962,5.313,44.781,False
54370021,MP306,MP306 - Dipaleseng,51.0,other,-0.868,52.941,7.11,46.577,False
54370032,MP306,MP306 - Dipaleseng,920.0,hall,0.725,36.63,-2.757,36.71,False
54370054,MP306,MP306 - Dipaleseng,205.0,tent,0.537,39.024,-1.546,37.921,False
54370065,MP306,MP306 - Dipaleseng,88.0,farm,-0.303,29.545,-7.292,32.176,True
54370076,MP306,MP306 - Dipaleseng,101.0,school,-0.067,30.693,-6.769,32.698,True
54370087,MP306,MP306 - Dipaleseng,51.0,farm,-0.8,43.137,-0.04,39.427,False
54370098,MP306,MP306 - Dipaleseng,108.0,tent,1.432,40.741,-0.233,39.235,False
54380011,MP307,MP307 - Govan Mbeki,356.0,other,1.809,60.393,7.428,46.895,False
54380022,MP302,MP302 - Msukaligwa,286.0,school,1.135,31.119,-5.757,33.71,True
54380033,MP305,MP305 - Lekwa,234.0,school,1.25,43.59,0.891,40.358,False
54380044,MP307,MP307 - Govan Mbeki,274.0,school,0.419,58.759,7.613,47.08,False
54380055,MP307,MP307 - Govan Mbeki,282.0,school,2.049,40.426,-0.9,38.567,False
54380066,MP307,MP307 - Govan Mbeki,215.0,school,1.045,23.256,-10.921,28.546,True
54380077,MP307,MP307 - Govan Mbeki,221.0,tent,2.868,44.796,1.375,40.842,False
54390012,MP301,MP301 - Chief Albert Luthuli,129.0,other,-0.21,20.155,-15.137,24.33,True
54390023,MP301,MP301 - Chief Albert Luthuli,193.0,school,0.991,31.606,-4.068,35.399,True
54390034,MP301,MP301 - Chief Albert Luthuli,446.0,school,0.14,52.018,4.11,43.577,False
54390045,MP301,MP301 - Chief Albert Luthuli,325.0,school,1.57,47.385,3.288,42.755,False
54390056,MP301,MP301 - Chief Albert Luthuli,232.0,school,0.949,49.569,4.335,43.802,False
54390067,MP301,MP301 - Chief Albert Luthuli,263.0,hall,1.226,65.399,9.738,49.205,False
54400014,MP311,MP311 - Victor Khanye,761.0,school,0.736,59.79,7.221,46.688,False
54400036,MP311,MP311 - Victor Khanye,1240.0,other,0.745,61.048,11.257,50.724,False
54400047,MP311,MP311 - Victor Khanye,404.0,school,0.482,55.941,6.214,45.681,False
54400058,MP311,MP311 - Victor Khanye,239.0,hall,0.261,37.238,-4.103,35.364,True
54400069,MP311,MP311 - Victor Khanye,196.0,tent,0.427,39.796,-2.307,37.161,False
54400070,MP311,MP311 - Victor Khanye,628.0,hall,0.711,41.561,-0.627,38.841,False
54400081,MP311,MP311 - Victor Khanye,267.0,school,0.861,46.067,2.618,42.085,False
54400092,MP311,MP311 - Victor Khanye,455.0,school,0.583,44.615,-0.185,39.282,False
54400104,MP311,MP311 - Victor Khanye,2365.0,school,1.033,46.808,0.706,40.174,False
54400126,MP311,MP311 - Victor Khanye,864.0,school,1.372,54.167,6.489,45.956,False
54400137,MP311,MP311 - Victor Khanye,769.0,church,,53.186,4.685,44.153,False
54400148,MP311,MP311 - Victor Khanye,418.0,church,,54.067,6.071,45.538,False
54410015,MP301,MP301 - Chief Albert Luthuli,247.0,school,1.627,36.842,-2.391,37.076,False
54410026,MP302,MP302 - Msukaligwa,2179.0,hall,1.247,36.163,-3.616,35.851,True
54410037,MP302,MP302 - Msukaligwa,147.0,tent,0.625,44.218,1.009,40.476,False
54410048,MP302,MP302 - Msukaligwa,132.0,tent,2.769,18.182,-15.375,24.092,True
54410059,MP305,MP305 - Lekwa,320.0,tent,1.727,40.0,-0.584,38.884,False
54410060,MP304,MP304 - Dr Pixley Ka Isaka Seme,99.0,school,1.627,23.232,-11.774,27.694,True
54410071,MP302,MP302 - Msukaligwa,236.0,school,1.494,33.898,-3.893,35.574,True
54410082,MP302,MP302 - Msukaligwa,447.0,school,0.865,7.159,-18.178,21.289,True
54410093,MP302,MP302 - Msukaligwa,1929.0,school,0.706,33.385,-5.16,34.307,True
54410105,MP302,MP302 - Msukaligwa,339.0,other,1.279,55.162,5.907,45.374,False
54410116,MP302,MP302 - Msukaligwa,694.0,school,1.582,37.752,-1.366,38.101,False
54410127,MP302,MP302 - Msukaligwa,1963.0,school,0.977,35.201,-3.58,35.888,True
54410138,MP302,MP302 - Msukaligwa,333.0,school,0.269,49.55,3.438,42.905,False
54410149,MP301,MP301 - Chief Albert Luthuli,264.0,school,1.321,30.303,-5.567,33.9,True
54410150,MP302,MP302 - Msukaligwa,559.0,school,0.583,39.356,-1.351,38.116,False
54410161,MP302,MP302 - Msukaligwa,658.0,hall,0.956,36.474,-3.076,36.392,True
54410172,MP303,MP303 - Mkhondo,1085.0,school,1.327,52.995,5.377,44.844,False
54410183,MP303,MP303 - Mkhondo,263.0,church,0.815,47.909,3.209,42.676,False
54410194,MP302,MP302 - Msukaligwa,1706.0,church,1.213,47.362,2.256,41.723,False
54410206,MP301,MP301 - Chief Albert Luthuli,501.0,school,0.79,40.519,-1.318,38.15,False
54410217,MP302,MP302 - Msukaligwa,660.0,school,-0.175,25.303,-10.887,28.581,True
54410228,MP301,MP301 - Chief Albert Luthuli,142.0,other,0.976,53.521,5.128,44.595,False
54410239,MP302,MP302 - Msukaligwa,177.0,tent,1.628,32.768,-3.855,35.612,True
54410240,MP302,MP302 - Msukaligwa,97.0,farm,1.685,37.113,-2.147,37.32,False
54410251,MP302,MP302 - Msukaligwa,157.0,tent,0.55,50.318,4.181,43.648,False
54410262,MP302,MP302 - Msukaligwa,388.0,school,0.581,59.278,7.961,47.429,False
54410273,MP302,MP302 - Msukaligwa,102.0,tent,-0.176,41.176,-2.164,37.303,False
54410284,MP302,MP302 - Msukaligwa,428.0,school,2.746,32.243,-4.034,35.434,True
54410295,MP303,MP303 - Mkhondo,289.0,school,1.264,56.747,7.376,46.843,False
54410307,MP303,MP303 - Mkhondo,291.0,hall,1.685,65.979,10.424,49.892,False
54410318,MP302,MP302 - Msukaligwa,1591.0,school,2.503,37.084,-2.829,36.639,False
54410330,MP302,MP302 - Msukaligwa,297.0,school,,52.525,4.512,43.979,False
54410341,MP302,MP302 - Msukaligwa,92.0,tent,,34.783,-3.665,35.803,True
54410352,MP302,MP302 - Msukaligwa,122.0,farm,,44.262,1.097,40.565,False
54410363,MP302,MP302 - Msukaligwa,588.0,tent,,42.347,-0.204,39.263,False
54410374,MP302,MP302 - Msukaligwa,200.0,school,,71.0,11.565,51.032,False
54410385,MP302,MP302 - Msukaligwa,195.0,farm,,58.974,6.489,45.956,False
54410396,MP302,MP302 - Msukaligwa,123.0,school,,44.715,0.611,40.078,False
54410408,MP302,MP302 - Msukaligwa,152.0,tent,,55.263,5.503,44.97,False
54410419,MP302,MP302 - Msukaligwa,275.0,school,,40.727,-0.647,38.821,False
54410420,MP302,MP302 - Msukaligwa,132.0,other,,50.758,3.963,43.431,False
54410431,MP302,MP302 - Msukaligwa,72.0,tent,,54.167,4.37,43.838,False
54410442,MP302,MP302 - Msukaligwa,145.0,school,,50.345,3.227,42.694,False
54410453,MP302,MP302 - Msukaligwa,73.0,other,,47.945,2.599,42.066,False
54410464,MP302,MP302 - Msukaligwa,236.0,farm,,32.627,-4.98,34.487,True
54410475,MP302,MP302 - Msukaligwa,115.0,farm,,36.522,-2.625,36.842,False
54410486,MP302,MP302 - Msukaligwa,178.0,hall,,56.18,6.131,45.598,False
54410497,MP302,MP302 - Msukaligwa,572.0,school,,53.846,4.783,44.25,False
54410509,MP302,MP302 - Msukaligwa,173.0,tent,,60.116,6.662,46.129,False
54410510,MP302,MP302 - Msukaligwa,121.0,school,,57.851,6.198,45.665,False
54420016,MP311,MP311 - Victor Khanye,360.0,hall,0.081,43.611,-0.475,38.992,False
54420038,MP307,MP307 - Govan Mbeki,325.0,school,0.388,41.846,-0.207,39.26,False
54420049,MP307,MP307 - Govan Mbeki,119.0,school,0.335,55.462,5.98,45.447,False
54420050,MP307,MP307 - Govan Mbeki,315.0,hall,1.0,19.365,-15.477,23.991,True
54420072,MP307,MP307 - Govan Mbeki,749.0,hall,0.908,46.195,3.679,43.146,False
54420083,MP307,MP307 - Govan Mbeki,295.0,school,2.209,37.627,-1.169,38.298,False
54420106,MP307,MP307 - Govan Mbeki,2258.0,tent,1.174,47.741,5.013,44.48,False
54420128,MP307,MP307 - Govan Mbeki,209.0,school,-0.687,5.263,-19.354,20.113,True
54420139,MP307,MP307 - Govan Mbeki,1980.0,church,3.0,28.131,-7.775,31.692,True
54420140,MP307,MP307 - Govan Mbeki,2029.0,church,2.518,34.943,-4.234,35.233,True
54420151,MP307,MP307 - Govan Mbeki,430.0,church,2.013,29.767,-7.477,31.99,True
54420162,MP307,MP307 - Govan Mbeki,1192.0,church,,40.772,-1.894,37.573,False
54420173,MP307,MP307 - Govan Mbeki,63.0,school,,49.206,3.226,42.693,False
54420184,MP307,MP307 - Govan Mbeki,1088.0,school,,52.114,3.243,42.71,False
54420195,MP307,MP307 - Govan Mbeki,592.0,other,,62.838,8.667,48.135,False
54420207,MP307,MP307 - Govan Mbeki,90.0,church,,68.889,9.201,48.668,False
54430028,MP312,MP312 - Emalahleni,775.0,school,-0.337,33.29,-4.702,34.765,True
54430039,MP312,MP312 - Emalahleni,639.0,hall,0.674,27.856,-8.29,31.177,True
54430040,MP312,MP312 - Emalahleni,223.0,school,0.98,29.148,-6.204,33.264,True
54430051,MP312,MP312 - Emalahleni,1556.0,other,0.172,28.149,-8.292,31.176,True
54430062,MP312,MP312 - Emalahleni,1323.0,school,0.529,49.282,2.935,42.403,False
54430073,MP312,MP312 - Emalahleni,305.0,hall,1.237,21.311,-12.546,26.921,True
54430084,MP312,MP312 - Emalahleni,493.0,school,1.077,28.803,-8.095,31.372,True
54430095,MP312,MP312 - Emalahleni,1120.0,school,1.712,45.625,0.411,39.878,False
54430107,MP312,MP312 - Emalahleni,110.0,school,,79.091,10.628,50.096,False
54440018,MP303,MP303 - Mkhondo,752.0,school,0.683,52.793,4.767,44.235,False
54440029,MP303,MP303 - Mkhondo,328.0,school,0.672,53.659,6.73,46.197,False
54440030,MP303,MP303 - Mkhondo,1025.0,school,1.145,40.098,-0.783,38.685,False
54440041,MP303,MP303 - Mkhondo,832.0,school,0.741,44.832,2.69,42.157,False
54440052,MP303,MP303 - Mkhondo,342.0,school,1.119,48.538,4.992,44.46,False
54440063,MP303,MP303 - Mkhondo,332.0,school,0.797,43.373,0.603,40.07,False
54440074,MP303,MP303 - Mkhondo,507.0,school,1.2,43.195,1.103,40.57,False
54440085,MP303,MP303 - Mkhondo,1632.0,school,1.262,33.211,-4.344,35.123,True
54440096,MP303,MP303 - Mkhondo,1221.0,school,1.045,43.079,0.168,39.635,False
54440119,MP303,MP303 - Mkhondo,858.0,school,-0.014,52.681,4.507,43.974,False
54440120,MP303,MP303 - Mkhondo,620.0,school,1.364,33.871,-2.8,36.668,False
54440131,MP303,MP303 - Mkhondo,640.0,school,1.189,30.312,-5.023,34.444,True
54440142,MP303,MP303 - Mkhondo,2062.0,school,1.578,45.49,1.463,40.93,False
54440153,MP303,MP303 - Mkhondo,1147.0,school,0.328,56.408,6.323,45.79,False
54440164,MP303,MP303 - Mkhondo,556.0,school,1.162,44.604,1.142,40.609,False
54440175,MP303,MP303 - Mkhondo,575.0,school,1.506,39.304,-0.692,38.775,False
54440186,MP303,MP303 - Mkhondo,806.0,other,0.685,38.089,-1.565,37.902,False
54440197,MP303,MP303 - Mkhondo,458.0,school,1.099,44.76,2.172,41.64,False
54440209,MP303,MP303 - Mkhondo,1732.0,school,0.601,35.855,-3.203,36.265,True
54440210,MP303,MP303 - Mkhondo,477.0,farm,0.517,39.832,-1.408,38.06,False
54440221,MP303,MP303 - Mkhondo,290.0,school,0.465,33.103,-4.27,35.197,True
54440232,MP303,MP303 - Mkhondo,509.0,school,0.093,64.047,9.819,49.287,False
54440243,MP303,MP303 - Mkhondo,341.0,school,-0.453,68.915,10.712,50.179,False
54440254,MP303,MP303 - Mkhondo,160.0,school,1.773,28.75,-5.708,33.76,True
54440276,MP303,MP303 - Mkhondo,547.0,school,0.255,52.468,4.941,44.408,False
54440287,MP303,MP303 - Mkhondo,156.0,other,0.925,43.59,0.451,39.918,False
54440298,MP303,MP303 - Mkhondo,342.0,school,0.73,35.673,-1.346,38.122,False
54440300,MP303,MP303 - Mkhondo,545.0,school,-0.247,44.771,0.515,39.982,False
54440311,MP303,MP303 - Mkhondo,497.0,school,1.072,41.449,0.26,39.728,False
54440322,MP303,MP303 - Mkhondo,1601.0,church,0.856,40.1,-1.233,38.234,False
54440333,MP303,MP303 - Mkhondo,1092.0,school,0.914,52.656,5.278,44.745,False
54440344,MP303,MP303 - Mkhondo,271.0,school,0.656,46.863,3.398,42.865,False
54440355,MP303,MP303 - Mkhondo,1025.0,church,1.389,50.341,4.511,43.978,False
54440366,MP303,MP303 - Mkhondo,268.0,school,1.593,44.403,1.512,40.98,False
54440377,MP303,MP303 - Mkhondo,426.0,school,1.596,51.174,4.724,44.191,False
54440388,MP303,MP303 - Mkhondo,354.0,school,1.584,46.045,1.756,41.223,False
54440399,MP303,MP303 - Mkhondo,985.0,tent,,40.305,-1.254,38.214,False
54440401,MP303,MP303 - Mkhondo,276.0,school,,47.464,4.492,43.959,False
54440412,MP303,MP303 - Mkhondo,410.0,church,,55.122,6.098,45.565,False
54440423,MP303,MP303 - Mkhondo,213.0,school,,72.77,10.99,50.457,False
54450019,MP305,MP305 - Lekwa,1296.0,school,1.431,38.889,-1.146,38.321,False
54450020,MP305,MP305 - Lekwa,346.0,hall,1.187,31.503,-5.544,33.924,True
54450031,MP305,MP305 - Lekwa,391.0,school,1.386,38.875,-1.063,38.404,False
54450042,MP306,MP306 - Dipaleseng,347.0,school,0.355,40.634,-0.525,38.942,False
54450053,MP305,MP305 - Lekwa,317.0,school,1.421,39.748,-0.524,38.943,False
54450064,MP305,MP305 - Lekwa,1007.0,school,0.715,49.454,3.242,42.709,False
54450075,MP305,MP305 - Lekwa,1993.0,school,0.864,44.104,-0.055,39.412,False
54450086,MP305,MP305 - Lekwa,532.0,other,1.628,42.293,0.881,40.348,False
54450097,MP307,MP307 - Govan Mbeki,361.0,hall,0.361,21.607,-13.712,25.756,True
54450143,MP305,MP305 - Lekwa,301.0,farm,0.551,43.854,0.345,39.812,False
54450154,MP305,MP305 - Lekwa,288.0,school,1.394,37.847,-2.379,37.089,False
54450165,MP305,MP305 - Lekwa,179.0,school,1.639,21.788,-12.602,26.865,True
54450176,MP305,MP305 - Lekwa,209.0,school,0.575,45.933,1.597,41.065,False
54450187,MP305,MP305 - Lekwa,2499.0,school,0.817,38.856,-1.878,37.589,False
54450198,MP305,MP305 - Lekwa,102.0,school,0.714,25.49,-11.105,28.363,True
54450200,MP305,MP305 - Lekwa,165.0,farm,-0.212,64.848,8.879,48.347,False
54450211,MP305,MP305 - Lekwa,1991.0,hall,1.849,40.884,-1.652,37.816,False
54450222,MP305,MP305 - Lekwa,328.0,school,1.359,59.451,7.835,47.302,False
54460010,MP304,MP304 - Dr Pixley Ka Isaka Seme,226.0,school,1.449,31.858,-2.241,37.226,False
54460021,MP304,MP304 - Dr Pixley Ka Isaka Seme,182.0,school,1.173,33.516,-1.769,37.699,False
54460032,MP304,MP304 - Dr Pixley Ka Isaka Seme,173.0,school,1.336,34.104,-2.964,36.503,False
54460043,MP304,MP304 - Dr Pixley Ka Isaka Seme,389.0,school,1.457,52.442,5.752,45.22,False
54460076,MP304,MP304 - Dr Pixley Ka Isaka Seme,201.0,tent,0.265,40.299,-0.811,38.656,False
54460087,MP304,MP304 - Dr Pixley Ka Isaka Seme,166.0,school,0.833,48.193,4.09,43.558,False
54470011,MP304,MP304 - Dr Pixley Ka Isaka Seme,160.0,farm,0.338,31.25,-7.132,32.335,True
54470044,MP303,MP303 - Mkhondo,423.0,hall,0.249,50.591,2.836,42.303,False
54470055,MP304,MP304 - Dr Pixley Ka Isaka Seme,187.0,farm,1.418,42.246,-0.712,38.755,False
54470077,MP303,MP303 - Mkhondo,381.0,school,-0.225,48.556,3.036,42.503,False
54470088,MP303,MP303 - Mkhondo,2101.0,other,1.044,40.505,-2.261,37.206,False
54470099,MP303,MP303 - Mkhondo,1039.0,school,0.658,37.536,-2.071,37.396,False
54470112,MP303,MP303 - Mkhondo,1567.0,school,0.382,37.588,-3.809,35.658,True
54470134,MP304,MP304 - Dr Pixley Ka Isaka Seme,394.0,traditional,-0.331,42.64,1.856,41.323,False
54470145,MP304,MP304 - Dr Pixley Ka Isaka Seme,238.0,school,1.726,45.798,0.195,39.662,False
54470156,MP303,MP303 - Mkhondo,1411.0,school,0.66,44.649,0.672,40.139,False
54470167,MP303,MP303 - Mkhondo,397.0,school,0.658,55.416,6.489,45.956,False
54470178,MP303,MP303 - Mkhondo,514.0,school,0.237,56.809,6.977,46.444,False
54470189,MP303,MP303 - Mkhondo,504.0,school,0.712,43.849,1.517,40.984,False
54470190,MP303,MP303 - Mkhondo,485.0,school,0.306,50.103,3.929,43.396,False
54470202,MP303,MP303 - Mkhondo,424.0,farm,1.95,39.387,-1.575,37.893,False
54470213,MP303,MP303 - Mkhondo,612.0,church,,67.81,10.225,49.692,False
54490013,MP314,MP314 - Emakhazeni,1958.0,hall,0.91,46.016,2.701,42.168,False
54490024,MP314,MP314 - Emakhazeni,896.0,church,0.29,46.317,2.838,42.306,False
54490035,MP314,MP314 - Emakhazeni,842.0,hall,0.748,37.648,-3.076,36.392,True
54490046,MP314,MP314 - Emakhazeni,993.0,hall,1.07,40.383,-0.451,39.016,False
54490057,MP314,MP314 - Emakhazeni,2501.0,hall,1.26,45.822,1.62,41.088,False
54490068,MP314,MP314 - Emakhazeni,684.0,school,0.857,57.602,8.665,48.132,False
54490080,MP314,MP314 - Emakhazeni,606.0,hall,,50.165,4.994,44.461,False
54490091,MP314,MP314 - Emakhazeni,438.0,church,,63.47,10.831,50.299,False
54500015,MP314,MP314 - Emakhazeni,1906.0,school,0.223,52.781,4.871,44.338,False
54500026,MP314,MP314 - Emakhazeni,512.0,hall,0.995,58.398,13.218,52.685,False
54500037,MP314,MP314 - Emakhazeni,686.0,school,0.454,58.163,8.123,47.59,False
54530018,MP313,MP313 - Steve Tshwete,1279.0,school,0.255,28.382,-8.346,31.122,True
54530029,MP313,MP313 - Steve Tshwete,2482.0,school,0.643,40.129,-3.08,36.387,True
54530030,MP313,MP313 - Steve Tshwete,2098.0,hall,0.047,41.897,-1.426,38.041,False
54530041,MP313,MP313 - Steve Tshwete,1489.0,church,0.082,49.899,2.373,41.84,False
54530052,MP313,MP313 - Steve Tshwete,3162.0,church,0.384,50.032,0.022,39.489,False
54540019,MP315,MP315 - Thembisile Hani,1425.0,school,0.325,39.649,-1.862,37.605,False
54540020,MP315,MP315 - Thembisile Hani,1458.0,school,0.994,34.842,-4.878,34.59,True
54540042,MP315,MP315 - Thembisile Hani,1564.0,school,1.267,36.573,-3.658,35.81,True
54540053,MP315,MP315 - Thembisile Hani,1140.0,school,1.206,35.965,-3.053,36.414,True
54540064,MP315,MP315 - Thembisile Hani,1321.0,school,1.12,35.049,-3.319,36.149,True
54540075,MP315,MP315 - Thembisile Hani,2043.0,school,0.856,37.788,-3.673,35.794,True
54540086,MP315,MP315 - Thembisile Hani,1245.0,school,0.833,31.406,-6.483,32.984,True
54540097,MP315,MP315 - Thembisile Hani,1983.0,school,1.217,36.309,-3.637,35.83,True
54540109,MP315,MP315 - Thembisile Hani,1330.0,school,0.962,35.188,-3.879,35.588,True
54540110,MP315,MP315 - Thembisile Hani,922.0,school,0.688,41.649,-0.551,38.916,False
54540121,MP315,MP315 - Thembisile Hani,1988.0,school,1.086,35.01,-4.076,35.391,True
54540132,MP315,MP315 - Thembisile Hani,2387.0,hall,1.612,32.509,-5.977,33.491,True
54540143,MP315,MP315 - Thembisile Hani,1234.0,hall,0.859,30.551,-7.67,31.797,True
54540154,MP315,MP315 - Thembisile Hani,2910.0,school,1.119,40.447,-2.512,36.955,False
54540165,MP315,MP315 - Thembisile Hani,1736.0,school,1.004,37.27,-3.219,36.248,True
54540176,MP315,MP315 - Thembisile Hani,165.0,other,-0.728,26.061,-11.66,27.807,True
54540187,MP315,MP315 - Thembisile Hani,1403.0,school,0.649,48.04,2.217,41.685,False
54540198,MP315,MP315 - Thembisile Hani,1131.0,school,0.398,53.404,4.166,43.633,False
54540200,MP315,MP315 - Thembisile Hani,1874.0,school,1.004,36.073,-3.573,35.895,True
54540211,MP315,MP315 - Thembisile Hani,1513.0,school,1.542,35.955,-2.91,36.557,False
54540222,MP315,MP315 - Thembisile Hani,1488.0,school,0.4,36.492,-3.165,36.302,True
54540233,MP315,MP315 - Thembisile Hani,1223.0,school,1.214,31.725,-5.325,34.142,True
54540299,MP315,MP315 - Thembisile Hani,2470.0,school,1.35,39.109,-2.702,36.765,False
54540301,MP315,MP315 - Thembisile Hani,1121.0,school,0.703,39.786,-2.113,37.355,False
54540312,MP315,MP315 - Thembisile Hani,626.0,school,0.372,44.888,0.366,39.833,False
54540334,MP315,MP315 - Thembisile Hani,2196.0,school,0.951,31.831,-6.171,33.297,True
54540356,MP315,MP315 - Thembisile Hani,1599.0,hall,0.818,38.962,-2.859,36.609,False
54540367,MP315,MP315 - Thembisile Hani,397.0,tent,-0.019,52.645,4.962,44.429,False
54540378,MP315,MP315 - Thembisile Hani,102.0,school,1.143,39.216,-1.412,38.055,False
54540389,MP315,MP315 - Thembisile Hani,1022.0,school,0.355,44.227,-0.721,38.746,False
54540390,MP315,MP315 - Thembisile Hani,2112.0,school,0.713,42.424,-0.406,39.061,False
54540402,MP315,MP315 - Thembisile Hani,1212.0,school,1.284,40.842,-1.295,38.172,False
54540413,MP315,MP315 - Thembisile Hani,323.0,school,0.848,43.653,0.828,40.295,False
54540424,MP315,MP315 - Thembisile Hani,1096.0,school,0.884,42.609,0.649,40.117,False
54540435,MP315,MP315 - Thembisile Hani,1503.0,traditional,0.308,44.112,-0.134,39.334,False
54540446,MP315,MP315 - Thembisile Hani,1281.0,other,1.48,36.222,-3.07,36.397,True
54540457,MP315,MP315 - Thembisile Hani,839.0,school,0.172,42.312,-0.492,38.975,False
54540468,MP315,MP315 - Thembisile Hani,866.0,tent,0.762,39.954,-1.823,37.645,False
54540479,MP315,MP315 - Thembisile Hani,1094.0,school,0.854,37.203,-2.663,36.804,False
54540491,MP315,MP315 - Thembisile Hani,899.0,church,1.202,39.377,-1.161,38.306,False
54540503,MP315,MP315 - Thembisile Hani,319.0,school,0.402,45.768,0.912,40.379,False
54540514,MP315,MP315 - Thembisile Hani,1126.0,school,0.74,42.362,-0.277,39.19,False
54540536,MP315,MP315 - Thembisile Hani,560.0,school,0.515,39.464,-1.744,37.724,False
54540547,MP315,MP315 - Thembisile Hani,776.0,school,1.071,45.232,0.805,40.272,False
54540558,MP315,MP315 - Thembisile Hani,1032.0,school,1.322,43.314,0.261,39.728,False
54540569,MP315,MP315 - Thembisile Hani,1212.0,tent,1.679,46.865,2.397,41.864,False
54540570,MP315,MP315 - Thembisile Hani,986.0,church,1.713,45.03,0.971,40.438,False
54540581,MP315,MP315 - Thembisile Hani,860.0,other,2.274,35.581,-2.954,36.513,False
54540592,MP315,MP315 - Thembisile Hani,868.0,school,1.787,39.516,-1.566,37.902,False
54540615,MP315,MP315 - Thembisile Hani,628.0,school,1.74,46.338,1.957,41.424,False
54540626,MP315,MP315 - Thembisile Hani,476.0,church,1.282,41.387,-0.684,38.783,False
54540637,MP315,MP315 - Thembisile Hani,529.0,other,1.644,38.752,-1.82,37.647,False
54540648,MP315,MP315 - Thembisile Hani,1038.0,school,1.236,42.389,0.088,39.555,False
54540659,MP315,MP315 - Thembisile Hani,665.0,church,1.409,42.707,0.047,39.514,False
54540660,MP315,MP315 - Thembisile Hani,803.0,school,2.216,41.22,-0.14,39.327,False
54540671,MP315,MP315 - Thembisile Hani,1011.0,school,1.645,45.796,1.168,40.636,False
54540682,MP315,MP315 - Thembisile Hani,643.0,other,1.823,32.659,-5.535,33.932,True
54540693,MP315,MP315 - Thembisile Hani,864.0,school,1.723,37.963,-2.113,37.354,False
54540705,MP315,MP315 - Thembisile Hani,1748.0,school,1.635,42.105,0.137,39.604,False
54540716,MP315,MP315 - Thembisile Hani,1409.0,school,1.653,38.041,-2.08,37.387,False
54540727,MP315,MP315 - Thembisile Hani,731.0,traditional,1.426,39.124,-1.838,37.629,False
54540738,MP315,MP315 - Thembisile Hani,652.0,school,0.891,49.387,4.212,43.679,False
54540749,MP315,MP315 - Thembisile Hani,1010.0,school,1.115,48.119,3.782,43.25,False
54540750,MP315,MP315 - Thembisile Hani,843.0,tent,1.418,40.688,-1.352,38.116,False
54540761,MP315,MP315 - Thembisile Hani,1131.0,school,1.417,36.34,-2.924,36.543,False
54540772,MP315,MP315 - Thembisile Hani,1173.0,school,1.619,38.789,-1.106,38.361,False
54540783,MP315,MP315 - Thembisile Hani,1025.0,tent,1.408,50.244,3.337,42.804,False
54540794,MP315,MP315 - Thembisile Hani,924.0,school,2.552,39.177,-0.845,38.622,False
54540806,MP315,MP315 - Thembisile Hani,1976.0,school,2.473,40.789,-1.849,37.618,False
54540817,MP315,MP315 - Thembisile Hani,986.0,church,2.838,38.337,-1.228,38.239,False
54540828,MP315,MP315 - Thembisile Hani,226.0,other,2.477,34.956,-3.128,36.339,True
54540839,MP315,MP315 - Thembisile Hani,944.0,school,2.187,42.903,0.833,40.3,False
54540840,MP315,MP315 - Thembisile Hani,720.0,school,1.906,41.806,-0.181,39.286,False
54540862,MP315,MP315 - Thembisile Hani,633.0,hall,2.293,39.652,-1.17,38.297,False
54540873,MP315,MP315 - Thembisile Hani,140.0,school,2.077,22.143,-14.683,24.784,True
54540884,MP315,MP315 - Thembisile Hani,1207.0,tent,,40.265,-1.752,37.715,False
54540895,MP315,MP315 - Thembisile Hani,691.0,school,,37.916,-2.499,36.968,False
54540907,MP315,MP315 - Thembisile Hani,1026.0,traditional,,38.109,-2.472,36.995,False
54540918,MP315,MP315 - Thembisile Hani,826.0,church,,40.92,-1.382,38.085,False
54540929,MP315,MP315 - Thembisile Hani,483.0,school,,46.998,2.569,42.037,False
54540930,MP315,MP315 - Thembisile Hani,664.0,church,,51.205,3.669,43.136,False
54540941,MP315,MP315 - Thembisile Hani,413.0,traditional,,53.027,4.037,43.505,False
54540952,MP315,MP315 - Thembisile Hani,619.0,school,,50.242,3.721,43.188,False
54540963,MP315,MP315 - Thembisile Hani,382.0,church,,42.147,-0.523,38.944,False
54540974,MP315,MP315 - Thembisile Hani,366.0,tent,,54.645,5.116,44.583,False
54550010,MP314,MP314 - Emakhazeni,1077.0,other,0.883,36.862,-1.77,37.697,False
54550021,MP314,MP314 - Emakhazeni,984.0,school,0.954,46.646,2.677,42.145,False
54550032,MP314,MP314 - Emakhazeni,1525.0,hall,1.317,50.164,4.737,44.204,False
54570012,MP316,MP316 - Dr JS Moroka,1357.0,school,0.241,36.993,-3.437,36.03,True
54570034,MP316,MP316 - Dr JS Moroka,1018.0,school,-1.0,33.399,-6.217,33.25,True
54570045,MP316,MP316 - Dr JS Moroka,743.0,school,0.744,32.84,-5.313,34.155,True
54570056,MP316,MP316 - Dr JS Moroka,575.0,school,-1.0,38.435,-2.558,36.909,False
54570067,MP316,MP316 - Dr JS Moroka,984.0,school,0.585,36.89,-3.382,36.085,True
54570089,MP316,MP316 - Dr JS Moroka,1069.0,school,-0.316,40.692,-1.637,37.83,False
54570090,MP316,MP316 - Dr JS Moroka,778.0,traditional,0.127,37.147,-3.19,36.277,True
54570102,MP316,MP316 - Dr JS Moroka,837.0,school,0.134,52.808,3.99,43.457,False
54570113,MP316,MP316 - Dr JS Moroka,946.0,traditional,0.103,37.738,-3.15,36.318,True
54570124,MP316,MP316 - Dr JS Moroka,1152.0,school,0.123,43.142,0.06,39.527,False
54570135,MP316,MP316 - Dr JS Moroka,1919.0,school,0.283,51.902,3.458,42.926,False
54570146,MP316,MP316 - Dr JS Moroka,1043.0,school,0.647,44.871,0.397,39.864,False
54570168,MP316,MP316 - Dr JS Moroka,490.0,other,1.288,44.694,0.94,40.407,False
54570179,MP316,MP316 - Dr JS Moroka,1307.0,school,0.531,33.818,-4.69,34.778,True
54570180,MP316,MP316 - Dr JS Moroka,1014.0,school,-1.0,41.42,-1.67,37.798,False
54570191,MP316,MP316 - Dr JS Moroka,992.0,school,0.914,34.577,-3.685,35.782,True
54570203,MP316,MP316 - Dr JS Moroka,569.0,school,-0.952,33.216,-5.29,34.178,True
54570214,MP316,MP316 - Dr JS Moroka,925.0,school,0.516,32.649,-5.313,34.155,True
54570225,MP316,MP316 - Dr JS Moroka,1134.0,school,1.228,35.273,-1.931,37.536,False
54570236,MP316,MP316 - Dr JS Moroka,1410.0,school,-0.664,35.461,-4.482,34.985,True
54570247,MP316,MP316 - Dr JS Moroka,1060.0,school,0.82,41.792,0.059,39.526,False
54570258,MP316,MP316 - Dr JS Moroka,1451.0,school,1.351,31.013,-6.679,32.788,True
54570269,MP316,MP316 - Dr JS Moroka,1020.0,school,0.688,47.157,1.584,41.052,False
54570270,MP316,MP316 - Dr JS Moroka,1057.0,school,-0.125,43.709,0.204,39.672,False
54570281,MP316,MP316 - Dr JS Moroka,953.0,school,1.059,41.973,-0.811,38.657,False
54570292,MP316,MP316 - Dr JS Moroka,780.0,school,1.014,45.641,0.493,39.96,False
54570304,MP316,MP316 - Dr JS Moroka,499.0,school,0.174,43.287,-0.729,38.738,False
54570315,MP316,MP316 - Dr JS Moroka,702.0,school,1.064,39.031,-1.471,37.997,False
54570326,MP316,MP316 - Dr JS Moroka,1443.0,school,1.143,46.5,2.152,41.62,False
54570337,MP316,MP316 - Dr JS Moroka,307.0,school,0.08,46.254,1.536,41.003,False
54570348,MP316,MP316 - Dr JS Moroka,363.0,school,0.852,41.322,-0.485,38.982,False
54570359,MP316,MP316 - Dr JS Moroka,1166.0,school,1.677,37.65,-2.305,37.163,False
54570360,MP316,MP316 - Dr JS Moroka,881.0,school,0.785,50.057,4.168,43.636,False
54570371,MP316,MP316 - Dr JS Moroka,865.0,other,1.226,40.347,-1.211,38.257,False
54570393,MP316,MP316 - Dr JS Moroka,272.0,school,,33.088,-3.535,35.932,True
54570405,MP316,MP316 - Dr JS Moroka,732.0,church,,43.306,0.422,39.89,False
54570416,MP316,MP316 - Dr JS Moroka,387.0,school,,51.421,4.478,43.945,False
54570427,MP316,MP316 - Dr JS Moroka,564.0,school,,31.56,-6.854,32.613,True
54570438,MP316,MP316 - Dr JS Moroka,449.0,school,,53.898,6.024,45.491,False
54580013,MP316,MP316 - Dr JS Moroka,1108.0,school,0.572,46.841,1.777,41.245,False
54580035,MP316,MP316 - Dr JS Moroka,1997.0,school,0.887,40.611,-1.259,38.208,False
54580046,MP316,MP316 - Dr JS Moroka,1492.0,school,0.756,32.105,-5.569,33.898,True
54580057,MP316,MP316 - Dr JS Moroka,1129.0,school,0.842,37.201,-2.614,36.854,False
54580068,MP316,MP316 - Dr JS Moroka,1503.0,school,0.869,41.916,-0.07,39.398,False
54580079,MP316,MP316 - Dr JS Moroka,1658.0,school,0.839,37.033,-3.911,35.557,True
54580080,MP316,MP316 - Dr JS Moroka,1752.0,school,1.118,34.76,-4.073,35.395,True
54580091,MP316,MP316 - Dr JS Moroka,1379.0,school,0.82,49.239,3.562,43.03,False
54580103,MP316,MP316 - Dr JS Moroka,934.0,school,0.913,43.897,0.702,40.169,False
54580114,MP316,MP316 - Dr JS Moroka,423.0,school,0.609,55.556,5.976,45.444,False
54580125,MP316,MP316 - Dr JS Moroka,717.0,school,0.857,39.052,-1.204,38.263,False
54580136,MP316,MP316 - Dr JS Moroka,1664.0,school,1.203,36.238,-3.176,36.292,True
54580158,MP316,MP316 - Dr JS Moroka,1336.0,school,0.744,41.168,-0.493,38.974,False
54580169,MP316,MP316 - Dr JS Moroka,1378.0,school,0.846,50.435,3.887,43.355,False
54580181,MP315,MP315 - Thembisile Hani,513.0,other,1.572,36.062,-3.034,36.433,True
54580192,MP316,MP316 - Dr JS Moroka,1295.0,school,1.339,40.849,-1.238,38.23,False
54580204,MP316,MP316 - Dr JS Moroka,1095.0,school,0.255,42.283,-0.151,39.316,False
54580215,MP316,MP316 - Dr JS Moroka,1168.0,school,0.796,42.979,0.626,40.094,False
54580226,MP316,MP316 - Dr JS Moroka,81.0,other,2.091,27.16,-9.315,30.153,True
54580237,MP316,MP316 - Dr JS Moroka,929.0,school,1.258,38.213,-1.456,38.012,False
54580248,MP316,MP316 - Dr JS Moroka,745.0,school,0.531,44.027,0.568,40.035,False
54580259,MP316,MP316 - Dr JS Moroka,703.0,school,0.757,44.808,0.976,40.443,False
54580260,MP316,MP316 - Dr JS Moroka,1163.0,school,0.583,43.25,1.104,40.571,False
54580271,MP316,MP316 - Dr JS Moroka,1211.0,school,1.334,45.334,1.371,40.838,False
54580282,MP316,MP316 - Dr JS Moroka,735.0,school,1.638,49.524,3.563,43.03,False
54580293,MP316,MP316 - Dr JS Moroka,502.0,church,,52.39,4.106,43.574,False
54580305,MP316,MP316 - Dr JS Moroka,561.0,church,,49.554,3.675,43.142,False
54580316,MP316,MP316 - Dr JS Moroka,776.0,school,,51.16,4.239,43.707,False
54580327,MP316,MP316 - Dr JS Moroka,16.0,other,,18.75,-14.915,24.553,True
54590014,MP316,MP316 - Dr JS Moroka,1382.0,school,0.732,38.64,-1.364,38.104,False
54590025,MP316,MP316 - Dr JS Moroka,1536.0,school,0.987,43.164,0.243,39.71,False
54590036,MP316,MP316 - Dr JS Moroka,1637.0,school,1.702,49.664,3.843,43.31,False
54590047,MP316,MP316 - Dr JS Moroka,1429.0,other,1.303,39.538,-1.339,38.128,False
54590058,MP316,MP316 - Dr JS Moroka,1960.0,school,1.599,45.459,0.781,40.249,False
54590069,MP316,MP316 - Dr JS Moroka,1291.0,school,1.239,45.081,1.713,41.181,False
54590070,MP316,MP316 - Dr JS Moroka,1490.0,school,0.91,51.141,4.036,43.504,False
54590081,MP316,MP316 - Dr JS Moroka,1050.0,school,0.808,52.19,4.06,43.527,False
54590092,MP316,MP316 - Dr JS Moroka,1492.0,hall,1.179,31.099,-7.003,32.464,True
54590104,MP316,MP316 - Dr JS Moroka,1058.0,school,1.189,42.817,0.512,39.979,False
54590115,MP316,MP316 - Dr JS Moroka,1490.0,school,0.968,51.007,4.679,44.146,False
54590126,MP316,MP316 - Dr JS Moroka,1640.0,school,0.228,56.341,6.857,46.324,False
54590137,MP316,MP316 - Dr JS Moroka,1663.0,school,0.7,47.865,2.936,42.403,False
54590148,MP316,MP316 - Dr JS Moroka,1288.0,school,0.483,46.273,1.181,40.648,False
54590159,MP316,MP316 - Dr JS Moroka,1452.0,hall,1.012,40.496,-1.228,38.24,False
54590160,MP316,MP316 - Dr JS Moroka,1300.0,school,0.813,51.692,4.01,43.478,False
54590171,MP316,MP316 - Dr JS Moroka,2281.0,school,2.496,46.734,2.449,41.916,False
54590182,MP316,MP316 - Dr JS Moroka,1639.0,school,1.129,44.722,1.792,41.259,False
54590193,MP316,MP316 - Dr JS Moroka,1295.0,school,0.797,47.49,3.331,42.798,False
54590205,MP316,MP316 - Dr JS Moroka,1859.0,school,1.59,44.11,0.857,40.324,False
54590216,MP316,MP316 - Dr JS Moroka,1271.0,hall,0.737,39.339,-1.471,37.997,False
54590227,MP316,MP316 - Dr JS Moroka,1782.0,school,1.363,33.558,-5.174,34.293,True
54590238,MP316,MP316 - Dr JS Moroka,1741.0,school,1.447,36.875,-2.923,36.544,False
54590250,MP316,MP316 - Dr JS Moroka,1114.0,school,1.376,50.359,3.777,43.244,False
54590261,MP316,MP316 - Dr JS Moroka,997.0,school,1.013,49.549,3.637,43.104,False
54590272,MP316,MP316 - Dr JS Moroka,1329.0,school,1.756,53.8,6.459,45.926,False
54590283,MP316,MP316 - Dr JS Moroka,972.0,school,0.961,58.951,7.083,46.55,False
54590294,MP316,MP316 - Dr JS Moroka,467.0,school,0.6,47.109,2.741,42.208,False
54590306,MP316,MP316 - Dr JS Moroka,1311.0,school,1.507,41.724,-0.558,38.91,False
54590328,MP316,MP316 - Dr JS Moroka,1047.0,school,0.602,44.508,0.987,40.454,False
54590339,MP316,MP316 - Dr JS Moroka,688.0,school,0.978,45.349,1.805,41.272,False
54590340,MP316,MP316 - Dr JS Moroka,1852.0,school,0.981,42.711,0.315,39.783,False
54590351,MP316,MP316 - Dr JS Moroka,1149.0,church,1.205,44.299,1.157,40.624,False
54590362,MP316,MP316 - Dr JS Moroka,920.0,school,1.639,44.891,1.708,41.175,False
54590373,MP316,MP316 - Dr JS Moroka,258.0,traditional,1.998,27.132,-7.576,31.891,True
54590384,MP316,MP316 - Dr JS Moroka,1268.0,school,1.126,39.511,-0.234,39.234,False
54590395,MP316,MP316 - Dr JS Moroka,513.0,school,1.086,42.3,1.356,40.823,False
54590407,MP316,MP316 - Dr JS Moroka,696.0,school,0.347,51.293,4.951,44.419,False
54590418,MP316,MP316 - Dr JS Moroka,651.0,school,0.953,42.089,1.074,40.541,False
54590429,MP316,MP316 - Dr JS Moroka,1151.0,school,0.839,50.912,5.246,44.713,False
54590430,MP316,MP316 - Dr JS Moroka,923.0,school,0.139,51.463,3.963,43.43,False
54590441,MP316,MP316 - Dr JS Moroka,895.0,school,1.769,37.989,-1.602,37.866,False
54590452,MP316,MP316 - Dr JS Moroka,755.0,other,1.976,40.927,0.138,39.605,False
54590463,MP316,MP316 - Dr JS Moroka,824.0,tent,1.188,46.481,1.979,41.447,False
54590474,MP316,MP316 - Dr JS Moroka,438.0,school,1.97,43.151,0.834,40.301,False
54590485,MP316,MP316 - Dr JS Moroka,603.0,church,,44.61,0.51,39.977,False
54590496,MP316,MP316 - Dr JS Moroka,514.0,church,,45.72,1.568,41.035,False
54590508,MP316,MP316 - Dr JS Moroka,1042.0,school,,46.929,2.861,42.329,False
54590519,MP316,MP316 - Dr JS Moroka,753.0,school,,65.87,10.076,49.543,False
54590520,MP316,MP316 - Dr JS Moroka,554.0,other,,26.715,-9.21,30.257,True
54600016,MP313,MP313 - Steve Tshwete,1574.0,tent,0.688,64.041,13.701,53.168,False
54600027,MP313,MP313 - Steve Tshwete,2452.0,school,0.701,58.32,11.271,50.739,False
54600038,MP313,MP313 - Steve Tshwete,3081.0,school,0.325,43.947,-0.655,38.812,False
54600049,MP313,MP313 - Steve Tshwete,1506.0,school,0.783,56.972,11.164,50.631,False
54600050,MP313,MP313 - Steve Tshwete,2171.0,school,1.35,46.246,0.885,40.353,False
54600061,MP313,MP313 - Steve Tshwete,2550.0,school,1.07,34.706,-4.514,34.953,True
54600072,MP313,MP313 - Steve Tshwete,2675.0,school,0.825,37.832,-3.645,35.822,True
54600083,MP313,MP313 - Steve Tshwete,2120.0,hall,0.698,36.179,-4.302,35.165,True
54600094,MP313,MP313 - Steve Tshwete,2243.0,school,0.364,46.277,0.703,40.171,False
54600106,MP313,MP313 - Steve Tshwete,2817.0,hall,0.853,43.912,-0.495,38.972,False
54600117,MP313,MP313 - Steve Tshwete,664.0,school,-0.191,42.922,0.464,39.931,False
54600128,MP313,MP313 - Steve Tshwete,1879.0,school,0.654,44.279,0.594,40.061,False
54600139,MP313,MP313 - Steve Tshwete,1756.0,school,0.825,45.9,1.24,40.708,False
54600140,MP313,MP313 - Steve Tshwete,4990.0,church,0.658,60.0,10.485,49.952,False
54600151,MP313,MP313 - Steve Tshwete,2126.0,tent,0.731,56.82,11.177,50.644,False
54600162,MP313,MP313 - Steve Tshwete,3033.0,hall,0.629,39.499,-1.842,37.625,False
54600173,MP313,MP313 - Steve Tshwete,1923.0,school,0.503,49.766,6.253,45.72,False
54600184,MP313,MP313 - Steve Tshwete,2234.0,hall,0.504,43.241,-1.352,38.115,False
54600195,MP313,MP313 - Steve Tshwete,2945.0,tent,0.431,31.952,-7.664,31.803,True
54600207,MP313,MP313 - Steve Tshwete,3009.0,hall,0.496,39.116,-3.107,36.36,True
54600218,MP313,MP313 - Steve Tshwete,2128.0,hall,1.231,42.951,0.658,40.126,False
54600229,MP313,MP313 - Steve Tshwete,2315.0,school,0.158,44.838,0.238,39.706,False
54600230,MP313,MP313 - Steve Tshwete,1394.0,church,0.055,63.917,13.775,53.242,False
54600241,MP313,MP313 - Steve Tshwete,1397.0,tent,1.001,46.385,2.862,42.329,False
54600252,MP313,MP313 - Steve Tshwete,4416.0,school,0.236,33.967,-6.837,32.63,True
54600263,MP313,MP313 - Steve Tshwete,1154.0,tent,0.62,46.534,1.597,41.065,False
54600274,MP313,MP313 - Steve Tshwete,816.0,school,1.178,42.157,0.162,39.629,False
54600285,MP313,MP313 - Steve Tshwete,1030.0,hall,1.107,46.893,5.613,45.081,False
54600296,MP313,MP313 - Steve Tshwete,817.0,school,1.561,51.408,7.945,47.412,False
54600308,MP313,MP313 - Steve Tshwete,893.0,hall,0.643,60.582,7.315,46.783,False
54600319,MP313,MP313 - Steve Tshwete,1590.0,school,3.0,37.799,-3.387,36.08,True
54600320,MP313,MP313 - Steve Tshwete,1588.0,school,1.281,61.713,12.334,51.801,False
54600331,MP313,MP313 - Steve Tshwete,537.0,school,,48.231,2.893,42.36,False
54600342,MP313,MP313 - Steve Tshwete,925.0,hall,,58.27,6.484,45.951,False
54600353,MP313,MP313 - Steve Tshwete,206.0,tent,,132.039,23.48,62.947,False
54610028,MP315,MP315 - Thembisile Hani,1620.0,school,0.991,35.123,-4.103,35.365,True
54610039,MP315,MP315 - Thembisile Hani,1372.0,school,1.131,26.166,-9.36,30.107,True
54610040,MP315,MP315 - Thembisile Hani,1373.0,school,0.56,36.417,-3.849,35.619,True
54610051,MP315,MP315 - Thembisile Hani,1463.0,school,0.73,37.184,-2.973,36.494,True
54610062,MP315,MP315 - Thembisile Hani,1427.0,school,0.976,28.802,-7.753,31.715,True
54610073,MP315,MP315 - Thembisile Hani,1545.0,school,0.663,35.146,-4.271,35.197,True
54610084,MP315,MP315 - Thembisile Hani,1951.0,school,0.936,47.463,1.702,41.169,False
54610095,MP315,MP315 - Thembisile Hani,963.0,school,-0.519,33.022,-6.632,32.835,True
54610107,MP315,MP315 - Thembisile Hani,1690.0,school,1.096,37.988,-4.113,35.354,True
54610118,MP315,MP315 - Thembisile Hani,1480.0,school,0.739,33.716,-5.21,34.258,True
54610129,MP315,MP315 - Thembisile Hani,1187.0,school,0.817,37.911,-2.548,36.92,False
54610141,MP315,MP315 - Thembisile Hani,1673.0,school,1.351,41.482,-0.803,38.664,False
54610152,MP315,MP315 - Thembisile Hani,1465.0,school,0.531,43.003,0.487,39.955,False
54610163,MP315,MP315 - Thembisile Hani,1692.0,school,0.642,34.634,-3.709,35.759,True
54610174,MP315,MP315 - Thembisile Hani,1254.0,school,0.356,43.939,-0.107,39.361,False
54610185,MP315,MP315 - Thembisile Hani,1579.0,school,0.996,46.802,2.236,41.703,False
54610196,MP315,MP315 - Thembisile Hani,958.0,school,0.55,39.457,-1.702,37.765,False
54610208,MP315,MP315 - Thembisile Hani,1130.0,school,1.51,43.009,0.099,39.566,False
54610219,MP315,MP315 - Thembisile Hani,2006.0,school,1.2,47.308,2.32,41.788,False
54610220,MP315,MP315 - Thembisile Hani,63.0,other,0.577,14.286,-17.278,22.19,True
54610231,MP315,MP315 - Thembisile Hani,1889.0,school,-0.432,41.027,-2.426,37.042,False
54610242,MP315,MP315 - Thembisile Hani,1145.0,school,1.034,33.886,-4.353,35.114,True
54610253,MP315,MP315 - Thembisile Hani,1871.0,school,0.907,42.598,0.106,39.573,False
54610264,MP315,MP315 - Thembisile Hani,1761.0,school,1.024,45.145,0.714,40.181,False
54610275,MP315,MP315 - Thembisile Hani,1772.0,school,1.943,44.921,0.494,39.961,False
54610286,MP315,MP315 - Thembisile Hani,1094.0,school,1.103,45.521,1.257,40.724,False
54610309,MP315,MP315 - Thembisile Hani,1263.0,school,-0.317,53.286,4.582,44.05,False
54610310,MP315,MP315 - Thembisile Hani,700.0,school,0.713,37.571,-2.564,36.904,False
54610321,MP315,MP315 - Thembisile Hani,1390.0,school,0.938,50.0,3.541,43.008,False
54610332,MP315,MP315 - Thembisile Hani,726.0,school,0.973,48.209,2.526,41.993,False
54610343,MP315,MP315 - Thembisile Hani,898.0,school,0.158,62.584,7.732,47.2,False
54610354,MP315,MP315 - Thembisile Hani,584.0,church,1.531,36.986,-1.719,37.748,False
54610365,MP315,MP315 - Thembisile Hani,779.0,school,0.3,56.996,6.491,45.958,False
54610376,MP315,MP315 - Thembisile Hani,987.0,school,1.037,46.302,1.544,41.012,False
54610411,MP315,MP315 - Thembisile Hani,1159.0,school,2.209,38.395,-1.593,37.874,False
54610422,MP315,MP315 - Thembisile Hani,1038.0,church,1.677,45.954,1.685,41.152,False
54610433,MP315,MP315 - Thembisile Hani,501.0,church,1.295,46.507,2.204,41.672,False
54610444,MP315,MP315 - Thembisile Hani,1176.0,school,1.313,46.599,2.237,41.704,False
54610455,MP315,MP315 - Thembisile Hani,527.0,school,2.205,37.192,-1.714,37.754,False
54610466,MP315,MP315 - Thembisile Hani,670.0,tent,2.032,40.896,-0.589,38.878,False
54610477,MP315,MP315 - Thembisile Hani,684.0,school,1.107,43.567,1.092,40.559,False
54610488,MP315,MP315 - Thembisile Hani,740.0,school,0.858,52.162,4.023,43.491,False
54610499,MP315,MP315 - Thembisile Hani,1349.0,school,1.689,37.583,-2.433,37.034,False
54610501,MP315,MP315 - Thembisile Hani,791.0,school,1.043,43.363,0.142,39.609,False
54610512,MP315,MP315 - Thembisile Hani,630.0,church,-0.112,65.873,8.622,48.089,False
54610523,MP315,MP315 - Thembisile Hani,404.0,school,2.131,42.079,1.171,40.638,False
54610534,MP315,MP315 - Thembisile Hani,97.0,school,0.224,62.887,6.65,46.117,False
54610545,MP315,MP315 - Thembisile Hani,547.0,school,1.019,57.77,8.62,48.087,False
54610556,MP315,MP315 - Thembisile Hani,728.0,church,1.287,51.648,4.008,43.475,False
54610567,MP315,MP315 - Thembisile Hani,261.0,hall,2.049,37.548,-2.541,36.926,False
54610578,MP315,MP315 - Thembisile Hani,569.0,church,1.946,45.694,1.526,40.994,False
54610589,MP315,MP315 - Thembisile Hani,554.0,church,,44.946,0.779,40.247,False
54610590,MP315,MP315 - Thembisile Hani,450.0,hall,,52.444,4.078,43.545,False
54610602,MP315,MP315 - Thembisile Hani,720.0,traditional,,54.722,6.373,45.84,False
54620423,MP315,MP315 - Thembisile Hani,820.0,school,-0.358,55.61,4.907,44.375,False
54630019,MP312,MP312 - Emalahleni,3255.0,other,0.796,32.043,-6.749,32.718,True
54630020,MP312,MP312 - Emalahleni,2373.0,school,1.494,28.782,-7.499,31.968,True
54630031,MP312,MP312 - Emalahleni,2887.0,school,1.177,34.638,-3.966,35.501,True
54630042,MP312,MP312 - Emalahleni,1941.0,hall,1.118,38.794,-0.928,38.539,False
54630053,MP312,MP312 - Emalahleni,2086.0,school,0.991,39.837,-2.434,37.034,False
54630064,MP312,MP312 - Emalahleni,1183.0,other,3.0,26.458,-7.129,32.338,True
54630086,MP312,MP312 - Emalahleni,360.0,school,,49.167,3.367,42.835,False
54640010,MP314,MP314 - Emakhazeni,1767.0,school,0.38,51.952,3.661,43.128,False
54640021,MP314,MP314 - Emakhazeni,872.0,school,0.523,44.381,1.471,40.938,False
54640032,MP314,MP314 - Emakhazeni,1134.0,school,0.629,57.143,7.209,46.677,False
54650011,MP312,MP312 - Emalahleni,3847.0,school,1.429,47.362,4.859,44.326,False
54650022,MP312,MP312 - Emalahleni,2122.0,other,1.092,48.775,6.486,45.954,False
54650033,MP312,MP312 - Emalahleni,3425.0,school,0.911,56.73,10.774,50.242,False
54650044,MP312,MP312 - Emalahleni,4321.0,school,1.095,31.636,-8.278,31.189,True
54650055,MP312,MP312 - Emalahleni,2565.0,other,1.042,36.491,-4.105,35.362,True
54650066,MP312,MP312 - Emalahleni,2397.0,other,1.066,45.724,-0.051,39.416,False
54650077,MP312,MP312 - Emalahleni,1758.0,school,0.85,58.419,11.161,50.629,False
54650088,MP312,MP312 - Emalahleni,2293.0,school,1.106,41.997,-1.164,38.303,False
54650099,MP312,MP312 - Emalahleni,2499.0,school,0.531,38.335,-2.262,37.205,False
54650101,MP312,MP312 - Emalahleni,2723.0,school,0.673,37.091,-3.542,35.926,True
54650112,MP312,MP312 - Emalahleni,2029.0,school,0.846,41.153,-2.27,37.197,False
54650123,MP312,MP312 - Emalahleni,5290.0,school,1.363,47.788,3.871,43.339,False
54650145,MP312,MP312 - Emalahleni,2079.0,school,1.03,36.412,-2.926,36.541,False
54650156,MP312,MP312 - Emalahleni,3685.0,school,0.872,40.651,-3.373,36.095,True
54650167,MP312,MP312 - Emalahleni,2215.0,school,0.872,38.33,-2.695,36.773,False
54650178,MP312,MP312 - Emalahleni,2048.0,school,1.07,36.963,-2.681,36.787,False
54650189,MP312,MP312 - Emalahleni,1504.0,church,1.185,33.178,-3.197,36.27,True
54650190,MP312,MP312 - Emalahleni,2574.0,school,1.047,41.026,-2.094,37.373,False
54650202,MP312,MP312 - Emalahleni,1942.0,church,1.036,34.398,-3.647,35.82,True
54650213,MP312,MP312 - Emalahleni,1733.0,school,1.316,36.815,-3.179,36.289,True
54650224,MP312,MP312 - Emalahleni,2530.0,tent,0.774,39.012,-2.993,36.474,True
54650235,MP312,MP312 - Emalahleni,1948.0,hall,0.489,33.573,-4.339,35.128,True
54650246,MP312,MP312 - Emalahleni,3415.0,school,1.182,36.925,-4.211,35.257,True
54650257,MP312,MP312 - Emalahleni,2211.0,school,0.238,50.656,0.929,40.396,False
54650268,MP312,MP312 - Emalahleni,1313.0,other,0.732,33.13,-4.93,34.537,True
54650279,MP312,MP312 - Emalahleni,1326.0,school,0.988,42.76,-0.368,39.099,False
54650280,MP312,MP312 - Emalahleni,1418.0,school,1.333,40.621,-0.918,38.549,False
54650291,MP312,MP312 - Emalahleni,1737.0,school,0.926,27.979,-8.335,31.132,True
54650303,MP312,MP312 - Emalahleni,2008.0,other,0.572,35.06,-4.9,34.568,True
54650314,MP312,MP312 - Emalahleni,989.0,school,0.196,30.131,-6.597,32.871,True
54650336,MP312,MP312 - Emalahleni,2552.0,school,0.854,39.929,-2.53,36.938,False
54650347,MP312,MP312 - Emalahleni,1925.0,other,0.388,25.87,-8.883,30.584,True
54650358,MP312,MP312 - Emalahleni,1664.0,other,0.982,44.111,-0.703,38.765,False
54650369,MP312,MP312 - Emalahleni,2078.0,school,1.044,55.245,9.349,48.817,False
54650370,MP312,MP312 - Emalahleni,1346.0,school,0.762,35.438,-4.524,34.943,True
54650381,MP312,MP312 - Emalahleni,2480.0,hall,0.392,15.726,-15.429,24.038,True
54650392,MP312,MP312 - Emalahleni,2330.0,tent,0.388,42.232,-2.581,36.886,False
54650404,MP312,MP312 - Emalahleni,665.0,school,1.239,43.008,0.017,39.484,False
54650415,MP312,MP312 - Emalahleni,1993.0,school,0.924,35.474,-3.388,36.08,True
54650426,MP312,MP312 - Emalahleni,2560.0,school,0.587,31.445,-6.997,32.47,True
54650437,MP312,MP312 - Emalahleni,1902.0,school,0.429,39.695,-2.153,37.315,False
54650448,MP312,MP312 - Emalahleni,3966.0,school,0.458,37.519,-5.05,34.417,True
54650459,MP312,MP312 - Emalahleni,1429.0,school,0.797,37.299,-2.6,36.867,False
54650460,MP312,MP312 - Emalahleni,416.0,other,1.086,49.519,3.635,43.102,False
54650471,MP312,MP312 - Emalahleni,1028.0,hall,0.633,38.521,-1.907,37.561,False
54650482,MP312,MP312 - Emalahleni,2797.0,church,0.231,24.991,-10.113,29.354,True
54650493,MP312,MP312 - Emalahleni,792.0,other,0.382,18.939,-14.781,24.687,True
54650505,MP312,MP312 - Emalahleni,1770.0,school,0.459,38.983,-2.369,37.098,False
54650516,MP312,MP312 - Emalahleni,2889.0,school,0.69,37.002,-4.19,35.277,True
54650527,MP312,MP312 - Emalahleni,2238.0,school,0.774,46.202,0.316,39.783,False
54650538,MP312,MP312 - Emalahleni,302.0,school,0.96,35.099,-2.615,36.853,False
54650549,MP312,MP312 - Emalahleni,1522.0,school,0.573,32.654,-5.581,33.886,True
54650550,MP312,MP312 - Emalahleni,503.0,hall,0.388,52.883,7.855,47.322,False
54650561,MP312,MP312 - Emalahleni,913.0,school,0.281,47.645,2.355,41.822,False
54650572,MP312,MP312 - Emalahleni,609.0,school,-0.216,56.486,6.124,45.591,False
54650583,MP312,MP312 - Emalahleni,1398.0,school,0.627,41.845,-0.974,38.493,False
54650594,MP312,MP312 - Emalahleni,1983.0,tent,-0.09,28.089,-7.976,31.491,True
54650606,MP312,MP312 - Emalahleni,442.0,tent,0.131,41.176,0.47,39.937,False
54650617,MP312,MP312 - Emalahleni,3020.0,school,1.633,33.576,-5.387,34.08,True
54650628,MP312,MP312 - Emalahleni,3235.0,hall,1.027,42.164,-2.05,37.418,False
54650639,MP312,MP312 - Emalahleni,1300.0,school,0.941,59.462,11.511,50.978,False
54650640,MP312,MP312 - Emalahleni,881.0,church,2.488,42.906,0.693,40.161,False
54650651,MP312,MP312 - Emalahleni,939.0,school,1.536,39.191,-1.563,37.904,False
54650662,MP312,MP312 - Emalahleni,1990.0,school,2.351,37.085,-2.44,37.028,False
54650673,MP312,MP312 - Emalahleni,976.0,school,2.467,36.578,-2.205,37.263,False
54650684,MP312,MP312 - Emalahleni,1001.0,school,2.697,33.467,-2.934,36.533,False
54650695,MP312,MP312 - Emalahleni,607.0,other,1.859,60.791,12.197,51.664,False
54650718,MP312,MP312 - Emalahleni,1004.0,school,2.496,36.753,-1.819,37.648,False
54650729,MP312,MP312 - Emalahleni,385.0,church,1.291,57.922,7.244,46.712,False
54650730,MP312,MP312 - Emalahleni,593.0,tent,2.115,46.712,4.741,44.209,False
54650741,MP312,MP312 - Emalahleni,610.0,other,1.838,62.295,12.76,52.227,False
54650752,MP312,MP312 - Emalahleni,898.0,tent,1.413,67.595,14.222,53.69,False
54650763,MP312,MP312 - Emalahleni,2467.0,school,,37.9,-3.19,36.277,True
54650774,MP312,MP312 - Emalahleni,1392.0,tent,,49.497,3.763,43.231,False
54650785,MP312,MP312 - Emalahleni,767.0,school,,52.542,4.263,43.731,False
54650796,MP312,MP312 - Emalahleni,960.0,other,,47.604,2.266,41.733,False
54650808,MP312,MP312 - Emalahleni,562.0,church,,54.27,5.267,44.735,False
54650819,MP312,MP312 - Emalahleni,434.0,other,,59.217,10.075,49.542,False
54650820,MP312,MP312 - Emalahleni,627.0,church,,49.442,3.007,42.475,False
54650831,MP312,MP312 - Emalahleni,514.0,school,,36.965,-2.048,37.419,False
54650842,MP312,MP312 - Emalahleni,300.0,other,,57.0,7.136,46.603,False
54650853,MP312,MP312 - Emalahleni,963.0,hall,,47.456,1.079,40.546,False
54650864,MP312,MP312 - Emalahleni,300.0,church,,78.667,11.191,50.658,False
54650875,MP312,MP312 - Emalahleni,11.0,tent,,63.636,6.69,46.157,False
54650886,MP312,MP312 - Emalahleni,29.0,other,,86.207,12.128,51.596,False
54650897,MP312,MP312 - Emalahleni,218.0,church,,69.725,9.208,48.676,False
54660012,MP321,MP321 - Thaba Chweu,861.0,traditional,0.553,53.891,5.298,44.766,False
54660023,MP314,MP314 - Emakhazeni,214.0,school,-0.056,49.533,4.636,44.104,False
54660034,MP314,MP314 - Emakhazeni,103.0,tent,-0.349,45.631,1.686,41.154,False
54660045,MP314,MP314 - Emakhazeni,102.0,tent,-0.296,48.039,2.329,41.796,False
54660067,MP314,MP314 - Emakhazeni,1017.0,school,0.051,47.689,3.178,42.645,False
54660078,MP314,MP314 - Emakhazeni,191.0,tent,0.663,37.173,-1.453,38.014,False
54660090,MP314,MP314 - Emakhazeni,158.0,tent,0.785,39.241,-1.835,37.632,False
54660102,MP314,MP314 - Emakhazeni,455.0,hall,0.935,47.912,4.266,43.733,False
54660113,MP314,MP314 - Emakhazeni,409.0,tent,0.574,59.902,9.248,48.716,False
54660124,MP314,MP314 - Emakhazeni,121.0,tent,1.691,32.231,-5.041,34.427,True
54660135,MP314,MP314 - Emakhazeni,99.0,school,-0.234,40.404,-1.497,37.971,False
54660146,MP314,MP314 - Emakhazeni,119.0,tent,-0.031,63.025,10.291,49.758,False
54660157,MP314,MP314 - Emakhazeni,296.0,school,0.268,15.878,-16.004,23.463,True
54660168,MP314,MP314 - Emakhazeni,234.0,tent,1.386,55.556,8.529,47.996,False
54660179,MP314,MP314 - Emakhazeni,340.0,farm,1.362,58.824,9.33,48.797,False
54660180,MP314,MP314 - Emakhazeni,137.0,tent,1.838,52.555,6.396,45.864,False
54660191,MP314,MP314 - Emakhazeni,297.0,tent,,61.953,10.108,49.575,False
54660203,MP314,MP314 - Emakhazeni,404.0,school,,57.426,8.794,48.262,False
54660214,MP314,MP314 - Emakhazeni,94.0,tent,,65.957,10.258,49.725,False
54680025,MP313,MP313 - Steve Tshwete,1606.0,school,0.463,31.133,-8.033,31.434,True
54680036,MP314,MP314 - Emakhazeni,479.0,hall,1.154,32.568,-5.07,34.397,True
54680058,MP313,MP313 - Steve Tshwete,912.0,school,-0.346,29.825,-8.424,31.043,True
54680069,MP313,MP313 - Steve Tshwete,636.0,other,0.331,17.138,-16.557,22.91,True
54680070,MP313,MP313 - Steve Tshwete,2568.0,hall,0.708,31.893,-7.143,32.324,True
54680081,MP313,MP313 - Steve Tshwete,1925.0,school,0.745,32.208,-6.885,32.582,True
54680092,MP313,MP313 - Steve Tshwete,590.0,school,1.079,42.712,0.743,40.21,False
54680104,MP313,MP313 - Steve Tshwete,280.0,other,0.924,50.0,6.093,45.56,False
54680115,MP313,MP313 - Steve Tshwete,275.0,other,0.209,38.545,-2.287,37.18,False
54680126,MP313,MP313 - Steve Tshwete,367.0,school,0.337,31.88,-6.291,33.176,True
54680148,MP313,MP313 - Steve Tshwete,2045.0,school,0.613,38.875,-2.255,37.212,False
54680159,MP313,MP313 - Steve Tshwete,649.0,school,0.508,36.364,-2.702,36.765,False
54680160,MP314,MP314 - Emakhazeni,160.0,school,0.626,40.625,-1.099,38.369,False
54680171,MP314,MP314 - Emakhazeni,441.0,school,0.246,47.166,3.227,42.695,False
54680238,MP313,MP313 - Steve Tshwete,1898.0,school,0.36,65.068,13.188,52.655,False
54680249,MP314,MP314 - Emakhazeni,180.0,hall,0.66,42.778,2.037,41.505,False
54680261,MP313,MP313 - Steve Tshwete,2323.0,school,-1.0,25.226,-10.693,28.775,True
54680272,MP313,MP313 - Steve Tshwete,2197.0,church,0.587,38.097,-3.627,35.84,True
54680283,MP313,MP313 - Steve Tshwete,230.0,tent,1.142,54.783,7.592,47.059,False
54680294,MP313,MP313 - Steve Tshwete,461.0,other,2.088,16.269,-17.254,22.213,True
54680306,MP313,MP313 - Steve Tshwete,580.0,hall,0.552,39.655,-2.046,37.421,False
54680317,MP313,MP313 - Steve Tshwete,542.0,school,1.372,21.402,-12.89,26.577,True
54680328,MP313,MP313 - Steve Tshwete,869.0,hall,1.644,45.224,0.24,39.707,False
54680339,MP313,MP313 - Steve Tshwete,176.0,hall,3.0,11.364,-18.831,20.637,True
54680340,MP314,MP314 - Emakhazeni,204.0,tent,,51.961,5.467,44.934,False
54680395,MP313,MP313 - Steve Tshwete,621.0,school,,70.853,11.273,50.74,False
54680407,MP313,MP313 - Steve Tshwete,396.0,tent,,33.838,-5.985,33.482,True
54680418,MP313,MP313 - Steve Tshwete,108.0,farm,,54.63,7.619,47.087,False
54680429,MP313,MP313 - Steve Tshwete,969.0,hall,,60.372,7.164,46.631,False
54680430,MP313,MP313 - Steve Tshwete,1484.0,hall,,62.264,6.188,45.655,False
54680441,MP313,MP313 - Steve Tshwete,1766.0,other,,46.489,0.951,40.418,False
54680452,MP313,MP313 - Steve Tshwete,1510.0,school,,42.98,0.132,39.599,False
54680463,MP313,MP313 - Steve Tshwete,269.0,school,,42.007,-0.653,38.814,False
54680474,MP313,MP313 - Steve Tshwete,354.0,other,,72.599,15.325,54.792,False
54680485,MP313,MP313 - Steve Tshwete,429.0,tent,,60.14,7.119,46.587,False
54690015,MP314,MP314 - Emakhazeni,117.0,school,0.72,48.718,5.221,44.689,False
54690026,MP314,MP314 - Emakhazeni,169.0,school,0.708,14.201,-16.153,23.314,True
54690037,MP314,MP314 - Emakhazeni,320.0,tent,0.987,27.812,-8.378,31.089,True
54690048,MP314,MP314 - Emakhazeni,245.0,hall,1.375,31.02,-7.287,32.18,True
54700017,MP312,MP312 - Emalahleni,474.0,other,1.432,36.709,-2.383,37.084,False
54700028,MP312,MP312 - Emalahleni,667.0,other,1.48,12.744,-16.301,23.167,True
54700039,MP312,MP312 - Emalahleni,255.0,tent,1.31,15.686,-16.747,22.72,True
54700051,MP312,MP312 - Emalahleni,2716.0,other,1.631,33.689,-5.059,34.408,True
54700062,MP315,MP315 - Thembisile Hani,158.0,tent,1.014,41.772,-1.097,38.37,False
54700073,MP312,MP312 - Emalahleni,632.0,school,0.777,37.658,-1.854,37.613,False
54700084,MP312,MP312 - Emalahleni,782.0,school,0.108,20.972,-12.654,26.813,True
54700095,MP312,MP312 - Emalahleni,1095.0,school,-0.086,29.041,-7.26,32.207,True
54700118,MP312,MP312 - Emalahleni,954.0,church,0.957,44.864,0.973,40.44,False
54700129,MP312,MP312 - Emalahleni,456.0,hall,2.516,39.693,-0.949,38.519,False
54700130,MP312,MP312 - Emalahleni,291.0,school,,40.206,-1.349,38.119,False
54709139,MP315,MP315 - Thembisile Hani,58.0,other,,43.103,-0.262,39.205,False
54720019,MP326,MP326 - City of Mbombela,2639.0,hall,0.724,42.289,2.068,41.535,False
54720020,MP326,MP326 - City of Mbombela,2283.0,school,1.221,39.028,-0.748,38.719,False
54720031,MP326,MP326 - City of Mbombela,1574.0,church,1.091,47.649,3.913,43.381,False
54720042,MP326,MP326 - City of Mbombela,1635.0,school,0.902,41.529,0.52,39.988,False
54720053,MP326,MP326 - City of Mbombela,1068.0,school,0.69,36.33,-2.096,37.371,False
54720064,MP326,MP326 - City of Mbombela,1913.0,church,1.234,45.896,2.958,42.425,False
54720075,MP326,MP326 - City of Mbombela,978.0,school,1.896,28.732,-5.311,34.156,True
54720086,MP326,MP326 - City of Mbombela,2323.0,school,1.225,40.077,-0.575,38.892,False
54720097,MP326,MP326 - City of Mbombela,2732.0,tent,0.684,46.34,2.13,41.597,False
54720109,MP326,MP326 - City of Mbombela,1363.0,school,1.219,56.493,9.961,49.428,False
54720110,MP326,MP326 - City of Mbombela,764.0,school,1.618,48.298,4.184,43.651,False
54720121,MP326,MP326 - City of Mbombela,1658.0,hall,2.288,44.21,1.647,41.115,False
54720132,MP326,MP326 - City of Mbombela,534.0,hall,,38.39,-1.268,38.199,False
54730010,MP321,MP321 - Thaba Chweu,2188.0,hall,1.111,40.951,-1.458,38.009,False
54740011,MP326,MP326 - City of Mbombela,2155.0,school,1.312,43.805,1.726,41.193,False
54740022,MP326,MP326 - City of Mbombela,1460.0,school,1.762,36.096,-1.651,37.816,False
54740033,MP326,MP326 - City of Mbombela,1969.0,school,1.052,28.39,-5.87,33.597,True
54740044,MP326,MP326 - City of Mbombela,1669.0,school,1.337,28.82,-5.482,33.985,True
54740055,MP326,MP326 - City of Mbombela,1572.0,school,0.288,38.168,-1.961,37.507,False
54740066,MP326,MP326 - City of Mbombela,1509.0,school,0.563,41.021,-0.482,38.985,False
54740077,MP326,MP326 - City of Mbombela,3150.0,school,1.414,30.0,-5.508,33.96,True
54740088,MP326,MP326 - City of Mbombela,1544.0,school,1.255,41.516,0.542,40.009,False
54740099,MP326,MP326 - City of Mbombela,1819.0,school,1.497,39.527,-0.842,38.625,False
54740101,MP326,MP326 - City of Mbombela,784.0,other,0.316,21.301,-11.754,27.714,True
54740112,MP326,MP326 - City of Mbombela,326.0,other,0.261,36.503,-2.853,36.614,False
54740123,MP326,MP326 - City of Mbombela,1102.0,church,0.766,35.118,-2.789,36.679,False
54740134,MP326,MP326 - City of Mbombela,895.0,hall,0.055,47.151,2.963,42.43,False
54740145,MP326,MP326 - City of Mbombela,928.0,church,0.979,45.259,2.478,41.945,False
54740156,MP326,MP326 - City of Mbombela,851.0,church,0.673,37.368,-1.224,38.243,False
54740167,MP326,MP326 - City of Mbombela,430.0,church,0.708,38.837,-0.678,38.789,False
54740178,MP326,MP326 - City of Mbombela,794.0,church,1.092,38.161,-0.978,38.49,False
54740189,MP326,MP326 - City of Mbombela,975.0,school,2.524,38.872,0.114,39.581,False
54740190,MP326,MP326 - City of Mbombela,626.0,school,2.402,41.054,0.457,39.924,False
54740202,MP326,MP326 - City of Mbombela,302.0,church,,41.722,1.282,40.749,False
54740213,MP326,MP326 - City of Mbombela,637.0,school,,46.468,3.116,42.583,False
54740224,MP326,MP326 - City of Mbombela,344.0,other,,44.186,1.638,41.105,False
54740235,MP326,MP326 - City of Mbombela,623.0,school,,39.165,-0.894,38.573,False
54740246,MP326,MP326 - City of Mbombela,486.0,other,,46.091,2.88,42.348,False
54740257,MP326,MP326 - City of Mbombela,453.0,school,,44.371,1.673,41.14,False
54740268,MP326,MP326 - City of Mbombela,512.0,hall,,62.305,8.208,47.676,False
54740279,MP326,MP326 - City of Mbombela,182.0,other,,53.846,5.596,45.064,False
54740280,MP326,MP326 - City of Mbombela,337.0,school,,53.116,5.649,45.116,False
54750012,MP324,MP324 - Nkomazi,2636.0,school,1.1,38.316,-1.927,37.54,False
54750023,MP324,MP324 - Nkomazi,1727.0,school,1.633,41.749,0.997,40.465,False
54750034,MP324,MP324 - Nkomazi,1358.0,hall,0.735,44.33,3.183,42.651,False
54750045,MP324,MP324 - Nkomazi,1279.0,school,0.624,46.208,2.437,41.904,False
54750056,MP324,MP324 - Nkomazi,1444.0,church,1.105,47.022,3.93,43.398,False
54750067,MP324,MP324 - Nkomazi,411.0,school,0.958,48.662,4.122,43.589,False
54750078,MP324,MP324 - Nkomazi,706.0,other,1.714,45.609,2.211,41.678,False
54750089,MP324,MP324 - Nkomazi,409.0,hall,,44.254,1.624,41.092,False
54760013,MP321,MP321 - Thaba Chweu,2479.0,school,0.913,37.313,-3.299,36.168,True
54760024,MP321,MP321 - Thaba Chweu,1824.0,hall,0.43,32.566,-6.503,32.965,True
54760035,MP321,MP321 - Thaba Chweu,1173.0,school,0.788,33.504,-4.243,35.224,True
54760046,MP321,MP321 - Thaba Chweu,2358.0,hall,0.222,40.034,-1.693,37.774,False
54760057,MP321,MP321 - Thaba Chweu,1788.0,school,-0.045,40.772,-3.096,36.372,True
54760068,MP321,MP321 - Thaba Chweu,816.0,hall,-0.001,44.73,0.29,39.757,False
54760079,MP321,MP321 - Thaba Chweu,2170.0,other,0.857,50.092,6.202,45.669,False
54760080,MP321,MP321 - Thaba Chweu,1804.0,school,0.916,40.022,-1.595,37.872,False
54760091,MP321,MP321 - Thaba Chweu,1491.0,hall,0.578,45.003,0.213,39.68,False
54760103,MP321,MP321 - Thaba Chweu,1596.0,school,0.949,35.652,-3.728,35.739,True
54760114,MP321,MP321 - Thaba Chweu,1842.0,church,0.644,47.611,2.207,41.674,False
54760125,MP321,MP321 - Thaba Chweu,1782.0,hall,1.717,55.275,8.55,48.017,False
54770014,MP324,MP324 - Nkomazi,1422.0,school,1.209,35.935,-1.855,37.613,False
54770036,MP324,MP324 - Nkomazi,806.0,hall,-0.238,48.263,3.508,42.975,False
54770047,MP324,MP324 - Nkomazi,277.0,other,1.051,35.379,-2.17,37.298,False
54770058,MP324,MP324 - Nkomazi,249.0,hall,1.376,60.241,8.995,48.462,False
54770069,MP324,MP324 - Nkomazi,507.0,hall,,67.653,15.3,54.768,False
54780015,MP324,MP324 - Nkomazi,1199.0,hall,1.193,57.798,11.111,50.579,False
54790016,MP326,MP326 - City of Mbombela,2024.0,hall,0.955,32.806,-5.615,33.852,True
54790027,MP326,MP326 - City of Mbombela,1493.0,school,0.905,53.851,9.796,49.263,False
54790038,MP326,MP326 - City of Mbombela,1819.0,school,2.027,32.985,-3.6,35.867,True
54790049,MP326,MP326 - City of Mbombela,2377.0,school,1.271,36.937,-2.638,36.83,False
54790050,MP326,MP326 - City of Mbombela,1330.0,school,1.032,37.744,-1.435,38.032,False
54790061,MP326,MP326 - City of Mbombela,1404.0,hall,1.522,36.396,-2.047,37.42,False
54790072,MP326,MP326 - City of Mbombela,1813.0,other,0.794,46.442,3.092,42.56,False
54790083,MP326,MP326 - City of Mbombela,1955.0,school,1.528,47.877,5.615,45.082,False
54790094,MP326,MP326 - City of Mbombela,4491.0,school,0.938,51.28,5.36,44.827,False
54790106,MP326,MP326 - City of Mbombela,1796.0,school,1.214,38.864,-1.041,38.426,False
54790117,MP326,MP326 - City of Mbombela,2362.0,school,1.254,34.505,-3.128,36.339,True
54790139,MP326,MP326 - City of Mbombela,3378.0,school,1.006,34.014,-3.924,35.543,True
54790140,MP326,MP326 - City of Mbombela,2333.0,school,1.497,33.048,-3.619,35.849,True
54790151,MP326,MP326 - City of Mbombela,2142.0,school,1.366,39.402,-0.759,38.708,False
54790162,MP326,MP326 - City of Mbombela,2090.0,school,1.078,32.057,-4.22,35.248,True
54790173,MP326,MP326 - City of Mbombela,1527.0,school,1.252,31.5,-4.775,34.692,True
54790184,MP326,MP326 - City of Mbombela,1419.0,school,1.165,46.159,3.61,43.077,False
54790195,MP326,MP326 - City of Mbombela,844.0,school,1.23,54.976,7.142,46.609,False
54790207,MP326,MP326 - City of Mbombela,1817.0,school,0.735,38.855,-1.501,37.966,False
54790218,MP326,MP326 - City of Mbombela,3038.0,school,0.748,37.163,-2.888,36.579,False
54790229,MP326,MP326 - City of Mbombela,1120.0,other,1.502,39.732,-0.625,38.842,False
54790230,MP326,MP326 - City of Mbombela,3248.0,school,0.794,47.814,2.678,42.145,False
54790241,MP326,MP326 - City of Mbombela,1212.0,school,1.378,40.264,-0.098,39.369,False
54790252,MP326,MP326 - City of Mbombela,1906.0,hall,1.214,37.618,-2.091,37.376,False
54790274,MP326,MP326 - City of Mbombela,2643.0,school,1.441,42.906,1.359,40.826,False
54790285,MP326,MP326 - City of Mbombela,2068.0,school,1.152,36.074,-2.301,37.167,False
54790296,MP326,MP326 - City of Mbombela,1573.0,school,1.223,35.537,-2.455,37.012,False
54790308,MP326,MP326 - City of Mbombela,1373.0,church,0.589,35.615,-2.708,36.759,False
54790319,MP326,MP326 - City of Mbombela,2661.0,traditional,1.121,34.085,-3.614,35.853,True
54790320,MP326,MP326 - City of Mbombela,2119.0,school,1.08,39.83,-0.836,38.631,False
54790331,MP326,MP326 - City of Mbombela,2186.0,school,1.037,37.054,-2.284,37.184,False
54790342,MP326,MP326 - City of Mbombela,1528.0,school,0.773,34.424,-2.845,36.622,False
54790353,MP326,MP326 - City of Mbombela,1711.0,church,1.185,37.58,-2.171,37.296,False
54790364,MP326,MP326 - City of Mbombela,1150.0,church,0.648,50.0,4.449,43.916,False
54790375,MP326,MP326 - City of Mbombela,1634.0,hall,1.086,46.634,2.67,42.138,False
54790386,MP326,MP326 - City of Mbombela,1919.0,church,1.023,42.47,0.769,40.237,False
54790397,MP326,MP326 - City of Mbombela,1613.0,school,1.286,28.704,-5.917,33.55,True
54790409,MP326,MP326 - City of Mbombela,937.0,school,1.332,33.084,-2.852,36.616,False
54790410,MP326,MP326 - City of Mbombela,2115.0,school,1.217,35.65,-2.86,36.607,False
54790421,MP326,MP326 - City of Mbombela,3146.0,other,1.201,61.348,13.248,52.715,False
54790432,MP326,MP326 - City of Mbombela,3542.0,school,0.851,59.317,13.166,52.633,False
54790443,MP326,MP326 - City of Mbombela,2542.0,school,1.68,39.103,-1.005,38.462,False
54790454,MP326,MP326 - City of Mbombela,1198.0,school,0.39,43.99,1.907,41.374,False
54790465,MP326,MP326 - City of Mbombela,2258.0,school,3.0,31.532,-4.702,34.766,True
54790487,MP326,MP326 - City of Mbombela,944.0,hall,1.229,49.576,4.137,43.605,False
54790498,MP326,MP326 - City of Mbombela,2092.0,school,1.349,45.172,2.086,41.553,False
54790500,MP326,MP326 - City of Mbombela,722.0,other,1.563,39.058,-0.135,39.332,False
54790511,MP326,MP326 - City of Mbombela,1147.0,school,1.137,43.766,2.057,41.525,False
54790522,MP326,MP326 - City of Mbombela,625.0,church,1.607,42.24,1.713,41.18,False
54790533,MP326,MP326 - City of Mbombela,993.0,school,0.669,43.102,1.27,40.737,False
54790544,MP326,MP326 - City of Mbombela,2012.0,school,1.052,38.221,-0.728,38.739,False
54790555,MP326,MP326 - City of Mbombela,1635.0,school,1.154,33.945,-2.743,36.725,False
54790566,MP326,MP326 - City of Mbombela,1179.0,hall,1.014,36.387,-1.828,37.639,False
54790577,MP326,MP326 - City of Mbombela,1427.0,school,1.034,38.683,-0.022,39.445,False
54790588,MP326,MP326 - City of Mbombela,1227.0,school,1.054,44.091,1.954,41.422,False
54790599,MP326,MP326 - City of Mbombela,1905.0,hall,1.177,33.491,-3.84,35.627,True
54790601,MP326,MP326 - City of Mbombela,693.0,school,1.093,39.25,-0.318,39.149,False
54790612,MP326,MP326 - City of Mbombela,814.0,school,0.828,46.437,3.03,42.498,False
54790623,MP326,MP326 - City of Mbombela,1335.0,church,0.515,45.918,2.367,41.835,False
54790634,MP326,MP326 - City of Mbombela,2148.0,school,1.727,35.009,-2.896,36.571,False
54790645,MP326,MP326 - City of Mbombela,1378.0,school,1.448,45.428,2.371,41.838,False
54790656,MP326,MP326 - City of Mbombela,1598.0,school,1.309,51.001,5.28,44.747,False
54790667,MP326,MP326 - City of Mbombela,1205.0,hall,2.215,42.822,2.002,41.469,False
54790678,MP326,MP326 - City of Mbombela,662.0,school,2.508,43.656,2.506,41.974,False
54790690,MP326,MP326 - City of Mbombela,854.0,school,2.352,46.136,3.795,43.262,False
54790702,MP326,MP326 - City of Mbombela,1387.0,church,1.862,64.311,14.308,53.776,False
54790713,MP326,MP326 - City of Mbombela,515.0,church,2.503,45.049,2.671,42.138,False
54790724,MP326,MP326 - City of Mbombela,384.0,church,1.019,58.854,8.359,47.826,False
54790735,MP326,MP326 - City of Mbombela,726.0,school,2.797,35.262,-2.291,37.176,False
54790746,MP326,MP326 - City of Mbombela,1157.0,school,2.656,41.573,1.206,40.674,False
54790757,MP326,MP326 - City of Mbombela,698.0,school,2.512,44.556,2.853,42.32,False
54790768,MP326,MP326 - City of Mbombela,531.0,church,2.337,43.315,2.069,41.536,False
54790791,MP326,MP326 - City of Mbombela,655.0,church,2.01,46.565,3.374,42.842,False
54790803,MP326,MP326 - City of Mbombela,653.0,school,1.598,55.743,10.647,50.115,False
54790814,MP326,MP326 - City of Mbombela,201.0,church,,54.229,5.968,45.435,False
54790825,MP326,MP326 - City of Mbombela,984.0,church,,50.407,4.696,44.163,False
54790836,MP326,MP326 - City of Mbombela,824.0,school,,45.024,2.078,41.545,False
54790847,MP326,MP326 - City of Mbombela,742.0,church,,42.992,1.596,41.063,False
54790858,MP326,MP326 - City of Mbombela,978.0,school,,49.796,4.571,44.039,False
54790869,MP326,MP326 - City of Mbombela,659.0,school,,48.71,4.293,43.761,False
54790870,MP326,MP326 - City of Mbombela,703.0,school,,75.249,12.993,52.46,False
54790881,MP326,MP326 - City of Mbombela,498.0,school,,57.028,7.227,46.694,False
54790892,MP326,MP326 - City of Mbombela,942.0,school,,76.327,16.748,56.216,False
54790904,MP326,MP326 - City of Mbombela,916.0,school,,52.074,7.026,46.493,False
54790915,MP326,MP326 - City of Mbombela,343.0,church,,55.394,7.733,47.201,False
54790926,MP326,MP326 - City of Mbombela,363.0,church,,85.399,14.757,54.224,False
54790937,MP326,MP326 - City of Mbombela,81.0,other,,85.185,14.129,53.596,False
54800018,MP321,MP321 - Thaba Chweu,2533.0,hall,0.057,40.505,-3.467,36.0,True
54800029,MP321,MP321 - Thaba Chweu,2788.0,school,0.817,43.508,-0.852,38.616,False
54800030,MP321,MP321 - Thaba Chweu,934.0,school,1.669,49.251,3.159,42.626,False
54800041,MP321,MP321 - Thaba Chweu,846.0,hall,0.76,64.539,9.653,49.12,False
54830011,MP326,MP326 - City of Mbombela,2482.0,hall,0.685,39.404,-0.792,38.676,False
54830022,MP326,MP326 - City of Mbombela,3870.0,school,0.844,56.796,12.017,51.484,False
54830033,MP326,MP326 - City of Mbombela,1825.0,hall,1.387,30.904,-5.662,33.805,True
54830044,MP326,MP326 - City of Mbombela,2451.0,school,1.502,40.718,-0.802,38.665,False
54830055,MP326,MP326 - City of Mbombela,2008.0,church,1.12,35.608,-2.506,36.961,False
54830066,MP326,MP326 - City of Mbombela,1734.0,hall,0.945,29.354,-6.233,33.234,True
54830077,MP326,MP326 - City of Mbombela,1261.0,church,1.247,29.738,-5.728,33.74,True
54830088,MP326,MP326 - City of Mbombela,2533.0,school,1.432,38.689,-1.445,38.023,False
54830099,MP326,MP326 - City of Mbombela,859.0,church,0.659,60.652,11.637,51.104,False
54830101,MP326,MP326 - City of Mbombela,859.0,school,2.532,41.56,1.109,40.576,False
54830112,MP326,MP326 - City of Mbombela,571.0,other,2.109,40.28,2.248,41.715,False
54830134,MP326,MP326 - City of Mbombela,571.0,school,,44.133,1.757,41.224,False
54830145,MP326,MP326 - City of Mbombela,789.0,church,,54.373,5.965,45.433,False
54830156,MP326,MP326 - City of Mbombela,465.0,school,,52.043,5.272,44.739,False
54830167,MP326,MP326 - City of Mbombela,579.0,church,,44.387,1.769,41.236,False
54830178,MP326,MP326 - City of Mbombela,458.0,church,,61.135,9.182,48.649,False
54840012,MP326,MP326 - City of Mbombela,489.0,hall,0.409,30.061,-6.45,33.018,True
54840034,MP326,MP326 - City of Mbombela,286.0,hall,0.275,37.762,-2.463,37.004,False
54840045,MP326,MP326 - City of Mbombela,215.0,hall,1.28,21.395,-12.292,27.175,True
54840056,MP326,MP326 - City of Mbombela,156.0,other,0.337,11.538,-16.892,22.576,True
54840067,MP326,MP326 - City of Mbombela,557.0,church,0.808,31.957,-5.212,34.255,True
54840078,MP326,MP326 - City of Mbombela,754.0,school,1.317,15.782,-14.394,25.073,True
54840089,MP326,MP326 - City of Mbombela,422.0,hall,0.954,27.014,-7.835,31.633,True
54840102,MP326,MP326 - City of Mbombela,216.0,farm,1.209,8.796,-17.942,21.525,True
54840113,MP326,MP326 - City of Mbombela,951.0,church,1.209,43.638,1.295,40.762,False
54840135,MP326,MP326 - City of Mbombela,1077.0,hall,0.386,59.424,7.568,47.035,False
54840146,MP326,MP326 - City of Mbombela,1875.0,school,0.98,37.6,-1.691,37.776,False
54840157,MP326,MP326 - City of Mbombela,1976.0,traditional,1.716,39.271,-0.683,38.785,False
54840179,MP326,MP326 - City of Mbombela,206.0,school,1.163,28.641,-6.147,33.321,True
54840180,MP326,MP326 - City of Mbombela,176.0,hall,1.315,55.682,6.831,46.299,False
54840191,MP326,MP326 - City of Mbombela,177.0,church,,15.254,-16.061,23.407,True
54840203,MP326,MP326 - City of Mbombela,759.0,other,,48.09,3.728,43.195,False
54850013,MP325,MP325 - Bushbuckridge,457.0,other,0.89,8.534,-17.758,21.709,True
54850024,MP325,MP325 - Bushbuckridge,326.0,other,1.723,24.233,-10.218,29.249,True
54850035,MP325,MP325 - Bushbuckridge,130.0,other,,50.0,3.441,42.909,False
54850046,MP325,MP325 - Bushbuckridge,91.0,other,,43.956,0.027,39.494,False
54850057,MP325,MP325 - Bushbuckridge,186.0,other,,64.516,9.033,48.5,False
54860014,MP321,MP321 - Thaba Chweu,1033.0,church,0.436,61.471,9.384,48.851,False
54860036,MP321,MP321 - Thaba Chweu,1135.0,school,0.727,33.304,-4.397,35.071,True
54860070,MP321,MP321 - Thaba Chweu,1206.0,school,0.249,55.887,6.508,45.975,False
54860137,MP321,MP321 - Thaba Chweu,500.0,church,0.892,51.8,5.291,44.759,False
54860159,MP321,MP321 - Thaba Chweu,202.0,other,1.374,19.307,-16.078,23.39,True
54860193,MP321,MP321 - Thaba Chweu,278.0,hall,0.671,39.928,-0.933,38.535,False
54860205,MP321,MP321 - Thaba Chweu,187.0,other,0.661,58.289,6.775,46.243,False
54860216,MP321,MP321 - Thaba Chweu,158.0,farm,0.959,39.241,-1.173,38.294,False
54860317,MP321,MP321 - Thaba Chweu,210.0,school,,56.19,6.73,46.198,False
54870015,MP326,MP326 - City of Mbombela,243.0,hall,0.607,15.638,-15.489,23.979,True
54870026,MP326,MP326 - City of Mbombela,471.0,hall,1.084,29.512,-6.432,33.035,True
54870037,MP326,MP326 - City of Mbombela,893.0,school,0.767,16.461,-14.899,24.568,True
54870048,MP326,MP326 - City of Mbombela,1010.0,hall,0.87,37.129,-2.363,37.104,False
54870059,MP326,MP326 - City of Mbombela,324.0,farm,1.251,31.173,-6.543,32.924,True
54870060,MP326,MP326 - City of Mbombela,1211.0,church,1.192,38.976,-0.362,39.105,False
54870082,MP321,MP321 - Thaba Chweu,781.0,school,1.264,34.443,-3.815,35.652,True
54870093,MP326,MP326 - City of Mbombela,497.0,other,0.587,42.455,1.557,41.024,False
54870116,MP326,MP326 - City of Mbombela,1291.0,hall,0.891,53.757,8.454,47.921,False
54870138,MP326,MP326 - City of Mbombela,541.0,hall,-0.05,29.945,-6.239,33.228,True
54870149,MP326,MP326 - City of Mbombela,1198.0,farm,0.268,51.92,7.192,46.659,False
54870172,MP326,MP326 - City of Mbombela,560.0,church,0.655,27.5,-8.685,30.782,True
54870183,MP326,MP326 - City of Mbombela,2107.0,other,0.806,35.738,-3.105,36.363,True
54870194,MP326,MP326 - City of Mbombela,1015.0,other,0.665,30.739,-5.525,33.942,True
54870228,MP326,MP326 - City of Mbombela,400.0,other,0.422,20.75,-13.168,26.299,True
54870239,MP326,MP326 - City of Mbombela,241.0,tent,0.934,43.568,2.174,41.642,False
54870240,MP326,MP326 - City of Mbombela,358.0,other,1.309,52.793,6.511,45.978,False
54870251,MP326,MP326 - City of Mbombela,339.0,hall,2.265,40.708,0.598,40.065,False
54870262,MP326,MP326 - City of Mbombela,2532.0,school,1.789,40.047,-1.078,38.39,False
54870273,MP326,MP326 - City of Mbombela,1188.0,school,1.379,58.333,8.315,47.782,False
54870284,MP326,MP326 - City of Mbombela,737.0,school,,46.269,2.896,42.363,False
54870295,MP326,MP326 - City of Mbombela,739.0,school,,42.084,0.528,39.995,False
54870307,MP326,MP326 - City of Mbombela,648.0,other,,45.525,1.417,40.884,False
54870318,MP326,MP326 - City of Mbombela,106.0,school,,50.0,3.731,43.198,False
54880016,MP324,MP324 - Nkomazi,1126.0,church,0.248,35.258,-2.425,37.042,False
54880027,MP324,MP324 - Nkomazi,212.0,other,1.174,22.17,-10.428,29.039,True
54880038,MP324,MP324 - Nkomazi,1320.0,school,0.113,61.591,8.086,47.554,False
54880049,MP324,MP324 - Nkomazi,1187.0,school,0.488,54.17,6.26,45.727,False
54880050,MP324,MP324 - Nkomazi,2096.0,school,1.966,41.269,-0.753,38.714,False
54880061,MP324,MP324 - Nkomazi,1044.0,school,0.835,35.728,-2.507,36.96,False
54880083,MP324,MP324 - Nkomazi,1869.0,school,1.393,34.778,-3.259,36.209,True
54880094,MP324,MP324 - Nkomazi,2388.0,school,1.356,45.561,1.209,40.677,False
54880106,MP324,MP324 - Nkomazi,1340.0,school,0.888,41.716,1.025,40.492,False
54880117,MP324,MP324 - Nkomazi,1634.0,school,0.37,46.512,1.877,41.344,False
54880139,MP324,MP324 - Nkomazi,2237.0,school,0.735,47.251,2.583,42.05,False
54880162,MP324,MP324 - Nkomazi,1786.0,school,0.765,47.144,2.614,42.082,False
54880173,MP324,MP324 - Nkomazi,613.0,school,1.003,49.429,4.348,43.815,False
54880184,MP324,MP324 - Nkomazi,804.0,school,0.086,47.139,3.151,42.618,False
54880195,MP324,MP324 - Nkomazi,1551.0,school,0.083,49.839,3.551,43.019,False
54880207,MP324,MP324 - Nkomazi,1163.0,school,0.877,53.654,6.567,46.034,False
54880229,MP324,MP324 - Nkomazi,1756.0,school,0.64,52.733,4.67,44.137,False
54880230,MP324,MP324 - Nkomazi,1555.0,school,0.117,46.302,2.394,41.862,False
54880241,MP324,MP324 - Nkomazi,1442.0,school,0.388,44.799,1.289,40.756,False
54880252,MP324,MP324 - Nkomazi,820.0,school,0.447,54.146,6.468,45.935,False
54880263,MP324,MP324 - Nkomazi,565.0,school,0.838,42.478,1.099,40.566,False
54880274,MP324,MP324 - Nkomazi,843.0,school,0.39,54.567,7.181,46.648,False
54880285,MP324,MP324 - Nkomazi,2355.0,school,1.147,47.856,3.046,42.513,False
54880296,MP324,MP324 - Nkomazi,685.0,school,1.134,28.613,-6.345,33.122,True
54880308,MP324,MP324 - Nkomazi,1936.0,school,0.905,35.279,-3.24,36.227,True
54880319,MP324,MP324 - Nkomazi,1220.0,traditional,0.461,40.41,0.057,39.524,False
54880342,MP324,MP324 - Nkomazi,2693.0,school,1.141,45.785,0.937,40.404,False
54880364,MP324,MP324 - Nkomazi,800.0,school,0.38,51.25,5.416,44.883,False
54880375,MP324,MP324 - Nkomazi,1057.0,school,-0.031,55.44,6.795,46.262,False
54880386,MP324,MP324 - Nkomazi,928.0,school,0.398,52.478,5.193,44.661,False
54880397,MP324,MP324 - Nkomazi,1541.0,school,1.246,50.616,4.522,43.99,False
54880409,MP324,MP324 - Nkomazi,900.0,school,0.03,64.778,10.134,49.601,False
54880410,MP324,MP324 - Nkomazi,1891.0,school,1.653,33.686,-2.75,36.717,False
54880421,MP324,MP324 - Nkomazi,2137.0,school,1.606,38.138,-0.883,38.585,False
54880432,MP324,MP324 - Nkomazi,772.0,school,0.917,53.238,6.437,45.905,False
54880443,MP324,MP324 - Nkomazi,756.0,school,0.683,45.106,1.991,41.458,False
54880454,MP324,MP324 - Nkomazi,963.0,church,0.025,54.933,6.858,46.325,False
54880465,MP324,MP324 - Nkomazi,946.0,school,0.771,47.992,4.093,43.561,False
54880476,MP324,MP324 - Nkomazi,580.0,school,0.487,35.69,-2.381,37.086,False
54880487,MP324,MP324 - Nkomazi,1390.0,school,0.304,44.604,1.391,40.859,False
54880498,MP324,MP324 - Nkomazi,923.0,school,1.229,40.845,0.252,39.719,False
54880500,MP324,MP324 - Nkomazi,669.0,other,1.35,44.544,2.225,41.693,False
54880511,MP324,MP324 - Nkomazi,788.0,school,0.951,42.766,1.982,41.449,False
54880522,MP324,MP324 - Nkomazi,524.0,church,1.572,48.092,4.324,43.791,False
54880533,MP324,MP324 - Nkomazi,785.0,church,2.112,47.643,4.604,44.071,False
54880544,MP324,MP324 - Nkomazi,999.0,school,2.743,39.139,-0.007,39.461,False
54880555,MP324,MP324 - Nkomazi,666.0,church,2.544,42.342,2.234,41.701,False
54880566,MP324,MP324 - Nkomazi,588.0,school,2.339,47.109,4.532,43.999,False
54880577,MP324,MP324 - Nkomazi,800.0,school,1.423,59.625,8.908,48.375,False
54880588,MP324,MP324 - Nkomazi,551.0,other,0.776,48.457,4.294,43.761,False
54880599,MP324,MP324 - Nkomazi,655.0,school,2.514,49.008,5.158,44.625,False
54880601,MP324,MP324 - Nkomazi,621.0,church,1.415,53.462,6.92,46.387,False
54880612,MP324,MP324 - Nkomazi,644.0,school,1.217,54.503,6.975,46.443,False
54880623,MP324,MP324 - Nkomazi,427.0,church,1.88,51.991,6.052,45.519,False
54880634,MP324,MP324 - Nkomazi,570.0,school,1.925,38.246,-0.762,38.706,False
54880645,MP324,MP324 - Nkomazi,552.0,other,2.534,38.043,-0.086,39.381,False
54880656,MP324,MP324 - Nkomazi,756.0,school,,39.153,-0.141,39.326,False
54880667,MP324,MP324 - Nkomazi,556.0,school,,45.324,2.199,41.667,False
54880678,MP324,MP324 - Nkomazi,475.0,school,,54.526,6.98,46.448,False
54880689,MP324,MP324 - Nkomazi,437.0,school,,33.867,-3.376,36.092,True
54880690,MP324,MP324 - Nkomazi,466.0,other,,56.223,7.428,46.895,False
54880702,MP324,MP324 - Nkomazi,96.0,hall,,82.292,14.323,53.79,False
54890017,MP324,MP324 - Nkomazi,1225.0,school,0.747,42.122,1.364,40.831,False
54890039,MP324,MP324 - Nkomazi,91.0,tent,0.354,28.571,-6.903,32.564,True
54890040,MP324,MP324 - Nkomazi,492.0,school,0.577,44.512,0.772,40.24,False
54890051,MP324,MP324 - Nkomazi,779.0,school,0.659,45.058,2.1,41.567,False
54890073,MP324,MP324 - Nkomazi,314.0,tent,0.692,30.255,-7.65,31.818,True
54890084,MP324,MP324 - Nkomazi,756.0,school,1.709,44.841,1.914,41.381,False
54890095,MP326,MP326 - City of Mbombela,1072.0,church,1.246,45.336,1.317,40.784,False
54890118,MP324,MP324 - Nkomazi,855.0,hall,1.009,42.456,0.89,40.357,False
54890130,MP324,MP324 - Nkomazi,760.0,school,0.792,43.816,2.135,41.602,False
54890141,MP324,MP324 - Nkomazi,1100.0,school,0.533,46.273,2.972,42.44,False
54890152,MP324,MP324 - Nkomazi,1103.0,school,0.737,41.432,-0.482,38.986,False
54890163,MP324,MP324 - Nkomazi,1611.0,hall,0.11,40.223,-2.001,37.466,False
54890174,MP324,MP324 - Nkomazi,1205.0,school,0.288,51.203,5.273,44.74,False
54890185,MP324,MP324 - Nkomazi,658.0,school,0.537,46.809,3.233,42.7,False
54890196,MP324,MP324 - Nkomazi,1205.0,school,0.915,42.49,0.886,40.353,False
54890208,MP324,MP324 - Nkomazi,1830.0,school,0.89,47.158,2.627,42.095,False
54890219,MP324,MP324 - Nkomazi,1197.0,school,1.049,33.918,-2.685,36.783,False
54890220,MP324,MP324 - Nkomazi,1718.0,school,0.966,38.009,-2.308,37.16,False
54890231,MP324,MP324 - Nkomazi,742.0,other,0.463,35.31,-3.109,36.358,True
54890242,MP324,MP324 - Nkomazi,1248.0,school,0.335,51.202,4.953,44.42,False
54890253,MP324,MP324 - Nkomazi,1155.0,school,-0.125,47.013,2.862,42.329,False
54890264,MP324,MP324 - Nkomazi,1542.0,school,0.388,49.611,3.791,43.258,False
54890275,MP324,MP324 - Nkomazi,1354.0,school,0.24,54.874,6.606,46.073,False
54890286,MP324,MP324 - Nkomazi,478.0,school,0.577,38.075,-0.643,38.824,False
54890297,MP324,MP324 - Nkomazi,582.0,church,0.683,47.595,3.61,43.077,False
54890309,MP324,MP324 - Nkomazi,1199.0,school,0.86,42.535,1.356,40.824,False
54890310,MP324,MP324 - Nkomazi,1665.0,school,0.465,52.613,5.148,44.616,False
54890321,MP324,MP324 - Nkomazi,1114.0,traditional,0.265,60.144,7.923,47.391,False
54890332,MP324,MP324 - Nkomazi,1874.0,school,1.158,37.887,-1.923,37.544,False
54890343,MP324,MP324 - Nkomazi,289.0,school,0.43,38.754,-0.823,38.645,False
54890354,MP324,MP324 - Nkomazi,435.0,church,0.919,45.057,1.648,41.115,False
54890365,MP324,MP324 - Nkomazi,729.0,school,1.16,46.502,3.597,43.064,False
54890376,MP324,MP324 - Nkomazi,1338.0,school,1.401,50.448,5.117,44.585,False
54890387,MP324,MP324 - Nkomazi,1519.0,school,0.822,50.165,4.34,43.807,False
54890398,MP324,MP324 - Nkomazi,1424.0,hall,1.068,40.66,-0.418,39.05,False
54890400,MP324,MP324 - Nkomazi,1579.0,school,0.814,47.245,2.552,42.019,False
54890411,MP324,MP324 - Nkomazi,1661.0,school,0.711,48.525,3.765,43.233,False
54890422,MP324,MP324 - Nkomazi,822.0,school,0.92,50.365,5.154,44.621,False
54890433,MP324,MP324 - Nkomazi,1340.0,school,0.85,44.925,1.713,41.18,False
54890444,MP324,MP324 - Nkomazi,851.0,school,0.278,55.347,7.34,46.807,False
54890455,MP324,MP324 - Nkomazi,1739.0,school,0.442,50.489,3.65,43.118,False
54890466,MP324,MP324 - Nkomazi,868.0,school,0.466,50.115,4.665,44.132,False
54890477,MP324,MP324 - Nkomazi,1349.0,school,0.289,58.933,8.297,47.765,False
54890499,MP324,MP324 - Nkomazi,827.0,school,0.663,43.047,1.904,41.371,False
54890501,MP324,MP324 - Nkomazi,798.0,school,0.378,34.461,-2.794,36.673,False
54890512,MP324,MP324 - Nkomazi,1279.0,school,0.64,35.653,-2.723,36.744,False
54890523,MP324,MP324 - Nkomazi,988.0,church,0.57,36.538,-2.191,37.277,False
54890534,MP324,MP324 - Nkomazi,1623.0,school,1.133,38.078,-1.032,38.435,False
54890556,MP324,MP324 - Nkomazi,857.0,school,0.553,50.875,4.803,44.27,False
54890567,MP324,MP324 - Nkomazi,1433.0,traditional,1.104,39.707,-1.044,38.423,False
54890578,MP324,MP324 - Nkomazi,924.0,school,0.881,35.606,-2.674,36.793,False
54890589,MP324,MP324 - Nkomazi,877.0,other,0.56,41.619,0.371,39.838,False
54890590,MP324,MP324 - Nkomazi,1230.0,school,0.928,42.52,0.922,40.389,False
54890602,MP324,MP324 - Nkomazi,467.0,tent,0.512,26.981,-9.453,30.014,True
54890613,MP324,MP324 - Nkomazi,892.0,school,1.608,41.592,1.065,40.532,False
54890624,MP324,MP324 - Nkomazi,1439.0,school,1.02,37.387,-1.351,38.116,False
54890635,MP324,MP324 - Nkomazi,1496.0,school,2.58,42.58,1.741,41.208,False
54890646,MP324,MP324 - Nkomazi,1076.0,school,0.21,41.543,0.83,40.297,False
54890657,MP324,MP324 - Nkomazi,1895.0,hall,1.092,36.992,-3.236,36.231,True
54890668,MP324,MP324 - Nkomazi,789.0,school,0.098,38.53,-1.311,38.156,False
54890679,MP324,MP324 - Nkomazi,1525.0,hall,0.645,60.59,8.269,47.737,False
54890680,MP324,MP324 - Nkomazi,1006.0,school,1.069,32.306,-5.119,34.348,True
54890691,MP324,MP324 - Nkomazi,1078.0,traditional,0.865,50.186,4.849,44.316,False
54890703,MP324,MP324 - Nkomazi,182.0,hall,0.526,47.253,3.555,43.023,False
54890725,MP324,MP324 - Nkomazi,139.0,tent,1.103,25.18,-8.692,30.776,True
54890736,MP324,MP324 - Nkomazi,503.0,school,-0.295,66.998,11.323,50.791,False
54890747,MP324,MP324 - Nkomazi,1219.0,other,1.267,36.013,-2.617,36.85,False
54890758,MP324,MP324 - Nkomazi,909.0,church,0.788,51.815,5.166,44.633,False
54890769,MP324,MP324 - Nkomazi,613.0,other,0.926,42.414,1.291,40.759,False
54890770,MP324,MP324 - Nkomazi,855.0,school,0.788,53.216,6.454,45.921,False
54890781,MP324,MP324 - Nkomazi,1486.0,school,0.547,48.856,3.695,43.163,False
54890792,MP324,MP324 - Nkomazi,1734.0,school,1.162,35.236,-3.069,36.398,True
54890804,MP324,MP324 - Nkomazi,831.0,church,0.581,54.152,6.599,46.066,False
54890815,MP324,MP324 - Nkomazi,1363.0,church,0.963,44.974,2.012,41.479,False
54890826,MP324,MP324 - Nkomazi,1516.0,school,0.816,36.148,-1.465,38.002,False
54890837,MP324,MP324 - Nkomazi,1049.0,school,0.543,44.042,1.49,40.957,False
54890848,MP324,MP324 - Nkomazi,234.0,tent,0.444,27.778,-8.998,30.469,True
54890859,MP324,MP324 - Nkomazi,1065.0,church,1.45,51.268,4.964,44.431,False
54890860,MP324,MP324 - Nkomazi,589.0,church,1.228,56.197,7.977,47.444,False
54890871,MP324,MP324 - Nkomazi,398.0,hall,0.914,60.804,8.894,48.362,False
54890882,MP324,MP324 - Nkomazi,1084.0,church,0.891,43.266,0.563,40.03,False
54890893,MP324,MP324 - Nkomazi,823.0,school,2.493,49.21,5.524,44.991,False
54890905,MP324,MP324 - Nkomazi,388.0,hall,3.0,34.021,-1.922,37.545,False
54890916,MP324,MP324 - Nkomazi,305.0,church,1.687,47.869,4.123,43.59,False
54890927,MP324,MP324 - Nkomazi,688.0,school,1.962,53.634,6.973,46.44,False
54890938,MP324,MP324 - Nkomazi,378.0,school,1.998,49.206,5.139,44.607,False
54890949,MP324,MP324 - Nkomazi,364.0,school,1.564,50.824,5.278,44.746,False
54890950,MP324,MP324 - Nkomazi,343.0,school,1.962,42.274,1.959,41.426,False
54890961,MP324,MP324 - Nkomazi,461.0,school,2.462,34.273,-1.591,37.877,False
54890972,MP324,MP324 - Nkomazi,790.0,church,2.048,48.481,4.837,44.304,False
54890983,MP324,MP324 - Nkomazi,392.0,school,2.267,39.031,0.225,39.692,False
54890994,MP324,MP324 - Nkomazi,451.0,church,2.81,39.024,0.22,39.687,False
54891007,MP324,MP324 - Nkomazi,265.0,school,,65.283,11.073,50.54,False
54891018,MP324,MP324 - Nkomazi,144.0,church,,52.778,5.527,44.994,False
54891029,MP324,MP324 - Nkomazi,147.0,church,,41.497,1.028,40.495,False
54891030,MP324,MP324 - Nkomazi,235.0,church,,58.723,7.905,47.372,False
54891041,MP324,MP324 - Nkomazi,385.0,church,,54.026,6.18,45.647,False
54891052,MP324,MP324 - Nkomazi,150.0,hall,,59.333,8.086,47.554,False
54891063,MP324,MP324 - Nkomazi,409.0,other,,65.281,9.929,49.397,False
54891074,MP324,MP324 - Nkomazi,285.0,school,,54.035,6.322,45.789,False
54891085,MP324,MP324 - Nkomazi,320.0,other,,67.188,10.873,50.341,False
54891096,MP324,MP324 - Nkomazi,118.0,school,,56.78,7.578,47.045,False
54900019,MP321,MP321 - Thaba Chweu,531.0,school,0.717,27.495,-10.228,29.239,True
54900020,MP321,MP321 - Thaba Chweu,1959.0,school,0.141,51.302,2.288,41.755,False
54900031,MP321,MP321 - Thaba Chweu,1341.0,school,0.314,57.122,6.013,45.48,False
54900042,MP321,MP321 - Thaba Chweu,1587.0,traditional,0.072,50.662,2.631,42.098,False
54900053,MP321,MP321 - Thaba Chweu,870.0,school,0.358,57.931,6.306,45.773,False
54900064,MP321,MP321 - Thaba Chweu,1170.0,school,0.747,47.436,2.391,41.858,False
54900075,MP321,MP321 - Thaba Chweu,254.0,hall,-0.153,21.654,-13.974,25.494,True
54900086,MP321,MP321 - Thaba Chweu,431.0,other,0.995,17.401,-16.897,22.57,True
54900097,MP321,MP321 - Thaba Chweu,1305.0,school,0.446,44.521,0.43,39.897,False
54900109,MP321,MP321 - Thaba Chweu,264.0,hall,0.815,25.758,-10.554,28.913,True
54900110,MP321,MP321 - Thaba Chweu,327.0,school,-0.176,18.654,-15.551,23.916,True
54900121,MP321,MP321 - Thaba Chweu,272.0,hall,-0.32,13.971,-17.832,21.635,True
54900132,MP321,MP321 - Thaba Chweu,292.0,school,0.92,20.89,-13.819,25.648,True
54900154,MP321,MP321 - Thaba Chweu,123.0,hall,1.14,19.512,-15.67,23.798,True
54900176,MP321,MP321 - Thaba Chweu,369.0,other,0.931,16.802,-16.799,22.668,True
54900187,MP321,MP321 - Thaba Chweu,392.0,school,1.003,57.653,7.09,46.557,False
54900198,MP321,MP321 - Thaba Chweu,723.0,school,1.288,54.357,5.796,45.263,False
54900200,MP321,MP321 - Thaba Chweu,562.0,school,,64.769,9.186,48.653,False
54910010,MP321,MP321 - Thaba Chweu,823.0,other,0.692,24.787,-10.913,28.555,True
54910054,MP326,MP326 - City of Mbombela,773.0,hall,0.659,50.453,5.332,44.8,False
54910065,MP326,MP326 - City of Mbombela,1665.0,school,0.961,30.15,-5.694,33.774,True
54910076,MP326,MP326 - City of Mbombela,1854.0,school,1.818,29.935,-5.035,34.432,True
54910087,MP326,MP326 - City of Mbombela,1599.0,school,0.96,35.71,-2.94,36.528,False
54910100,MP326,MP326 - City of Mbombela,1619.0,school,1.967,36.936,-1.775,37.692,False
54910111,MP326,MP326 - City of Mbombela,1315.0,school,1.475,28.973,-5.577,33.89,True
54910144,MP326,MP326 - City of Mbombela,760.0,church,1.959,35.658,-2.075,37.392,False
54910155,MP326,MP326 - City of Mbombela,1276.0,school,0.999,38.793,-0.948,38.519,False
54910177,MP326,MP326 - City of Mbombela,1303.0,school,0.693,37.452,-1.902,37.566,False
54910188,MP326,MP326 - City of Mbombela,975.0,school,1.395,33.949,-2.924,36.543,False
54910212,MP326,MP326 - City of Mbombela,805.0,school,0.76,39.006,-0.747,38.721,False
54910223,MP326,MP326 - City of Mbombela,1115.0,school,0.969,38.386,-1.06,38.407,False
54910234,MP326,MP326 - City of Mbombela,1524.0,school,0.977,31.824,-4.126,35.341,True
54910245,MP326,MP326 - City of Mbombela,840.0,school,1.121,32.5,-3.383,36.084,True
54910256,MP326,MP326 - City of Mbombela,825.0,church,0.857,46.909,3.538,43.005,False
54910267,MP326,MP326 - City of Mbombela,1244.0,school,0.457,31.511,-5.286,34.182,True
54910278,MP326,MP326 - City of Mbombela,1245.0,school,0.629,40.321,-0.481,38.987,False
54910290,MP326,MP326 - City of Mbombela,816.0,school,1.269,35.907,-2.015,37.452,False
54910313,MP326,MP326 - City of Mbombela,1168.0,church,1.359,43.75,1.771,41.238,False
54910324,MP326,MP326 - City of Mbombela,801.0,hall,1.251,34.207,-2.936,36.531,False
54910335,MP326,MP326 - City of Mbombela,1497.0,school,0.985,39.011,-0.741,38.727,False
54910346,MP326,MP326 - City of Mbombela,1185.0,school,1.496,28.523,-5.264,34.203,True
54910357,MP326,MP326 - City of Mbombela,1920.0,school,1.514,30.469,-5.299,34.168,True
54910368,MP326,MP326 - City of Mbombela,1327.0,school,0.446,53.203,5.809,45.276,False
54910379,MP326,MP326 - City of Mbombela,1434.0,school,1.043,40.865,-0.337,39.13,False
54910380,MP326,MP326 - City of Mbombela,1426.0,other,1.462,39.13,-0.034,39.433,False
54910391,MP326,MP326 - City of Mbombela,565.0,school,2.141,41.416,1.089,40.556,False
54910403,MP326,MP326 - City of Mbombela,1026.0,school,0.195,49.61,4.562,44.029,False
54910414,MP326,MP326 - City of Mbombela,1145.0,school,1.006,41.135,0.158,39.625,False
54910425,MP326,MP326 - City of Mbombela,1168.0,school,0.754,48.545,4.386,43.854,False
54910436,MP326,MP326 - City of Mbombela,1180.0,school,1.422,45.424,2.255,41.722,False
54910447,MP326,MP326 - City of Mbombela,885.0,school,0.705,40.452,-0.003,39.464,False
54910458,MP326,MP326 - City of Mbombela,970.0,school,0.498,39.381,-0.73,38.738,False
54910470,MP326,MP326 - City of Mbombela,1242.0,school,0.884,30.515,-5.12,34.347,True
54910481,MP326,MP326 - City of Mbombela,1433.0,school,1.276,40.823,0.131,39.598,False
54910504,MP326,MP326 - City of Mbombela,866.0,school,1.471,38.106,-0.928,38.54,False
54910515,MP326,MP326 - City of Mbombela,1034.0,church,1.615,34.623,-2.368,37.099,False
54910526,MP326,MP326 - City of Mbombela,1556.0,school,1.476,36.697,-2.192,37.275,False
54910537,MP326,MP326 - City of Mbombela,459.0,other,1.112,35.948,-1.038,38.429,False
54910548,MP326,MP326 - City of Mbombela,1473.0,school,0.352,35.438,-2.523,36.944,False
54910571,MP326,MP326 - City of Mbombela,1177.0,school,0.42,45.2,1.458,40.926,False
54910582,MP326,MP326 - City of Mbombela,382.0,tent,0.807,13.089,-16.524,22.943,True
54910593,MP326,MP326 - City of Mbombela,847.0,other,1.019,26.092,-9.533,29.934,True
54910616,MP326,MP326 - City of Mbombela,1730.0,school,1.301,30.925,-5.225,34.242,True
54910627,MP326,MP326 - City of Mbombela,437.0,school,-0.184,72.769,11.916,51.383,False
54910649,MP326,MP326 - City of Mbombela,698.0,school,1.704,44.699,2.197,41.665,False
54910650,MP326,MP326 - City of Mbombela,879.0,school,1.187,41.183,0.288,39.755,False
54910661,MP326,MP326 - City of Mbombela,405.0,church,1.835,26.42,-7.346,32.121,True
54910683,MP326,MP326 - City of Mbombela,395.0,school,1.054,58.228,7.749,47.216,False
54910694,MP326,MP326 - City of Mbombela,763.0,school,1.753,35.518,-1.722,37.745,False
54910706,MP326,MP326 - City of Mbombela,1035.0,other,0.622,65.99,14.444,53.911,False
54910717,MP326,MP326 - City of Mbombela,509.0,other,0.663,57.171,11.851,51.318,False
54910728,MP326,MP326 - City of Mbombela,896.0,church,1.283,38.393,-0.365,39.102,False
54910739,MP326,MP326 - City of Mbombela,1132.0,church,2.342,44.346,2.304,41.771,False
54910740,MP326,MP326 - City of Mbombela,863.0,church,1.492,39.977,0.276,39.743,False
54910751,MP326,MP326 - City of Mbombela,820.0,church,1.232,38.537,-0.934,38.533,False
54910762,MP321,MP321 - Thaba Chweu,401.0,hall,1.605,24.19,-10.456,29.011,True
54910773,MP326,MP326 - City of Mbombela,626.0,other,1.039,37.859,-1.644,37.823,False
54910784,MP326,MP326 - City of Mbombela,922.0,other,0.955,44.577,2.32,41.787,False
54910795,MP326,MP326 - City of Mbombela,654.0,school,1.57,34.251,-1.813,37.655,False
54910807,MP326,MP326 - City of Mbombela,305.0,school,0.655,40.0,0.24,39.708,False
54910818,MP326,MP326 - City of Mbombela,545.0,other,1.157,36.697,-1.026,38.441,False
54910829,MP326,MP326 - City of Mbombela,726.0,church,1.39,45.041,2.855,42.322,False
54910830,MP326,MP326 - City of Mbombela,1387.0,church,1.073,45.061,1.711,41.178,False
54910841,MP326,MP326 - City of Mbombela,651.0,church,0.62,39.324,-0.831,38.636,False
54910852,MP326,MP326 - City of Mbombela,571.0,church,0.69,52.89,5.518,44.985,False
54910863,MP326,MP326 - City of Mbombela,1218.0,hall,0.909,44.992,1.871,41.338,False
54910874,MP326,MP326 - City of Mbombela,485.0,church,2.061,44.33,2.278,41.745,False
54910885,MP326,MP326 - City of Mbombela,435.0,church,2.312,40.69,0.487,39.954,False
54910896,MP326,MP326 - City of Mbombela,834.0,school,3.0,34.772,-1.985,37.482,False
54910908,MP326,MP326 - City of Mbombela,481.0,school,2.589,43.243,2.532,41.999,False
54910919,MP326,MP326 - City of Mbombela,353.0,school,1.921,42.493,1.396,40.863,False
54910920,MP326,MP326 - City of Mbombela,368.0,school,2.649,42.391,1.633,41.1,False
54910931,MP326,MP326 - City of Mbombela,647.0,church,3.0,36.012,-0.688,38.779,False
54910942,MP326,MP326 - City of Mbombela,416.0,other,1.625,49.76,4.962,44.429,False
54910953,MP326,MP326 - City of Mbombela,634.0,school,2.013,50.0,5.152,44.62,False
54910964,MP326,MP326 - City of Mbombela,1165.0,church,0.915,59.828,8.186,47.653,False
54910975,MP326,MP326 - City of Mbombela,382.0,church,2.566,40.052,0.558,40.025,False
54910986,MP326,MP326 - City of Mbombela,549.0,school,,48.634,4.191,43.659,False
54910997,MP326,MP326 - City of Mbombela,519.0,school,,52.601,4.944,44.411,False
54911000,MP326,MP326 - City of Mbombela,738.0,church,,48.374,3.976,43.443,False
54911011,MP326,MP326 - City of Mbombela,309.0,school,,143.042,27.485,66.952,False
54911022,MP326,MP326 - City of Mbombela,455.0,church,,38.242,-0.526,38.942,False
54911033,MP326,MP326 - City of Mbombela,246.0,church,,42.683,1.235,40.702,False
54911044,MP326,MP326 - City of Mbombela,511.0,church,,48.337,3.852,43.319,False
54911055,MP326,MP326 - City of Mbombela,510.0,church,,50.784,4.543,44.01,False
54911066,MP326,MP326 - City of Mbombela,436.0,hall,,32.339,-4.243,35.224,True
54911077,MP326,MP326 - City of Mbombela,465.0,church,,40.43,0.004,39.472,False
54911088,MP326,MP326 - City of Mbombela,701.0,school,,49.929,4.847,44.314,False
54911099,MP326,MP326 - City of Mbombela,487.0,church,,49.692,4.734,44.201,False
54911101,MP326,MP326 - City of Mbombela,285.0,school,,63.158,14.74,54.207,False
54911112,MP326,MP326 - City of Mbombela,540.0,church,,41.111,-0.052,39.415,False
54911123,MP326,MP326 - City of Mbombela,622.0,other,,42.283,1.205,40.672,False
54911134,MP326,MP326 - City of Mbombela,927.0,other,,40.345,-0.581,38.886,False
54911145,MP326,MP326 - City of Mbombela,220.0,school,,44.545,2.031,41.498,False
54911156,MP326,MP326 - City of Mbombela,586.0,school,,57.338,7.228,46.695,False
54911167,MP326,MP326 - City of Mbombela,238.0,church,,52.101,5.179,44.646,False
54911178,MP326,MP326 - City of Mbombela,505.0,hall,,52.673,5.078,44.545,False
54911189,MP326,MP326 - City of Mbombela,280.0,hall,,48.929,3.962,43.429,False
76150010,MP325,MP325 - Bushbuckridge,1095.0,school,0.202,57.352,6.831,46.298,False
76150021,MP325,MP325 - Bushbuckridge,913.0,school,0.511,43.702,0.779,40.246,False
76150032,MP325,MP325 - Bushbuckridge,2386.0,hall,0.922,41.576,-1.545,37.922,False
76150043,MP325,MP325 - Bushbuckridge,1286.0,school,1.732,42.613,0.652,40.119,False
76150054,MP325,MP325 - Bushbuckridge,579.0,traditional,0.546,41.451,-1.264,38.204,False
76150065,MP325,MP325 - Bushbuckridge,1129.0,school,1.439,43.313,0.956,40.423,False
76150076,MP325,MP325 - Bushbuckridge,1130.0,school,0.62,49.204,3.287,42.754,False
76150087,MP325,MP325 - Bushbuckridge,648.0,school,0.431,46.142,1.416,40.884,False
76150098,MP325,MP325 - Bushbuckridge,617.0,school,0.581,53.809,5.183,44.651,False
76150100,MP325,MP325 - Bushbuckridge,815.0,school,0.295,50.675,4.043,43.51,False
76150111,MP325,MP325 - Bushbuckridge,744.0,tent,0.693,37.5,-2.912,36.555,False
76150122,MP325,MP325 - Bushbuckridge,1022.0,school,1.148,43.346,1.278,40.746,False
76150133,MP325,MP325 - Bushbuckridge,778.0,school,0.694,48.072,3.115,42.582,False
76150144,MP325,MP325 - Bushbuckridge,470.0,school,0.366,49.787,3.931,43.398,False
76150155,MP325,MP325 - Bushbuckridge,1142.0,school,0.392,47.285,2.279,41.747,False
76150166,MP325,MP325 - Bushbuckridge,1074.0,school,1.635,45.158,1.209,40.676,False
76150177,MP325,MP325 - Bushbuckridge,1056.0,school,0.893,53.125,5.825,45.293,False
76150188,MP325,MP325 - Bushbuckridge,966.0,school,-0.742,29.296,-7.985,31.482,True
76150199,MP325,MP325 - Bushbuckridge,967.0,church,-0.051,39.917,-1.857,37.61,False
76150201,MP325,MP325 - Bushbuckridge,703.0,school,0.732,53.485,5.573,45.04,False
76150212,MP325,MP325 - Bushbuckridge,1557.0,school,1.017,30.764,-7.394,32.073,True
76150223,MP325,MP325 - Bushbuckridge,776.0,school,-0.133,48.325,2.627,42.094,False
76150234,MP325,MP325 - Bushbuckridge,960.0,school,0.953,40.625,-1.01,38.457,False
76150245,MP325,MP325 - Bushbuckridge,1172.0,school,0.209,39.334,-2.233,37.234,False
76150256,MP325,MP325 - Bushbuckridge,1769.0,school,1.077,28.943,-7.168,32.299,True
76150267,MP325,MP325 - Bushbuckridge,492.0,traditional,-0.754,43.902,0.042,39.51,False
76150278,MP325,MP325 - Bushbuckridge,1789.0,school,0.492,40.637,-2.296,37.172,False
76150289,MP325,MP325 - Bushbuckridge,1341.0,school,0.531,49.888,3.189,42.656,False
76150290,MP325,MP325 - Bushbuckridge,1001.0,school,0.179,63.037,8.675,48.142,False
76150302,MP325,MP325 - Bushbuckridge,1199.0,school,0.136,42.202,-0.503,38.964,False
76150313,MP325,MP325 - Bushbuckridge,529.0,school,0.104,53.497,5.499,44.966,False
76150324,MP325,MP325 - Bushbuckridge,1148.0,traditional,0.566,30.401,-7.624,31.844,True
76150335,MP325,MP325 - Bushbuckridge,979.0,school,0.257,38.509,-2.241,37.226,False
76150346,MP325,MP325 - Bushbuckridge,1209.0,school,0.595,42.349,0.145,39.612,False
76150357,MP325,MP325 - Bushbuckridge,885.0,school,0.633,43.051,0.67,40.137,False
76150368,MP325,MP325 - Bushbuckridge,526.0,school,0.333,49.049,2.701,42.168,False
76150379,MP325,MP325 - Bushbuckridge,780.0,school,0.799,37.179,-2.153,37.314,False
76150380,MP325,MP325 - Bushbuckridge,1744.0,hall,0.729,33.257,-6.299,33.169,True
76150391,MP325,MP325 - Bushbuckridge,1499.0,school,0.926,31.755,-5.275,34.192,True
76150403,MP325,MP325 - Bushbuckridge,594.0,school,-0.255,58.249,7.181,46.649,False
76150414,MP325,MP325 - Bushbuckridge,1827.0,school,0.795,37.603,-2.78,36.688,False
76150425,MP325,MP325 - Bushbuckridge,1365.0,school,0.468,49.744,3.702,43.169,False
76150436,MP325,MP325 - Bushbuckridge,1295.0,school,-0.103,44.015,-0.262,39.206,False
76150447,MP325,MP325 - Bushbuckridge,1324.0,school,0.889,46.45,1.59,41.057,False
76150458,MP325,MP325 - Bushbuckridge,1108.0,school,1.296,48.285,3.793,43.26,False
76150469,MP325,MP325 - Bushbuckridge,1100.0,school,0.712,37.545,-3.13,36.337,True
76150470,MP325,MP325 - Bushbuckridge,2039.0,school,1.535,26.876,-9.088,30.379,True
76150481,MP325,MP325 - Bushbuckridge,1121.0,school,0.718,46.209,2.018,41.485,False
76150492,MP325,MP325 - Bushbuckridge,1799.0,school,1.907,38.132,-2.706,36.761,False
76150504,MP325,MP325 - Bushbuckridge,1028.0,school,0.16,56.031,6.314,45.782,False
76150515,MP325,MP325 - Bushbuckridge,663.0,school,0.73,41.176,-1.329,38.139,False
76150526,MP325,MP325 - Bushbuckridge,812.0,school,0.718,45.074,-0.025,39.443,False
76150537,MP325,MP325 - Bushbuckridge,671.0,school,0.902,41.282,-0.572,38.895,False
76150548,MP325,MP325 - Bushbuckridge,963.0,school,1.099,35.306,-3.407,36.06,True
76150559,MP325,MP325 - Bushbuckridge,868.0,school,0.412,52.074,4.219,43.687,False
76150560,MP325,MP325 - Bushbuckridge,1223.0,school,0.773,44.154,0.956,40.423,False
76150571,MP325,MP325 - Bushbuckridge,533.0,school,-0.099,49.906,3.523,42.99,False
76150582,MP325,MP325 - Bushbuckridge,876.0,school,0.172,57.078,7.065,46.532,False
76150593,MP325,MP325 - Bushbuckridge,1028.0,school,0.65,54.183,5.967,45.434,False
76150605,MP325,MP325 - Bushbuckridge,899.0,school,0.873,55.951,7.694,47.161,False
76150616,MP325,MP325 - Bushbuckridge,937.0,school,0.665,36.713,-2.603,36.864,False
76150627,MP325,MP325 - Bushbuckridge,1055.0,school,0.631,30.237,-7.319,32.148,True
76150649,MP325,MP325 - Bushbuckridge,502.0,school,0.564,44.821,1.191,40.658,False
76150650,MP325,MP325 - Bushbuckridge,1530.0,other,1.044,47.778,3.024,42.492,False
76150661,MP325,MP325 - Bushbuckridge,1187.0,school,0.173,50.885,3.969,43.436,False
76150672,MP325,MP325 - Bushbuckridge,941.0,school,1.285,39.957,-0.869,38.598,False
76150683,MP325,MP325 - Bushbuckridge,673.0,school,1.226,37.741,-1.607,37.861,False
76150694,MP325,MP325 - Bushbuckridge,885.0,church,2.042,42.712,1.765,41.232,False
76150706,MP325,MP325 - Bushbuckridge,336.0,school,1.593,46.131,3.06,42.528,False
76150717,MP325,MP325 - Bushbuckridge,632.0,school,2.131,43.354,1.63,41.097,False
76150728,MP325,MP325 - Bushbuckridge,292.0,school,0.759,50.685,3.238,42.705,False
76150739,MP325,MP325 - Bushbuckridge,525.0,school,1.281,48.762,4.166,43.633,False
76150740,MP325,MP325 - Bushbuckridge,939.0,school,1.731,49.095,4.168,43.635,False
76150751,MP325,MP325 - Bushbuckridge,494.0,school,1.433,39.676,-0.891,38.577,False
76150762,MP325,MP325 - Bushbuckridge,343.0,school,1.518,46.064,2.561,42.029,False
76150773,MP325,MP325 - Bushbuckridge,366.0,school,1.805,54.098,6.603,46.07,False
76150784,MP325,MP325 - Bushbuckridge,435.0,church,1.417,53.103,6.052,45.519,False
76150807,MP325,MP325 - Bushbuckridge,527.0,school,0.909,60.721,9.152,48.619,False
76150818,MP325,MP325 - Bushbuckridge,790.0,other,1.868,50.759,4.604,44.072,False
76150829,MP325,MP325 - Bushbuckridge,673.0,school,,47.845,3.261,42.728,False
76150830,MP325,MP325 - Bushbuckridge,799.0,church,,37.922,-2.426,37.041,False
76150841,MP325,MP325 - Bushbuckridge,503.0,church,,59.245,7.789,47.256,False
76150852,MP325,MP325 - Bushbuckridge,521.0,school,,65.643,9.756,49.223,False
76150863,MP325,MP325 - Bushbuckridge,537.0,school,,54.004,5.6,45.067,False
76150874,MP325,MP325 - Bushbuckridge,235.0,school,,58.298,7.362,46.829,False
76150885,MP325,MP325 - Bushbuckridge,371.0,school,,49.057,4.19,43.657,False
76150896,MP325,MP325 - Bushbuckridge,340.0,school,,43.235,0.863,40.33,False
76150908,MP325,MP325 - Bushbuckridge,448.0,other,,64.955,9.043,48.51,False
76150919,MP325,MP325 - Bushbuckridge,243.0,other,,74.486,11.347,50.814,False
76160011,MP325,MP325 - Bushbuckridge,1562.0,school,-0.575,45.391,0.366,39.833,False
76160022,MP325,MP325 - Bushbuckridge,977.0,school,0.773,48.311,3.38,42.847,False
76160033,MP325,MP325 - Bushbuckridge,504.0,school,1.323,45.833,1.675,41.142,False
76160044,MP325,MP325 - Bushbuckridge,1142.0,school,1.299,49.299,3.998,43.465,False
76160055,MP325,MP325 - Bushbuckridge,1336.0,school,-0.118,49.626,3.715,43.182,False
76160066,MP325,MP325 - Bushbuckridge,1158.0,traditional,1.753,39.378,-0.811,38.656,False
76160077,MP325,MP325 - Bushbuckridge,1156.0,school,1.271,33.304,-4.143,35.324,True
76160088,MP325,MP325 - Bushbuckridge,613.0,traditional,-0.165,51.06,2.948,42.416,False
76160099,MP325,MP325 - Bushbuckridge,1394.0,school,1.252,39.742,-1.022,38.446,False
76160101,MP325,MP325 - Bushbuckridge,1422.0,school,1.304,32.771,-4.29,35.177,True
76160112,MP325,MP325 - Bushbuckridge,597.0,school,-0.086,59.966,7.708,47.175,False
76160123,MP325,MP325 - Bushbuckridge,1907.0,school,0.539,39.853,-2.44,37.028,False
76160134,MP325,MP325 - Bushbuckridge,581.0,school,0.36,44.406,1.242,40.709,False
76160145,MP325,MP325 - Bushbuckridge,805.0,school,0.91,33.168,-4.964,34.503,True
76160156,MP325,MP325 - Bushbuckridge,684.0,school,0.565,41.082,-0.401,39.067,False
76160167,MP325,MP325 - Bushbuckridge,1051.0,school,1.639,41.865,0.817,40.284,False
76160178,MP325,MP325 - Bushbuckridge,1150.0,school,-0.016,57.043,7.102,46.569,False
76160189,MP325,MP325 - Bushbuckridge,966.0,school,1.054,43.375,0.458,39.926,False
76160190,MP325,MP325 - Bushbuckridge,1082.0,school,1.451,29.945,-5.743,33.724,True
76160202,MP325,MP325 - Bushbuckridge,1543.0,school,0.741,32.016,-6.808,32.66,True
76160213,MP325,MP325 - Bushbuckridge,984.0,school,0.84,50.0,3.609,43.076,False
76160224,MP325,MP325 - Bushbuckridge,2043.0,school,0.723,43.808,0.02,39.487,False
76160246,MP325,MP325 - Bushbuckridge,1818.0,school,0.311,52.365,4.225,43.693,False
76160257,MP325,MP325 - Bushbuckridge,308.0,school,0.803,49.351,4.034,43.501,False
76160268,MP325,MP325 - Bushbuckridge,689.0,school,0.392,39.913,-1.556,37.911,False
76160279,MP325,MP325 - Bushbuckridge,1754.0,school,0.856,42.417,-0.299,39.168,False
76160280,MP325,MP325 - Bushbuckridge,990.0,school,0.663,43.232,0.582,40.05,False
76160291,MP325,MP325 - Bushbuckridge,817.0,school,0.372,55.08,7.198,46.665,False
76160303,MP325,MP325 - Bushbuckridge,791.0,school,1.413,42.984,1.285,40.752,False
76160314,MP325,MP325 - Bushbuckridge,923.0,school,0.925,33.803,-3.594,35.874,True
76160325,MP325,MP325 - Bushbuckridge,628.0,school,0.367,46.497,1.631,41.098,False
76160336,MP325,MP325 - Bushbuckridge,639.0,school,0.28,55.399,6.33,45.797,False
76160358,MP325,MP325 - Bushbuckridge,1147.0,school,0.634,32.084,-5.047,34.42,True
76160369,MP325,MP325 - Bushbuckridge,823.0,school,0.971,55.407,7.827,47.294,False
76160370,MP325,MP325 - Bushbuckridge,904.0,school,1.407,37.832,-2.177,37.291,False
76160381,MP325,MP325 - Bushbuckridge,1032.0,school,0.086,59.69,6.997,46.464,False
76160392,MP325,MP325 - Bushbuckridge,886.0,church,1.45,50.226,5.023,44.491,False
76160404,MP325,MP325 - Bushbuckridge,595.0,school,1.061,46.218,2.415,41.883,False
76160415,MP325,MP325 - Bushbuckridge,1674.0,school,1.955,46.953,2.559,42.027,False
76160426,MP325,MP325 - Bushbuckridge,1777.0,school,1.177,47.327,2.57,42.037,False
76160437,MP325,MP325 - Bushbuckridge,1441.0,other,1.086,28.73,-8.038,31.429,True
76160448,MP325,MP325 - Bushbuckridge,533.0,school,1.425,40.525,-0.445,39.022,False
76160459,MP325,MP325 - Bushbuckridge,1614.0,school,1.339,41.698,0.02,39.487,False
76160460,MP325,MP325 - Bushbuckridge,1304.0,school,0.998,39.187,-1.346,38.121,False
76160471,MP325,MP325 - Bushbuckridge,1180.0,school,1.152,35.424,-2.962,36.505,False
76160482,MP325,MP325 - Bushbuckridge,1524.0,other,0.574,43.045,0.386,39.853,False
76160493,MP325,MP325 - Bushbuckridge,642.0,school,0.6,40.498,-0.585,38.883,False
76160505,MP325,MP325 - Bushbuckridge,807.0,church,1.267,36.803,-1.636,37.831,False
76160516,MP325,MP325 - Bushbuckridge,777.0,school,0.669,49.55,3.702,43.169,False
76160527,MP325,MP325 - Bushbuckridge,732.0,school,0.865,44.126,0.549,40.016,False
76160549,MP325,MP325 - Bushbuckridge,761.0,school,0.733,28.252,-8.022,31.445,True
76160550,MP325,MP325 - Bushbuckridge,1180.0,church,1.148,41.017,-0.458,39.009,False
76160561,MP325,MP325 - Bushbuckridge,669.0,school,0.428,48.43,2.152,41.619,False
76160572,MP325,MP325 - Bushbuckridge,870.0,school,0.982,43.563,1.404,40.871,False
76160583,MP325,MP325 - Bushbuckridge,1058.0,school,0.251,52.457,4.671,44.138,False
76160606,MP325,MP325 - Bushbuckridge,573.0,school,0.814,53.229,7.453,46.921,False
76160628,MP325,MP325 - Bushbuckridge,1033.0,school,0.224,40.755,-0.321,39.146,False
76160639,MP325,MP325 - Bushbuckridge,1490.0,school,0.368,45.034,1.095,40.562,False
76160640,MP325,MP325 - Bushbuckridge,1162.0,school,0.843,33.649,-4.497,34.971,True
76160651,MP325,MP325 - Bushbuckridge,723.0,traditional,0.425,41.632,0.7,40.168,False
76160662,MP325,MP325 - Bushbuckridge,1281.0,school,0.267,53.396,5.288,44.755,False
76160673,MP325,MP325 - Bushbuckridge,441.0,school,-0.178,55.102,6.285,45.753,False
76160684,MP325,MP325 - Bushbuckridge,1354.0,school,-0.945,40.251,-1.596,37.871,False
76160695,MP325,MP325 - Bushbuckridge,243.0,school,0.39,68.724,10.979,50.447,False
76160707,MP325,MP325 - Bushbuckridge,325.0,school,0.176,56.308,6.737,46.205,False
76160718,MP325,MP325 - Bushbuckridge,955.0,school,0.713,49.634,3.75,43.218,False
76160729,MP325,MP325 - Bushbuckridge,272.0,school,-0.368,53.309,5.813,45.28,False
76160730,MP325,MP325 - Bushbuckridge,778.0,school,1.096,45.63,1.937,41.404,False
76160763,MP325,MP325 - Bushbuckridge,916.0,school,0.884,44.978,1.008,40.475,False
76160774,MP325,MP325 - Bushbuckridge,837.0,school,1.566,27.479,-7.831,31.636,True
76160808,MP325,MP325 - Bushbuckridge,657.0,school,0.849,47.032,3.286,42.753,False
76160820,MP325,MP325 - Bushbuckridge,1224.0,school,1.468,31.209,-5.501,33.967,True
76160831,MP325,MP325 - Bushbuckridge,1011.0,school,0.637,53.215,5.583,45.05,False
76160842,MP325,MP325 - Bushbuckridge,789.0,school,0.902,52.978,5.493,44.96,False
76160853,MP325,MP325 - Bushbuckridge,1131.0,hall,1.849,34.041,-2.872,36.596,False
76160875,MP325,MP325 - Bushbuckridge,679.0,school,1.226,36.377,-1.616,37.852,False
76160886,MP325,MP325 - Bushbuckridge,311.0,school,1.19,59.486,8.606,48.073,False
76160897,MP325,MP325 - Bushbuckridge,496.0,church,-1.0,186.694,36.782,76.25,False
76160909,MP325,MP325 - Bushbuckridge,641.0,school,1.686,61.622,9.301,48.768,False
76160921,MP325,MP325 - Bushbuckridge,121.0,school,1.864,51.24,4.521,43.989,False
76160932,MP325,MP325 - Bushbuckridge,582.0,church,2.588,42.784,1.944,41.411,False
76160943,MP325,MP325 - Bushbuckridge,1070.0,school,2.328,46.916,3.06,42.527,False
76160954,MP325,MP325 - Bushbuckridge,412.0,school,1.532,55.34,7.544,47.011,False
76160965,MP325,MP325 - Bushbuckridge,559.0,school,1.275,59.392,8.522,47.989,False
76160976,MP325,MP325 - Bushbuckridge,390.0,church,1.57,55.641,7.735,47.202,False
76160987,MP325,MP325 - Bushbuckridge,508.0,school,1.916,46.654,3.186,42.653,False
76160998,MP325,MP325 - Bushbuckridge,540.0,church,2.58,37.407,-1.101,38.366,False
76161001,MP325,MP325 - Bushbuckridge,844.0,church,1.095,58.412,8.405,47.872,False
76161012,MP325,MP325 - Bushbuckridge,341.0,school,1.276,41.935,0.685,40.152,False
76161023,MP325,MP325 - Bushbuckridge,427.0,church,0.669,54.801,6.493,45.96,False
76161034,MP325,MP325 - Bushbuckridge,448.0,church,2.056,50.893,5.617,45.084,False
76161045,MP325,MP325 - Bushbuckridge,363.0,school,,55.647,7.114,46.581,False
76161056,MP325,MP325 - Bushbuckridge,509.0,church,,41.257,-0.249,39.218,False
76161067,MP325,MP325 - Bushbuckridge,300.0,school,,65.0,10.319,49.787,False
76170012,MP325,MP325 - Bushbuckridge,1653.0,school,-1.0,47.489,1.541,41.008,False
76170023,MP325,MP325 - Bushbuckridge,1783.0,school,0.666,42.064,-0.685,38.782,False
76170034,MP325,MP325 - Bushbuckridge,616.0,school,0.528,50.0,3.466,42.933,False
76170045,MP325,MP325 - Bushbuckridge,1090.0,school,1.158,31.56,-4.889,34.578,True
76170056,MP325,MP325 - Bushbuckridge,1210.0,school,0.242,62.314,8.46,47.927,False
76170067,MP325,MP325 - Bushbuckridge,581.0,school,0.759,38.21,-1.42,38.047,False
76170078,MP325,MP325 - Bushbuckridge,325.0,school,0.136,64.308,9.298,48.765,False
76170089,MP325,MP325 - Bushbuckridge,2300.0,school,0.863,33.13,-5.263,34.205,True
76170090,MP325,MP325 - Bushbuckridge,927.0,school,-0.549,42.718,0.364,39.831,False
76170102,MP325,MP325 - Bushbuckridge,1896.0,school,0.446,52.954,4.471,43.938,False
76170113,MP325,MP325 - Bushbuckridge,808.0,school,0.448,41.213,-0.751,38.716,False
76170124,MP325,MP325 - Bushbuckridge,1029.0,traditional,0.658,40.33,-1.379,38.089,False
76170135,MP325,MP325 - Bushbuckridge,1257.0,school,1.372,42.721,0.76,40.227,False
76170146,MP325,MP325 - Bushbuckridge,922.0,school,-0.006,34.165,-4.252,35.215,True
76170157,MP325,MP325 - Bushbuckridge,1537.0,school,1.135,32.466,-4.877,34.591,True
76170168,MP325,MP325 - Bushbuckridge,2427.0,school,0.607,41.203,-1.735,37.732,False
76170179,MP325,MP325 - Bushbuckridge,1825.0,school,0.405,45.041,0.731,40.198,False
76170180,MP325,MP325 - Bushbuckridge,932.0,school,1.096,29.399,-5.981,33.486,True
76170191,MP325,MP325 - Bushbuckridge,1103.0,school,-0.072,46.328,1.263,40.731,False
76170203,MP325,MP325 - Bushbuckridge,1050.0,school,1.015,42.476,0.307,39.775,False
76170214,MP325,MP325 - Bushbuckridge,1349.0,school,1.168,34.322,-3.786,35.682,True
76170225,MP325,MP325 - Bushbuckridge,643.0,school,0.292,58.942,7.302,46.769,False
76170236,MP325,MP325 - Bushbuckridge,931.0,school,0.728,39.313,-1.203,38.264,False
76170247,MP325,MP325 - Bushbuckridge,1388.0,school,0.81,43.876,0.362,39.829,False
76170258,MP325,MP325 - Bushbuckridge,2275.0,traditional,1.124,35.121,-4.082,35.385,True
76170269,MP325,MP325 - Bushbuckridge,1436.0,school,0.75,46.17,1.684,41.151,False
76170270,MP325,MP325 - Bushbuckridge,1131.0,school,0.976,43.501,0.682,40.149,False
76170281,MP325,MP325 - Bushbuckridge,766.0,school,2.012,49.086,4.616,44.084,False
76170292,MP325,MP325 - Bushbuckridge,677.0,school,1.042,51.256,4.647,44.115,False
76170304,MP325,MP325 - Bushbuckridge,310.0,school,-0.039,44.194,0.285,39.752,False
76170315,MP325,MP325 - Bushbuckridge,845.0,school,0.65,44.142,0.989,40.457,False
76170326,MP325,MP325 - Bushbuckridge,835.0,school,0.508,45.629,0.77,40.237,False
76170337,MP325,MP325 - Bushbuckridge,1164.0,school,0.555,36.34,-2.669,36.798,False
76170348,MP325,MP325 - Bushbuckridge,1280.0,school,1.231,46.719,2.0,41.467,False
76170359,MP325,MP325 - Bushbuckridge,919.0,school,0.5,53.536,5.322,44.789,False
76170360,MP325,MP325 - Bushbuckridge,1441.0,school,1.364,36.502,-2.357,37.11,False
76170371,MP325,MP325 - Bushbuckridge,2173.0,school,1.109,26.967,-9.119,30.348,True
76170382,MP325,MP325 - Bushbuckridge,1264.0,school,1.126,28.165,-6.567,32.901,True
76170393,MP325,MP325 - Bushbuckridge,1769.0,school,-0.195,50.82,3.517,42.985,False
76170405,MP325,MP325 - Bushbuckridge,914.0,school,1.043,41.794,0.392,39.859,False
76170416,MP325,MP325 - Bushbuckridge,874.0,school,0.498,39.817,-1.139,38.328,False
76170427,MP325,MP325 - Bushbuckridge,359.0,school,0.757,31.198,-6.854,32.613,True
76170438,MP325,MP325 - Bushbuckridge,596.0,school,1.121,39.765,-0.122,39.345,False
76170449,MP325,MP325 - Bushbuckridge,892.0,school,0.433,38.901,-1.128,38.339,False
76170450,MP325,MP325 - Bushbuckridge,822.0,school,1.014,32.482,-4.218,35.249,True
76170461,MP325,MP325 - Bushbuckridge,1962.0,school,0.681,33.588,-4.251,35.216,True
76170472,MP325,MP325 - Bushbuckridge,1361.0,school,1.401,25.349,-8.194,31.273,True
76170483,MP325,MP325 - Bushbuckridge,1924.0,school,1.438,37.162,-3.22,36.247,True
76170494,MP325,MP325 - Bushbuckridge,1808.0,school,0.292,33.241,-5.261,34.206,True
76170506,MP325,MP325 - Bushbuckridge,1240.0,school,0.583,52.661,4.73,44.197,False
76170539,MP325,MP325 - Bushbuckridge,1192.0,school,1.465,36.242,-2.387,37.081,False
76170540,MP325,MP325 - Bushbuckridge,1372.0,school,0.9,35.423,-2.73,36.737,False
76170551,MP325,MP325 - Bushbuckridge,553.0,school,0.202,44.846,0.636,40.103,False
76170562,MP325,MP325 - Bushbuckridge,1227.0,hall,1.886,26.976,-6.815,32.652,True
76170573,MP325,MP325 - Bushbuckridge,223.0,church,1.96,56.951,6.863,46.331,False
76170584,MP325,MP325 - Bushbuckridge,873.0,school,0.582,45.246,1.503,40.971,False
76170595,MP325,MP325 - Bushbuckridge,756.0,school,1.431,37.963,-1.538,37.93,False
76170607,MP325,MP325 - Bushbuckridge,1055.0,school,0.696,49.1,3.72,43.187,False
76170618,MP325,MP325 - Bushbuckridge,888.0,school,1.39,40.315,-0.82,38.647,False
76170629,MP325,MP325 - Bushbuckridge,393.0,school,1.126,38.168,-0.805,38.663,False
76170630,MP325,MP325 - Bushbuckridge,328.0,school,0.432,51.22,4.038,43.505,False
76170641,MP326,MP326 - City of Mbombela,286.0,school,2.619,32.867,-3.952,35.515,True
76170652,MP325,MP325 - Bushbuckridge,381.0,hall,2.157,32.021,-4.553,34.914,True
76170663,MP325,MP325 - Bushbuckridge,405.0,school,1.856,45.432,2.021,41.488,False
76170674,MP325,MP325 - Bushbuckridge,335.0,school,2.151,39.701,-0.405,39.063,False
76170685,MP325,MP325 - Bushbuckridge,1125.0,church,1.351,48.978,3.801,43.268,False
76170696,MP325,MP325 - Bushbuckridge,580.0,school,-0.087,62.069,7.918,47.385,False
76170708,MP325,MP325 - Bushbuckridge,520.0,school,0.813,55.769,7.331,46.798,False
76170719,MP325,MP325 - Bushbuckridge,397.0,school,0.978,44.584,0.964,40.431,False
76170720,MP325,MP325 - Bushbuckridge,523.0,school,0.617,59.273,7.84,47.307,False
76170731,MP325,MP325 - Bushbuckridge,481.0,school,2.179,44.906,1.473,40.941,False
76170742,MP325,MP325 - Bushbuckridge,1980.0,school,2.917,45.051,0.893,40.36,False
76170753,MP325,MP325 - Bushbuckridge,358.0,other,1.172,49.162,3.6,43.067,False
76170764,MP325,MP325 - Bushbuckridge,362.0,other,,45.856,1.154,40.621,False
76170775,MP325,MP325 - Bushbuckridge,472.0,school,,75.212,11.74,51.207,False
