{"type": "FeatureCollection", "features": [{"type": "Feature", "properties": {"municipality_code_2021": "MP301", "name": "Chief Albert Luthuli"}, "geometry": {"type": "MultiPolygon", "coordinates": [[[[30.64662999500007, -25.71242000899997], [30.638719999000045, -25.711800000999972], [30.638468998000064, -25.723980001999962], [30.618490003000034, -25.72382999699994], [30.61119000900004, -25.719020000999933], [30.579569998000068, -25.753469997999957], [30.606119996000075, -25.78973000299993], [30.558640008000054, -25.76825999899995], [30.519299999000054, -25.728550000999974], [30.508740001000035, -25.736859995999964], [30.486379998000075, -25.76219999799997], [30.51485000200006, -25.78791000399997], [30.483989998000027, -25.81859000099996], [30.478830001000063, -25.793789997999966], [30.45678500100007, -25.80357000099997], [30.459140004000062, -25.80954000299994], [30.46408, -25.813850000999935], [30.448920001000033, -25.83056], [30.455369997000048, -25.838264996999953], [30.430570002000024, -25.85546999899998], [30.41906, -25.877560002999928], [30.381149996000033, -25.886899995999954], [30.331109998000045, -25.88054000099993], [30.299050002000058, -25.92637999699997], [30.278934998000068, -25.907155], [30.254, -25.893269997999937], [30.243440002000057, -25.87211000999997], [30.270399999000063, -25.825370000999953], [30.21375000200004, -25.804019998999934], [30.200829999000064, -25.836429995999936], [30.15173999800004, -25.819290002999935], [30.14970999600007, -25.82972], [30.09150999900004, -25.846219988999962], [30.086688003000063, -25.860293997999975], [30.036429999000063, -25.876950000999955], [29.989880003000053, -25.88365999699994], [29.997730002000026, -25.918669996999938], [29.95886000400003, -25.912899997999943], [29.943750004000037, -25.905660000999944], [29.898964, -25.869278995999935], [29.86179000100003, -25.862450002999935], [29.848149999000043, -25.875960002999932], [29.839289999000073, -25.906230002999962], [29.830569997000055, -25.92193], [29.856820002000063, -25.934500002999982], [29.876959998000075, -25.965210001999935], [29.856629996000038, -25.978969997999968], [29.856900004000067, -26.00319000099995], [29.86578999900007, -26.01392999899997], [29.830529996000053, -26.073489997999957], [29.82741999800004, -26.070969996999963], [29.811059999000065, -26.105299998999953], [29.80058100100007, -26.16350600399994], [29.80468999800007, -26.189510002999953], [29.83596, -26.245849998999972], [29.844699998000067, -26.22162999699998], [29.89907999600007, -26.21695], [29.900569999000027, -26.22099], [29.94110000200004, -26.21664], [29.96906000200005, -26.243360000999928], [29.99808499900007, -26.21788000199996], [30.04891000200007, -26.19236], [30.06185499700007, -26.209603000999948], [30.152269998000065, -26.214860002999956], [30.156349997000063, -26.258139996999944], [30.177190003000078, -26.249709997999958], [30.20815000500005, -26.201499997999974], [30.209469999000078, -26.220130001999962], [30.228600002000064, -26.21798999799995], [30.321799999000064, -26.183699995999973], [30.343530005000048, -26.22135999699998], [30.360000006000064, -26.206230000999938], [30.35002999900007, -26.187899997999978], [30.35802000500007, -26.17069], [30.390780001000053, -26.178289995999933], [30.493890002000057, -26.23304], [30.554080001000045, -26.217849998999952], [30.55435, -26.218829997999933], [30.565119998000057, -26.215409990999945], [30.574000003000037, -26.21501], [30.57552000100003, -26.21421], [30.574389997000026, -26.2127], [30.59276, -26.207990002999964], [30.624160003000043, -26.25877000299994], [30.626700001000074, -26.26611999599993], [30.624170002000028, -26.26379], [30.621049997000057, -26.264620002999948], [30.61073000400006, -26.316950003999978], [30.688579997000033, -26.30611], [30.727729004000025, -26.312198000999956], [30.755520997000076, -26.332773003999932], [30.732780001000037, -26.36637], [30.74868000300006, -26.374510003999944], [30.76823999900006, -26.41303000099998], [30.718969998000034, -26.41437999699997], [30.703300003000038, -26.443330001999982], [30.698690012000043, -26.444570002999967], [30.714390001000027, -26.485390000999928], [30.717919996000035, -26.48579000099994], [30.800260002000073, -26.504059998999935], [30.80506, -26.46667099499996], [30.831010003000074, -26.41117000099996], [30.85755799900005, -26.38379200299994], [30.891860001000055, -26.32082000099996], [30.96143799600003, -26.261732], [31.071039996000025, -26.067310000999953], [31.089610004000065, -26.026190000999975], [31.11275000200004, -25.98256999599994], [31.12657000300004, -25.92114999699993], [31.055690997000056, -25.92392099799997], [31.04390999000003, -25.912599996999973], [31.042629997000063, -25.884109987999977], [31.03951999900005, -25.86626000299998], [30.968099997000024, -25.93476000399994], [30.92433000300008, -25.931249996999952], [30.88033000300004, -25.925079998999934], [30.84986, -25.92634000399994], [30.812565001000053, -25.91537], [30.82097999800004, -25.909319996999955], [30.823059998000076, -25.876519997999935], [30.81431000200007, -25.86847000399996], [30.796770001000027, -25.863250001999972], [30.773649999000042, -25.86193999099993], [30.766839996000044, -25.85527000299993], [30.77064999600003, -25.850019998999983], [30.76109000200006, -25.831329996999955], [30.75219000100003, -25.82262000099996], [30.749459998000077, -25.803939997999976], [30.751859997000054, -25.80152000299995], [30.752270003000035, -25.798269997999967], [30.73939, -25.788599998999928], [30.730117001000053, -25.772451], [30.725089998000044, -25.759189996999964], [30.732650001000025, -25.741350001999933], [30.64662999500007, -25.71242000899997]]]]}}, {"type": "Feature", "properties": {"municipality_code_2021": "MP302", "name": "Msukaligwa"}, "geometry": {"type": "MultiPolygon", "coordinates": [[[[29.80468999800007, -26.189510002999953], [29.758840003000046, -26.225410001999933], [29.715359997000064, -26.203849998999942], [29.705100001000062, -26.22812000099998], [29.697520002000033, -26.227649996999958], [29.697420004000037, -26.23156000299997], [29.66762999900004, -26.244640001999983], [29.649245002000043, -26.24233000199996], [29.594280001000072, -26.239789997999935], [29.590860003000046, -26.24035], [29.585760003000075, -26.253410002999942], [29.540350001000036, -26.253879996999956], [29.542210001000058, -26.27642999899996], [29.529630008000026, -26.26884], [29.51674, -26.28093000299998], [29.527039996000042, -26.287989998999933], [29.523100003000025, -26.30146], [29.47029000200007, -26.303209995999964], [29.473080010000047, -26.33500000099997], [29.468669998000053, -26.352490001999968], [29.533979999000053, -26.35282], [29.507860003000076, -26.386589997999977], [29.546829999000067, -26.410360002999937], [29.566180002000067, -26.442750003999947], [29.603400003000047, -26.435000009999953], [29.606630003000078, -26.44577000299995], [29.625489998000035, -26.463180001999945], [29.629110001000072, -26.48149000099994], [29.61916999500005, -26.52905999799998], [29.639579998000045, -26.52973400199994], [29.641839998000023, -26.58076], [29.640350003000037, -26.62790999899994], [29.70418999800006, -26.649870001999943], [29.741910004000033, -26.64468000399995], [29.74224, -26.65629000299998], [29.79923999700003, -26.65467999699996], [29.82264400200006, -26.669365995999954], [29.869910007000044, -26.65015], [29.844299998000054, -26.756559996999954], [29.84296, -26.799460003999968], [29.84602, -26.79775], [29.85191, -26.798029996999958], [29.851420002000054, -26.80054999799995], [29.859019997000075, -26.804179998999928], [29.865770002000033, -26.809830002999945], [29.863030001000027, -26.813330003999965], [29.86433999600007, -26.813859995999962], [29.870860003000075, -26.80746999699994], [29.869180003000054, -26.8009], [29.870730004000052, -26.79949999699994], [29.867180004000033, -26.78849], [29.86968, -26.785330001999966], [29.87376, -26.786559996999983], [29.87469999800004, -26.79080999799993], [29.875560003000032, -26.789570003999984], [29.880719999000064, -26.789029997999933], [29.882019996000054, -26.792889996999975], [29.88424000400005, -26.787570005999953], [29.887840002000075, -26.786790001999975], [29.88811000100003, -26.78503], [29.885590008000065, -26.78397999799995], [29.887499999000056, -26.78282], [29.891120002000036, -26.78685], [29.88989, -26.787990002999948], [29.892350003000047, -26.7888], [29.893039999000052, -26.79242000299996], [29.89937999800003, -26.79633999799995], [29.900839999000027, -26.79589999899997], [29.902479999000036, -26.787659996999935], [29.904529997000054, -26.786629990999984], [29.91275999900006, -26.796799994999958], [29.913879997000038, -26.78531999599994], [29.918349997000064, -26.790780002999952], [29.92179, -26.789169997999977], [29.921099997000056, -26.786580000999948], [29.91929000400006, -26.787020000999973], [29.920060001000024, -26.78427000099998], [29.917080003000024, -26.78256999599995], [29.91869999800008, -26.781740001999935], [29.918749998000067, -26.779339995999976], [29.923480007000023, -26.777130002999968], [29.922769999000025, -26.770570002999932], [29.92614999700004, -26.764259997999943], [29.929000004000045, -26.765279998999972], [29.935110004000023, -26.76424000199995], [29.93471001200004, -26.76602], [29.93708, -26.763109996999958], [29.963759999000047, -26.770670001999974], [29.994810001000076, -26.69772000399996], [30.04593000400007, -26.71817], [30.05303000300006, -26.708659995999938], [30.111160004000055, -26.736320001999957], [30.127910004000057, -26.728859996999972], [30.152860004000047, -26.77215999699996], [30.127750001000038, -26.78555000299997], [30.13794000100006, -26.834820003999937], [30.167000002000066, -26.83497000099993], [30.174169996000046, -26.859809994999978], [30.20218000400007, -26.858789996999974], [30.18898000200005, -26.81698], [30.25076000100006, -26.824759995999955], [30.322750004000056, -26.824240001999954], [30.340419997000026, -26.774899997999967], [30.36593, -26.774070003999952], [30.365799999000046, -26.771240002999946], [30.398509998000065, -26.766429998999968], [30.401079998000057, -26.75934999699996], [30.40176000400004, -26.76053], [30.402780003000032, -26.759519997999973], [30.404160002000026, -26.76340000199997], [30.406269998000027, -26.764250000999937], [30.407589999000038, -26.760340001999964], [30.40961001000005, -26.75958000399993], [30.41015, -26.76079], [30.41445999800004, -26.75746000099997], [30.413560001000064, -26.754710001999968], [30.416019997000035, -26.751999995999938], [30.41866999800004, -26.75396000199993], [30.42336000100005, -26.753730003999976], [30.421729998000046, -26.75517999799996], [30.423340003000078, -26.758509996999976], [30.43137000100006, -26.758059997999965], [30.432880002000047, -26.75623], [30.433199999000067, -26.75072000299997], [30.43606000300008, -26.75375999099998], [30.435100001000023, -26.75606999699994], [30.439579999000046, -26.755849995999938], [30.442590001000042, -26.758520002999944], [30.44387000100005, -26.755860001999963], [30.447460001000024, -26.75717999699998], [30.44906, -26.75401999899998], [30.45916999800005, -26.75694], [30.46426, -26.751960001999976], [30.466349998000055, -26.751729996999927], [30.46842, -26.75371998999998], [30.471560002000047, -26.751], [30.47481500200007, -26.751210002999983], [30.47454, -26.748110001999976], [30.472270001000027, -26.74731000299994], [30.472109999000054, -26.74520999799995], [30.476109996000048, -26.741470000999982], [30.48381999600008, -26.741259998999965], [30.485070002000043, -26.73967999499996], [30.49071, -26.74243000299998], [30.492700009000032, -26.73519999699994], [30.496020002000023, -26.73328], [30.499290003000056, -26.73552000199993], [30.49935, -26.731180002999963], [30.501520001000074, -26.7292], [30.50596999700008, -26.73513000099996], [30.51216, -26.734449996999956], [30.51353, -26.72995999899996], [30.516980001000036, -26.727129997999953], [30.516500001000054, -26.72384], [30.52452, -26.72436000199997], [30.528720002000057, -26.721369996999954], [30.53166999700005, -26.723549996999964], [30.533420001000025, -26.72321999199994], [30.533570006000048, -26.72090000299994], [30.54392000200005, -26.71360999799998], [30.54566, -26.69983999599998], [30.554590003000044, -26.702889997999932], [30.55386999700005, -26.701039996999953], [30.55583000400003, -26.696840002999977], [30.550740002000055, -26.693769996999947], [30.55908000100004, -26.68888999799998], [30.558820001000072, -26.68644], [30.556590002000064, -26.68471999899998], [30.56054000100005, -26.66385999599993], [30.583970003000047, -26.647729995999953], [30.615210003000072, -26.650779997999962], [30.614709997000034, -26.64420999899994], [30.595169997000028, -26.636880003999977], [30.54968000200006, -26.640390000999957], [30.525200005000045, -26.625770001999967], [30.50157, -26.607709989999933], [30.50485999800003, -26.60398999699993], [30.468950001000053, -26.5586], [30.56106000300008, -26.505720002999965], [30.580489999000065, -26.50564000199995], [30.581649999000035, -26.509195003999935], [30.59294, -26.503039998999952], [30.611789997000074, -26.50179], [30.62586999900003, -26.505399996999984], [30.629369999000062, -26.50454999899995], [30.65550999900006, -26.53236000199996], [30.66630199800005, -26.540408998999965], [30.726809999000068, -26.508589995999955], [30.717919996000035, -26.48579000099994], [30.714390001000027, -26.485390000999928], [30.698690012000043, -26.444570002999967], [30.703300003000038, -26.443330001999982], [30.718969998000034, -26.41437999699997], [30.76823999900006, -26.41303000099998], [30.74868000300006, -26.374510003999944], [30.732780001000037, -26.36637], [30.755520997000076, -26.332773003999932], [30.727729004000025, -26.312198000999956], [30.688579997000033, -26.30611], [30.61073000400006, -26.316950003999978], [30.621049997000057, -26.264620002999948], [30.624170002000028, -26.26379], [30.626700001000074, -26.26611999599993], [30.624160003000043, -26.25877000299994], [30.59276, -26.207990002999964], [30.574389997000026, -26.2127], [30.57552000100003, -26.21421], [30.574000003000037, -26.21501], [30.565119998000057, -26.215409990999945], [30.55435, -26.218829997999933], [30.554080001000045, -26.217849998999952], [30.493890002000057, -26.23304], [30.390780001000053, -26.178289995999933], [30.35802000500007, -26.17069], [30.35002999900007, -26.187899997999978], [30.360000006000064, -26.206230000999938], [30.343530005000048, -26.22135999699998], [30.321799999000064, -26.183699995999973], [30.228600002000064, -26.21798999799995], [30.209469999000078, -26.220130001999962], [30.20815000500005, -26.201499997999974], [30.177190003000078, -26.249709997999958], [30.156349997000063, -26.258139996999944], [30.152269998000065, -26.214860002999956], [30.06185499700007, -26.209603000999948], [30.04891000200007, -26.19236], [29.99808499900007, -26.21788000199996], [29.96906000200005, -26.243360000999928], [29.94110000200004, -26.21664], [29.900569999000027, -26.22099], [29.89907999600007, -26.21695], [29.844699998000067, -26.22162999699998], [29.83596, -26.245849998999972], [29.80468999800007, -26.189510002999953]]]]}}, {"type": "Feature", "properties": {"municipality_code_2021": "MP303", "name": "Mkhondo"}, "geometry": {"type": "MultiPolygon", "coordinates": [[[[30.717919996000035, -26.48579000099994], [30.726809999000068, -26.508589995999955], [30.66630199800005, -26.540408998999965], [30.65550999900006, -26.53236000199996], [30.629369999000062, -26.50454999899995], [30.62586999900003, -26.505399996999984], [30.611789997000074, -26.50179], [30.59294, -26.503039998999952], [30.581649999000035, -26.509195003999935], [30.580489999000065, -26.50564000199995], [30.56106000300008, -26.505720002999965], [30.468950001000053, -26.5586], [30.50485999800003, -26.60398999699993], [30.50157, -26.607709989999933], [30.525200005000045, -26.625770001999967], [30.54968000200006, -26.640390000999957], [30.595169997000028, -26.636880003999977], [30.614709997000034, -26.64420999899994], [30.615210003000072, -26.650779997999962], [30.583970003000047, -26.647729995999953], [30.56054000100005, -26.66385999599993], [30.556590002000064, -26.68471999899998], [30.558820001000072, -26.68644], [30.55908000100004, -26.68888999799998], [30.550740002000055, -26.693769996999947], [30.55583000400003, -26.696840002999977], [30.55386999700005, -26.701039996999953], [30.554590003000044, -26.702889997999932], [30.54566, -26.69983999599998], [30.54392000200005, -26.71360999799998], [30.533570006000048, -26.72090000299994], [30.533420001000025, -26.72321999199994], [30.53166999700005, -26.723549996999964], [30.528720002000057, -26.721369996999954], [30.52452, -26.72436000199997], [30.516500001000054, -26.72384], [30.516980001000036, -26.727129997999953], [30.51353, -26.72995999899996], [30.51216, -26.734449996999956], [30.50596999700008, -26.73513000099996], [30.501520001000074, -26.7292], [30.49935, -26.731180002999963], [30.499290003000056, -26.73552000199993], [30.496020002000023, -26.73328], [30.492700009000032, -26.73519999699994], [30.49071, -26.74243000299998], [30.485070002000043, -26.73967999499996], [30.48381999600008, -26.741259998999965], [30.476109996000048, -26.741470000999982], [30.472109999000054, -26.74520999799995], [30.472270001000027, -26.74731000299994], [30.47454, -26.748110001999976], [30.47481500200007, -26.751210002999983], [30.471560002000047, -26.751], [30.46842, -26.75371998999998], [30.466349998000055, -26.751729996999927], [30.46426, -26.751960001999976], [30.45916999800005, -26.75694], [30.44906, -26.75401999899998], [30.447460001000024, -26.75717999699998], [30.44387000100005, -26.755860001999963], [30.442590001000042, -26.758520002999944], [30.439579999000046, -26.755849995999938], [30.435100001000023, -26.75606999699994], [30.43606000300008, -26.75375999099998], [30.433199999000067, -26.75072000299997], [30.432880002000047, -26.75623], [30.43137000100006, -26.758059997999965], [30.423340003000078, -26.758509996999976], [30.421729998000046, -26.75517999799996], [30.42336000100005, -26.753730003999976], [30.41866999800004, -26.75396000199993], [30.416019997000035, -26.751999995999938], [30.413560001000064, -26.754710001999968], [30.41445999800004, -26.75746000099997], [30.41015, -26.76079], [30.40961001000005, -26.75958000399993], [30.407589999000038, -26.760340001999964], [30.406269998000027, -26.764250000999937], [30.404160002000026, -26.76340000199997], [30.402780003000032, -26.759519997999973], [30.40176000400004, -26.76053], [30.401079998000057, -26.75934999699996], [30.398509998000065, -26.766429998999968], [30.365799999000046, -26.771240002999946], [30.36593, -26.774070003999952], [30.340419997000026, -26.774899997999967], [30.322750004000056, -26.824240001999954], [30.25076000100006, -26.824759995999955], [30.24370000300007, -26.85984999599998], [30.271940001000075, -26.950869995999938], [30.267260995000072, -26.974026998999932], [30.270799999000076, -26.9734], [30.271119997000028, -27.009510001999956], [30.29470000400005, -27.021520000999942], [30.295749998000076, -27.016160000999946], [30.334219997000048, -26.99063999899994], [30.360659999000063, -26.97003], [30.382639999000048, -26.987300002999973], [30.39947999900005, -27.021520000999942], [30.393729, -27.060218003999978], [30.398769999000024, -27.065290002999973], [30.387469999000075, -27.07373200199993], [30.380630002000032, -27.117010000999983], [30.36172, -27.12655999699996], [30.35204000400006, -27.11938999599994], [30.31546, -27.14626], [30.33893000200004, -27.159280001999946], [30.328069995000078, -27.183920000999933], [30.352959998000074, -27.192399997999928], [30.367600002000074, -27.199849996999944], [30.38508999700008, -27.218920002999937], [30.39478999800008, -27.21956999799994], [30.399010004000047, -27.207079995999948], [30.417720002000067, -27.211830001999942], [30.44848999900006, -27.207199997999965], [30.48886000600004, -27.176470001999974], [30.499740002000067, -27.170890000999975], [30.53387999800003, -27.169110003999947], [30.54353999800003, -27.17454999699993], [30.55118000300007, -27.17458999699994], [30.566910003000032, -27.16951000299997], [30.52962, -27.238089996999975], [30.524380002000044, -27.236160002999952], [30.525289997000073, -27.255390002999945], [30.50226000300006, -27.283549997999955], [30.52813999500006, -27.292679997999983], [30.527049997000063, -27.315749989999972], [30.54078998500006, -27.32163001799995], [30.546249984000042, -27.325759983999944], [30.55105998600004, -27.32545001699998], [30.557719985000062, -27.32762001599997], [30.58711998900003, -27.323069982999982], [30.660619991000033, -27.287920009999937], [30.706799990000036, -27.283289986999932], [30.713199985000074, -27.286070021999933], [30.717759986000033, -27.283790016999944], [30.718809987000043, -27.28446998399994], [30.717899990000035, -27.287239987999953], [30.720699985000067, -27.29093002199994], [30.724909985000068, -27.28960001799993], [30.72606998300006, -27.293610015999946], [30.725089985000068, -27.29556998299995], [30.728259983000044, -27.299339977999978], [30.73440998800004, -27.295159982999962], [30.740349988000048, -27.29456001799997], [30.74384998800008, -27.300619982999933], [30.741889984000068, -27.30317998299995], [30.743269988000065, -27.30606998299993], [30.75079998800004, -27.298749982999936], [30.75556997800004, -27.30459997899993], [30.758309987000075, -27.304379982999933], [30.762739985000053, -27.30738998399994], [30.759959984000034, -27.313579983999944], [30.762849983000024, -27.314519983999958], [30.766209985000046, -27.31929998299995], [30.769029982000063, -27.319019974999946], [30.77099998500006, -27.32636998199996], [30.77416998800004, -27.32427998299994], [30.784399989000065, -27.324319982999953], [30.785499989000073, -27.31917001599993], [30.78037998600007, -27.316929982999966], [30.778629988000034, -27.314429982999968], [30.782649986000024, -27.314799979999975], [30.788929992000078, -27.31279998699995], [30.790989982000042, -27.318450020999933], [30.79694998100007, -27.32235997899994], [30.79715002200004, -27.326589981999973], [30.80414998300006, -27.32425998399998], [30.806229984000026, -27.327320016999977], [30.808789983000054, -27.328280018999976], [30.802179986000056, -27.332119981999938], [30.804819988000077, -27.33451998299995], [30.81137998300005, -27.332389976999934], [30.808249986000078, -27.338920015999975], [30.81607998800007, -27.34007001799995], [30.820479988000045, -27.33613001699996], [30.821279985000047, -27.33947997799993], [30.828169986000034, -27.34328997399996], [30.82857998700007, -27.344699981999952], [30.823340022000025, -27.34580998299998], [30.822339985000042, -27.35416001699997], [30.83018998600005, -27.350029982999956], [30.837829990000046, -27.35004001599998], [30.841359985000054, -27.35287002399997], [30.843709985000032, -27.352740015999927], [30.84487998800006, -27.346059983999965], [30.84989998700007, -27.343289979999952], [30.854269988000055, -27.34442998299994], [30.857589982000036, -27.343300015999944], [30.855889985000033, -27.336999979999973], [30.85793998400004, -27.33676001599997], [30.86130998400006, -27.339069983999934], [30.86176998800005, -27.33396001799997], [30.864819990000058, -27.33178001699997], [30.863669988000026, -27.319619983999928], [30.86590998500003, -27.312669980999942], [30.875200025000026, -27.31430998099995], [30.882099982000057, -27.312370018999957], [30.88409998000003, -27.308749983999974], [30.886729987000024, -27.31082001699997], [30.90232998500005, -27.308099983999966], [30.906469988000026, -27.305520016999935], [30.909719988000063, -27.30543998299993], [30.911629988000072, -27.308149982999964], [30.91548998500008, -27.30543998299993], [30.922159988000033, -27.305049981999957], [30.92384998700004, -27.30596001699996], [30.924469987000066, -27.31131001899996], [30.92097998500003, -27.318189983999957], [30.924459988000024, -27.325530019999974], [30.923279986000068, -27.330450017999965], [30.93152998800008, -27.340489980999962], [30.939329986000075, -27.34656998099996], [30.938189984000076, -27.35674998299993], [30.94129999000006, -27.360079982999935], [30.940479985000024, -27.365179981999972], [30.94220998700007, -27.36809998299998], [30.948029989000077, -27.366080013999976], [30.955379984000047, -27.35970998299996], [30.958079989000055, -27.360559988999967], [30.95989998500005, -27.36406998299998], [30.96310998900003, -27.36577998299998], [30.970029985000053, -27.363309982999965], [30.977369989000067, -27.35803998299997], [30.981489990000057, -27.359220015999938], [30.984699988000045, -27.357459981999966], [31.002550025000062, -27.35878998399994], [31.005209988000047, -27.35154001899997], [31.008429982000052, -27.34876001599997], [31.010619989000077, -27.34907998799997], [31.01390999000006, -27.355029987999956], [31.020549988000027, -27.36060998199997], [31.024329985000065, -27.351860018999957], [31.030899987000055, -27.34632001799997], [31.034839988000044, -27.34576001599993], [31.037999987000035, -27.35147001599995], [31.044039987000076, -27.35325998099995], [31.04622999000003, -27.351879983999936], [31.048439982000048, -27.345130016999974], [31.05075998700005, -27.343220017999954], [31.06518998200005, -27.338329982999937], [31.078829986000073, -27.343090015999962], [31.083959981000078, -27.33559002399994], [31.09857998600006, -27.329759982999974], [31.10155998500005, -27.333160017999944], [31.100959988000056, -27.335760020999942], [31.14086502400005, -27.362659979999933], [31.16586999200007, -27.368520012999966], [31.204769990000045, -27.317120011999975], [31.27432998000006, -27.24317002099997], [31.150550002000045, -27.202080002999935], [31.06132999700003, -27.096290005999947], [31.02175999700006, -27.06778000199995], [30.984759997000026, -27.03698000199995], [30.958326003000025, -26.99212899799994], [30.97371, -26.964509997999983], [30.976519997000025, -26.953429997999933], [30.976819999000043, -26.92160999899994], [30.973559995000073, -26.908210001999976], [30.96334999800007, -26.90216999699993], [30.953660004000028, -26.893240008999953], [30.943009999000026, -26.888209996999933], [30.94074, -26.883899998999937], [30.93719999900003, -26.883130001999973], [30.925209996000035, -26.871819995999942], [30.90742, -26.859929998999974], [30.906949997000027, -26.854939995999928], [30.90224999700007, -26.851800001999948], [30.892970001000037, -26.805310003999978], [30.89191, -26.785060003999945], [30.889370003000067, -26.788960010999972], [30.889550002000078, -26.79474], [30.887709998000048, -26.799189996999928], [30.888790003000054, -26.802019997999935], [30.88728499900003, -26.803584998999952], [30.872029997000027, -26.809279998999955], [30.861720003000073, -26.81867], [30.85318, -26.81765998999998], [30.848049999000068, -26.81897000899994], [30.84401, -26.825080001999936], [30.83610000400006, -26.826900001999945], [30.82531, -26.840150001999973], [30.81321999900007, -26.844480003999934], [30.81255, -26.84349999699998], [30.802650003000053, -26.82402000199994], [30.79088999800007, -26.715060000999983], [30.79181, -26.569109998999977], [30.800260002000073, -26.504059998999935], [30.717919996000035, -26.48579000099994]]]]}}, {"type": "Feature", "properties": {"municipality_code_2021": "MP304", "name": "Dr Pixley Ka Isaka Seme"}, "geometry": {"type": "MultiPolygon", "coordinates": [[[[30.25076000100006, -26.824759995999955], [30.18898000200005, -26.81698], [30.20218000400007, -26.858789996999974], [30.174169996000046, -26.859809994999978], [30.167000002000066, -26.83497000099993], [30.13794000100006, -26.834820003999937], [30.127750001000038, -26.78555000299997], [30.152860004000047, -26.77215999699996], [30.127910004000057, -26.728859996999972], [30.111160004000055, -26.736320001999957], [30.05303000300006, -26.708659995999938], [30.04593000400007, -26.71817], [29.994810001000076, -26.69772000399996], [29.963759999000047, -26.770670001999974], [29.93708, -26.763109996999958], [29.93471001200004, -26.76602], [29.935110004000023, -26.76424000199995], [29.929000004000045, -26.765279998999972], [29.92614999700004, -26.764259997999943], [29.922769999000025, -26.770570002999932], [29.923480007000023, -26.777130002999968], [29.918749998000067, -26.779339995999976], [29.91869999800008, -26.781740001999935], [29.917080003000024, -26.78256999599995], [29.920060001000024, -26.78427000099998], [29.91929000400006, -26.787020000999973], [29.921099997000056, -26.786580000999948], [29.92179, -26.789169997999977], [29.918349997000064, -26.790780002999952], [29.913879997000038, -26.78531999599994], [29.91275999900006, -26.796799994999958], [29.904529997000054, -26.786629990999984], [29.902479999000036, -26.787659996999935], [29.900839999000027, -26.79589999899997], [29.89937999800003, -26.79633999799995], [29.893039999000052, -26.79242000299996], [29.892350003000047, -26.7888], [29.88989, -26.787990002999948], [29.891120002000036, -26.78685], [29.887499999000056, -26.78282], [29.885590008000065, -26.78397999799995], [29.88811000100003, -26.78503], [29.887840002000075, -26.786790001999975], [29.88424000400005, -26.787570005999953], [29.882019996000054, -26.792889996999975], [29.880719999000064, -26.789029997999933], [29.875560003000032, -26.789570003999984], [29.87469999800004, -26.79080999799993], [29.87376, -26.786559996999983], [29.86968, -26.785330001999966], [29.867180004000033, -26.78849], [29.870730004000052, -26.79949999699994], [29.869180003000054, -26.8009], [29.870860003000075, -26.80746999699994], [29.86433999600007, -26.813859995999962], [29.863030001000027, -26.813330003999965], [29.865770002000033, -26.809830002999945], [29.859019997000075, -26.804179998999928], [29.851420002000054, -26.80054999799995], [29.85191, -26.798029996999958], [29.84602, -26.79775], [29.84296, -26.799460003999968], [29.840240003000076, -26.80330999699993], [29.84806, -26.80713000199995], [29.84686, -26.808150010999952], [29.842979997000043, -26.80669000299997], [29.84385, -26.80874999899993], [29.84533000400006, -26.808579995999935], [29.84448999600005, -26.810010002999945], [29.836809999000025, -26.808719994999933], [29.836279998000066, -26.810060000999954], [29.83831, -26.809620001999974], [29.836939999000037, -26.813239994999947], [29.84407, -26.819049993999954], [29.841109998000036, -26.818279996999934], [29.837619996000058, -26.82301999699996], [29.832580002000043, -26.82163000099996], [29.83326, -26.826990001999945], [29.830619996000053, -26.83089999899994], [29.825840003000053, -26.829399998999975], [29.82297999900004, -26.82519999599998], [29.813660002000063, -26.820120000999964], [29.814320003000034, -26.81743999699995], [29.81247999900006, -26.817129988999966], [29.813740004000067, -26.815449995999984], [29.81163999900008, -26.812329998999928], [29.80197000100003, -26.810669994999955], [29.79434000200007, -26.814580000999968], [29.795199999000033, -26.81906], [29.803480008000065, -26.821410000999947], [29.80428999800006, -26.82337999599997], [29.803849997000043, -26.82615999799998], [29.80055999900003, -26.82966], [29.793689999000037, -26.82375000199994], [29.791399997000042, -26.823580000999982], [29.79001, -26.82576], [29.793779999000037, -26.83381000099996], [29.79825, -26.83555], [29.80246999800005, -26.84087], [29.79960000400007, -26.848279997999953], [29.792599996000035, -26.847770000999958], [29.79093000200004, -26.849249997999948], [29.787290003000066, -26.84928999899995], [29.78605000300007, -26.844859997999947], [29.78143000500006, -26.84237], [29.77853, -26.844909997999935], [29.780120001000057, -26.848560002999932], [29.772410001000026, -26.85291000199993], [29.771019996000064, -26.85680000399998], [29.767519996000033, -26.857749998999964], [29.765689999000074, -26.84575999699996], [29.761600001000033, -26.84025], [29.764470003000042, -26.83793000199995], [29.762240005000024, -26.83336000299994], [29.758949999000038, -26.83165], [29.750240004000034, -26.83184999499997], [29.748790002000078, -26.83292000299997], [29.74964, -26.834949995999978], [29.74706000200007, -26.83396999599995], [29.74644001000007, -26.83204000199993], [29.744750003000036, -26.83302999899996], [29.74426000300008, -26.837000001999968], [29.740739999000027, -26.83943000299996], [29.742169997000076, -26.848019996999938], [29.73719999800005, -26.84795000099996], [29.73634000100003, -26.84946999899995], [29.73794999900008, -26.851720000999933], [29.73265000300006, -26.856129995999936], [29.723939992000055, -26.848369996999963], [29.72473000100007, -26.84158], [29.72221, -26.841009997999947], [29.718250003000037, -26.843679994999945], [29.707800002000056, -26.841199995999943], [29.70462999800003, -26.842699996999954], [29.70391, -26.84986], [29.701020002000064, -26.851090001999978], [29.70129999900007, -26.854039988999943], [29.696890004000068, -26.855030001999978], [29.691010001000052, -26.850390000999937], [29.68423000100006, -26.857489998999938], [29.66898000200007, -26.857009996999977], [29.65889, -26.86267999699993], [29.65743, -26.86930000199993], [29.668509999000037, -26.901139997999962], [29.665229999000076, -26.943229998999982], [29.65862000100003, -26.95792000299997], [29.648129999000048, -26.99579999599996], [29.65574999900008, -27.004530992999946], [29.647620003000043, -27.032020000999978], [29.63722, -27.03207999899996], [29.620230004000064, -27.074550002999956], [29.632020003000036, -27.100069994999956], [29.572769996000034, -27.105379995999954], [29.55040000300005, -27.18561000099993], [29.54007000400003, -27.18252999599997], [29.486420002000045, -27.172779996999964], [29.49258000100008, -27.19468999299994], [29.46005000200006, -27.23248000199993], [29.433929998000053, -27.234289995999973], [29.418859999000063, -27.25452], [29.42003000400007, -27.255459996999946], [29.42030000300008, -27.25386999699998], [29.421749997000063, -27.25385999899993], [29.421320003000062, -27.256609998999977], [29.423320002000025, -27.257560001999934], [29.42653999600003, -27.256280001999983], [29.424770004000038, -27.254749997999966], [29.42817999600004, -27.25386999699998], [29.432040003000054, -27.262199996999982], [29.43435000200003, -27.261330001999966], [29.43569, -27.262840000999972], [29.436430003000055, -27.261009995999927], [29.43946, -27.267649995999932], [29.44343000300006, -27.266929997999966], [29.448109998000064, -27.27298000299993], [29.448329998000077, -27.275380000999974], [29.450679998000055, -27.274810000999935], [29.450639997000053, -27.27813], [29.451749997000036, -27.27633999699998], [29.453339998000047, -27.276949997999964], [29.45514999900007, -27.279609996999966], [29.45479, -27.282619998999962], [29.45659000300003, -27.281500000999984], [29.456489997000062, -27.284209998999984], [29.460289999000054, -27.28438000099993], [29.45909, -27.286320002999958], [29.461059996000074, -27.286689998999975], [29.46173000300007, -27.285340003999977], [29.463669997000068, -27.287719996999954], [29.466340003000028, -27.299], [29.46866, -27.298749998999938], [29.470009996000044, -27.300259996999955], [29.46874000200006, -27.301489998999955], [29.470939996000027, -27.301509995999936], [29.46975000300006, -27.30357], [29.47223000300005, -27.309509998999943], [29.467620004000025, -27.31561000299996], [29.470220006000034, -27.320369997999933], [29.46898999600006, -27.32420000299993], [29.48074000300005, -27.33281999199994], [29.48262999800005, -27.33223000099997], [29.48332000100004, -27.328079998999954], [29.48632000400005, -27.327310009999962], [29.484349999000074, -27.340229997999984], [29.48677000200007, -27.340620006999927], [29.4878, -27.337550001999944], [29.490159998000024, -27.336980000999972], [29.48981999600005, -27.344900002999964], [29.484849997000026, -27.347029993999968], [29.487130001000025, -27.35063], [29.483010001000025, -27.35692999799994], [29.482769997000048, -27.360039996999944], [29.486550002000058, -27.362790004999965], [29.50294000300005, -27.358179995999933], [29.505219999000076, -27.36504999699997], [29.512440008000056, -27.367850002999944], [29.509479998000074, -27.36921999599997], [29.508729998000035, -27.372740000999954], [29.508840002000056, -27.376379997999948], [29.511919998000053, -27.379569991999972], [29.52002, -27.384369995999975], [29.522170003000042, -27.382780002999937], [29.51834999700003, -27.377870001999952], [29.523919999000043, -27.377179997999974], [29.52715, -27.37828], [29.530439998000077, -27.38276999699997], [29.52981, -27.38640999699993], [29.525709996000046, -27.38626], [29.52714001000004, -27.394109997999976], [29.538069997000036, -27.387029996999956], [29.541569997000067, -27.391480000999934], [29.543490002000055, -27.39900000399996], [29.55019999900003, -27.397829997999963], [29.552029996000044, -27.39875], [29.54891, -27.40473000099996], [29.54914999600004, -27.409179996999967], [29.55204000300006, -27.413569996999968], [29.54736999800008, -27.414099996999937], [29.542550004000077, -27.41996000299997], [29.550010001000032, -27.424099998999964], [29.546309997000037, -27.429220002999955], [29.54646000200006, -27.43111999699994], [29.55405, -27.43195999699998], [29.556149997000034, -27.43096000199995], [29.55994, -27.432179996999935], [29.561289997000074, -27.441330000999983], [29.563300002000062, -27.44267999699997], [29.567529998000055, -27.44128000099994], [29.56906999200004, -27.442099997999946], [29.57909999700007, -27.45445], [29.578680001000066, -27.456509996999955], [29.57673999900004, -27.456949995999935], [29.57811, -27.45958000199994], [29.580019999000058, -27.45839000099994], [29.58103999900004, -27.460719995999966], [29.58458999800007, -27.46186999599996], [29.58356, -27.462309997999967], [29.58449999800007, -27.464360002999967], [29.588960001000032, -27.463250002999928], [29.589660003000063, -27.466339997999967], [29.59441000100003, -27.467420001999983], [29.59792999800004, -27.470099997999966], [29.59932000300006, -27.46890999699997], [29.60071, -27.470059997999954], [29.59982, -27.472809996999956], [29.601590001000034, -27.471779998999978], [29.602950003000046, -27.47413], [29.60095999500004, -27.476839997999946], [29.60390000800004, -27.4802], [29.601829998000028, -27.481650000999934], [29.604880007000077, -27.48541000299997], [29.603980001000025, -27.4942], [29.606839997000066, -27.49659], [29.609319997000057, -27.496440002999975], [29.618910002000064, -27.506020001999957], [29.625529999000037, -27.50572], [29.629659997000033, -27.50231], [29.63678, -27.50471999699994], [29.64941, -27.50422999699998], [29.650529997000035, -27.49974999799997], [29.655059996000034, -27.496239998999954], [29.66685999300006, -27.495899995999935], [29.674130001000037, -27.49800000199997], [29.679480003000037, -27.49681000099997], [29.681030011000075, -27.500130001999935], [29.685810004000075, -27.497759997999935], [29.688319999000043, -27.493499997999947], [29.693549999000027, -27.49225], [29.698879996000073, -27.49468000099995], [29.70143, -27.49394999599997], [29.706510003000062, -27.487900001999947], [29.704870003000053, -27.485829998999975], [29.70630999900004, -27.481729995999956], [29.69922999700003, -27.47776], [29.69773001200008, -27.47541], [29.699290002000055, -27.47469000199993], [29.698360002000072, -27.472560002999955], [29.702390003000062, -27.465849997999953], [29.69935999000006, -27.459090001999982], [29.69913999700003, -27.450770000999967], [29.704390002000025, -27.445390003999933], [29.71056, -27.443949998999983], [29.71721999700003, -27.44032999799998], [29.71703, -27.43841999899996], [29.719670003000033, -27.43826000399997], [29.721419999000034, -27.432770002999973], [29.732499999000026, -27.430929998999943], [29.74463999900007, -27.4326], [29.74659998900006, -27.43517000099996], [29.75867998600006, -27.442570014999944], [29.75940998200008, -27.44442001699997], [29.773439986000028, -27.45380998099995], [29.790909990000046, -27.45922001499997], [29.796239988000025, -27.45769998199995], [29.79912998800006, -27.45121998299993], [29.805809991000046, -27.45036001099993], [29.811440032000064, -27.44607002999993], [29.811349992000032, -27.435650015999954], [29.81369998300005, -27.433940020999955], [29.81451998600005, -27.430579980999937], [29.822649988000023, -27.427299981999965], [29.821659985000053, -27.411529980999944], [29.824869989000035, -27.406999981999945], [29.833749987000033, -27.403779979999968], [29.835979989000066, -27.396880016999944], [29.83489998500005, -27.390320016999965], [29.840189999000074, -27.37898998099996], [29.846339986000032, -27.37871998299994], [29.866209988000037, -27.38414998299993], [29.88507998800003, -27.37658001699998], [29.88644998700005, -27.381749986999978], [29.890149991000044, -27.38551997999997], [29.89913997700006, -27.385490027999936], [29.909429980000027, -27.373800020999965], [29.917219986000077, -27.354409982999982], [29.955499987000053, -27.364859982999974], [29.97846998700004, -27.37299001699995], [29.99506998700008, -27.388370014999964], [30.016241986000068, -27.39758901999994], [30.024469985000053, -27.394499981999957], [30.030599989000052, -27.386699981999982], [30.039579984000056, -27.38926001799996], [30.046359989000052, -27.38677001399998], [30.052229987000032, -27.379659981999964], [30.068289979000042, -27.36587001999993], [30.079029983000055, -27.37015998299995], [30.086819985000034, -27.368499981999946], [30.111609989000044, -27.386529982999946], [30.14341502600007, -27.413394024999945], [30.15271997900004, -27.404280021999966], [30.154099986000062, -27.39696997799996], [30.15023998600003, -27.392249985999968], [30.160709988000065, -27.387149981999983], [30.165839990000052, -27.38749998299994], [30.17814998500006, -27.378260017999935], [30.190069980000033, -27.368870019999974], [30.19807998400006, -27.355180022999946], [30.22863998500003, -27.365349986999945], [30.234669988000064, -27.380739967999943], [30.24658998800004, -27.373859983999978], [30.279930016000037, -27.368589975999953], [30.280449985000075, -27.350319982999963], [30.27872998500004, -27.33263001499995], [30.281629988000077, -27.328209982999965], [30.28248998600003, -27.314439981999953], [30.30221998500008, -27.31739498199994], [30.317529984000032, -27.301980020999963], [30.328374980000035, -27.299639980999928], [30.36670999000006, -27.31168998199996], [30.368379985000047, -27.287279980999983], [30.367609988000027, -27.267429979999974], [30.39761998700004, -27.273779978999983], [30.426449989000048, -27.269830018999983], [30.425979979000033, -27.31496001499994], [30.43345998700005, -27.32568001599998], [30.448269998000058, -27.32773993799998], [30.453199985000026, -27.325079982999966], [30.458349988000066, -27.32670001699995], [30.462079988000028, -27.325209980999944], [30.46593998700007, -27.326349983999933], [30.46632998800004, -27.324299983999936], [30.47504998900007, -27.31952998199995], [30.496329987000024, -27.31251001499993], [30.527049997000063, -27.315749989999972], [30.52813999500006, -27.292679997999983], [30.50226000300006, -27.283549997999955], [30.525289997000073, -27.255390002999945], [30.524380002000044, -27.236160002999952], [30.52962, -27.238089996999975], [30.566910003000032, -27.16951000299997], [30.55118000300007, -27.17458999699994], [30.54353999800003, -27.17454999699993], [30.53387999800003, -27.169110003999947], [30.499740002000067, -27.170890000999975], [30.48886000600004, -27.176470001999974], [30.44848999900006, -27.207199997999965], [30.417720002000067, -27.211830001999942], [30.399010004000047, -27.207079995999948], [30.39478999800008, -27.21956999799994], [30.38508999700008, -27.218920002999937], [30.367600002000074, -27.199849996999944], [30.352959998000074, -27.192399997999928], [30.328069995000078, -27.183920000999933], [30.33893000200004, -27.159280001999946], [30.31546, -27.14626], [30.35204000400006, -27.11938999599994], [30.36172, -27.12655999699996], [30.380630002000032, -27.117010000999983], [30.387469999000075, -27.07373200199993], [30.398769999000024, -27.065290002999973], [30.393729, -27.060218003999978], [30.39947999900005, -27.021520000999942], [30.382639999000048, -26.987300002999973], [30.360659999000063, -26.97003], [30.334219997000048, -26.99063999899994], [30.295749998000076, -27.016160000999946], [30.29470000400005, -27.021520000999942], [30.271119997000028, -27.009510001999956], [30.270799999000076, -26.9734], [30.267260995000072, -26.974026998999932], [30.271940001000075, -26.950869995999938], [30.24370000300007, -26.85984999599998], [30.25076000100006, -26.824759995999955]]]]}}, {"type": "Feature", "properties": {"municipality_code_2021": "MP305", "name": "Lekwa"}, "geometry": {"type": "MultiPolygon", "coordinates": [[[[28.911099997000065, -27.01854000299994], [28.92039, -27.011079997999957], [28.92463000200007, -27.01183999699998], [28.929290001000027, -27.014849996999942], [28.940789997000024, -27.015480003999983], [28.954580003000046, -27.011630001999947], [28.96149000400004, -26.998899995999977], [28.966079999000044, -26.994880002999935], [28.967530001000057, -26.991459995999946], [28.97372000400003, -26.992710001999967], [28.977500001000067, -26.99579999599996], [28.993490003000034, -27.003199996999967], [29.009729999000058, -27.00641000099995], [29.015141792000065, -27.00995693699997], [29.022679998000058, -27.01528], [29.02701999800007, -27.01643], [29.028079999000056, -27.018450001999952], [29.026179998000032, -27.02209], [29.03124000300005, -27.02895999499998], [29.035240001000034, -27.02729], [29.038770003000025, -27.022490000999937], [29.03884, -27.00482], [29.04446000100006, -27.00394999599996], [29.05723, -27.00929999899995], [29.05966, -27.017959996999934], [29.05360999800007, -27.029930001999958], [29.05326000900004, -27.033509995999964], [29.064859999000078, -27.04283000099997], [29.064509998000062, -27.044529998999963], [29.061539998000057, -27.04597999899994], [29.061830001000033, -27.048869998999976], [29.06831, -27.055009995999967], [29.071949999000026, -27.05631], [29.070820002000062, -27.060060001999943], [29.074249999000074, -27.063470002999964], [29.073290003000068, -27.06499999899995], [29.07079999800004, -27.063970000999973], [29.07195999700008, -27.065939997999976], [29.070070001000033, -27.06775999599995], [29.06822999800005, -27.067429998999955], [29.067389998000067, -27.064739997999936], [29.065439998000045, -27.06508], [29.061030001000063, -27.07175000199993], [29.06213000200006, -27.07554], [29.060869999000033, -27.078529996999976], [29.05574999600003, -27.07872999899996], [29.055739997000046, -27.08134], [29.06192, -27.085269995999965], [29.06467, -27.08366999599997], [29.06733, -27.085500000999957], [29.07183000300006, -27.085729998999966], [29.073719999000048, -27.090820006999934], [29.077730002000067, -27.092579995999984], [29.083289999000044, -27.10542999699993], [29.08643, -27.106680000999972], [29.085729999000023, -27.110259996999957], [29.08865, -27.112999996999974], [29.086230003000026, -27.116010003999975], [29.08881000200006, -27.11855000199995], [29.09273999100003, -27.11816], [29.091730002000077, -27.12113999899998], [29.09702999900003, -27.12273], [29.09924, -27.12688000199995], [29.104010001000063, -27.13034000199997], [29.105409998000027, -27.13376], [29.101830003000032, -27.134240001999956], [29.10135000200006, -27.137239991999934], [29.10744999700006, -27.141889996999964], [29.110629999000025, -27.14771000099995], [29.113450001000047, -27.149559996999983], [29.112099998000076, -27.15282999799996], [29.114110002000075, -27.158909995999977], [29.113660003000064, -27.163239997999938], [29.117139999000074, -27.172530000999927], [29.121009996000055, -27.171569998999928], [29.124419997000075, -27.16722999899997], [29.126499997000053, -27.16709999799997], [29.126910003000035, -27.168999998999936], [29.129570003000026, -27.16836000199993], [29.12958000100008, -27.162820001999933], [29.131570002000046, -27.16244], [29.132100002000072, -27.160170000999983], [29.133420004000072, -27.162560001999964], [29.13716000100004, -27.161249990999977], [29.137950002000025, -27.158409997999968], [29.13632, -27.154609997999955], [29.13765999800006, -27.152410001999954], [29.14167000200007, -27.15380999799993], [29.146050004000074, -27.152749995999955], [29.147369997000055, -27.149080002999938], [29.151020002000053, -27.151900006999938], [29.152649996000036, -27.146], [29.15614998800004, -27.144930000999977], [29.15879, -27.14607000199993], [29.15945, -27.143110001999958], [29.170070003000035, -27.141430000999947], [29.178230002000078, -27.14653999799998], [29.17982000300003, -27.144120001999966], [29.18305000400005, -27.14542999899993], [29.190209999000047, -27.14325], [29.189679999000077, -27.14094], [29.192559999000025, -27.140299996999943], [29.192699997000034, -27.13704999899994], [29.195039999000073, -27.140209995999953], [29.19791999100005, -27.14062000299998], [29.20397000300005, -27.144870003999984], [29.20970999900004, -27.142379996999978], [29.215760002000025, -27.147630000999982], [29.22387000200007, -27.14470000299997], [29.22778999800005, -27.147079988999963], [29.227119999000024, -27.14990000699993], [29.229159999000046, -27.15100999899994], [29.226980001000072, -27.155349998999952], [29.228589998000075, -27.156799992999936], [29.228109997000047, -27.161079996999945], [29.230709999000055, -27.160369996999975], [29.22980999400005, -27.16722999899997], [29.235509997000065, -27.17308998799996], [29.236490004000075, -27.177590000999942], [29.234720003000064, -27.183160001999966], [29.24125, -27.18225999799995], [29.243659997000066, -27.18351000399997], [29.243360003000078, -27.18525000099993], [29.240629992000038, -27.18458000299995], [29.239610008000056, -27.18631000199997], [29.241910001000065, -27.188419995999936], [29.24259999700007, -27.18613000199997], [29.24429000300006, -27.18619], [29.246529999000074, -27.188469994999934], [29.245310003000043, -27.190939997999976], [29.246290002000023, -27.191969996999944], [29.254090002000055, -27.189680001999932], [29.25351000300003, -27.193970001999958], [29.256270001000075, -27.194610007999984], [29.25827000700008, -27.184329998999942], [29.26044, -27.181339995999963], [29.26292, -27.18296999599994], [29.26021999900007, -27.18380999799996], [29.263250004000042, -27.18738000099995], [29.265780004000078, -27.18675000199994], [29.26680000300007, -27.184039995999967], [29.268189993000078, -27.18486], [29.265679998000053, -27.191590000999952], [29.270249997000064, -27.18933999799998], [29.269370004000052, -27.19293999599995], [29.270779997000034, -27.195790002999956], [29.26826000400007, -27.19610000299997], [29.268209997000042, -27.19829999799998], [29.271940004000044, -27.19620999899996], [29.272189998000044, -27.191620003999958], [29.274679997000078, -27.192719996999983], [29.27318000400004, -27.195639997999933], [29.27668000400007, -27.19433000199996], [29.281979999000043, -27.19500999899998], [29.280739999000048, -27.198909998999966], [29.281889999000043, -27.19959000399996], [29.284999998000046, -27.194969997999976], [29.28184999800004, -27.19213999699997], [29.28389999600006, -27.19363999899997], [29.28408000400003, -27.19071], [29.286390003000065, -27.19031999799995], [29.28711000100003, -27.191129995999972], [29.2849, -27.192470001999936], [29.28763000300006, -27.19270999799994], [29.28866000100004, -27.19652999599998], [29.291649997000036, -27.199600001999954], [29.295750001000044, -27.201039997999942], [29.29544000100003, -27.203140003999977], [29.297960002000025, -27.204109995999943], [29.297180007000065, -27.205829996999967], [29.29881, -27.209189998999932], [29.30186000200007, -27.20973999599994], [29.30054, -27.211939997999934], [29.304600003000076, -27.21509999699998], [29.308969998000066, -27.21619999799998], [29.311949996000067, -27.21415], [29.31123999600004, -27.21126000099997], [29.31428999800005, -27.209660002999954], [29.31816000300006, -27.210460000999944], [29.32553, -27.20848998899993], [29.329900003000034, -27.203619996999976], [29.33084000200006, -27.20800999599993], [29.33506999000008, -27.207360000999984], [29.334629998000025, -27.20888999699997], [29.33257000100008, -27.20855000199998], [29.33278000400003, -27.210060001999977], [29.33117999600006, -27.210339998999928], [29.331129997000062, -27.213040000999968], [29.33413999800007, -27.214100000999963], [29.33150000300003, -27.218239996999955], [29.332920002000037, -27.219100001999948], [29.332899998000073, -27.217029998999976], [29.33546, -27.21729], [29.335930011000073, -27.214459998999928], [29.33711999600007, -27.218109996999942], [29.335559990000036, -27.22186], [29.337750002000064, -27.22394], [29.336500004000072, -27.224590002999946], [29.335079996000047, -27.22260000199998], [29.33352999600004, -27.22394], [29.33621, -27.226709996999944], [29.33213999900005, -27.230469997999933], [29.336150003000057, -27.231990002999964], [29.338219997000067, -27.235100001999967], [29.334409997000023, -27.23641999599994], [29.335239999000066, -27.239800000999935], [29.332149997000045, -27.244649997999943], [29.32806, -27.246639998999967], [29.32532999700004, -27.25208], [29.33116, -27.26342999899998], [29.338219997000067, -27.264549987999942], [29.33917000200006, -27.26365], [29.34081000200007, -27.26037], [29.33968999600006, -27.252039998999976], [29.342710003000036, -27.248469995999983], [29.35150999800004, -27.24866000199995], [29.35317000200007, -27.249810001999947], [29.36187, -27.247020001999942], [29.36976999700005, -27.251490002999958], [29.372620003000065, -27.25026], [29.375129998000034, -27.250989996999976], [29.380709998000043, -27.24738999799996], [29.38451, -27.248999994999963], [29.38837999800006, -27.245969997999964], [29.389039998000044, -27.24746000099998], [29.38633999800004, -27.248949995999965], [29.387460004000047, -27.24989000399995], [29.39021000300005, -27.24765999699997], [29.38687999600006, -27.24357], [29.39086999600005, -27.24272999899995], [29.400209998000037, -27.24292999599993], [29.401459988000056, -27.24955999799994], [29.40432000800007, -27.25230000099998], [29.410690010000053, -27.252340000999936], [29.415099998000073, -27.25048], [29.418859999000063, -27.25452], [29.433929998000053, -27.234289995999973], [29.46005000200006, -27.23248000199993], [29.49258000100008, -27.19468999299994], [29.486420002000045, -27.172779996999964], [29.54007000400003, -27.18252999599997], [29.55040000300005, -27.18561000099993], [29.572769996000034, -27.105379995999954], [29.632020003000036, -27.100069994999956], [29.620230004000064, -27.074550002999956], [29.63722, -27.03207999899996], [29.647620003000043, -27.032020000999978], [29.65574999900008, -27.004530992999946], [29.648129999000048, -26.99579999599996], [29.65862000100003, -26.95792000299997], [29.665229999000076, -26.943229998999982], [29.668509999000037, -26.901139997999962], [29.65743, -26.86930000199993], [29.65889, -26.86267999699993], [29.66898000200007, -26.857009996999977], [29.68423000100006, -26.857489998999938], [29.691010001000052, -26.850390000999937], [29.696890004000068, -26.855030001999978], [29.70129999900007, -26.854039988999943], [29.701020002000064, -26.851090001999978], [29.70391, -26.84986], [29.70462999800003, -26.842699996999954], [29.707800002000056, -26.841199995999943], [29.718250003000037, -26.843679994999945], [29.72221, -26.841009997999947], [29.72473000100007, -26.84158], [29.723939992000055, -26.848369996999963], [29.73265000300006, -26.856129995999936], [29.73794999900008, -26.851720000999933], [29.73634000100003, -26.84946999899995], [29.73719999800005, -26.84795000099996], [29.742169997000076, -26.848019996999938], [29.740739999000027, -26.83943000299996], [29.74426000300008, -26.837000001999968], [29.744750003000036, -26.83302999899996], [29.74644001000007, -26.83204000199993], [29.74706000200007, -26.83396999599995], [29.74964, -26.834949995999978], [29.748790002000078, -26.83292000299997], [29.750240004000034, -26.83184999499997], [29.758949999000038, -26.83165], [29.762240005000024, -26.83336000299994], [29.764470003000042, -26.83793000199995], [29.761600001000033, -26.84025], [29.765689999000074, -26.84575999699996], [29.767519996000033, -26.857749998999964], [29.771019996000064, -26.85680000399998], [29.772410001000026, -26.85291000199993], [29.780120001000057, -26.848560002999932], [29.77853, -26.844909997999935], [29.78143000500006, -26.84237], [29.78605000300007, -26.844859997999947], [29.787290003000066, -26.84928999899995], [29.79093000200004, -26.849249997999948], [29.792599996000035, -26.847770000999958], [29.79960000400007, -26.848279997999953], [29.80246999800005, -26.84087], [29.79825, -26.83555], [29.793779999000037, -26.83381000099996], [29.79001, -26.82576], [29.791399997000042, -26.823580000999982], [29.793689999000037, -26.82375000199994], [29.80055999900003, -26.82966], [29.803849997000043, -26.82615999799998], [29.80428999800006, -26.82337999599997], [29.803480008000065, -26.821410000999947], [29.795199999000033, -26.81906], [29.79434000200007, -26.814580000999968], [29.80197000100003, -26.810669994999955], [29.81163999900008, -26.812329998999928], [29.813740004000067, -26.815449995999984], [29.81247999900006, -26.817129988999966], [29.814320003000034, -26.81743999699995], [29.813660002000063, -26.820120000999964], [29.82297999900004, -26.82519999599998], [29.825840003000053, -26.829399998999975], [29.830619996000053, -26.83089999899994], [29.83326, -26.826990001999945], [29.832580002000043, -26.82163000099996], [29.837619996000058, -26.82301999699996], [29.841109998000036, -26.818279996999934], [29.84407, -26.819049993999954], [29.836939999000037, -26.813239994999947], [29.83831, -26.809620001999974], [29.836279998000066, -26.810060000999954], [29.836809999000025, -26.808719994999933], [29.84448999600005, -26.810010002999945], [29.84533000400006, -26.808579995999935], [29.84385, -26.80874999899993], [29.842979997000043, -26.80669000299997], [29.84686, -26.808150010999952], [29.84806, -26.80713000199995], [29.840240003000076, -26.80330999699993], [29.84296, -26.799460003999968], [29.844299998000054, -26.756559996999954], [29.869910007000044, -26.65015], [29.82264400200006, -26.669365995999954], [29.79923999700003, -26.65467999699996], [29.74224, -26.65629000299998], [29.741910004000033, -26.64468000399995], [29.70418999800006, -26.649870001999943], [29.640350003000037, -26.62790999899994], [29.641839998000023, -26.58076], [29.639579998000045, -26.52973400199994], [29.61916999500005, -26.52905999799998], [29.56090000300003, -26.526680001999978], [29.568310001000043, -26.56155000299998], [29.48683, -26.55331000299998], [29.48913, -26.588619995999977], [29.456320004000077, -26.59155000399994], [29.459380003000035, -26.64670999699996], [29.378489999000067, -26.65396999799998], [29.32549, -26.66126000099996], [29.29099799200003, -26.64005999799997], [29.24754000100006, -26.645999995999944], [29.247459999000057, -26.65617], [29.22379999900005, -26.658330002999946], [29.230139998000027, -26.690560000999938], [29.24139999700003, -26.71684], [29.17111999800005, -26.71069999599996], [29.144569999000055, -26.737600003999944], [29.125150001000065, -26.70741999699993], [29.1104, -26.711139996999975], [29.11204, -26.712239997999973], [29.10768000300004, -26.717090001999964], [29.103960002000065, -26.712610002999952], [29.070470001000047, -26.720919998999932], [29.085917003000077, -26.699098996999965], [29.02310999900004, -26.681619998999963], [29.021240001000024, -26.682389995999984], [29.023919997000064, -26.685609996999972], [29.023469998000053, -26.68799], [29.01920000100006, -26.68963999899995], [29.019799997000064, -26.692680009999947], [28.9912, -26.685969996999972], [28.9881, -26.648770000999946], [28.992329996000024, -26.60849000099995], [28.94432, -26.610999995999975], [28.897497628000053, -26.62397787699996], [28.900538114000028, -26.62565104899994], [28.879949046000036, -26.62831575799993], [28.90021000300004, -26.652620000999946], [28.93213999900007, -26.71104999599993], [28.919029998000042, -26.71285999899993], [28.912779998000076, -26.715259996999976], [28.91206999800005, -26.718520000999945], [28.913370003000068, -26.721620000999962], [28.912010001000056, -26.72577000299998], [28.913759997000057, -26.727060009999946], [28.91379, -26.73301000099997], [28.915990002000058, -26.73217], [28.91644000100007, -26.73439], [28.903079997000077, -26.741629994999983], [28.88269999700003, -26.75741000299996], [28.921739996000042, -26.797610000999953], [28.929839998000034, -26.79955000299998], [28.930840001000035, -26.797099996999975], [28.93767, -26.79973000299998], [28.93827000400006, -26.798209996999958], [28.95158999100005, -26.803609997999956], [28.94981000100006, -26.80732999099996], [28.974659994000035, -26.815889997999932], [28.97751, -26.81486], [28.977609998000048, -26.823170002999973], [28.979940001000045, -26.82537999599998], [28.981740004000073, -26.82581999599995], [28.986379998000075, -26.823369997999976], [28.987960001000033, -26.82465], [28.98433, -26.82837], [28.987340001000064, -26.835339988999976], [28.97609000800003, -26.840199992999942], [28.973319996000043, -26.839249995999978], [28.97455999600004, -26.835119997999982], [28.972169996000048, -26.83369999699994], [28.96393000300003, -26.839700001999972], [28.960459998000033, -26.84008999699995], [28.956670002000067, -26.83763999799993], [28.948780002000035, -26.83555999799995], [28.946750001000055, -26.833060001999968], [28.944859998000027, -26.83363000299994], [28.944949998000027, -26.839949997999952], [28.94253000300006, -26.84220999799993], [28.936319996000066, -26.835959996999975], [28.925449998000033, -26.839650003999964], [28.923250004000067, -26.838389998999958], [28.922979996000038, -26.835119997999982], [28.919729999000026, -26.832840000999965], [28.91379, -26.83181000299993], [28.91237, -26.836269997999977], [28.914750002000062, -26.84016000699995], [28.91827999700007, -26.84179999899993], [28.915489997000066, -26.845380000999967], [28.908829999000034, -26.847919997999952], [28.90550999800007, -26.853220001999944], [28.900180001000024, -26.852129997999953], [28.898530003000076, -26.85584999899993], [28.89287999900006, -26.85540999799997], [28.891130003000058, -26.85217], [28.88875999800007, -26.852070001999948], [28.890219999000067, -26.85793999699996], [28.882670010000027, -26.863659996999957], [28.885020002000033, -26.86545999899994], [28.88839000100006, -26.865569995999977], [28.89105999900005, -26.868690000999948], [28.88893, -26.875780000999953], [28.884869997000067, -26.87986000099994], [28.886009999000066, -26.882099994999976], [28.885049996000077, -26.88414000399996], [28.87258, -26.897279990999948], [28.862090005000027, -26.89275000899994], [28.85359000400007, -26.897999996999943], [28.853349999000045, -26.90051], [28.86243, -26.909979994999958], [28.853889998000056, -26.913499998999953], [28.85327000600006, -26.92067], [28.851600003000044, -26.923019998999962], [28.835049999000034, -26.923469997999973], [28.831700004000027, -26.92027000799993], [28.828189998000028, -26.91974000099998], [28.854440002000047, -26.97061999899995], [28.891930002000038, -26.976580001999935], [28.911099997000065, -27.01854000299994]]]]}}, {"type": "Feature", "properties": {"municipality_code_2021": "MP306", "name": "Dipaleseng"}, "geometry": {"type": "MultiPolygon", "coordinates": [[[[28.763910003000035, -26.518009998999958], [28.68895, -26.513090000999966], [28.66179999800005, -26.505860001999963], [28.65344000300007, -26.508679996999945], [28.650219992000075, -26.50795], [28.649890004000042, -26.511090001999946], [28.641620001000035, -26.507569995999972], [28.631190004000075, -26.524640002999945], [28.638150003000078, -26.547309998999935], [28.584909999000047, -26.53856000199994], [28.586649997000052, -26.52003000299993], [28.58003, -26.51802999599994], [28.57715999800007, -26.526829998999972], [28.56899000100003, -26.525000001999956], [28.573780001000046, -26.51614000199993], [28.543669997000052, -26.507039996999936], [28.54058000200007, -26.50361999699993], [28.541820003000055, -26.500979993999977], [28.53750999700003, -26.50326999699996], [28.533190001000037, -26.500890002999938], [28.527659999000036, -26.502209995999976], [28.524215001000073, -26.528499993999958], [28.52601000100003, -26.562499998999954], [28.528480003000027, -26.564859997999974], [28.532979999000077, -26.57789999499994], [28.527839999000037, -26.59063999899996], [28.505440003000047, -26.58966000099997], [28.50891, -26.593839997999964], [28.50628000300003, -26.596480001999964], [28.50758999800007, -26.60384], [28.498750002000065, -26.60390999499998], [28.49110999800007, -26.610530007999955], [28.487739998000052, -26.60855999699993], [28.486009998000043, -26.60960999799994], [28.483070001000044, -26.61867000199993], [28.48160000300004, -26.617109996999943], [28.479809998000064, -26.617520001999935], [28.490280004000056, -26.63533000299998], [28.44310000100006, -26.639169996999954], [28.44382999800007, -26.65443000299996], [28.422019999000042, -26.654729995999958], [28.41498999600003, -26.656219998999973], [28.40009999700004, -26.655045], [28.38296000300005, -26.71753000299998], [28.393969999000035, -26.71675], [28.406850002000056, -26.761710001999973], [28.34819999900003, -26.77290998899997], [28.34911000200003, -26.777869996999982], [28.342590003000055, -26.77909000099993], [28.34345, -26.78546000299997], [28.339379999000073, -26.78559000299998], [28.319410004000076, -26.79266999699996], [28.32160999900003, -26.81172999699993], [28.31832999900007, -26.8118], [28.31929001000003, -26.81942], [28.322570002000077, -26.82022], [28.325010001000066, -26.84107000299997], [28.30955, -26.87942999699993], [28.283520004000025, -26.877069991999974], [28.284309997000037, -26.86438000299995], [28.263330001000043, -26.86646000299993], [28.261910001000047, -26.87524000299993], [28.243464999000025, -26.873693001999982], [28.248409998000056, -26.884060000999966], [28.24428, -26.88477999899993], [28.25146, -26.889209998999945], [28.251710003000028, -26.893029997999975], [28.26181000300005, -26.90268999899996], [28.260860007000076, -26.91144000299994], [28.262570002000075, -26.914770001999955], [28.26701, -26.91429999899998], [28.277460002000055, -26.906480002999956], [28.2815, -26.90606999599993], [28.281360002000042, -26.914770001999955], [28.288620003000062, -26.928089995999983], [28.301690003000033, -26.94089999499994], [28.306030004000036, -26.940629995999927], [28.311109999000053, -26.935900001999983], [28.312489998000046, -26.927859997999974], [28.31460000100003, -26.924740001999965], [28.32191000100005, -26.92257000199993], [28.33012999700003, -26.923940001999938], [28.331260001000032, -26.925900000999945], [28.330249999000046, -26.928429998999945], [28.319690002000073, -26.93651999499997], [28.32063, -26.941919995999967], [28.32453, -26.948959996999974], [28.329520003000027, -26.947229997999955], [28.347600003000025, -26.933960000999946], [28.35289, -26.93160000299997], [28.362100001000044, -26.93180999799995], [28.37261, -26.934739995999962], [28.38896999800005, -26.930699996999977], [28.399559990000057, -26.935690000999955], [28.40150999800005, -26.94066999699993], [28.40034999900007, -26.950869995999938], [28.405009998000025, -26.955109998999944], [28.414899997000077, -26.97296], [28.420699997000042, -26.978080003999935], [28.429050002000054, -26.98917000199998], [28.426109997000026, -26.99401000699993], [28.418510001000072, -27.000129997999977], [28.413320002000034, -27.00686], [28.41549000200007, -27.011179994999964], [28.418990002000044, -27.01306000099993], [28.430030001000034, -27.00699999799997], [28.451269998000043, -26.98147999799994], [28.451489999000046, -26.978859989999933], [28.435900005000065, -26.965950000999953], [28.443360002000077, -26.96036000199996], [28.452720001000046, -26.96458999899994], [28.46131000200006, -26.97229], [28.461599997000064, -26.977420001999974], [28.464670003000037, -26.98296000199997], [28.472099998000033, -26.980440000999977], [28.470160012000065, -26.97279999699998], [28.47608999700003, -26.96153999699993], [28.47031000100003, -26.95648], [28.47542999700005, -26.950509996999983], [28.477869996000038, -26.95028999699997], [28.485850002000063, -26.971109997999974], [28.492429999000024, -26.97556000299994], [28.500449999000068, -26.977759996999964], [28.509610002000045, -26.98661], [28.51087999600003, -26.99277], [28.5043, -27.00215000099996], [28.503580025000076, -27.008029980999936], [28.527619998000034, -27.01802], [28.530819997000037, -27.02710000199994], [28.53849000400004, -27.03366000099993], [28.54285999900003, -27.034720001999972], [28.549549999000078, -27.04128000199995], [28.549739997000074, -27.04501], [28.54574999700003, -27.052940000999968], [28.53685000400003, -27.055499994999934], [28.533559998000044, -27.061459990999936], [28.533450002000052, -27.066720000999965], [28.538039995000076, -27.06633998799998], [28.553340003000073, -27.061530000999937], [28.559630003000052, -27.054679997999983], [28.560729997000067, -27.04789999899998], [28.559209962000068, -27.041130013999975], [28.560830003000035, -27.039389997999933], [28.568950001000076, -27.03495], [28.57622999800003, -27.039169997999977], [28.583269999000038, -27.03783999899997], [28.593249997000044, -27.023849996999957], [28.608889936000026, -27.02070000599997], [28.608290002000047, -27.008220009999945], [28.625530002000062, -27.010740003999956], [28.63936000900003, -27.019870002999937], [28.642320002000076, -27.021049996999977], [28.644429998000078, -27.020310002999963], [28.647330002000047, -27.016619997999953], [28.648949997000045, -27.010869986999978], [28.651320002000034, -27.00943], [28.65579000300005, -26.998610001999964], [28.653480004000073, -26.995259997999938], [28.64582000300004, -26.992369998999948], [28.63299999700007, -26.990929995999977], [28.623289998000075, -26.99506999199997], [28.617240002000074, -27.00016999899998], [28.609710002000043, -26.99379], [28.605850003000057, -26.994379996999953], [28.605039997000063, -26.99320999899993], [28.621450002000074, -26.96884], [28.634539991000054, -26.96201], [28.636859996000055, -26.95505000099996], [28.64582000300004, -26.95267999699996], [28.654460003000054, -26.960190001999933], [28.661439999000038, -26.96078999699995], [28.683379998000078, -26.97518], [28.69998000100003, -26.975650001999952], [28.706220002000066, -26.96871], [28.710910003000038, -26.96919], [28.71381, -26.971609994999937], [28.71575000100006, -26.979100002999928], [28.725370001000044, -26.98460000199998], [28.731120003000058, -26.99547999899994], [28.73649000100005, -27.00170000299994], [28.743689997000047, -27.003390002999936], [28.75524, -26.997429998999962], [28.763870002000033, -27.0019], [28.77067999600007, -27.002990001999933], [28.77682, -27.009049996999977], [28.773830004000047, -27.01896], [28.792220004000058, -27.025380000999974], [28.795020002000058, -27.02893], [28.797810002000062, -27.026359998999965], [28.80195999700004, -27.01720000499995], [28.801329999000075, -27.01254999599996], [28.804889996000043, -27.01152999699997], [28.80977000300004, -27.019279996999956], [28.81168000200006, -27.03335999899997], [28.81080999900007, -27.03833999699998], [28.814009998000074, -27.04257], [28.825889997000047, -27.037009996999927], [28.834649999000078, -27.041749996999954], [28.840400001000035, -27.041039995999938], [28.847639998000034, -27.034580002999974], [28.85219999900005, -27.02734999599994], [28.85746000100005, -27.024809998999956], [28.86453999500003, -27.03052], [28.869879999000034, -27.031599997999933], [28.87989, -27.055230001999973], [28.889249001000053, -27.05927000099996], [28.89627000300004, -27.053950009999937], [28.900379997000073, -27.04833999799996], [28.896209997000028, -27.04266999899994], [28.898880011000074, -27.03179000199998], [28.896220004000043, -27.02767000299997], [28.88635000200003, -27.02556998999995], [28.88556, -27.02370999699997], [28.89356000400005, -27.01340000199997], [28.90460000300004, -27.01997], [28.911099997000065, -27.01854000299994], [28.891930002000038, -26.976580001999935], [28.854440002000047, -26.97061999899995], [28.828189998000028, -26.91974000099998], [28.831700004000027, -26.92027000799993], [28.835049999000034, -26.923469997999973], [28.851600003000044, -26.923019998999962], [28.85327000600006, -26.92067], [28.853889998000056, -26.913499998999953], [28.86243, -26.909979994999958], [28.853349999000045, -26.90051], [28.85359000400007, -26.897999996999943], [28.862090005000027, -26.89275000899994], [28.87258, -26.897279990999948], [28.885049996000077, -26.88414000399996], [28.886009999000066, -26.882099994999976], [28.884869997000067, -26.87986000099994], [28.88893, -26.875780000999953], [28.89105999900005, -26.868690000999948], [28.88839000100006, -26.865569995999977], [28.885020002000033, -26.86545999899994], [28.882670010000027, -26.863659996999957], [28.890219999000067, -26.85793999699996], [28.88875999800007, -26.852070001999948], [28.891130003000058, -26.85217], [28.89287999900006, -26.85540999799997], [28.898530003000076, -26.85584999899993], [28.900180001000024, -26.852129997999953], [28.90550999800007, -26.853220001999944], [28.908829999000034, -26.847919997999952], [28.915489997000066, -26.845380000999967], [28.91827999700007, -26.84179999899993], [28.914750002000062, -26.84016000699995], [28.91237, -26.836269997999977], [28.91379, -26.83181000299993], [28.919729999000026, -26.832840000999965], [28.922979996000038, -26.835119997999982], [28.923250004000067, -26.838389998999958], [28.925449998000033, -26.839650003999964], [28.936319996000066, -26.835959996999975], [28.94253000300006, -26.84220999799993], [28.944949998000027, -26.839949997999952], [28.944859998000027, -26.83363000299994], [28.946750001000055, -26.833060001999968], [28.948780002000035, -26.83555999799995], [28.956670002000067, -26.83763999799993], [28.960459998000033, -26.84008999699995], [28.96393000300003, -26.839700001999972], [28.972169996000048, -26.83369999699994], [28.97455999600004, -26.835119997999982], [28.973319996000043, -26.839249995999978], [28.97609000800003, -26.840199992999942], [28.987340001000064, -26.835339988999976], [28.98433, -26.82837], [28.987960001000033, -26.82465], [28.986379998000075, -26.823369997999976], [28.981740004000073, -26.82581999599995], [28.979940001000045, -26.82537999599998], [28.977609998000048, -26.823170002999973], [28.97751, -26.81486], [28.974659994000035, -26.815889997999932], [28.94981000100006, -26.80732999099996], [28.95158999100005, -26.803609997999956], [28.93827000400006, -26.798209996999958], [28.93767, -26.79973000299998], [28.930840001000035, -26.797099996999975], [28.929839998000034, -26.79955000299998], [28.921739996000042, -26.797610000999953], [28.88269999700003, -26.75741000299996], [28.903079997000077, -26.741629994999983], [28.91644000100007, -26.73439], [28.915990002000058, -26.73217], [28.91379, -26.73301000099997], [28.913759997000057, -26.727060009999946], [28.912010001000056, -26.72577000299998], [28.913370003000068, -26.721620000999962], [28.91206999800005, -26.718520000999945], [28.912779998000076, -26.715259996999976], [28.919029998000042, -26.71285999899993], [28.93213999900007, -26.71104999599993], [28.90021000300004, -26.652620000999946], [28.879949046000036, -26.62831575799993], [28.900538114000028, -26.62565104899994], [28.897497628000053, -26.62397787699996], [28.88949000300005, -26.616630003999944], [28.911080001000073, -26.589949995999973], [28.852630001000023, -26.56755999899997], [28.841280002000076, -26.52456000199993], [28.834219997000048, -26.527139998999928], [28.83678999700004, -26.536380003999966], [28.76291999700004, -26.540260005999983], [28.763910003000035, -26.518009998999958]]]]}}, {"type": "Feature", "properties": {"municipality_code_2021": "MP307", "name": "Govan Mbeki"}, "geometry": {"type": "MultiPolygon", "coordinates": [[[[28.897497628000053, -26.62397787699996], [28.94432, -26.610999995999975], [28.992329996000024, -26.60849000099995], [28.9881, -26.648770000999946], [28.9912, -26.685969996999972], [29.019799997000064, -26.692680009999947], [29.01920000100006, -26.68963999899995], [29.023469998000053, -26.68799], [29.023919997000064, -26.685609996999972], [29.021240001000024, -26.682389995999984], [29.02310999900004, -26.681619998999963], [29.085917003000077, -26.699098996999965], [29.070470001000047, -26.720919998999932], [29.103960002000065, -26.712610002999952], [29.10768000300004, -26.717090001999964], [29.11204, -26.712239997999973], [29.1104, -26.711139996999975], [29.125150001000065, -26.70741999699993], [29.144569999000055, -26.737600003999944], [29.17111999800005, -26.71069999599996], [29.24139999700003, -26.71684], [29.230139998000027, -26.690560000999938], [29.22379999900005, -26.658330002999946], [29.247459999000057, -26.65617], [29.24754000100006, -26.645999995999944], [29.29099799200003, -26.64005999799997], [29.32549, -26.66126000099996], [29.378489999000067, -26.65396999799998], [29.459380003000035, -26.64670999699996], [29.456320004000077, -26.59155000399994], [29.48913, -26.588619995999977], [29.48683, -26.55331000299998], [29.568310001000043, -26.56155000299998], [29.56090000300003, -26.526680001999978], [29.61916999500005, -26.52905999799998], [29.629110001000072, -26.48149000099994], [29.625489998000035, -26.463180001999945], [29.606630003000078, -26.44577000299995], [29.603400003000047, -26.435000009999953], [29.566180002000067, -26.442750003999947], [29.546829999000067, -26.410360002999937], [29.507860003000076, -26.386589997999977], [29.533979999000053, -26.35282], [29.468669998000053, -26.352490001999968], [29.473080010000047, -26.33500000099997], [29.47029000200007, -26.303209995999964], [29.523100003000025, -26.30146], [29.527039996000042, -26.287989998999933], [29.51674, -26.28093000299998], [29.529630008000026, -26.26884], [29.542210001000058, -26.27642999899996], [29.540350001000036, -26.253879996999956], [29.560225998000078, -26.209207995999975], [29.513079996000045, -26.18558000099995], [29.493449996000038, -26.16954999899997], [29.475579999000047, -26.173780001999944], [29.45660999900008, -26.203669997999953], [29.455549999000027, -26.211400001999948], [29.38797, -26.20490000099994], [29.37499999700003, -26.196350000999928], [29.36141000300006, -26.21323999799995], [29.344490001000054, -26.21475999599994], [29.353459998000062, -26.223060000999965], [29.34069, -26.245080001999952], [29.367339996000055, -26.26374999899997], [29.366572999000027, -26.29210799699996], [29.344559997000033, -26.33154000099995], [29.35203, -26.33611], [29.345209999000076, -26.35401], [29.335469998000065, -26.348330001999955], [29.285104001000036, -26.342675002999954], [29.260619999000028, -26.36236000399998], [29.223929991000034, -26.354589998999927], [29.217400002000034, -26.350999998999953], [29.215530004000072, -26.35216999599993], [29.214, -26.359029998999972], [29.216309999000032, -26.362189994999937], [29.19517, -26.36195999699993], [29.184949997000047, -26.34768], [29.182249996000053, -26.34883], [29.179929999000024, -26.347909997999977], [29.17633999900005, -26.35047], [29.173390004000055, -26.348629994999953], [29.167839998000034, -26.35277999899995], [29.16933000100005, -26.356980000999954], [29.162010002000045, -26.35813000099995], [29.161440001000074, -26.35983999599995], [29.12359000200007, -26.38428999699994], [29.103440008000064, -26.345159998999975], [29.102230003000045, -26.329760002999933], [29.06580000400004, -26.31429000299994], [29.040061, -26.259443002999944], [29.033262001000026, -26.225760002999948], [29.00108, -26.22883], [28.984219996000036, -26.23693000999998], [28.983539999000072, -26.242120000999932], [28.970760002000077, -26.23837999699998], [28.949998003000076, -26.254719000999955], [28.939509996000027, -26.265809994999984], [28.886340003000043, -26.257710001999953], [28.887590002000024, -26.28002999599994], [28.86756000200006, -26.32765], [28.838440003000073, -26.340750001999936], [28.85032999300006, -26.36704], [28.861289998000075, -26.398569995999935], [28.832150003000038, -26.40776000099993], [28.805499998000073, -26.422169998999948], [28.799060001000043, -26.421149998999965], [28.79999999900008, -26.424020000999974], [28.789930001000073, -26.426450002999957], [28.783810002000052, -26.438129997999965], [28.786489998000036, -26.449169996999956], [28.780300004000026, -26.450520000999973], [28.76592, -26.47144999799997], [28.763910003000035, -26.518009998999958], [28.76291999700004, -26.540260005999983], [28.83678999700004, -26.536380003999966], [28.834219997000048, -26.527139998999928], [28.841280002000076, -26.52456000199993], [28.852630001000023, -26.56755999899997], [28.911080001000073, -26.589949995999973], [28.88949000300005, -26.616630003999944], [28.897497628000053, -26.62397787699996]]]]}}, {"type": "Feature", "properties": {"municipality_code_2021": "MP311", "name": "Victor Khanye"}, "geometry": {"type": "MultiPolygon", "coordinates": [[[[28.50305499700005, -26.063800002999983], [28.515820001000066, -26.08124999599994], [28.501190010000073, -26.089569990999962], [28.505180001000042, -26.099219998999956], [28.496949999000037, -26.10387000099996], [28.49050000400007, -26.126392000999942], [28.52133999600005, -26.14449001099996], [28.52715000300003, -26.178740003999962], [28.534290002000034, -26.172240000999977], [28.53053999900004, -26.225309994999975], [28.58197000200005, -26.23729], [28.622290003000046, -26.24837999799996], [28.62690000200007, -26.292439996999974], [28.672797011000057, -26.311687997999968], [28.672727997000038, -26.320913], [28.710120010000026, -26.34124000099996], [28.73936000300006, -26.32453000199996], [28.753619996000054, -26.320720001999973], [28.7789, -26.316929997999978], [28.805080002000068, -26.30659000199995], [28.817800001000023, -26.34572000099996], [28.838440003000073, -26.340750001999936], [28.86756000200006, -26.32765], [28.887590002000024, -26.28002999599994], [28.886340003000043, -26.257710001999953], [28.939509996000027, -26.265809994999984], [28.949998003000076, -26.254719000999955], [28.970760002000077, -26.23837999699998], [28.983539999000072, -26.242120000999932], [28.984219996000036, -26.23693000999998], [28.982219997000072, -26.196269997999934], [29.02028999600003, -26.193169997999973], [29.019609999000068, -26.14663], [28.997840001000043, -26.147240001999933], [28.99935000100004, -26.120870002999936], [28.919584, -26.100004998999964], [28.930949998000074, -26.07050000099997], [28.92065000100007, -26.058059998999966], [28.92492999600006, -26.023830001999954], [28.967549998000038, -26.026990000999945], [28.95680000300007, -25.99109999899997], [28.95366000100006, -25.97478000199993], [28.968720003000044, -25.96926999599998], [28.96895999900005, -25.94852999799997], [28.96567999900003, -25.917879993999975], [28.99366000400005, -25.939520006999942], [29.02670999700007, -25.916650000999937], [29.01610000100004, -25.909409995999965], [28.991090004000057, -25.86973], [28.98166000200007, -25.886619998999947], [28.956329999000047, -25.90545999699998], [28.950619998000036, -25.90019999499998], [28.959749998000063, -25.88085999799995], [28.951530002000027, -25.87691999799995], [28.946459997000034, -25.87807999599994], [28.94107000200006, -25.877290002999928], [28.93817999600003, -25.888640000999942], [28.8868, -25.87142999599996], [28.88388999800003, -25.87835000299998], [28.888960002000033, -25.88032999799998], [28.879509996000024, -25.925240998999982], [28.88254000200004, -25.969780000999947], [28.883290002000024, -25.971410009999943], [28.885240002000046, -25.97137000099997], [28.885049996000077, -25.974399997999967], [28.86735, -26.00705], [28.864839998000036, -26.001269994999973], [28.832929998000054, -26.00480999699994], [28.793860004000067, -26.00457], [28.773859998000034, -26.01365999799998], [28.762410002000024, -25.98306000399998], [28.757880003000025, -25.983740008999973], [28.757540001000052, -25.99057999799993], [28.710840001000065, -25.990589995999983], [28.65266, -25.974250001999962], [28.632260004000045, -25.970779996999966], [28.590949997000052, -26.00247999299995], [28.586748999000065, -26.016024998999967], [28.578939997000077, -26.059590002999983], [28.538629996000054, -26.04781000199995], [28.53076999800004, -26.061569996999935], [28.515765, -26.05852499899993], [28.50305499700005, -26.063800002999983]]]]}}, {"type": "Feature", "properties": {"municipality_code_2021": "MP312", "name": "Emalahleni"}, "geometry": {"type": "MultiPolygon", "coordinates": [[[[28.94107000200006, -25.877290002999928], [28.946459997000034, -25.87807999599994], [28.951530002000027, -25.87691999799995], [28.959749998000063, -25.88085999799995], [28.950619998000036, -25.90019999499998], [28.956329999000047, -25.90545999699998], [28.98166000200007, -25.886619998999947], [28.991090004000057, -25.86973], [29.01610000100004, -25.909409995999965], [29.02670999700007, -25.916650000999937], [28.99366000400005, -25.939520006999942], [28.96567999900003, -25.917879993999975], [28.96895999900005, -25.94852999799997], [28.968720003000044, -25.96926999599998], [28.95366000100006, -25.97478000199993], [28.95680000300007, -25.99109999899997], [28.967549998000038, -26.026990000999945], [28.92492999600006, -26.023830001999954], [28.92065000100007, -26.058059998999966], [28.930949998000074, -26.07050000099997], [28.919584, -26.100004998999964], [28.99935000100004, -26.120870002999936], [28.997840001000043, -26.147240001999933], [29.019609999000068, -26.14663], [29.02028999600003, -26.193169997999973], [28.982219997000072, -26.196269997999934], [28.984219996000036, -26.23693000999998], [29.00108, -26.22883], [29.033262001000026, -26.225760002999948], [29.040061, -26.259443002999944], [29.06580000400004, -26.31429000299994], [29.102230003000045, -26.329760002999933], [29.103440008000064, -26.345159998999975], [29.12359000200007, -26.38428999699994], [29.161440001000074, -26.35983999599995], [29.162010002000045, -26.35813000099995], [29.16933000100005, -26.356980000999954], [29.167839998000034, -26.35277999899995], [29.173390004000055, -26.348629994999953], [29.17633999900005, -26.35047], [29.179929999000024, -26.347909997999977], [29.182249996000053, -26.34883], [29.184949997000047, -26.34768], [29.19517, -26.36195999699993], [29.216309999000032, -26.362189994999937], [29.214, -26.359029998999972], [29.215530004000072, -26.35216999599993], [29.217400002000034, -26.350999998999953], [29.223929991000034, -26.354589998999927], [29.260619999000028, -26.36236000399998], [29.285104001000036, -26.342675002999954], [29.335469998000065, -26.348330001999955], [29.345209999000076, -26.35401], [29.35203, -26.33611], [29.344559997000033, -26.33154000099995], [29.366572999000027, -26.29210799699996], [29.367339996000055, -26.26374999899997], [29.34069, -26.245080001999952], [29.353459998000062, -26.223060000999965], [29.344490001000054, -26.21475999599994], [29.36141000300006, -26.21323999799995], [29.37499999700003, -26.196350000999928], [29.38797, -26.20490000099994], [29.407039997000027, -26.139649996999935], [29.391039997000064, -26.14419000199996], [29.379900001000067, -26.13631], [29.333670003000066, -26.095220001999962], [29.366110002000028, -26.08012999899995], [29.386400003000062, -26.078409996999937], [29.388549999000077, -26.069700001999934], [29.40244799900006, -26.063212007999937], [29.372739997000053, -26.03559], [29.352550002000044, -26.01419], [29.329759997000053, -25.986920002999966], [29.36075000200003, -25.96000999699993], [29.3472, -25.959379998999964], [29.349500001000024, -25.948079998999958], [29.36113999500003, -25.941380005999974], [29.36492000100003, -25.94298], [29.38043699900004, -25.89897099899997], [29.351040003000037, -25.899280000999966], [29.34066599700003, -25.844240001999935], [29.30940000100003, -25.844619997999928], [29.327979998000046, -25.791719995999983], [29.292009996000047, -25.79505000299997], [29.289129996000042, -25.74535999799997], [29.24252000300004, -25.708759997999948], [29.219490001000054, -25.74176], [29.18881000400006, -25.722929997999984], [29.196170003000077, -25.685709998999982], [29.11727, -25.6565], [29.10699999800005, -25.661219994999954], [29.093309997000063, -25.678020002999972], [29.04154999800005, -25.70803000099994], [29.00829000300007, -25.66057000099994], [28.96883, -25.67330999799998], [28.950672998000073, -25.72827300299997], [28.981310002000043, -25.74254000199994], [28.95758700500005, -25.774646], [28.938169999000024, -25.823284995999927], [28.943340001000024, -25.824369995999973], [28.950449, -25.83735299799997], [28.94107000200006, -25.877290002999928]]]]}}, {"type": "Feature", "properties": {"municipality_code_2021": "MP313", "name": "Steve Tshwete"}, "geometry": {"type": "MultiPolygon", "coordinates": [[[[29.86179000100003, -25.862450002999935], [29.86317, -25.85104999699996], [29.80094000300005, -25.84876000199995], [29.802519997000047, -25.79161999799993], [29.80923000200005, -25.76140999599994], [29.81069499700004, -25.765429997999945], [29.85098, -25.76502], [29.84185000100007, -25.741069995999965], [29.82795999600006, -25.749460001999978], [29.823930004000033, -25.73538], [29.832140002000074, -25.72938000299996], [29.832609997000077, -25.7309], [29.837029999000038, -25.728810001999932], [29.8259, -25.701420002999953], [29.847650002000023, -25.6768], [29.82514000100008, -25.658279998999944], [29.78518, -25.674260001999983], [29.77675000200003, -25.662449997999943], [29.77667, -25.619829996999954], [29.706420003000062, -25.61342000199994], [29.71312000100005, -25.572139998999944], [29.65352000200005, -25.568949998999983], [29.647570004000045, -25.57962], [29.58592999600006, -25.581449997999982], [29.580959997000036, -25.58327800099994], [29.58015, -25.540059997999947], [29.54793999900005, -25.55361], [29.547750001000054, -25.5202], [29.532399996000038, -25.490339998999957], [29.51324999800005, -25.47394], [29.505629997000028, -25.477049997999927], [29.497299997000027, -25.46047], [29.51146999900004, -25.45881000299994], [29.51882997900003, -25.42279002199996], [29.45295997200003, -25.406520031999946], [29.398949972000025, -25.414830028999972], [29.36245997900005, -25.407110020999937], [29.35777000400003, -25.41401000199994], [29.35899999800006, -25.41822000299993], [29.362099990000047, -25.421460000999957], [29.35708999900004, -25.424269998999932], [29.34891000300007, -25.425199997999982], [29.344369999000037, -25.43201000099998], [29.33151999900008, -25.434530001999974], [29.32358000100004, -25.423190001999956], [29.319919997000056, -25.420980000999975], [29.31816000300006, -25.42275], [29.317900002000044, -25.42829], [29.308579997000038, -25.43906999799998], [29.290939997000066, -25.436669998999946], [29.2876, -25.44057999699993], [29.29314, -25.445049997999945], [29.29339000300007, -25.448829995999972], [29.281419996000068, -25.45457], [29.27821, -25.460299996999936], [29.280410002000053, -25.46596999899998], [29.27977999600006, -25.467860000999963], [29.278020002000062, -25.468239995999966], [29.26868999800007, -25.463070001999938], [29.26485000400004, -25.46263000099998], [29.25942999800003, -25.46326], [29.25313, -25.46672999599997], [29.252630002000046, -25.471519996999973], [29.264089997000042, -25.476680000999977], [29.26951000200006, -25.476940000999946], [29.269200002000048, -25.480840000999933], [29.26629999800008, -25.485949997999967], [29.263090001000023, -25.487840001999928], [29.246830001000035, -25.487369997999963], [29.24199000300007, -25.48925000299994], [29.24129000100004, -25.491229996999948], [29.246489998000072, -25.495849994999958], [29.25486999700007, -25.496250003999933], [29.2557, -25.50181], [29.258419996000043, -25.50651999699994], [29.266379999000037, -25.513270002999946], [29.264290001000063, -25.516640002999964], [29.260430002000078, -25.517260001999944], [29.254549999000062, -25.521239994999974], [29.250010003000057, -25.531530000999965], [29.24821, -25.53269999899993], [29.245529996000073, -25.532280002999983], [29.23718999700003, -25.52594000299996], [29.228679998000075, -25.52715000099994], [29.23486000200006, -25.538719998999966], [29.23873999700004, -25.552919996999947], [29.23558, -25.563830001999975], [29.23221, -25.56283], [29.222540002000073, -25.545930002999967], [29.21882000200003, -25.544619998999963], [29.215079997000032, -25.547149997999952], [29.214250003000075, -25.555410002999963], [29.210790003000056, -25.562810001999935], [29.21289, -25.56779999799994], [29.211579997000058, -25.569940003999932], [29.208339998000042, -25.567749998999943], [29.20548000200006, -25.557569995999927], [29.201620003000073, -25.56184000199994], [29.19898999800006, -25.562649998999973], [29.193189997000047, -25.55648999899995], [29.189409999000077, -25.555569996999964], [29.18409, -25.564540002999934], [29.171340006000037, -25.558139996999955], [29.168170002000068, -25.563149996999982], [29.168499999000062, -25.56677], [29.17128000100007, -25.56984999599996], [29.181900003000067, -25.567129997999928], [29.186870002000035, -25.567399998999974], [29.18922000200007, -25.57010999599993], [29.187069998000027, -25.57674999799997], [29.191469996000023, -25.578389997999977], [29.198610002000066, -25.575809998999944], [29.20079000100003, -25.57748000199996], [29.20346999700007, -25.57732], [29.210080004000076, -25.582069996999962], [29.209179998000025, -25.585429998999928], [29.201180002000058, -25.582199998999954], [29.198520003000056, -25.583749997999973], [29.201799995000044, -25.58746], [29.20159, -25.59331999799997], [29.209430001000044, -25.598270000999946], [29.208980002000033, -25.60190000199998], [29.205069996000077, -25.602729995999937], [29.203260003000025, -25.60053999799993], [29.19766999600006, -25.598700002999976], [29.189689997000073, -25.603829996999934], [29.189260002000026, -25.60816], [29.190720003000024, -25.609109994999983], [29.199090004000027, -25.603710001999957], [29.207279997000057, -25.60904999899998], [29.21954, -25.627259997999943], [29.217010001000062, -25.633919995999975], [29.217890002000047, -25.635509997999975], [29.22593999600008, -25.63563999799993], [29.231090003000077, -25.63297], [29.23208, -25.63070000199997], [29.23044, -25.62411999799997], [29.232330003000072, -25.62372999699994], [29.24639, -25.63115999799993], [29.256509997000023, -25.633259994999946], [29.264079999000046, -25.638679993999972], [29.271049996000045, -25.63735000199995], [29.286399993000032, -25.64134], [29.284859999000048, -25.649580001999936], [29.280789998000046, -25.654159998999944], [29.278759996000076, -25.66010999599996], [29.27018999200004, -25.66686999899997], [29.270559997000078, -25.67171999599998], [29.274539998000023, -25.672000000999958], [29.281480001000034, -25.66568999599997], [29.287799996000047, -25.66266], [29.289810001000035, -25.670160004999957], [29.29419000300004, -25.672710001999974], [29.296199992000027, -25.66845000199993], [29.298800002000064, -25.668339998999954], [29.30493, -25.67976], [29.289129996000042, -25.74535999799997], [29.292009996000047, -25.79505000299997], [29.327979998000046, -25.791719995999983], [29.30940000100003, -25.844619997999928], [29.34066599700003, -25.844240001999935], [29.351040003000037, -25.899280000999966], [29.38043699900004, -25.89897099899997], [29.36492000100003, -25.94298], [29.36113999500003, -25.941380005999974], [29.349500001000024, -25.948079998999958], [29.3472, -25.959379998999964], [29.36075000200003, -25.96000999699993], [29.329759997000053, -25.986920002999966], [29.352550002000044, -26.01419], [29.372739997000053, -26.03559], [29.40244799900006, -26.063212007999937], [29.388549999000077, -26.069700001999934], [29.386400003000062, -26.078409996999937], [29.366110002000028, -26.08012999899995], [29.333670003000066, -26.095220001999962], [29.379900001000067, -26.13631], [29.391039997000064, -26.14419000199996], [29.407039997000027, -26.139649996999935], [29.38797, -26.20490000099994], [29.455549999000027, -26.211400001999948], [29.45660999900008, -26.203669997999953], [29.475579999000047, -26.173780001999944], [29.493449996000038, -26.16954999899997], [29.513079996000045, -26.18558000099995], [29.560225998000078, -26.209207995999975], [29.540350001000036, -26.253879996999956], [29.585760003000075, -26.253410002999942], [29.590860003000046, -26.24035], [29.594280001000072, -26.239789997999935], [29.649245002000043, -26.24233000199996], [29.66762999900004, -26.244640001999983], [29.697420004000037, -26.23156000299997], [29.697520002000033, -26.227649996999958], [29.705100001000062, -26.22812000099998], [29.715359997000064, -26.203849998999942], [29.758840003000046, -26.225410001999933], [29.80468999800007, -26.189510002999953], [29.80058100100007, -26.16350600399994], [29.811059999000065, -26.105299998999953], [29.82741999800004, -26.070969996999963], [29.830529996000053, -26.073489997999957], [29.86578999900007, -26.01392999899997], [29.856900004000067, -26.00319000099995], [29.856629996000038, -25.978969997999968], [29.876959998000075, -25.965210001999935], [29.856820002000063, -25.934500002999982], [29.830569997000055, -25.92193], [29.839289999000073, -25.906230002999962], [29.848149999000043, -25.875960002999932], [29.86179000100003, -25.862450002999935]]]]}}, {"type": "Feature", "properties": {"municipality_code_2021": "MP314", "name": "Emakhazeni"}, "geometry": {"type": "MultiPolygon", "coordinates": [[[[30.64662999500007, -25.71242000899997], [30.665619998000068, -25.672980000999928], [30.60806999600004, -25.655290002999948], [30.615190007000024, -25.639449998999964], [30.62565999700007, -25.637260001999948], [30.632609998000078, -25.62974], [30.61075, -25.591930009999942], [30.593709997000076, -25.554130001999965], [30.58624000100008, -25.551600002999976], [30.57389999700007, -25.55701000199997], [30.56723000100004, -25.555540003999965], [30.540770002000045, -25.55436999899996], [30.534120003000055, -25.53600000299997], [30.565345999000044, -25.481235995999953], [30.562260003000063, -25.477960001999975], [30.55718999800007, -25.478119996999965], [30.550099998000064, -25.469289998999955], [30.53086999800007, -25.466400000999954], [30.510529998000038, -25.4758], [30.50046999800003, -25.451140003999967], [30.480709998000066, -25.461769996999976], [30.48011000200006, -25.45239000199996], [30.459609999000065, -25.410759997999946], [30.452489996000054, -25.410319997999977], [30.442429997000033, -25.38082000299994], [30.449239999000042, -25.34495999799998], [30.42432000200006, -25.352529998999955], [30.40138999800007, -25.38083999899993], [30.417800003000025, -25.42350000199997], [30.388679997000054, -25.449269997999977], [30.387540002000037, -25.448320000999956], [30.35099000100007, -25.492479996999975], [30.30141999800003, -25.444979995999972], [30.2789, -25.452920001999928], [30.262630002000037, -25.473030002999963], [30.231170001000066, -25.434639997999966], [30.22945999800004, -25.432410000999937], [30.24333999600003, -25.40956999599996], [30.23922000400006, -25.410759997999946], [30.251709997000034, -25.357287002999954], [30.22734000500003, -25.349479997999936], [30.22351999800003, -25.366030001999945], [30.20557999700003, -25.35682], [30.188079997000045, -25.320340001999966], [30.20336999600005, -25.308529998999973], [30.196749999000076, -25.294569998999975], [30.194359999000028, -25.30212000299997], [30.190119996000078, -25.293800000999966], [30.190750003000062, -25.275810001999957], [30.186919998000064, -25.27311999899996], [30.18031, -25.274449997999966], [30.176059999000074, -25.26677000199993], [30.143230006000067, -25.245810008999968], [30.141849999000044, -25.236429998999938], [30.125769998000067, -25.21231999899993], [30.11518000600006, -25.24173000299993], [30.12177999800008, -25.242620001999967], [30.111729997000054, -25.26503999299996], [30.106560002000037, -25.265440001999934], [30.10307, -25.27466999899997], [30.08344, -25.294079998999962], [30.025460004000024, -25.36772], [29.993520002000025, -25.354659996999942], [29.990589983000064, -25.33825002599997], [29.937569971000073, -25.331020029999934], [29.88791996200007, -25.338579954999943], [29.88779997200004, -25.364339963999953], [29.840299972000025, -25.38632003099997], [29.837259970000048, -25.381779965999954], [29.837249971000062, -25.37681996599997], [29.832659973000034, -25.36997003099998], [29.831999973000052, -25.365479965999953], [29.827279971000053, -25.36498996599994], [29.82583997300003, -25.362109965999935], [29.82293997100004, -25.362310030999936], [29.820289970000033, -25.358869966999976], [29.820069970000077, -25.360720028999935], [29.817079972000045, -25.362019965999934], [29.793189968000036, -25.362059965999947], [29.77023997200007, -25.401530028999957], [29.72764997200005, -25.38416002899993], [29.67385997200006, -25.37216002899993], [29.612789973000076, -25.40061002999994], [29.586999973000047, -25.395160028999953], [29.522629961000064, -25.40504003999996], [29.51882997900003, -25.42279002199996], [29.51146999900004, -25.45881000299994], [29.497299997000027, -25.46047], [29.505629997000028, -25.477049997999927], [29.51324999800005, -25.47394], [29.532399996000038, -25.490339998999957], [29.547750001000054, -25.5202], [29.54793999900005, -25.55361], [29.58015, -25.540059997999947], [29.580959997000036, -25.58327800099994], [29.58592999600006, -25.581449997999982], [29.647570004000045, -25.57962], [29.65352000200005, -25.568949998999983], [29.71312000100005, -25.572139998999944], [29.706420003000062, -25.61342000199994], [29.77667, -25.619829996999954], [29.77675000200003, -25.662449997999943], [29.78518, -25.674260001999983], [29.82514000100008, -25.658279998999944], [29.847650002000023, -25.6768], [29.8259, -25.701420002999953], [29.837029999000038, -25.728810001999932], [29.832609997000077, -25.7309], [29.832140002000074, -25.72938000299996], [29.823930004000033, -25.73538], [29.82795999600006, -25.749460001999978], [29.84185000100007, -25.741069995999965], [29.85098, -25.76502], [29.81069499700004, -25.765429997999945], [29.80923000200005, -25.76140999599994], [29.802519997000047, -25.79161999799993], [29.80094000300005, -25.84876000199995], [29.86317, -25.85104999699996], [29.86179000100003, -25.862450002999935], [29.898964, -25.869278995999935], [29.943750004000037, -25.905660000999944], [29.95886000400003, -25.912899997999943], [29.997730002000026, -25.918669996999938], [29.989880003000053, -25.88365999699994], [30.036429999000063, -25.876950000999955], [30.086688003000063, -25.860293997999975], [30.09150999900004, -25.846219988999962], [30.14970999600007, -25.82972], [30.15173999800004, -25.819290002999935], [30.200829999000064, -25.836429995999936], [30.21375000200004, -25.804019998999934], [30.270399999000063, -25.825370000999953], [30.243440002000057, -25.87211000999997], [30.254, -25.893269997999937], [30.278934998000068, -25.907155], [30.299050002000058, -25.92637999699997], [30.331109998000045, -25.88054000099993], [30.381149996000033, -25.886899995999954], [30.41906, -25.877560002999928], [30.430570002000024, -25.85546999899998], [30.455369997000048, -25.838264996999953], [30.448920001000033, -25.83056], [30.46408, -25.813850000999935], [30.459140004000062, -25.80954000299994], [30.45678500100007, -25.80357000099997], [30.478830001000063, -25.793789997999966], [30.483989998000027, -25.81859000099996], [30.51485000200006, -25.78791000399997], [30.486379998000075, -25.76219999799997], [30.508740001000035, -25.736859995999964], [30.519299999000054, -25.728550000999974], [30.558640008000054, -25.76825999899995], [30.606119996000075, -25.78973000299993], [30.579569998000068, -25.753469997999957], [30.61119000900004, -25.719020000999933], [30.618490003000034, -25.72382999699994], [30.638468998000064, -25.723980001999962], [30.638719999000045, -25.711800000999972], [30.64662999500007, -25.71242000899997]]]]}}, {"type": "Feature", "properties": {"municipality_code_2021": "MP315", "name": "Thembisile Hani"}, "geometry": {"type": "MultiPolygon", "coordinates": [[[[29.00829000300007, -25.66057000099994], [29.04154999800005, -25.70803000099994], [29.093309997000063, -25.678020002999972], [29.10699999800005, -25.661219994999954], [29.11727, -25.6565], [29.196170003000077, -25.685709998999982], [29.18881000400006, -25.722929997999984], [29.219490001000054, -25.74176], [29.24252000300004, -25.708759997999948], [29.289129996000042, -25.74535999799997], [29.30493, -25.67976], [29.298800002000064, -25.668339998999954], [29.296199992000027, -25.66845000199993], [29.29419000300004, -25.672710001999974], [29.289810001000035, -25.670160004999957], [29.287799996000047, -25.66266], [29.281480001000034, -25.66568999599997], [29.274539998000023, -25.672000000999958], [29.270559997000078, -25.67171999599998], [29.27018999200004, -25.66686999899997], [29.278759996000076, -25.66010999599996], [29.280789998000046, -25.654159998999944], [29.284859999000048, -25.649580001999936], [29.286399993000032, -25.64134], [29.271049996000045, -25.63735000199995], [29.264079999000046, -25.638679993999972], [29.256509997000023, -25.633259994999946], [29.24639, -25.63115999799993], [29.232330003000072, -25.62372999699994], [29.23044, -25.62411999799997], [29.23208, -25.63070000199997], [29.231090003000077, -25.63297], [29.22593999600008, -25.63563999799993], [29.217890002000047, -25.635509997999975], [29.217010001000062, -25.633919995999975], [29.21954, -25.627259997999943], [29.207279997000057, -25.60904999899998], [29.199090004000027, -25.603710001999957], [29.190720003000024, -25.609109994999983], [29.189260002000026, -25.60816], [29.189689997000073, -25.603829996999934], [29.19766999600006, -25.598700002999976], [29.203260003000025, -25.60053999799993], [29.205069996000077, -25.602729995999937], [29.208980002000033, -25.60190000199998], [29.209430001000044, -25.598270000999946], [29.20159, -25.59331999799997], [29.201799995000044, -25.58746], [29.198520003000056, -25.583749997999973], [29.201180002000058, -25.582199998999954], [29.209179998000025, -25.585429998999928], [29.210080004000076, -25.582069996999962], [29.20346999700007, -25.57732], [29.20079000100003, -25.57748000199996], [29.198610002000066, -25.575809998999944], [29.191469996000023, -25.578389997999977], [29.187069998000027, -25.57674999799997], [29.18922000200007, -25.57010999599993], [29.186870002000035, -25.567399998999974], [29.181900003000067, -25.567129997999928], [29.17128000100007, -25.56984999599996], [29.168499999000062, -25.56677], [29.168170002000068, -25.563149996999982], [29.171340006000037, -25.558139996999955], [29.18409, -25.564540002999934], [29.189409999000077, -25.555569996999964], [29.193189997000047, -25.55648999899995], [29.19898999800006, -25.562649998999973], [29.201620003000073, -25.56184000199994], [29.20548000200006, -25.557569995999927], [29.208339998000042, -25.567749998999943], [29.211579997000058, -25.569940003999932], [29.21289, -25.56779999799994], [29.210790003000056, -25.562810001999935], [29.214250003000075, -25.555410002999963], [29.215079997000032, -25.547149997999952], [29.21882000200003, -25.544619998999963], [29.222540002000073, -25.545930002999967], [29.23221, -25.56283], [29.23558, -25.563830001999975], [29.23873999700004, -25.552919996999947], [29.23486000200006, -25.538719998999966], [29.228679998000075, -25.52715000099994], [29.23718999700003, -25.52594000299996], [29.245529996000073, -25.532280002999983], [29.24821, -25.53269999899993], [29.250010003000057, -25.531530000999965], [29.254549999000062, -25.521239994999974], [29.260430002000078, -25.517260001999944], [29.264290001000063, -25.516640002999964], [29.266379999000037, -25.513270002999946], [29.258419996000043, -25.50651999699994], [29.2557, -25.50181], [29.25486999700007, -25.496250003999933], [29.246489998000072, -25.495849994999958], [29.24129000100004, -25.491229996999948], [29.24199000300007, -25.48925000299994], [29.246830001000035, -25.487369997999963], [29.263090001000023, -25.487840001999928], [29.26629999800008, -25.485949997999967], [29.269200002000048, -25.480840000999933], [29.26951000200006, -25.476940000999946], [29.264089997000042, -25.476680000999977], [29.252630002000046, -25.471519996999973], [29.25313, -25.46672999599997], [29.25942999800003, -25.46326], [29.26485000400004, -25.46263000099998], [29.26868999800007, -25.463070001999938], [29.278020002000062, -25.468239995999966], [29.27977999600006, -25.467860000999963], [29.280410002000053, -25.46596999899998], [29.27821, -25.460299996999936], [29.281419996000068, -25.45457], [29.29339000300007, -25.448829995999972], [29.29314, -25.445049997999945], [29.2876, -25.44057999699993], [29.290939997000066, -25.436669998999946], [29.308579997000038, -25.43906999799998], [29.317900002000044, -25.42829], [29.31816000300006, -25.42275], [29.319919997000056, -25.420980000999975], [29.32358000100004, -25.423190001999956], [29.33151999900008, -25.434530001999974], [29.344369999000037, -25.43201000099998], [29.34891000300007, -25.425199997999982], [29.35708999900004, -25.424269998999932], [29.362099990000047, -25.421460000999957], [29.35899999800006, -25.41822000299993], [29.35777000400003, -25.41401000199994], [29.36245997900005, -25.407110020999937], [29.349959970000043, -25.404640033999954], [29.342129973000056, -25.37307003199993], [29.321439973000054, -25.37987002999995], [29.264433960000076, -25.37546304199998], [29.25309997000005, -25.38354002999995], [29.24303997000004, -25.40358996599997], [29.237539970000057, -25.402330029999973], [29.207338979000042, -25.41457202099997], [29.195699971000067, -25.370280030999936], [29.13126997100005, -25.390240029999973], [29.14201997300006, -25.385830031999944], [29.16411997000006, -25.354480029999934], [29.174629973000037, -25.318469965999952], [29.166959960000042, -25.30336004199995], [29.11836997200004, -25.31323996599997], [29.095889973000055, -25.321180031999972], [29.090169969000044, -25.289399965999962], [29.08439997000005, -25.292880029999935], [29.082729973000028, -25.28708996599994], [29.07606997000005, -25.284609965999948], [29.072749970000075, -25.286869965999983], [29.056479970000055, -25.27933003299995], [29.050289973000076, -25.280190035999965], [29.038444972000036, -25.276459965999948], [29.034859979000032, -25.264560020999966], [29.041359971000077, -25.261029966999956], [29.031839971000068, -25.25088996599993], [29.032259983000074, -25.249330019999945], [29.031499996000036, -25.250659997999946], [29.003849996000042, -25.246070002999943], [28.958400002000076, -25.236219996999978], [28.899169999000037, -25.23504000199995], [28.86469999800005, -25.273879997999927], [28.79100999800005, -25.328339997999933], [28.739590001000067, -25.28853000099997], [28.732940003000067, -25.282699996999952], [28.69563000200003, -25.294460002999983], [28.679210006000062, -25.302999995999983], [28.641260002000024, -25.32763999699995], [28.63317999800006, -25.33148999599996], [28.62257999800005, -25.33364999899993], [28.638939997000023, -25.393980003999957], [28.619789998000044, -25.41138999599997], [28.62526000200006, -25.447629997999968], [28.629470002000062, -25.459369997999943], [28.62084999900003, -25.463219998999932], [28.6154, -25.467860000999963], [28.620989998000027, -25.470659998999963], [28.632059999000035, -25.488410001999966], [28.634, -25.51989], [28.625750002000075, -25.52304999599994], [28.62667000400006, -25.531149997999933], [28.635000004000062, -25.559159997999927], [28.64544999800006, -25.585779998999953], [28.647255004000044, -25.58563000199996], [28.642512003000036, -25.589865002999943], [28.674695001000032, -25.658849990999954], [28.672701937000056, -25.66503180899997], [28.683779997000045, -25.67538], [28.7088, -25.68282], [28.722059998000077, -25.64418000099994], [28.72387, -25.63177000099995], [28.73818, -25.633869997999966], [28.76631000200007, -25.64697999899994], [28.75900000100006, -25.678020002999972], [28.75284988900006, -25.69391058399998], [28.75742999700003, -25.69532999699993], [28.757220003000043, -25.705879996999954], [28.76494000200006, -25.703599992999955], [28.7653, -25.700639998999975], [28.76809, -25.70091999699997], [28.769259997000063, -25.698779998999953], [28.779319997000073, -25.701939995999965], [28.792730001000052, -25.70242999499993], [28.80823999900008, -25.68903], [28.81929999600004, -25.695090000999983], [28.846950004000064, -25.68242000099997], [28.822919997000042, -25.658920002999935], [28.810030004000055, -25.659119997999937], [28.811500004000038, -25.64303], [28.83601000300007, -25.63736999799994], [28.835459997000044, -25.64560999899993], [28.841569998000068, -25.65446000099996], [28.845699996000064, -25.65230999599993], [28.8693, -25.658119994999936], [28.871950002000062, -25.64162999699994], [28.86290000300005, -25.635549998999977], [28.858380004000026, -25.634809995999944], [28.84311, -25.56644000299997], [28.80854000100004, -25.573249996999948], [28.80766, -25.571429998999974], [28.79705400100005, -25.54204499599996], [28.821859998000036, -25.52244000199994], [28.851780003000044, -25.50181], [28.869879999000034, -25.524750001999962], [28.87408000100004, -25.52706], [28.858223998000028, -25.56906499799993], [28.91009000400004, -25.52445999799994], [28.91516000100006, -25.558], [28.94654, -25.599799996999934], [29.007760003000044, -25.57416000099994], [28.986931, -25.540199], [28.98814999900003, -25.539529997999978], [28.99324, -25.542520001999947], [29.00671999900004, -25.537600002999966], [29.010579997000036, -25.53319999699994], [29.019020001000058, -25.527789997999946], [29.01294000300004, -25.51373], [29.022989997000025, -25.515909997999984], [29.02680000600003, -25.51848999599997], [29.035959999000056, -25.521260000999973], [29.04221, -25.52098000199993], [29.04741999400005, -25.516950002999977], [29.048189999000044, -25.520219994999934], [29.05873999800008, -25.527230002999943], [29.07872999700004, -25.499590000999945], [29.07735999700003, -25.49622999899998], [29.080009998000037, -25.494630007999945], [29.091370003000065, -25.530589995999946], [29.098420003000058, -25.537730001999932], [29.086889996000025, -25.548619995999957], [29.06840999700006, -25.55228], [29.034289998000077, -25.56339000899993], [29.04199999700006, -25.57325999699998], [29.045619999000053, -25.58080000299998], [29.03999999800004, -25.61755], [29.06419998900003, -25.62065999799995], [29.06613999900003, -25.630480000999967], [29.05655000300004, -25.632600002999936], [29.064620001000037, -25.64241999899997], [29.00829000300007, -25.66057000099994]]]]}}, {"type": "Feature", "properties": {"municipality_code_2021": "MP316", "name": "Dr JS Moroka"}, "geometry": {"type": "MultiPolygon", "coordinates": [[[[28.651569996000035, -25.142899996999972], [28.66830999800004, -25.13852498999995], [28.710110005000047, -25.116060002999973], [28.74458899700005, -25.10961200099996], [28.75915999700004, -25.149719996999977], [28.757419998000046, -25.149859996999965], [28.776500002000034, -25.183720002999962], [28.77541, -25.18377000299995], [28.784560003000024, -25.22865999399994], [28.77909999600007, -25.230819994999933], [28.76384999000004, -25.221090000999936], [28.732429999000033, -25.26917], [28.739590001000067, -25.28853000099997], [28.79100999800005, -25.328339997999933], [28.86469999800005, -25.273879997999927], [28.899169999000037, -25.23504000199995], [28.958400002000076, -25.236219996999978], [29.003849996000042, -25.246070002999943], [29.031499996000036, -25.250659997999946], [29.032259983000074, -25.249330019999945], [29.044899972000053, -25.20220003199995], [29.042509981000023, -25.140500019999934], [29.089839961000052, -25.14845004199998], [29.086869971000056, -25.13654003099998], [29.12842997200005, -25.113039965999974], [29.118499962000044, -25.10752004099993], [29.105759970000065, -25.100430030999973], [29.101609973000052, -25.10272003199998], [29.09789997200005, -25.100250030999973], [29.094249973000046, -25.103210031999936], [29.09124997200007, -25.10020003099993], [29.088289967000037, -25.103620030999934], [29.08494998200007, -25.097710022999934], [29.090299970000046, -25.09179003099996], [29.085679971000047, -25.088780029999953], [29.070663960000047, -25.06546604199997], [29.018809971000053, -25.054899965999937], [28.976359970000033, -25.070830030999957], [28.97542997000005, -25.068700030999935], [28.971709970000063, -25.070179966999945], [28.94620003500006, -25.017030030999933], [28.934919971000056, -25.000010034999946], [28.91029997000004, -25.007089965999967], [28.905260035000026, -24.99595002999996], [28.909369966000042, -24.995490030999974], [28.891619982000066, -24.95548002199996], [28.941759970000078, -24.93364003099998], [28.93697996900005, -24.922849965999944], [28.924069974000076, -24.901529977999928], [28.84639, -24.933259996999936], [28.837390001000074, -24.91601], [28.759379997000053, -24.91135000099996], [28.713779997000074, -24.95362000199998], [28.658850002000065, -24.97216999699998], [28.63379999700004, -24.984389997999983], [28.605720002000055, -25.003439998999966], [28.634289996000064, -25.058240001999934], [28.60949000100004, -25.059899997999935], [28.606899997000028, -25.07039], [28.473739998000042, -25.08931999899994], [28.495239996000066, -25.131779996999967], [28.446600009000065, -25.135870001999933], [28.44297000100005, -25.128989988999933], [28.400520001000075, -25.147769997999944], [28.379259999000055, -25.155299998999965], [28.391910003000078, -25.16415000099994], [28.411020001000054, -25.20483], [28.38687999900003, -25.213389998999958], [28.461599997000064, -25.20147999699998], [28.497650001000068, -25.18183000099998], [28.532059997000033, -25.16978999899993], [28.536609999000063, -25.15241999899996], [28.596110001000056, -25.142579998999963], [28.59672000300003, -25.13846999699996], [28.636059997000075, -25.128099996999936], [28.63496000300006, -25.118330000999947], [28.648909997000032, -25.112920001999953], [28.651569996000035, -25.142899996999972]]]]}}, {"type": "Feature", "properties": {"municipality_code_2021": "MP321", "name": "Thaba Chweu"}, "geometry": {"type": "MultiPolygon", "coordinates": [[[[30.871709999000075, -24.538500002999967], [30.799280004000025, -24.49889000199994], [30.758979999000076, -24.460219998999946], [30.73017999900003, -24.4985], [30.732309998000062, -24.548089001999983], [30.730319997000038, -24.608729995999965], [30.701549999000065, -24.586410000999933], [30.679240003000075, -24.623670001999983], [30.70966099700007, -24.667364], [30.720100002000038, -24.70523800899997], [30.685530004000043, -24.73239999599997], [30.67856999600008, -24.735809996999933], [30.636610004000033, -24.73407999699998], [30.63371999700007, -24.758499995999955], [30.664220003000025, -24.77461], [30.656200003000038, -24.81169000099993], [30.634880004000024, -24.852770000999953], [30.61866000400005, -24.84424000499996], [30.608365003000074, -24.87241299899995], [30.579969997000035, -24.887370001999955], [30.581169997000075, -24.916909996999948], [30.562880003000032, -24.89646000099998], [30.496309997000026, -24.914720000999978], [30.49421999900005, -24.953270000999964], [30.45153999200005, -24.912000003999935], [30.43798, -24.86434], [30.42507000300003, -24.85486], [30.38973999700005, -24.849440001999938], [30.390820002000055, -24.852129996999963], [30.38971000300006, -24.860319997999966], [30.39163, -24.8623], [30.395989997000072, -24.860980006999966], [30.39862000200003, -24.868270002999964], [30.396459992000075, -24.871229995999954], [30.354170003000036, -24.849279998999975], [30.352880004000042, -24.883449997999946], [30.31089999900007, -24.872920002999933], [30.30855999700003, -24.87536000299997], [30.310029996000026, -24.880630002999965], [30.312380004000033, -24.88247999699996], [30.311739999000054, -24.88375999799996], [30.308850001000053, -24.88273], [30.308029997000062, -24.885049996999953], [30.30625999700004, -24.88426000399994], [30.306789997000067, -24.881470002999947], [30.29729, -24.867740001999948], [30.19197998900006, -24.85547000899993], [30.178470004000076, -24.922060002999956], [30.171729997000057, -24.969800000999953], [30.17206999900003, -24.989169998999955], [30.179460001000052, -24.989640002999977], [30.1792, -24.999110004999977], [30.19715999700003, -25.030879996999943], [30.19865999900003, -25.03636], [30.159340001000032, -25.02803], [30.148509997000076, -25.032350003999966], [30.148580008000067, -25.089949996999962], [30.14442999700003, -25.09121000099998], [30.144389997000076, -25.12378999899994], [30.12115, -25.12086], [30.090849999000056, -25.125500002999956], [30.090239997000026, -25.108109997999975], [30.02987, -25.064130001999956], [30.029839997000067, -25.08457], [29.978949982000074, -25.09211998199993], [30.005409971000063, -25.14438003099997], [30.009839971000076, -25.231280030999983], [30.012900037000065, -25.230960031999928], [30.000669971000036, -25.27948003199998], [30.006234971000026, -25.34033003099995], [29.990589983000064, -25.33825002599997], [29.993520002000025, -25.354659996999942], [30.025460004000024, -25.36772], [30.08344, -25.294079998999962], [30.10307, -25.27466999899997], [30.106560002000037, -25.265440001999934], [30.111729997000054, -25.26503999299996], [30.12177999800008, -25.242620001999967], [30.11518000600006, -25.24173000299993], [30.125769998000067, -25.21231999899993], [30.141849999000044, -25.236429998999938], [30.143230006000067, -25.245810008999968], [30.176059999000074, -25.26677000199993], [30.18031, -25.274449997999966], [30.186919998000064, -25.27311999899996], [30.190750003000062, -25.275810001999957], [30.190119996000078, -25.293800000999966], [30.194359999000028, -25.30212000299997], [30.196749999000076, -25.294569998999975], [30.20336999600005, -25.308529998999973], [30.188079997000045, -25.320340001999966], [30.20557999700003, -25.35682], [30.22351999800003, -25.366030001999945], [30.22734000500003, -25.349479997999936], [30.251709997000034, -25.357287002999954], [30.23922000400006, -25.410759997999946], [30.24333999600003, -25.40956999599996], [30.22945999800004, -25.432410000999937], [30.231170001000066, -25.434639997999966], [30.262630002000037, -25.473030002999963], [30.2789, -25.452920001999928], [30.30141999800003, -25.444979995999972], [30.35099000100007, -25.492479996999975], [30.387540002000037, -25.448320000999956], [30.388679997000054, -25.449269997999977], [30.417800003000025, -25.42350000199997], [30.40138999800007, -25.38083999899993], [30.42432000200006, -25.352529998999955], [30.449239999000042, -25.34495999799998], [30.48499000100003, -25.348870003999934], [30.53197099700003, -25.349590001999957], [30.548260002000063, -25.313110003999952], [30.588940002000072, -25.321850001999962], [30.629890009000064, -25.28499999899998], [30.65338, -25.31158999799993], [30.681749998000043, -25.33739000399993], [30.69856000300007, -25.3574], [30.695150003000037, -25.36142000199993], [30.697179996000045, -25.36701999899998], [30.69893999900006, -25.36503999599995], [30.703440002000036, -25.36671999699996], [30.703239998000072, -25.361539995999976], [30.712130001000048, -25.364579998999943], [30.712870004000024, -25.363820000999965], [30.73861899700006, -25.375445001999935], [30.74569999700003, -25.37673999599997], [30.79067999600005, -25.353310001999944], [30.877410002000033, -25.41372], [30.897260002000053, -25.397209995999958], [30.88181, -25.38371000199993], [30.934769990000063, -25.36449], [30.945663, -25.357663997999964], [30.900940002000027, -25.321039995999968], [30.978155999000023, -25.29015400299994], [30.954068007000046, -25.25578600299997], [30.93023000200003, -25.21808999899997], [30.917219999000054, -25.20830999599997], [30.938340002000075, -25.16739999799995], [30.941120004000027, -25.128888003999975], [30.950589998000055, -25.133099998999967], [30.96787500100004, -25.121665010999948], [30.966390002000026, -25.113530003999983], [30.97154, -25.10480000399997], [30.973059997000064, -25.08978000299993], [30.97476000200004, -25.08865999799997], [30.97662000300005, -25.077750006999963], [30.97812000400006, -25.075149996999983], [30.979550002000053, -25.075759998999956], [30.982430002000058, -25.07399999599994], [30.979110001000038, -25.070969998999942], [30.9816, -25.06486999699996], [30.981249999000056, -25.061110002999953], [30.989939998000068, -25.06303000099996], [30.991799998000033, -25.05925000299993], [31.00017998900006, -25.055480003999946], [31.00721, -25.046670001999928], [31.021160001000055, -25.042229995999946], [31.022000002000027, -25.039159997999946], [31.018890003000024, -25.03528000299997], [31.025230003000047, -25.030099993999954], [31.01871000400007, -25.030589993999968], [31.01566000200006, -25.029220000999942], [31.02401999700004, -24.99522000299993], [31.031589998000072, -24.996860002999938], [31.026809997000043, -24.914109998999947], [31.017380004000074, -24.874380002999942], [31.00542000300004, -24.83701999599998], [30.974255002000064, -24.820374997999977], [30.919410003000053, -24.80515999599993], [30.909299997000062, -24.784830002999968], [30.90268, -24.74672000299995], [30.89878999800004, -24.74040999799996], [30.90696000300005, -24.722909997999977], [30.88992999800007, -24.70875000199993], [30.913210003000074, -24.67285000299995], [30.909129995000058, -24.64434999699995], [30.89888000600007, -24.63033000799993], [30.858674996000047, -24.61429], [30.795040001000075, -24.57749000399997], [30.871709999000075, -24.538500002999967]]]]}}, {"type": "Feature", "properties": {"municipality_code_2021": "MP324", "name": "Nkomazi"}, "geometry": {"type": "MultiPolygon", "coordinates": [[[[31.61089389600005, -24.98924693999993], [31.608470917000034, -24.99921035799997], [31.60197067300004, -25.00381088299997], [31.594219208000027, -25.003950118999967], [31.592920303000028, -25.00745010399993], [31.588479996000046, -25.011720656999955], [31.586380005000024, -25.025129317999983], [31.589290619000053, -25.040950774999942], [31.58868026700003, -25.046030044999952], [31.598709106000058, -25.06150054899996], [31.601419449000048, -25.074119567999958], [31.601690292000058, -25.092910766999978], [31.603059769000026, -25.095579146999967], [31.601789474000043, -25.107000350999954], [31.608009338000045, -25.13249015799994], [31.60783004800004, -25.139080047999983], [31.612560272000053, -25.154499053999928], [31.61963081400006, -25.165620803999957], [31.617870331000063, -25.16850089999997], [31.62281990100007, -25.18737983699998], [31.62120056200007, -25.197090148999962], [31.617719650000026, -25.205320357999938], [31.622390747000054, -25.21237945599995], [31.622869492000063, -25.215660094999976], [31.623069763000046, -25.226100921999944], [31.620590210000046, -25.23209953299994], [31.621299744000055, -25.242309569999975], [31.626550674000043, -25.253519057999938], [31.627029419000053, -25.272920608999982], [31.614179611000054, -25.28883933999998], [31.61298942600007, -25.29586029099994], [31.606590271000073, -25.304180144999975], [31.602279663000047, -25.312850951999962], [31.587329865000072, -25.32978057899993], [31.584810257000072, -25.33485984799995], [31.581319809000036, -25.343969344999948], [31.581600189000028, -25.359590529999934], [31.575380325000026, -25.37165069599996], [31.566469193000046, -25.38261985799994], [31.563440323000066, -25.40172004699997], [31.56027984600007, -25.41146087599998], [31.562448502000052, -25.41445732099993], [31.560239997000053, -25.418090002999975], [31.558439255000053, -25.427289962999964], [31.545490003000054, -25.437079997999945], [31.52628, -25.44056999199995], [31.52214000300006, -25.44323], [31.52066996700006, -25.45079997199997], [31.522739410000042, -25.45314025899995], [31.534170155000027, -25.458370205999984], [31.536829999000076, -25.46408000399998], [31.53607, -25.46592999799998], [31.51545000300007, -25.47676000299998], [31.499439240000072, -25.48851966899997], [31.48267936700006, -25.496629714999983], [31.446109772000057, -25.506149291999975], [31.434789658000057, -25.512079238999945], [31.422050476000038, -25.509519576999935], [31.414269998000066, -25.510610002999954], [31.41050910900003, -25.514589309999963], [31.39800071700006, -25.513439177999942], [31.394189835000077, -25.51539993299997], [31.390050002000066, -25.52513999599995], [31.385530472000028, -25.526779174999945], [31.374590002000048, -25.528520009999966], [31.365579996000065, -25.531819997999946], [31.35938000400006, -25.532110001999968], [31.356659999000044, -25.52964], [31.350260002000027, -25.52884999799994], [31.344670011000062, -25.52448000299995], [31.337309996000045, -25.52200000299996], [31.313400001000048, -25.535], [31.31124999700006, -25.539169998999967], [31.300150001000077, -25.54151000099995], [31.292740003000063, -25.53859], [31.28358999900007, -25.531869996999944], [31.278719998000042, -25.54110000299994], [31.275849996000034, -25.560240002999933], [31.290480003000027, -25.56751000299994], [31.29293, -25.582750002999944], [31.279630002000033, -25.606470000999934], [31.28696999600004, -25.60871000399993], [31.288769999000067, -25.60375000399995], [31.292530001000046, -25.600840000999938], [31.295540001000063, -25.59456999699995], [31.30175999800008, -25.59114999899998], [31.307940002000066, -25.590070001999948], [31.308380003000025, -25.58751], [31.33073999800007, -25.609359998999935], [31.31606000100004, -25.62738000199994], [31.314789998000037, -25.631010001999982], [31.30268, -25.62526000099996], [31.30058000300005, -25.62747000199994], [31.301499997000064, -25.630430002999958], [31.296399998000027, -25.634009996999964], [31.300479997000025, -25.638789997999936], [31.300680001000046, -25.64192000099996], [31.306019997000078, -25.63889000399996], [31.307699998000032, -25.642980000999955], [31.310219999000026, -25.64324000199997], [31.303269998000076, -25.663850001999947], [31.285329997000076, -25.664619998999967], [31.28550999600003, -25.67139], [31.257160002000035, -25.667970001999947], [31.26208000200006, -25.69231999799996], [31.27413000300004, -25.704279997999947], [31.275010004000023, -25.71536000599997], [31.272450002000028, -25.71986000199996], [31.276689996000073, -25.72001999699995], [31.281739997000045, -25.714050001999965], [31.29455000400003, -25.730050001999928], [31.288480004000064, -25.74992999699998], [31.315939998000033, -25.74304000099994], [31.416299999000046, -25.71876], [31.867860003000033, -25.999600001999966], [31.97369000100008, -25.95320000299995], [31.93054999700007, -25.84076999699994], [31.97856000200005, -25.693670001999976], [31.99594, -25.676690002999976], [32.006099, -25.645194], [32.00564999900007, -25.625989996999976], [31.99576, -25.52627], [31.981329998000035, -25.52382000199998], [31.97737999900005, -25.50979999799995], [31.97740000300007, -25.47469], [31.979620002000047, -25.457059998999966], [31.989479998000036, -25.43774999699997], [31.99052000200004, -25.428969998999946], [32.01349999800004, -25.388109998999937], [32.01527999600006, -25.38249999599998], [32.02882, -25.24143000099997], [32.031979997000064, -25.183095], [32.024523, -25.187397002999944], [32.01512099900003, -25.18476500299994], [32.00282800100007, -25.163542998999958], [31.993345, -25.15959], [31.987737, -25.159578995999937], [31.975631, -25.163483998999936], [31.962516004000065, -25.164627001999975], [31.952721, -25.16406799599997], [31.947486995000077, -25.162042997999947], [31.943198996000035, -25.156298996999965], [31.941287999000053, -25.15046], [31.945774997000058, -25.13472600299997], [31.943365997000058, -25.12607799899996], [31.941777999000067, -25.124580997999942], [31.92540999700003, -25.121023003999937], [31.916691998000033, -25.11722799699993], [31.901826998000047, -25.10340600099994], [31.881364004000034, -25.098138002999974], [31.862585997000053, -25.075905], [31.838465002000078, -25.069391998999947], [31.82291599900003, -25.061722997999937], [31.799993001000075, -25.035182], [31.798368999000047, -25.030577002999962], [31.783025003000034, -25.011748], [31.779163999000048, -25.004404], [31.769854989000066, -24.996567996999943], [31.768127, -24.987726005999946], [31.769317999000066, -24.97920999799993], [31.76830798900005, -24.974478997999938], [31.760981998000034, -24.972528997999973], [31.756095001000062, -24.967878], [31.750552001000074, -24.96514099899997], [31.73508099700007, -24.95984200099997], [31.726731, -24.954278], [31.720465002000026, -24.953273000999957], [31.71690900200008, -24.954299998999943], [31.710622002000036, -24.960376], [31.701688001000036, -24.963100001999976], [31.674348, -24.96518600299993], [31.66167100200005, -24.97287599899994], [31.649217004000036, -24.977225996999948], [31.642789, -24.977814989999956], [31.616602, -24.98893000299995], [31.61089389600005, -24.98924693999993]]]]}}, {"type": "Feature", "properties": {"municipality_code_2021": "MP325", "name": "Bushbuckridge"}, "geometry": {"type": "MultiPolygon", "coordinates": [[[[31.063430002000075, -24.091459998999937], [31.085990002000074, -24.094519998999942], [31.120569998000065, -24.09026], [31.115100002000077, -24.119209988999955], [31.096149999000033, -24.11736000299993], [31.10726999900004, -24.145730000999947], [31.04993999800007, -24.187319996999975], [31.054369999000073, -24.23192999899993], [31.06043, -24.271800000999974], [31.05602000500005, -24.32188999699997], [31.10221000100006, -24.323730000999944], [31.152520007000078, -24.318669994999937], [31.200059999000075, -24.304949991999933], [31.242029998000078, -24.365430000999936], [31.159969998000065, -24.37557000199996], [31.15995, -24.437409997999964], [31.20324000100004, -24.426459990999945], [31.25366000200006, -24.499120000999937], [31.226180011000054, -24.556010001999937], [31.053739999000072, -24.570280000999958], [30.95931999900006, -24.582070000999977], [30.954330011000025, -24.52128], [30.90893, -24.52576999699994], [30.871709999000075, -24.538500002999967], [30.795040001000075, -24.57749000399997], [30.858674996000047, -24.61429], [30.89888000600007, -24.63033000799993], [30.909129995000058, -24.64434999699995], [30.913210003000074, -24.67285000299995], [30.88992999800007, -24.70875000199993], [30.90696000300005, -24.722909997999977], [30.89878999800004, -24.74040999799996], [30.90268, -24.74672000299995], [30.909299997000062, -24.784830002999968], [30.919410003000053, -24.80515999599993], [30.974255002000064, -24.820374997999977], [31.00542000300004, -24.83701999599998], [31.017380004000074, -24.874380002999942], [31.026809997000043, -24.914109998999947], [31.031589998000072, -24.996860002999938], [31.02401999700004, -24.99522000299993], [31.01566000200006, -25.029220000999942], [31.01871000400007, -25.030589993999968], [31.025230003000047, -25.030099993999954], [31.031220001000065, -25.030980002999968], [31.036999998000056, -25.027000001999966], [31.04758, -25.031059996999943], [31.049189997000042, -25.03111000399997], [31.051820002000056, -25.027980000999946], [31.06113999200005, -25.031600002999937], [31.06679000300005, -25.02848999699995], [31.076709997000023, -25.03108999899996], [31.08440999800007, -25.03068000099995], [31.086629998000035, -25.029614997999943], [31.06422000300006, -25.00049000399997], [31.060699999000065, -24.99540000299993], [31.06113999200005, -24.99386999899997], [31.11014399900006, -24.986909998999977], [31.109969054000032, -24.98534091299996], [31.11615564600004, -24.98674799799994], [31.134469505000027, -24.980256491999967], [31.140911895000045, -24.982356365999976], [31.153188002000036, -25.022664995999946], [31.169129999000063, -25.023969996999938], [31.173150001000067, -25.022049998999933], [31.179390003000037, -25.021450003999973], [31.18304, -25.018919995999966], [31.24930000300003, -25.018360137999935], [31.252510002000065, -25.01664], [31.25301999800007, -25.01467000399998], [31.248729996000066, -25.01153000299996], [31.248570001000076, -25.009909998999944], [31.25398063700004, -25.00305938699995], [31.24955, -24.99708000299995], [31.250150681000036, -24.99205017099996], [31.25457000700004, -24.986640929999965], [31.25283999000004, -24.981149998999967], [31.263349533000053, -24.97920036299996], [31.26772999800005, -24.979699996999955], [31.27886009200006, -24.983470916999977], [31.286809921000042, -24.988330840999936], [31.29039001500007, -24.988300322999976], [31.299449999000046, -24.980450005999955], [31.30653953600006, -24.98113059999997], [31.311460495000063, -24.979169845999934], [31.312590003000025, -24.97699999699995], [31.31198000100005, -24.96735000299998], [31.316539764000026, -24.96442031899994], [31.338110004000043, -24.97110999599994], [31.344770432000075, -24.97747039799998], [31.348020554000072, -24.976739882999937], [31.351980209000033, -24.973430633999953], [31.35656929000004, -24.97636985799994], [31.362960005000048, -24.976419996999937], [31.363849997000045, -24.973420002999944], [31.368820190000065, -24.96866035499994], [31.373780004000025, -24.96599], [31.379999161000057, -24.965820312999938], [31.381099798000037, -24.964630116999956], [31.39439010600006, -24.971780776999935], [31.411819458000025, -24.969070434999935], [31.421579361000056, -24.972740172999977], [31.42795944200003, -24.981880187999934], [31.439230004000024, -24.98795000399997], [31.447399139000026, -24.986160277999943], [31.45503999700003, -24.988069997999958], [31.460349999000073, -24.985480001999974], [31.474240003000034, -24.987189996999973], [31.47945976300008, -24.983850478999955], [31.484234790000073, -24.977342155999963], [31.491079330000048, -24.975179671999967], [31.495407389000036, -24.968659076999927], [31.500364047000062, -24.96779403399995], [31.504618003000076, -24.970286001999966], [31.51652344400003, -24.96859247499998], [31.530273, -24.975166998999953], [31.533820611000067, -24.970741208999982], [31.542409992000046, -24.97213400199996], [31.545549393000044, -24.97134017899998], [31.548770905000026, -24.96886062599998], [31.55130856100004, -24.96255040699998], [31.56548370300004, -24.960413996999932], [31.56934300200004, -24.962790001999963], [31.57182499700008, -24.967130002999966], [31.582296, -24.971632000999932], [31.585299003000046, -24.976170001999947], [31.587129, -24.98593600099997], [31.591931001000034, -24.991575000999944], [31.61089389600005, -24.98924693999993], [31.616602, -24.98893000299995], [31.642789, -24.977814989999956], [31.649217004000036, -24.977225996999948], [31.66167100200005, -24.97287599899994], [31.674348, -24.96518600299993], [31.701688001000036, -24.963100001999976], [31.710622002000036, -24.960376], [31.71690900200008, -24.954299998999943], [31.720465002000026, -24.953273000999957], [31.726731, -24.954278], [31.73508099700007, -24.95984200099997], [31.750552001000074, -24.96514099899997], [31.756095001000062, -24.967878], [31.760981998000034, -24.972528997999973], [31.76830798900005, -24.974478997999938], [31.769317999000066, -24.97920999799993], [31.768127, -24.987726005999946], [31.769854989000066, -24.996567996999943], [31.779163999000048, -25.004404], [31.783025003000034, -25.011748], [31.798368999000047, -25.030577002999962], [31.799993001000075, -25.035182], [31.82291599900003, -25.061722997999937], [31.838465002000078, -25.069391998999947], [31.862585997000053, -25.075905], [31.881364004000034, -25.098138002999974], [31.901826998000047, -25.10340600099994], [31.916691998000033, -25.11722799699993], [31.92540999700003, -25.121023003999937], [31.941777999000067, -25.124580997999942], [31.943365997000058, -25.12607799899996], [31.945774997000058, -25.13472600299997], [31.941287999000053, -25.15046], [31.943198996000035, -25.156298996999965], [31.947486995000077, -25.162042997999947], [31.952721, -25.16406799599997], [31.962516004000065, -25.164627001999975], [31.975631, -25.163483998999936], [31.987737, -25.159578995999937], [31.993345, -25.15959], [32.00282800100007, -25.163542998999958], [32.01512099900003, -25.18476500299994], [32.024523, -25.187397002999944], [32.031979997000064, -25.183095], [32.03359000200004, -25.132519998999953], [32.03017000400007, -25.06569000099995], [32.01548, -24.92512000299996], [31.998270003000073, -24.68974000199995], [32.00891000200005, -24.57515000199993], [32.01309999800003, -24.45459], [31.987129998000057, -24.3022], [31.981279999000037, -24.297339997999927], [31.908010003000072, -24.182429998999964], [31.883834663000073, -23.984594453999932], [31.85268, -23.98684999699998], [31.824970003000033, -23.986160001999963], [31.82160999300004, -23.990850002999935], [31.822119997000073, -23.996509996999976], [31.820360003000076, -23.998380002999966], [31.812539999000023, -23.999310003999938], [31.804699998000046, -23.997179995999943], [31.80120999600007, -23.99409000199995], [31.79461000400005, -23.99193], [31.782690005000063, -23.982080001999975], [31.77640000300005, -23.981240001999936], [31.769969996000043, -23.983190001999958], [31.751770002000058, -23.997649998999975], [31.746559999000056, -24.003480002999936], [31.734909998000035, -24.01134], [31.73357, -24.01836000399993], [31.737270004000038, -24.03206000299997], [31.737640001000045, -24.03904999699995], [31.73581000300004, -24.04608], [31.718699996000055, -24.056840000999955], [31.70191000400007, -24.05991999699995], [31.68372, -24.059530003999953], [31.679980003000026, -24.05665000299996], [31.67432000100007, -24.042970000999958], [31.668759997000052, -24.02095000099996], [31.665980002000026, -24.0167], [31.6593, -24.014089998999964], [31.63258, -24.017890000999955], [31.620889999000042, -24.02325000199994], [31.609570003000044, -24.036289998999962], [31.608300001000032, -24.047589998999968], [31.598140002000036, -24.05631999899998], [31.594699999000056, -24.05636999799998], [31.586869997000065, -24.052779989999976], [31.58028000400003, -24.04710999799994], [31.573720003000062, -24.037279996999928], [31.56824, -24.033069996999927], [31.561119999000027, -24.03362999199993], [31.548650001000055, -24.037200002999953], [31.544570002000057, -24.042449990999955], [31.54255999700007, -24.053990003999957], [31.53791999400005, -24.055860001999974], [31.52908999600004, -24.05667], [31.520940005000057, -24.05430000399997], [31.50993, -24.043180002999975], [31.505469997000034, -24.04076], [31.481969999000057, -24.031620001999954], [31.462529997000047, -24.02964], [31.447620001000075, -24.01992000299998], [31.44093999900008, -24.020980002999977], [31.44056000300003, -24.038299995999978], [31.43119999700008, -24.052350003999948], [31.428049998000063, -24.0545], [31.419970001000024, -24.056419996999978], [31.399019999000075, -24.06755000399994], [31.395579996000038, -24.06758999599998], [31.392599998000037, -24.065830001999927], [31.38643999800007, -24.05219999899998], [31.383519997000064, -24.051290002999963], [31.37911000200006, -24.05225000599995], [31.365119999000058, -24.068460006999942], [31.360010002000024, -24.07124000099998], [31.349460004000036, -24.07274000299998], [31.320620009000038, -24.082599998999967], [31.313230007000072, -24.08135], [31.30156000200003, -24.07382999799995], [31.296390001000077, -24.073230001999946], [31.29345000400008, -24.074390000999983], [31.27507999900007, -24.09381999699997], [31.26410999600006, -24.09983], [31.257249994000063, -24.101050003999944], [31.252280003000067, -24.09773000299998], [31.24524000300005, -24.07142000099998], [31.23470000100008, -24.057569996999973], [31.22002000300006, -24.045569995999983], [31.206030001000045, -24.04103], [31.196760003000065, -24.032709997999973], [31.191869998000072, -24.031069997999964], [31.175659996000036, -24.036379998999962], [31.171309998000027, -24.044179998999937], [31.16984999700003, -24.058629997999958], [31.162629997000067, -24.060049997999954], [31.14708000400003, -24.069680002999974], [31.13377999800008, -24.07369999699995], [31.129339999000024, -24.072920001999933], [31.120549995000033, -24.068199997999955], [31.100939999000047, -24.070769997999946], [31.094249999000056, -24.075519996999958], [31.07309000200007, -24.08270999499996], [31.0669, -24.089630000999932], [31.063430002000075, -24.091459998999937]]]]}}, {"type": "Feature", "properties": {"municipality_code_2021": "MP326", "name": "City of Mbombela"}, "geometry": {"type": "MultiPolygon", "coordinates": [[[[31.025230003000047, -25.030099993999954], [31.018890003000024, -25.03528000299997], [31.022000002000027, -25.039159997999946], [31.021160001000055, -25.042229995999946], [31.00721, -25.046670001999928], [31.00017998900006, -25.055480003999946], [30.991799998000033, -25.05925000299993], [30.989939998000068, -25.06303000099996], [30.981249999000056, -25.061110002999953], [30.9816, -25.06486999699996], [30.979110001000038, -25.070969998999942], [30.982430002000058, -25.07399999599994], [30.979550002000053, -25.075759998999956], [30.97812000400006, -25.075149996999983], [30.97662000300005, -25.077750006999963], [30.97476000200004, -25.08865999799997], [30.973059997000064, -25.08978000299993], [30.97154, -25.10480000399997], [30.966390002000026, -25.113530003999983], [30.96787500100004, -25.121665010999948], [30.950589998000055, -25.133099998999967], [30.941120004000027, -25.128888003999975], [30.938340002000075, -25.16739999799995], [30.917219999000054, -25.20830999599997], [30.93023000200003, -25.21808999899997], [30.954068007000046, -25.25578600299997], [30.978155999000023, -25.29015400299994], [30.900940002000027, -25.321039995999968], [30.945663, -25.357663997999964], [30.934769990000063, -25.36449], [30.88181, -25.38371000199993], [30.897260002000053, -25.397209995999958], [30.877410002000033, -25.41372], [30.79067999600005, -25.353310001999944], [30.74569999700003, -25.37673999599997], [30.73861899700006, -25.375445001999935], [30.712870004000024, -25.363820000999965], [30.712130001000048, -25.364579998999943], [30.703239998000072, -25.361539995999976], [30.703440002000036, -25.36671999699996], [30.69893999900006, -25.36503999599995], [30.697179996000045, -25.36701999899998], [30.695150003000037, -25.36142000199993], [30.69856000300007, -25.3574], [30.681749998000043, -25.33739000399993], [30.65338, -25.31158999799993], [30.629890009000064, -25.28499999899998], [30.588940002000072, -25.321850001999962], [30.548260002000063, -25.313110003999952], [30.53197099700003, -25.349590001999957], [30.48499000100003, -25.348870003999934], [30.449239999000042, -25.34495999799998], [30.442429997000033, -25.38082000299994], [30.452489996000054, -25.410319997999977], [30.459609999000065, -25.410759997999946], [30.48011000200006, -25.45239000199996], [30.480709998000066, -25.461769996999976], [30.50046999800003, -25.451140003999967], [30.510529998000038, -25.4758], [30.53086999800007, -25.466400000999954], [30.550099998000064, -25.469289998999955], [30.55718999800007, -25.478119996999965], [30.562260003000063, -25.477960001999975], [30.565345999000044, -25.481235995999953], [30.534120003000055, -25.53600000299997], [30.540770002000045, -25.55436999899996], [30.56723000100004, -25.555540003999965], [30.57389999700007, -25.55701000199997], [30.58624000100008, -25.551600002999976], [30.593709997000076, -25.554130001999965], [30.61075, -25.591930009999942], [30.632609998000078, -25.62974], [30.62565999700007, -25.637260001999948], [30.615190007000024, -25.639449998999964], [30.60806999600004, -25.655290002999948], [30.665619998000068, -25.672980000999928], [30.64662999500007, -25.71242000899997], [30.732650001000025, -25.741350001999933], [30.725089998000044, -25.759189996999964], [30.730117001000053, -25.772451], [30.73939, -25.788599998999928], [30.752270003000035, -25.798269997999967], [30.751859997000054, -25.80152000299995], [30.749459998000077, -25.803939997999976], [30.75219000100003, -25.82262000099996], [30.76109000200006, -25.831329996999955], [30.77064999600003, -25.850019998999983], [30.766839996000044, -25.85527000299993], [30.773649999000042, -25.86193999099993], [30.796770001000027, -25.863250001999972], [30.81431000200007, -25.86847000399996], [30.823059998000076, -25.876519997999935], [30.82097999800004, -25.909319996999955], [30.812565001000053, -25.91537], [30.84986, -25.92634000399994], [30.88033000300004, -25.925079998999934], [30.92433000300008, -25.931249996999952], [30.968099997000024, -25.93476000399994], [31.03951999900005, -25.86626000299998], [31.042629997000063, -25.884109987999977], [31.04390999000003, -25.912599996999973], [31.055690997000056, -25.92392099799997], [31.12657000300004, -25.92114999699993], [31.263569997000047, -25.80963000299994], [31.315939998000033, -25.74304000099994], [31.288480004000064, -25.74992999699998], [31.29455000400003, -25.730050001999928], [31.281739997000045, -25.714050001999965], [31.276689996000073, -25.72001999699995], [31.272450002000028, -25.71986000199996], [31.275010004000023, -25.71536000599997], [31.27413000300004, -25.704279997999947], [31.26208000200006, -25.69231999799996], [31.257160002000035, -25.667970001999947], [31.28550999600003, -25.67139], [31.285329997000076, -25.664619998999967], [31.303269998000076, -25.663850001999947], [31.310219999000026, -25.64324000199997], [31.307699998000032, -25.642980000999955], [31.306019997000078, -25.63889000399996], [31.300680001000046, -25.64192000099996], [31.300479997000025, -25.638789997999936], [31.296399998000027, -25.634009996999964], [31.301499997000064, -25.630430002999958], [31.30058000300005, -25.62747000199994], [31.30268, -25.62526000099996], [31.314789998000037, -25.631010001999982], [31.31606000100004, -25.62738000199994], [31.33073999800007, -25.609359998999935], [31.308380003000025, -25.58751], [31.307940002000066, -25.590070001999948], [31.30175999800008, -25.59114999899998], [31.295540001000063, -25.59456999699995], [31.292530001000046, -25.600840000999938], [31.288769999000067, -25.60375000399995], [31.28696999600004, -25.60871000399993], [31.279630002000033, -25.606470000999934], [31.29293, -25.582750002999944], [31.290480003000027, -25.56751000299994], [31.275849996000034, -25.560240002999933], [31.278719998000042, -25.54110000299994], [31.28358999900007, -25.531869996999944], [31.292740003000063, -25.53859], [31.300150001000077, -25.54151000099995], [31.31124999700006, -25.539169998999967], [31.313400001000048, -25.535], [31.337309996000045, -25.52200000299996], [31.344670011000062, -25.52448000299995], [31.350260002000027, -25.52884999799994], [31.356659999000044, -25.52964], [31.35938000400006, -25.532110001999968], [31.365579996000065, -25.531819997999946], [31.374590002000048, -25.528520009999966], [31.385530472000028, -25.526779174999945], [31.390050002000066, -25.52513999599995], [31.394189835000077, -25.51539993299997], [31.39800071700006, -25.513439177999942], [31.41050910900003, -25.514589309999963], [31.414269998000066, -25.510610002999954], [31.422050476000038, -25.509519576999935], [31.434789658000057, -25.512079238999945], [31.446109772000057, -25.506149291999975], [31.48267936700006, -25.496629714999983], [31.499439240000072, -25.48851966899997], [31.51545000300007, -25.47676000299998], [31.53607, -25.46592999799998], [31.536829999000076, -25.46408000399998], [31.534170155000027, -25.458370205999984], [31.522739410000042, -25.45314025899995], [31.52066996700006, -25.45079997199997], [31.52214000300006, -25.44323], [31.52628, -25.44056999199995], [31.545490003000054, -25.437079997999945], [31.558439255000053, -25.427289962999964], [31.560239997000053, -25.418090002999975], [31.562448502000052, -25.41445732099993], [31.56027984600007, -25.41146087599998], [31.563440323000066, -25.40172004699997], [31.566469193000046, -25.38261985799994], [31.575380325000026, -25.37165069599996], [31.581600189000028, -25.359590529999934], [31.581319809000036, -25.343969344999948], [31.584810257000072, -25.33485984799995], [31.587329865000072, -25.32978057899993], [31.602279663000047, -25.312850951999962], [31.606590271000073, -25.304180144999975], [31.61298942600007, -25.29586029099994], [31.614179611000054, -25.28883933999998], [31.627029419000053, -25.272920608999982], [31.626550674000043, -25.253519057999938], [31.621299744000055, -25.242309569999975], [31.620590210000046, -25.23209953299994], [31.623069763000046, -25.226100921999944], [31.622869492000063, -25.215660094999976], [31.622390747000054, -25.21237945599995], [31.617719650000026, -25.205320357999938], [31.62120056200007, -25.197090148999962], [31.62281990100007, -25.18737983699998], [31.617870331000063, -25.16850089999997], [31.61963081400006, -25.165620803999957], [31.612560272000053, -25.154499053999928], [31.60783004800004, -25.139080047999983], [31.608009338000045, -25.13249015799994], [31.601789474000043, -25.107000350999954], [31.603059769000026, -25.095579146999967], [31.601690292000058, -25.092910766999978], [31.601419449000048, -25.074119567999958], [31.598709106000058, -25.06150054899996], [31.58868026700003, -25.046030044999952], [31.589290619000053, -25.040950774999942], [31.586380005000024, -25.025129317999983], [31.588479996000046, -25.011720656999955], [31.592920303000028, -25.00745010399993], [31.594219208000027, -25.003950118999967], [31.60197067300004, -25.00381088299997], [31.608470917000034, -24.99921035799997], [31.61089389600005, -24.98924693999993], [31.591931001000034, -24.991575000999944], [31.587129, -24.98593600099997], [31.585299003000046, -24.976170001999947], [31.582296, -24.971632000999932], [31.57182499700008, -24.967130002999966], [31.56934300200004, -24.962790001999963], [31.56548370300004, -24.960413996999932], [31.55130856100004, -24.96255040699998], [31.548770905000026, -24.96886062599998], [31.545549393000044, -24.97134017899998], [31.542409992000046, -24.97213400199996], [31.533820611000067, -24.970741208999982], [31.530273, -24.975166998999953], [31.51652344400003, -24.96859247499998], [31.504618003000076, -24.970286001999966], [31.500364047000062, -24.96779403399995], [31.495407389000036, -24.968659076999927], [31.491079330000048, -24.975179671999967], [31.484234790000073, -24.977342155999963], [31.47945976300008, -24.983850478999955], [31.474240003000034, -24.987189996999973], [31.460349999000073, -24.985480001999974], [31.45503999700003, -24.988069997999958], [31.447399139000026, -24.986160277999943], [31.439230004000024, -24.98795000399997], [31.42795944200003, -24.981880187999934], [31.421579361000056, -24.972740172999977], [31.411819458000025, -24.969070434999935], [31.39439010600006, -24.971780776999935], [31.381099798000037, -24.964630116999956], [31.379999161000057, -24.965820312999938], [31.373780004000025, -24.96599], [31.368820190000065, -24.96866035499994], [31.363849997000045, -24.973420002999944], [31.362960005000048, -24.976419996999937], [31.35656929000004, -24.97636985799994], [31.351980209000033, -24.973430633999953], [31.348020554000072, -24.976739882999937], [31.344770432000075, -24.97747039799998], [31.338110004000043, -24.97110999599994], [31.316539764000026, -24.96442031899994], [31.31198000100005, -24.96735000299998], [31.312590003000025, -24.97699999699995], [31.311460495000063, -24.979169845999934], [31.30653953600006, -24.98113059999997], [31.299449999000046, -24.980450005999955], [31.29039001500007, -24.988300322999976], [31.286809921000042, -24.988330840999936], [31.27886009200006, -24.983470916999977], [31.26772999800005, -24.979699996999955], [31.263349533000053, -24.97920036299996], [31.25283999000004, -24.981149998999967], [31.25457000700004, -24.986640929999965], [31.250150681000036, -24.99205017099996], [31.24955, -24.99708000299995], [31.25398063700004, -25.00305938699995], [31.248570001000076, -25.009909998999944], [31.248729996000066, -25.01153000299996], [31.25301999800007, -25.01467000399998], [31.252510002000065, -25.01664], [31.24930000300003, -25.018360137999935], [31.18304, -25.018919995999966], [31.179390003000037, -25.021450003999973], [31.173150001000067, -25.022049998999933], [31.169129999000063, -25.023969996999938], [31.153188002000036, -25.022664995999946], [31.140911895000045, -24.982356365999976], [31.134469505000027, -24.980256491999967], [31.11615564600004, -24.98674799799994], [31.109969054000032, -24.98534091299996], [31.11014399900006, -24.986909998999977], [31.06113999200005, -24.99386999899997], [31.060699999000065, -24.99540000299993], [31.06422000300006, -25.00049000399997], [31.086629998000035, -25.029614997999943], [31.08440999800007, -25.03068000099995], [31.076709997000023, -25.03108999899996], [31.06679000300005, -25.02848999699995], [31.06113999200005, -25.031600002999937], [31.051820002000056, -25.027980000999946], [31.049189997000042, -25.03111000399997], [31.04758, -25.031059996999943], [31.036999998000056, -25.027000001999966], [31.031220001000065, -25.030980002999968], [31.025230003000047, -25.030099993999954]]]]}}]}