voting_district,registered,valid,spoilt,npe_vd_turnout_pct,year
54100011,1854,1385,23,75.944,2004
54100022,1741,1158,12,67.203,2004
54100033,1773,1416,17,80.823,2004
54110012,1762,1496,32,86.72,2004
54110023,2392,1800,26,76.338,2004
54120013,112,66,0,58.929,2004
54120024,460,360,4,79.13,2004
54120035,281,242,8,88.968,2004
54120046,2022,1640,39,83.037,2004
54120057,256,200,2,78.906,2004
54120068,499,448,16,92.986,2004
54120080,855,859,23,103.158,2004
54120091,530,405,0,76.415,2004
54120103,1691,1400,1,82.85,2004
54120114,783,661,8,85.441,2004
54120125,2848,1950,29,69.487,2004
54120136,527,701,15,135.863,2004
54120147,253,173,7,71.146,2004
54120181,263,255,2,97.719,2004
54130014,2650,1748,110,70.113,2004
54130025,3372,2432,72,74.259,2004
54130036,2320,1909,33,83.707,2004
54130047,2970,2352,52,80.943,2004
54140015,3832,2923,64,77.949,2004
54140026,1008,693,9,69.643,2004
54140037,529,570,13,110.208,2004
54140048,2808,2396,51,87.144,2004
54140059,1859,1611,15,87.466,2004
54140060,2371,1920,37,82.539,2004
54140071,2021,1593,44,81.0,2004
54140082,1458,1360,36,95.748,2004
54140093,1994,1152,29,59.228,2004
54140105,2096,1957,11,93.893,2004
54140116,1298,1004,0,77.35,2004
54140127,2048,1988,106,102.246,2004
54140138,1554,1248,26,81.982,2004
54140149,901,981,12,110.211,2004
54150016,1764,1455,33,84.354,2004
54150027,2397,1485,24,62.954,2004
54160017,3552,3072,44,87.725,2004
54160028,3941,2770,16,70.693,2004
54170018,1545,1136,21,74.887,2004
54180019,2375,1951,33,83.537,2004
54190010,3366,2356,35,71.034,2004
54190021,2683,1366,30,52.031,2004
54190032,3306,2325,53,71.93,2004
54190043,2518,2020,26,81.255,2004
54190054,2716,2068,37,77.504,2004
54190065,1436,1266,29,90.181,2004
54190076,2932,1934,54,67.804,2004
54190087,1367,1130,11,83.467,2004
54190098,625,579,15,95.04,2004
54200012,849,660,15,79.505,2004
54200023,403,315,1,78.412,2004
54200034,2260,1686,28,75.841,2004
54200045,662,546,0,82.477,2004
54200056,74,51,1,70.27,2004
54210013,1711,1548,5,90.766,2004
54210024,1403,1064,28,77.833,2004
54210035,1755,1485,22,85.869,2004
54210046,2012,1574,57,81.064,2004
54210057,1407,1053,17,76.048,2004
54210068,754,595,6,79.708,2004
54210079,2734,2225,13,81.858,2004
54210080,2166,2111,23,98.523,2004
54210091,1903,1579,5,83.237,2004
54210103,3702,2575,4,69.665,2004
54210114,2458,2001,40,83.035,2004
54210125,415,342,15,86.024,2004
54210169,427,328,5,77.986,2004
54210170,768,677,21,90.885,2004
54210181,312,317,7,103.846,2004
54220014,2509,1733,58,71.383,2004
54220025,2180,1519,2,69.771,2004
54220036,1022,793,6,78.18,2004
54220047,1303,1002,17,78.204,2004
54220058,1165,845,32,75.279,2004
54220069,2381,1626,30,69.551,2004
54220070,724,455,10,64.227,2004
54220081,1031,939,22,93.21,2004
54220092,2490,1831,2,73.614,2004
54220104,1268,1097,17,87.855,2004
54220115,1579,1200,26,77.644,2004
54220126,2057,1641,4,79.971,2004
54220137,1101,892,11,82.016,2004
54220148,1832,1360,27,75.71,2004
54220159,1299,929,0,71.517,2004
54220160,713,635,15,91.164,2004
54220171,538,500,18,96.283,2004
54220182,327,251,3,77.676,2004
54220205,453,382,4,85.21,2004
54220216,637,599,12,95.918,2004
54220227,361,301,10,86.15,2004
54220238,394,367,8,95.178,2004
54220249,1070,970,20,92.523,2004
54230015,3158,2292,38,73.781,2004
54230026,3493,2711,44,78.872,2004
54230037,2202,1624,7,74.069,2004
54230048,1916,1634,47,87.735,2004
54230059,2109,1698,22,81.555,2004
54230060,3214,2711,50,85.905,2004
54230071,2221,1923,0,86.583,2004
54230082,3209,2562,38,81.022,2004
54230093,2929,1339,1,45.749,2004
54230105,3191,2377,34,75.556,2004
54230116,1945,1643,39,86.478,2004
54230127,1002,978,8,98.403,2004
54230138,517,1028,8,200.387,2004
54240016,3042,2391,43,80.013,2004
54250017,1385,1089,27,80.578,2004
54260018,3307,2431,28,74.357,2004
54260029,3509,2217,32,64.092,2004
54260041,4586,2881,17,63.192,2004
54260052,2524,1998,19,79.913,2004
54260063,2020,1327,9,66.139,2004
54260074,2368,1463,122,66.934,2004
54260085,3785,2729,35,73.025,2004
54260096,2623,1939,26,74.914,2004
54260108,2692,2520,32,94.799,2004
54260119,2422,2209,40,92.857,2004
54260120,2599,1609,0,61.908,2004
54260131,3576,2619,55,74.776,2004
54260142,2992,2068,37,70.354,2004
54260153,3199,1750,28,55.58,2004
54260175,1746,1510,32,88.316,2004
54260186,4055,2864,41,71.64,2004
54260197,3205,2325,60,74.415,2004
54260209,1071,978,16,92.81,2004
54260210,3815,1832,27,48.729,2004
54260221,3219,2020,53,64.399,2004
54260232,2703,1773,0,65.594,2004
54260243,842,747,22,91.33,2004
54260254,3415,2281,42,68.023,2004
54260265,3179,2152,33,68.732,2004
54260276,2323,1336,54,59.836,2004
54260287,2064,1872,22,91.764,2004
54260298,764,1496,26,199.215,2004
54270019,4233,2731,22,65.037,2004
54270020,2158,1656,14,77.386,2004
54270031,3574,2972,53,84.639,2004
54280010,2200,2538,34,116.909,2004
54280021,2261,1878,29,84.343,2004
54280032,2724,2010,26,74.743,2004
54280043,4815,2755,30,57.84,2004
54280065,1528,1410,30,94.241,2004
54290011,3432,2687,11,78.613,2004
54300013,3141,2232,44,72.461,2004
54310014,2201,1692,21,77.828,2004
54320015,4079,2784,40,69.233,2004
54320026,2231,1478,20,67.145,2004
54320037,2626,1836,33,71.173,2004
54320048,2903,2262,48,79.573,2004
54320059,2655,1915,45,73.823,2004
54320060,5781,4078,62,71.614,2004
54330016,2847,1836,18,65.121,2004
54330027,2704,1902,45,72.004,2004
54330038,2499,2484,47,101.281,2004
54330049,1540,1370,30,90.909,2004
54330050,2511,2172,65,89.088,2004
54330061,2956,2058,45,71.143,2004
54330072,3551,3048,50,87.243,2004
54330094,2224,1527,34,70.189,2004
54330106,2505,1903,38,77.485,2004
54330117,2884,2055,58,73.266,2004
54330128,2087,1570,30,76.665,2004
54330139,3759,2800,113,77.494,2004
54330140,1461,1275,31,89.391,2004
54340017,2152,1786,46,85.13,2004
54340028,3832,2594,98,70.251,2004
54340039,1868,1533,47,84.582,2004
54340040,2290,1764,32,78.428,2004
54340051,1721,1336,25,79.082,2004
54350018,765,603,10,80.131,2004
54350029,1228,928,13,76.629,2004
54350030,989,733,17,75.834,2004
54360019,1481,1111,47,78.19,2004
54360020,286,249,4,88.462,2004
54360031,907,566,14,63.947,2004
54360042,220,198,6,92.727,2004
54360053,484,421,11,89.256,2004
54360064,1150,958,13,84.435,2004
54360075,745,540,9,73.691,2004
54360086,1161,883,10,76.916,2004
54360097,1401,997,29,73.233,2004
54360109,287,271,6,96.516,2004
54360110,724,658,22,93.923,2004
54370021,112,72,4,67.857,2004
54370032,985,681,4,69.543,2004
54370054,286,219,3,77.622,2004
54370065,294,217,13,78.231,2004
54370076,287,206,6,73.868,2004
54370087,89,60,1,68.539,2004
54370098,166,114,0,68.675,2004
54380011,254,249,5,100.0,2004
54380022,286,212,8,76.923,2004
54380033,501,406,7,82.435,2004
54380044,412,294,0,71.359,2004
54380055,385,317,3,83.117,2004
54380066,201,107,0,53.234,2004
54380077,251,228,11,95.219,2004
54390012,109,122,2,113.761,2004
54390023,272,213,1,78.676,2004
54390034,497,350,13,73.038,2004
54390045,373,314,2,84.718,2004
54390056,208,178,1,86.058,2004
54400014,579,399,9,70.466,2004
54400036,431,714,20,170.302,2004
54400047,290,392,5,136.897,2004
54400058,352,258,10,76.136,2004
54400069,360,307,10,88.056,2004
54400070,899,666,16,75.862,2004
54400081,276,221,3,81.159,2004
54400092,579,483,14,85.838,2004
54410015,320,203,3,64.375,2004
54410026,2029,2002,30,100.148,2004
54410037,319,190,15,64.263,2004
54410048,245,105,1,43.265,2004
54410059,373,595,0,159.517,2004
54410060,219,98,1,45.205,2004
54410071,371,284,5,77.898,2004
54410082,1017,570,3,56.342,2004
54410093,1791,1332,1,74.428,2004
54410105,394,401,6,103.299,2004
54410116,507,450,7,90.138,2004
54410127,2048,1690,41,84.521,2004
54410138,478,434,8,92.469,2004
54410149,336,265,5,80.357,2004
54410150,1472,1160,16,79.891,2004
54410161,708,554,13,80.085,2004
54410172,972,856,9,88.992,2004
54410183,522,358,6,69.732,2004
54410194,2049,1709,19,84.334,2004
54410206,631,507,4,80.983,2004
54410217,599,573,12,97.663,2004
54410228,151,145,4,98.675,2004
54410239,227,256,3,114.097,2004
54420016,336,294,2,88.095,2004
54420038,428,296,7,70.794,2004
54420049,72,97,2,137.5,2004
54420050,378,185,2,49.471,2004
54420072,699,515,12,75.393,2004
54420083,335,400,2,120.0,2004
54420094,592,437,4,74.493,2004
54420106,2291,2077,28,91.881,2004
54430017,365,263,7,73.973,2004
54430028,1180,886,1,75.169,2004
54430039,983,602,11,62.36,2004
54430040,511,289,2,56.947,2004
54430051,2350,1778,24,76.681,2004
54440018,697,504,7,73.314,2004
54440029,269,235,3,88.476,2004
54440030,1799,1245,40,71.429,2004
54440041,1442,1094,33,78.155,2004
54440052,280,241,5,87.857,2004
54440063,849,614,18,74.441,2004
54440074,595,583,6,98.992,2004
54440085,1595,901,105,63.072,2004
54440096,1550,1115,20,73.226,2004
54440119,764,724,13,96.466,2004
54440120,1024,698,18,69.922,2004
54440131,1413,1284,21,92.357,2004
54440142,1986,1489,19,75.932,2004
54440153,1425,1100,18,78.456,2004
54440164,679,582,14,87.776,2004
54440175,703,541,5,77.667,2004
54440186,928,676,1,72.953,2004
54440197,1036,872,22,86.293,2004
54440209,933,1030,31,113.719,2004
54450019,1548,1214,32,80.491,2004
54450020,515,309,3,60.583,2004
54450031,485,348,6,72.99,2004
54450042,820,594,14,74.146,2004
54450053,480,360,5,76.042,2004
54450064,1407,1160,27,84.364,2004
54450075,1804,1208,17,67.905,2004
54450086,545,403,4,74.679,2004
54450097,799,770,0,96.37,2004
54450143,388,320,2,82.99,2004
54450154,419,299,0,71.36,2004
54450165,319,176,3,56.113,2004
54450176,373,225,8,62.466,2004
54450187,299,266,9,91.973,2004
54460010,311,268,5,87.781,2004
54460021,285,225,4,80.351,2004
54460032,252,195,2,78.175,2004
54460043,296,251,5,86.486,2004
54460076,158,103,5,68.354,2004
54460087,201,179,3,90.547,2004
54470011,366,168,3,46.721,2004
54470044,483,283,4,59.42,2004
54470055,273,72,3,27.473,2004
54470077,652,495,5,76.687,2004
54470088,2813,1900,70,70.032,2004
54470099,1500,1135,16,76.733,2004
54470112,3208,2209,60,70.729,2004
54470134,251,228,8,94.024,2004
54470145,136,136,3,102.206,2004
54490013,2165,1705,31,80.185,2004
54490024,2695,2102,21,78.776,2004
54490035,2446,1930,39,80.499,2004
54500015,1960,1675,22,86.582,2004
54530018,2805,2401,47,87.273,2004
54530029,3185,2157,18,68.289,2004
54530030,2834,1755,10,62.279,2004
54540019,1258,937,11,75.358,2004
54540020,3737,2361,44,64.356,2004
54540031,424,284,9,69.104,2004
54540042,1632,1250,25,78.125,2004
54540053,1291,857,18,67.777,2004
54540064,2456,2052,48,85.505,2004
54540075,3313,2191,0,66.133,2004
54540086,1493,1379,18,93.57,2004
54540097,3508,2326,82,68.643,2004
54540109,1055,881,1,83.602,2004
54540110,1343,1187,23,90.097,2004
54540121,3146,1726,20,55.499,2004
54540132,2941,2674,52,92.69,2004
54540143,1852,1193,11,65.011,2004
54540154,2606,1642,29,64.121,2004
54540165,2096,1651,21,79.771,2004
54540176,586,363,18,65.017,2004
54540187,1236,939,28,78.236,2004
54540198,1869,1682,32,91.707,2004
54540200,3323,2631,26,79.958,2004
54540211,1723,1422,33,84.446,2004
54540222,1764,1490,5,84.751,2004
54540233,2299,2166,51,96.433,2004
54540299,2822,1971,50,71.616,2004
54540301,2520,1682,36,68.175,2004
54540312,674,607,2,90.356,2004
54540334,1746,1268,33,74.513,2004
54540356,1054,999,19,96.584,2004
54540367,493,498,4,101.826,2004
54540378,92,85,4,96.739,2004
54540389,2275,1442,28,64.615,2004
54540390,1893,1764,27,94.612,2004
54540402,1221,1290,9,106.388,2004
54550010,1842,843,29,47.34,2004
54550021,814,862,15,107.74,2004
54570012,2216,1564,37,72.247,2004
54570034,1447,1031,70,76.088,2004
54570045,1203,842,10,70.823,2004
54570056,574,405,9,72.125,2004
54570067,1850,1275,18,69.892,2004
54570078,1399,1038,10,74.911,2004
54570089,1025,839,18,83.61,2004
54570090,1013,747,4,74.136,2004
54570102,775,595,12,78.323,2004
54570113,1105,721,6,65.792,2004
54570124,1169,814,16,71.001,2004
54570135,1779,1347,10,76.279,2004
54570146,1277,744,5,58.653,2004
54570168,535,461,1,86.355,2004
54570179,2053,1408,38,70.434,2004
54570180,884,838,15,96.493,2004
54570191,1175,846,18,73.532,2004
54570203,618,511,9,84.142,2004
54570214,848,645,1,76.179,2004
54570225,1204,795,9,66.777,2004
54570236,1093,959,18,89.387,2004
54570247,1792,1200,31,68.694,2004
54570258,1278,873,11,69.171,2004
54570269,929,574,26,64.586,2004
54570270,850,670,4,79.294,2004
54570281,960,459,4,48.229,2004
54570292,762,425,1,55.906,2004
54570304,626,176,2,28.435,2004
54570315,738,402,6,55.285,2004
54570326,1628,1258,21,78.563,2004
54580013,1246,881,8,71.348,2004
54580035,2289,1895,11,83.268,2004
54580046,1820,1265,31,71.209,2004
54580057,1568,1148,25,74.809,2004
54580068,1717,1301,12,76.471,2004
54580079,2492,1812,58,75.04,2004
54580080,1498,1074,29,73.632,2004
54580091,1859,1252,45,69.769,2004
54580103,735,516,7,71.156,2004
54580114,393,297,4,76.59,2004
54580125,1339,996,10,75.131,2004
54580136,1243,938,13,76.508,2004
54580158,1237,990,8,80.679,2004
54580169,1108,927,6,84.206,2004
54580181,326,250,1,76.994,2004
54580192,2001,1383,24,70.315,2004
54580204,774,600,6,78.295,2004
54580215,784,548,3,70.281,2004
54580226,17,43,0,252.941,2004
54580237,796,741,5,93.719,2004
54590014,2169,1697,24,79.345,2004
54590025,1775,1363,36,78.817,2004
54590036,1513,1166,12,77.859,2004
54590047,1180,901,11,77.288,2004
54590058,2588,1654,11,64.335,2004
54590069,1344,1016,13,76.562,2004
54590070,1549,1133,15,74.112,2004
54590081,1564,1218,31,79.859,2004
54590092,4057,2788,53,70.027,2004
54590104,1336,1172,31,90.045,2004
54590115,2398,1678,21,70.851,2004
54590126,1167,1044,33,92.288,2004
54590137,1328,997,23,76.807,2004
54590148,1734,1127,32,66.84,2004
54590159,1557,1470,41,97.046,2004
54590160,1402,1095,19,79.458,2004
54590171,2002,1458,59,75.774,2004
54590182,1503,1126,38,77.445,2004
54590193,2216,1805,3,81.588,2004
54590205,1770,1213,25,69.944,2004
54590216,1768,1265,26,73.02,2004
54590227,1390,762,10,55.54,2004
54590238,1559,1251,42,82.938,2004
54590250,718,478,12,68.245,2004
54590261,1513,1080,1,71.447,2004
54590272,1226,921,17,76.509,2004
54590283,870,671,12,78.506,2004
54590294,348,317,3,91.954,2004
54590306,1589,987,18,63.247,2004
54590317,772,682,14,90.155,2004
54590328,1305,971,32,76.858,2004
54590339,636,676,16,108.805,2004
54590340,1203,1319,22,111.471,2004
54590351,752,610,10,82.447,2004
54590362,778,808,14,105.656,2004
54590373,165,149,4,92.727,2004
54600016,1126,562,13,51.066,2004
54600027,2340,1858,14,80.0,2004
54600038,3100,2361,34,77.258,2004
54600049,1936,1558,17,81.353,2004
54600050,1030,1197,30,119.126,2004
54600061,5259,3150,1,59.916,2004
54600072,3913,2731,85,71.965,2004
54600083,2833,1881,9,66.714,2004
54600094,2356,1859,39,80.56,2004
54600106,2853,2305,54,82.685,2004
54600117,2754,2075,25,76.253,2004
54600128,2630,2202,15,84.297,2004
54600139,3060,2697,10,88.464,2004
54600140,2813,2231,31,80.412,2004
54600151,2900,2022,17,70.31,2004
54600162,1433,1223,11,86.113,2004
54600173,2728,1822,9,67.119,2004
54600184,1736,1416,24,82.949,2004
54600195,2535,1925,16,76.568,2004
54600207,3210,2604,63,83.084,2004
54600218,2907,2243,48,78.81,2004
54600229,1358,1262,20,94.404,2004
54610028,2202,1899,50,88.51,2004
54610039,3577,2367,84,68.521,2004
54610040,2846,1914,55,69.185,2004
54610051,2314,2197,29,96.197,2004
54610062,2567,1904,30,75.341,2004
54610073,2606,1834,42,71.988,2004
54610084,3187,2107,34,67.179,2004
54610095,806,715,12,90.199,2004
54610107,3463,2044,33,59.977,2004
54610118,4216,3181,69,77.087,2004
54610129,1829,1366,18,75.67,2004
54610141,1986,1763,10,89.275,2004
54610152,1326,1049,24,80.92,2004
54610163,2128,1550,32,74.342,2004
54610174,2639,2065,24,79.159,2004
54610185,1515,1153,15,77.096,2004
54610196,1566,1513,38,99.042,2004
54610208,860,1117,18,131.977,2004
54610219,1877,1493,23,80.767,2004
54610220,202,140,4,71.287,2004
54610231,1882,1688,46,92.136,2004
54610242,1505,1243,19,83.854,2004
54610253,1938,1440,39,76.316,2004
54610264,1268,1004,14,80.284,2004
54610275,1255,706,29,58.566,2004
54610286,755,728,16,98.543,2004
54620423,586,560,9,97.099,2004
54630019,2534,2088,48,84.294,2004
54630020,2855,2263,54,81.156,2004
54630031,2679,2113,32,80.067,2004
54630042,1504,1187,11,79.654,2004
54630053,2484,1940,5,78.301,2004
54630064,1156,1051,31,93.599,2004
54630075,340,324,7,97.353,2004
54640010,2481,1898,34,77.872,2004
54640021,682,468,2,68.915,2004
54650011,3355,2673,26,80.447,2004
54650022,1897,1921,14,102.003,2004
54650033,2616,1915,5,73.394,2004
54650044,5836,3206,36,55.552,2004
54650055,2743,2058,42,76.559,2004
54650066,1973,1484,5,75.469,2004
54650077,1849,1572,3,85.181,2004
54650088,1801,1295,26,73.348,2004
54650099,2395,1852,11,77.787,2004
54650101,2965,2324,13,78.82,2004
54650112,1698,1498,4,88.457,2004
54650123,3763,3104,20,83.019,2004
54650145,2903,2206,54,77.85,2004
54650156,3070,2073,22,68.241,2004
54650167,2593,1512,25,59.275,2004
54650178,2846,2333,23,82.783,2004
54650189,2164,1634,15,76.201,2004
54650190,3098,2035,26,66.527,2004
54650202,2813,2344,30,84.394,2004
54650213,2488,2490,51,102.13,2004
54650224,3085,2196,26,72.026,2004
54650235,4198,2876,15,68.866,2004
54650246,2225,1830,31,83.64,2004
54650257,3897,3045,53,79.497,2004
54650268,3016,2070,36,69.828,2004
54650279,1588,1420,21,90.743,2004
54650280,1546,1046,15,68.629,2004
54650291,3501,2272,21,65.496,2004
54650303,3220,1674,33,53.012,2004
54650314,2561,1691,16,66.654,2004
54650336,3401,2304,21,68.362,2004
54650347,2835,1950,41,70.229,2004
54650358,1449,1517,15,105.728,2004
54650369,1867,1408,15,76.219,2004
54650370,1097,1015,11,93.528,2004
54650381,6527,3618,82,56.688,2004
54650392,1078,1363,5,126.902,2004
54650404,577,1232,11,215.425,2004
54650415,1457,1298,25,90.803,2004
54650426,1632,1562,43,98.346,2004
54650437,1062,1123,9,106.591,2004
54650448,2264,1937,7,85.866,2004
54660012,648,502,18,80.247,2004
54660023,414,330,3,80.435,2004
54660034,124,113,2,92.742,2004
54660045,304,179,3,59.868,2004
54660056,612,467,3,76.797,2004
54660067,1489,1437,30,98.522,2004
54660078,235,141,0,60.0,2004
54660089,333,277,1,83.483,2004
54660090,369,289,0,78.32,2004
54660102,810,683,6,85.062,2004
54660113,250,193,0,77.2,2004
54660124,47,58,1,125.532,2004
54680014,255,544,3,214.51,2004
54680025,3536,2380,30,68.156,2004
54680036,906,594,18,67.55,2004
54680058,2638,1514,18,58.074,2004
54680069,1446,998,8,69.571,2004
54680070,3231,2280,44,71.928,2004
54680081,2832,2165,36,77.719,2004
54680092,547,459,0,83.912,2004
54680104,280,223,4,81.071,2004
54680115,767,684,5,89.831,2004
54680126,1159,921,19,81.104,2004
54680148,317,255,6,82.334,2004
54680159,1700,1257,39,76.235,2004
54680160,269,222,4,84.015,2004
54680171,640,510,2,80.0,2004
54680238,963,1003,13,105.504,2004
54690015,119,127,3,109.244,2004
54690026,243,123,0,50.617,2004
54690037,441,355,3,81.179,2004
54690048,328,340,8,106.098,2004
54700017,600,528,7,89.167,2004
54700028,565,410,10,74.336,2004
54700039,613,350,5,57.912,2004
54700040,1193,564,3,47.527,2004
54700051,2594,1298,28,51.118,2004
54700062,311,78,4,26.367,2004
54700073,939,646,8,69.649,2004
54700084,1896,1324,14,70.57,2004
54700095,1931,1677,26,88.193,2004
54720019,3341,2503,32,75.875,2004
54720020,3499,2704,13,77.651,2004
54720031,1879,1219,19,65.886,2004
54720042,2078,1477,20,72.04,2004
54720053,1856,1409,8,76.347,2004
54720064,1613,1563,16,97.892,2004
54720075,2057,1965,13,96.159,2004
54720086,848,986,10,117.453,2004
54730010,1763,1163,34,67.896,2004
54740011,1435,1130,0,78.746,2004
54740022,1432,1139,16,80.656,2004
54740033,2927,1900,31,65.972,2004
54740044,2186,1693,22,78.454,2004
54740055,1645,1382,22,85.35,2004
54740066,1977,1627,15,83.055,2004
54740077,3769,3084,57,83.338,2004
54740088,2659,1580,19,60.135,2004
54740099,1177,1090,12,93.628,2004
54740101,961,896,33,96.67,2004
54740112,166,223,2,135.542,2004
54750012,4204,3369,102,82.564,2004
54750023,1163,886,11,77.128,2004
54750034,1264,991,16,79.668,2004
54760013,2382,1966,43,84.341,2004
54760024,4524,3027,35,67.683,2004
54760035,2674,2076,27,78.646,2004
54760046,4594,3428,22,75.098,2004
54770014,1828,1341,17,74.289,2004
54770036,406,407,8,102.217,2004
54770047,376,371,0,98.67,2004
54780015,667,460,4,69.565,2004
54790016,2472,1676,9,68.163,2004
54790027,1143,964,0,84.339,2004
54790038,1485,1273,11,86.465,2004
54790049,3009,2381,18,79.727,2004
54790050,1467,966,25,67.553,2004
54790061,1031,618,4,60.33,2004
54790072,1813,1417,10,78.709,2004
54790083,1073,727,5,68.22,2004
54790094,2397,1734,7,72.632,2004
54790106,2510,2169,31,87.649,2004
54790117,4139,3226,53,79.222,2004
54790139,2762,2811,27,102.752,2004
54790140,3619,2497,53,70.461,2004
54790151,1786,1462,0,81.859,2004
54790162,2353,1609,30,69.656,2004
54790173,2542,2003,70,81.55,2004
54790184,1111,966,10,87.849,2004
54790195,647,602,10,94.59,2004
54790207,2333,1922,35,83.883,2004
54790218,3049,2508,23,83.011,2004
54790229,1009,746,9,74.827,2004
54790230,1973,1777,18,90.978,2004
54790241,1663,1262,18,76.969,2004
54790252,2363,1557,25,66.949,2004
54790274,3731,2538,27,68.748,2004
54790285,3125,2837,31,91.776,2004
54790296,1299,1140,28,89.915,2004
54790308,2203,1879,31,86.7,2004
54790319,3790,2963,69,80.0,2004
54790320,1967,1727,18,88.714,2004
54790331,3864,2912,38,76.346,2004
54790342,1924,1519,11,79.522,2004
54790353,2178,1805,19,83.747,2004
54790364,863,769,31,92.7,2004
54790375,1497,1444,21,97.862,2004
54790386,2437,1885,24,78.334,2004
54790397,2730,1983,22,73.443,2004
54790409,968,828,5,86.054,2004
54790410,2654,2001,93,78.9,2004
54790421,1628,1266,9,78.317,2004
54790432,2635,1796,13,68.653,2004
54790443,2858,2102,20,74.248,2004
54790454,923,868,11,95.233,2004
54790465,1900,1735,17,92.211,2004
54790476,68,53,0,77.941,2004
54790487,472,489,3,104.237,2004
54790498,793,765,4,96.974,2004
54790500,520,523,4,101.346,2004
54790511,1403,1472,10,105.631,2004
54790522,481,406,12,86.902,2004
54800018,3687,2787,34,76.512,2004
54800029,3014,2112,43,71.5,2004
54830011,3481,2028,53,59.782,2004
54830022,2508,1957,28,79.147,2004
54830033,1807,1146,5,63.697,2004
54830044,2273,2042,9,90.233,2004
54830055,2251,1884,4,83.874,2004
54830066,2444,2019,0,82.61,2004
54830077,1606,1315,15,82.814,2004
54830088,2007,1784,42,90.982,2004
54840012,587,520,9,90.119,2004
54840023,278,244,2,88.489,2004
54840034,1577,1133,14,72.733,2004
54840045,226,126,0,55.752,2004
54840056,371,723,10,197.574,2004
54840067,1438,1299,13,91.238,2004
54840078,1081,980,1,90.749,2004
54840089,997,641,10,65.296,2004
54840102,188,93,0,49.468,2004
54840113,1061,920,8,87.465,2004
54850013,612,595,0,97.222,2004
54860014,920,758,8,83.261,2004
54860036,956,691,24,74.791,2004
54860058,220,163,4,75.909,2004
54860070,1152,983,9,86.111,2004
54860137,446,317,6,72.422,2004
54860159,113,129,0,114.159,2004
54860193,145,184,0,126.897,2004
54860205,122,121,3,101.639,2004
54860216,49,75,2,157.143,2004
54870015,381,248,4,66.142,2004
54870026,726,492,9,69.008,2004
54870037,1181,836,11,71.719,2004
54870048,1219,876,15,73.093,2004
54870059,293,234,0,79.863,2004
54870060,1151,956,14,84.275,2004
54870082,839,656,8,79.142,2004
54870093,511,344,4,68.102,2004
54870105,139,88,2,64.748,2004
54870116,1104,832,9,76.178,2004
54870138,1287,896,8,70.241,2004
54870149,549,476,7,87.978,2004
54870161,279,158,2,57.348,2004
54870172,840,531,10,64.405,2004
54870183,2709,2187,21,81.506,2004
54870194,1154,903,17,79.723,2004
54870206,650,658,8,102.462,2004
54870228,473,503,0,106.342,2004
54870239,127,134,4,108.661,2004
54880016,1747,1509,22,87.636,2004
54880027,332,237,5,72.892,2004
54880038,973,791,10,82.323,2004
54880049,1289,1062,4,82.7,2004
54880050,503,602,15,122.664,2004
54880061,2009,1638,18,82.429,2004
54880083,2025,1509,26,75.802,2004
54880094,1024,1027,18,102.051,2004
54880106,1539,1257,14,82.586,2004
54880117,2341,1952,18,84.152,2004
54880139,2084,1686,40,82.821,2004
54880162,2549,2101,29,83.562,2004
54880173,480,343,2,71.875,2004
54880184,880,729,7,83.636,2004
54880195,2461,2005,29,82.649,2004
54880207,730,637,3,87.671,2004
54880229,1210,1036,16,86.942,2004
54880230,1742,1442,21,83.984,2004
54880241,1407,1213,9,86.851,2004
54880252,531,457,5,87.006,2004
54880263,584,398,3,68.664,2004
54880274,614,594,6,97.72,2004
54880285,2658,2127,38,81.452,2004
54880296,1279,887,14,70.446,2004
54880308,1679,1251,22,75.819,2004
54880319,855,773,24,93.216,2004
54880342,3029,2252,31,75.371,2004
54880364,505,454,7,91.287,2004
54880375,771,647,6,84.695,2004
54880386,669,563,8,85.351,2004
54880397,1203,947,11,79.634,2004
54880409,570,448,3,79.123,2004
54880410,889,1192,4,134.533,2004
54880421,1293,1111,15,87.084,2004
54880432,339,326,2,96.755,2004
54880443,694,616,11,90.346,2004
54890017,1276,784,64,66.458,2004
54890039,146,105,5,75.342,2004
54890040,872,466,9,54.472,2004
54890051,305,269,2,88.852,2004
54890073,503,271,3,54.473,2004
54890084,987,644,27,67.984,2004
54890095,989,829,9,84.732,2004
54890118,757,629,6,83.884,2004
54890130,930,821,4,88.71,2004
54890141,1733,1450,42,86.093,2004
54890152,730,633,13,88.493,2004
54890163,1689,1363,22,82.001,2004
54890174,994,866,11,88.229,2004
54890185,828,596,6,72.705,2004
54890196,1069,779,14,74.181,2004
54890208,1260,1064,17,85.794,2004
54890219,893,785,4,88.354,2004
54890220,1453,1271,14,88.438,2004
54890231,1370,1133,11,83.504,2004
54890242,1331,1079,1,81.142,2004
54890253,775,660,6,85.935,2004
54890264,1229,1010,21,83.889,2004
54890275,1356,1147,14,85.619,2004
54890286,492,349,4,71.748,2004
54890297,493,445,9,92.089,2004
54890309,1007,890,6,88.977,2004
54890310,1090,891,1,81.835,2004
54890321,917,778,11,86.041,2004
54890332,1330,1084,7,82.03,2004
54890343,415,301,1,72.771,2004
54890354,547,860,9,158.867,2004
54890365,644,555,7,87.267,2004
54890376,786,684,8,88.041,2004
54890387,1565,1313,24,85.431,2004
54890398,1675,1358,5,81.373,2004
54890400,1731,1421,14,82.9,2004
54890411,1242,1035,8,83.977,2004
54890422,629,516,9,83.466,2004
54890433,1428,1198,21,85.364,2004
54890444,675,533,5,79.704,2004
54890455,1383,1192,0,86.189,2004
54890466,695,577,6,83.885,2004
54890477,1137,950,9,84.345,2004
54890499,577,415,6,72.964,2004
54890501,510,429,6,85.294,2004
54890512,1625,1302,12,80.862,2004
54890523,948,647,9,69.198,2004
54890534,1166,1012,3,87.05,2004
54890556,887,731,14,83.991,2004
54890567,1066,811,49,80.675,2004
54890578,907,705,5,78.28,2004
54890589,1063,856,18,82.22,2004
54890590,852,708,3,83.451,2004
54890602,699,434,10,63.519,2004
54890613,382,261,11,71.204,2004
54890624,2053,1764,19,86.849,2004
54890635,178,220,2,124.719,2004
54890646,801,735,6,92.509,2004
54890657,2172,1608,17,74.816,2004
54890668,477,392,3,82.809,2004
54890679,1307,955,25,74.981,2004
54890680,1097,831,5,76.208,2004
54890691,635,533,5,84.724,2004
54890703,55,55,1,101.818,2004
54890725,141,171,2,122.695,2004
54890736,351,338,2,96.866,2004
54890747,378,380,8,102.646,2004
54890758,576,555,13,98.611,2004
54890769,499,462,6,93.788,2004
54890770,338,363,4,108.58,2004
54890781,621,675,3,109.179,2004
54890792,1173,925,130,89.94,2004
54900019,823,538,11,66.707,2004
54900020,1900,1538,19,81.947,2004
54900031,1168,876,15,76.284,2004
54900042,1387,1110,10,80.75,2004
54900053,946,710,8,75.899,2004
54900064,1337,951,3,71.354,2004
54900075,492,212,3,43.699,2004
54900086,411,228,7,57.178,2004
54900097,1845,1461,17,80.108,2004
54900109,337,182,7,56.083,2004
54900110,516,110,1,21.512,2004
54900121,572,246,3,43.531,2004
54900132,410,156,2,38.537,2004
54900154,162,142,2,88.889,2004
54910010,1179,623,4,53.181,2004
54910054,516,411,6,80.814,2004
54910065,2298,1784,17,78.372,2004
54910076,1785,1634,44,94.006,2004
54910087,3134,2552,33,82.482,2004
54910100,1381,1087,14,79.725,2004
54910111,1797,1254,2,69.894,2004
54910144,1153,680,16,60.364,2004
54910155,2225,1716,26,78.292,2004
54910177,2037,1561,28,78.007,2004
54910188,1630,1222,18,76.074,2004
54910212,686,688,0,100.292,2004
54910223,1540,1302,14,85.455,2004
54910234,2344,1866,22,80.546,2004
54910245,939,407,14,44.835,2004
54910256,896,724,9,81.808,2004
54910267,1323,1163,15,89.04,2004
54910278,1600,1357,9,85.375,2004
54910290,691,1245,5,180.897,2004
54910313,1040,1050,16,102.5,2004
54910324,835,660,6,79.76,2004
54910335,1678,1456,16,87.723,2004
54910346,2710,1690,26,63.321,2004
54910357,1692,1381,95,87.234,2004
54910368,1499,1179,47,81.788,2004
54910379,2175,1886,18,87.54,2004
54910380,932,777,17,85.193,2004
54910391,424,279,8,67.689,2004
54910403,1642,1404,15,86.419,2004
54910414,1270,1125,9,89.291,2004
54910425,870,800,1,92.069,2004
54910436,1153,999,9,87.424,2004
54910447,978,878,15,91.309,2004
54910458,1458,1300,22,90.672,2004
54910470,1552,1420,11,92.204,2004
54910481,1149,931,28,83.464,2004
54910504,856,649,4,76.285,2004
54910515,1138,708,15,63.533,2004
54910526,1856,1482,10,80.388,2004
54910537,1024,346,6,34.375,2004
54910548,2097,1821,22,87.887,2004
54910571,1434,2913,22,204.672,2004
54910582,596,349,8,59.899,2004
54910593,1348,806,18,61.128,2004
54910616,1396,1344,7,96.777,2004
54910627,275,263,1,96.0,2004
54910649,591,502,4,85.618,2004
54910650,479,668,13,142.171,2004
54910661,429,453,4,106.527,2004
54910683,219,433,10,202.283,2004
54910694,694,572,71,92.651,2004
54910706,225,369,2,164.889,2004
54910717,273,554,6,205.128,2004
54910728,692,669,8,97.832,2004
54910739,613,554,11,92.17,2004
54910740,786,963,1,122.646,2004
54910751,878,817,7,93.85,2004
54910762,431,489,6,114.849,2004
76150010,652,491,0,75.307,2004
76150021,737,560,3,76.391,2004
76150032,2994,1907,13,64.128,2004
76150043,793,590,6,75.158,2004
76150054,1310,999,9,76.947,2004
76150065,1006,744,5,74.453,2004
76150076,824,601,1,73.058,2004
76150087,698,494,6,71.633,2004
76150098,437,314,2,72.311,2004
76150100,598,439,2,73.746,2004
76150111,870,692,0,79.54,2004
76150122,822,586,0,71.29,2004
76150133,843,593,14,72.005,2004
76150144,334,260,3,78.743,2004
76150155,1039,807,4,78.056,2004
76150166,697,418,6,60.832,2004
76150177,721,569,10,80.305,2004
76150188,1178,807,13,69.61,2004
76150199,1142,903,12,80.123,2004
76150201,528,400,4,76.515,2004
76150212,1940,1239,2,63.969,2004
76150223,871,696,4,80.367,2004
76150234,684,511,8,75.877,2004
76150245,1499,1103,23,75.117,2004
76150256,1996,1414,60,73.848,2004
76150267,487,426,2,87.885,2004
76150278,1955,1462,20,75.806,2004
76150289,1201,893,11,75.271,2004
76150290,621,502,3,81.32,2004
76150302,876,589,5,67.808,2004
76150313,549,418,9,77.778,2004
76150324,2228,1602,8,72.262,2004
76150335,1318,945,2,71.851,2004
76150346,674,532,4,79.525,2004
76150357,611,461,8,76.759,2004
76150368,495,348,1,70.505,2004
76150379,656,543,57,91.463,2004
76150380,2570,1915,21,75.331,2004
76150391,1745,1244,21,72.493,2004
76150403,496,356,4,72.581,2004
76150414,1324,869,18,66.994,2004
76150425,923,802,4,87.324,2004
76150436,1365,986,8,72.821,2004
76150447,1212,841,10,70.215,2004
76150458,715,488,11,69.79,2004
76150469,874,571,9,66.362,2004
76150470,2099,1206,2,57.551,2004
76150481,925,713,14,78.595,2004
76150492,1711,1501,25,89.188,2004
76150504,634,445,5,70.978,2004
76150515,796,534,0,67.085,2004
76150526,1140,716,9,63.596,2004
76150537,699,490,5,70.815,2004
76150548,692,601,3,87.283,2004
76150559,721,497,7,69.903,2004
76150560,1076,847,7,79.368,2004
76150571,353,262,6,75.921,2004
76150582,684,540,2,79.24,2004
76150593,1162,816,4,70.568,2004
76150605,558,453,9,82.796,2004
76150616,705,555,4,79.291,2004
76150627,1859,1331,34,73.427,2004
76150649,382,291,8,78.272,2004
76150650,913,1026,10,113.472,2004
76160011,567,1130,3,199.824,2004
76160022,622,469,2,75.723,2004
76160033,281,201,2,72.242,2004
76160044,964,787,4,82.054,2004
76160055,1393,1204,10,87.15,2004
76160066,1514,1135,24,76.552,2004
76160077,1415,1050,19,75.548,2004
76160088,580,430,8,75.517,2004
76160099,1248,952,16,77.564,2004
76160101,1681,1190,36,72.933,2004
76160112,475,355,17,78.316,2004
76160123,1660,1068,6,64.699,2004
76160134,733,610,11,84.72,2004
76160145,1325,754,10,57.66,2004
76160156,532,454,5,86.278,2004
76160167,981,764,9,78.797,2004
76160178,1045,845,5,81.34,2004
76160189,943,687,4,73.277,2004
76160190,1260,978,24,79.524,2004
76160202,1653,1049,32,65.396,2004
76160213,760,1280,16,170.526,2004
76160224,2400,1410,40,60.417,2004
76160235,879,614,20,72.127,2004
76160246,1458,1142,1,78.395,2004
76160257,239,144,2,61.088,2004
76160268,478,350,0,73.222,2004
76160279,1497,1104,26,75.484,2004
76160280,687,541,8,79.913,2004
76160291,704,525,17,76.989,2004
76160303,631,477,14,77.813,2004
76160314,1186,936,17,80.354,2004
76160325,462,370,0,80.087,2004
76160336,491,406,0,82.688,2004
76160358,1483,1134,27,78.287,2004
76160369,610,465,10,77.869,2004
76160370,1036,858,4,83.205,2004
76160381,807,632,11,79.678,2004
76160392,857,581,1,67.911,2004
76160404,472,359,0,76.059,2004
76160415,1019,670,4,66.143,2004
76160426,1485,1122,8,76.094,2004
76160437,2012,1429,29,72.465,2004
76160448,505,590,11,119.01,2004
76160459,1278,974,21,77.856,2004
76160460,1311,1001,6,76.812,2004
76160471,730,560,8,77.808,2004
76160482,1211,896,16,75.31,2004
76160493,605,537,29,93.554,2004
76160505,666,652,14,100.0,2004
76160516,642,472,13,75.545,2004
76160527,455,333,7,74.725,2004
76160549,977,653,16,68.475,2004
76160550,1113,826,23,76.28,2004
76160561,722,504,2,70.083,2004
76160572,716,596,12,84.916,2004
76160583,641,492,4,77.379,2004
76160606,356,260,6,74.719,2004
76160628,920,702,11,77.5,2004
76160639,1212,1136,13,94.802,2004
76160640,1212,881,14,73.845,2004
76160651,618,443,2,72.006,2004
76160662,1294,766,9,59.892,2004
76160673,243,189,0,77.778,2004
76160684,748,952,12,128.877,2004
76160695,176,133,0,75.568,2004
76160707,229,169,7,76.856,2004
76160718,637,478,8,76.295,2004
76160729,145,111,2,77.931,2004
76160730,1879,694,8,37.36,2004
76160763,644,519,31,85.404,2004
76160774,902,757,8,84.812,2004
76160808,530,437,5,83.396,2004
76160820,993,883,14,90.332,2004
76170012,1227,1038,5,85.004,2004
76170023,1366,1043,9,77.013,2004
76170034,498,327,2,66.064,2004
76170045,906,757,4,83.996,2004
76170056,729,521,6,72.291,2004
76170067,398,276,3,70.101,2004
76170078,302,223,7,76.159,2004
76170089,3675,2142,38,59.32,2004
76170090,819,542,3,66.545,2004
76170102,1129,977,11,87.511,2004
76170113,713,591,5,83.59,2004
76170124,1075,756,3,70.605,2004
76170135,911,695,15,77.936,2004
76170146,1172,900,10,77.645,2004
76170157,1503,1036,2,69.062,2004
76170168,3239,2314,20,72.059,2004
76170179,1914,1430,20,75.758,2004
76170180,998,728,16,74.549,2004
76170191,1184,874,9,74.578,2004
76170203,572,425,21,77.972,2004
76170214,968,739,19,78.306,2004
76170225,594,425,7,72.727,2004
76170236,1063,629,2,59.36,2004
76170247,922,645,8,70.824,2004
76170258,2731,2131,60,80.227,2004
76170269,1076,888,2,82.714,2004
76170270,1377,962,5,70.225,2004
76170281,647,517,11,81.607,2004
76170292,534,365,2,68.727,2004
76170304,333,227,6,69.97,2004
76170315,747,607,4,81.794,2004
76170326,635,563,8,89.921,2004
76170337,1544,1058,11,69.236,2004
76170348,959,775,11,81.96,2004
76170359,1026,810,0,78.947,2004
76170360,1265,1057,20,85.138,2004
76170371,3067,2047,46,68.243,2004
76170382,1308,1012,13,78.364,2004
76170393,1167,855,11,74.207,2004
76170405,642,439,4,69.003,2004
76170416,769,624,8,82.185,2004
76170427,580,432,5,75.345,2004
76170438,582,419,3,72.509,2004
76170449,769,621,6,81.534,2004
76170450,784,474,4,60.969,2004
76170461,2004,1448,9,72.705,2004
76170472,1605,1226,9,76.947,2004
76170483,1327,958,19,73.625,2004
76170494,2371,1820,0,76.761,2004
76170506,913,690,5,76.123,2004
76170539,413,377,7,92.978,2004
76170540,991,883,4,89.506,2004
76290914,852,453,8,54.108,2004
54100011,1943,1473,14,76.531,2009
54100022,1521,1084,20,72.584,2009
54100033,1875,1328,28,72.32,2009
54110012,1312,1225,33,95.884,2009
54110023,2429,1419,41,60.107,2009
54110034,1317,1117,19,86.257,2009
54120013,72,102,0,141.667,2009
54120024,459,302,2,66.231,2009
54120035,309,264,3,86.408,2009
54120046,1986,1478,29,75.881,2009
54120057,195,137,1,70.769,2009
54120068,448,393,2,88.17,2009
54120080,1026,942,10,92.788,2009
54120091,417,299,16,75.54,2009
54120103,889,582,14,67.042,2009
54120114,690,517,4,75.507,2009
54120125,1887,1151,13,61.685,2009
54120136,641,570,7,90.016,2009
54120147,242,223,5,94.215,2009
54120181,257,203,3,80.156,2009
54120192,1112,1024,3,92.356,2009
54120215,884,827,15,95.249,2009
54120226,568,577,0,101.585,2009
54130014,2497,1507,30,61.554,2009
54130025,1583,928,28,60.392,2009
54130036,1840,1282,7,70.054,2009
54130047,2504,1647,35,67.173,2009
54130070,1370,1260,0,91.971,2009
54130081,785,1025,9,131.72,2009
54130092,556,709,21,131.295,2009
54130104,658,660,4,100.912,2009
54130115,313,354,7,115.335,2009
54140015,2825,1978,39,71.398,2009
54140026,742,780,8,106.199,2009
54140037,434,584,28,141.014,2009
54140048,2890,2427,45,85.536,2009
54140059,1821,1541,48,87.26,2009
54140060,2130,1707,34,81.737,2009
54140071,1840,1384,24,76.522,2009
54140082,1750,1404,166,89.714,2009
54140093,2087,1729,42,84.859,2009
54140105,2262,1835,5,81.344,2009
54140116,1357,962,39,73.766,2009
54140127,2477,1777,33,73.072,2009
54140138,2074,1645,22,80.376,2009
54140149,906,788,0,86.976,2009
54140150,1590,1514,35,97.421,2009
54150016,2264,1816,27,81.405,2009
54150027,1838,1274,24,70.62,2009
54160017,2538,1622,36,65.327,2009
54160028,2356,1857,31,80.136,2009
54160039,1548,1335,15,87.209,2009
54160040,1277,1169,0,91.543,2009
54160051,425,411,5,97.882,2009
54170018,1223,908,15,75.47,2009
54170029,529,521,4,99.244,2009
54180019,2327,1624,50,71.938,2009
54190010,2582,1993,21,78.002,2009
54190021,2544,1646,11,65.134,2009
54190032,3619,1819,29,51.064,2009
54190043,2904,2113,31,73.829,2009
54190054,2000,1735,47,89.1,2009
54190065,1014,895,13,89.546,2009
54190076,2461,1423,10,58.228,2009
54190087,1894,1322,15,70.591,2009
54190098,1117,956,18,87.198,2009
54190100,1034,1064,16,104.449,2009
54190111,1243,1166,11,94.69,2009
54190122,517,1327,27,261.896,2009
54190133,540,586,13,110.926,2009
54200012,617,443,8,73.096,2009
54200023,377,276,0,73.21,2009
54200034,2314,1617,12,70.398,2009
54200045,626,499,2,80.032,2009
54200056,66,55,0,83.333,2009
54200067,144,110,2,77.778,2009
54210013,1763,1428,16,81.906,2009
54210024,1360,1008,18,75.441,2009
54210035,1547,1135,23,74.855,2009
54210046,2005,1489,40,76.259,2009
54210057,1375,1008,12,74.182,2009
54210068,893,683,12,77.828,2009
54210079,1777,1116,15,63.647,2009
54210080,1986,1406,18,71.702,2009
54210091,1804,1334,14,74.723,2009
54210103,2392,1630,5,68.353,2009
54210114,2149,1675,12,78.502,2009
54210125,432,308,7,72.917,2009
54210169,426,310,4,73.709,2009
54210170,859,695,8,81.839,2009
54210181,207,151,6,75.845,2009
54210192,682,620,13,92.815,2009
54210204,1040,892,15,87.212,2009
54210215,111,78,1,71.171,2009
54210226,823,838,9,102.916,2009
54210237,846,789,7,94.09,2009
54210248,649,820,7,127.427,2009
54210259,833,847,4,102.161,2009
54220014,2161,1501,24,70.569,2009
54220025,1727,1179,15,69.137,2009
54220036,929,689,7,74.919,2009
54220047,1183,883,19,76.247,2009
54220058,1127,845,11,75.954,2009
54220069,1829,1225,16,67.851,2009
54220070,693,466,4,67.821,2009
54220081,857,650,12,77.246,2009
54220092,2648,1955,27,74.849,2009
54220104,1277,969,11,76.742,2009
54220115,1607,1260,10,79.029,2009
54220126,2049,1597,27,79.258,2009
54220137,927,670,9,73.247,2009
54220148,1684,1161,16,69.893,2009
54220159,1298,924,45,74.653,2009
54220160,857,625,1,73.046,2009
54220171,602,488,6,82.06,2009
54220182,266,186,2,70.677,2009
54220205,475,370,5,78.947,2009
54220216,730,562,11,78.493,2009
54220227,410,302,4,74.634,2009
54220238,391,317,4,82.097,2009
54220249,1181,1053,53,93.649,2009
54220250,341,326,2,96.188,2009
54220261,241,245,2,102.49,2009
54220272,273,237,2,87.546,2009
54220283,908,911,3,100.661,2009
54220294,202,184,5,93.564,2009
54230015,2657,1810,20,68.875,2009
54230026,2654,1594,26,61.04,2009
54230037,1724,1404,1,81.497,2009
54230048,1292,1166,10,91.022,2009
54230059,2533,2013,18,80.182,2009
54230060,2373,1633,35,70.291,2009
54230071,2338,1719,28,74.722,2009
54230082,2888,2238,39,78.843,2009
54230093,3541,2406,29,68.766,2009
54230105,2247,1747,32,79.172,2009
54230116,1936,1563,19,81.715,2009
54230127,1147,1197,21,106.19,2009
54230138,739,785,11,107.713,2009
54230149,1045,1126,11,108.804,2009
54230150,976,1192,10,123.156,2009
54230161,789,931,9,119.138,2009
54230172,413,571,29,145.278,2009
54230183,880,1231,17,141.818,2009
54230194,806,903,9,113.151,2009
54230206,1233,1199,15,98.459,2009
54230217,1443,1093,11,76.507,2009
54240016,2835,2091,13,74.215,2009
54240027,375,428,6,115.733,2009
54250017,1671,1195,13,72.292,2009
54260018,3475,2044,14,59.223,2009
54260029,3275,1960,19,60.427,2009
54260041,3672,1886,6,51.525,2009
54260052,2807,1817,6,64.945,2009
54260063,2161,1397,11,65.155,2009
54260074,2598,1383,0,53.233,2009
54260085,4112,2772,31,68.166,2009
54260096,2164,1576,13,73.429,2009
54260108,2128,1758,21,83.6,2009
54260119,2694,2006,31,75.612,2009
54260120,2225,1283,14,58.292,2009
54260131,2215,1405,33,64.921,2009
54260142,2107,1475,20,70.954,2009
54260153,3414,2112,40,63.035,2009
54260175,2365,1790,43,77.505,2009
54260186,3387,2006,42,60.466,2009
54260197,3124,2051,60,67.574,2009
54260209,1205,1226,0,101.743,2009
54260210,3225,1847,27,58.109,2009
54260221,3329,1839,10,55.542,2009
54260232,2508,1857,39,75.598,2009
54260243,986,823,11,84.584,2009
54260254,2666,1791,33,68.417,2009
54260265,2500,1755,52,72.28,2009
54260276,1868,1292,19,70.182,2009
54260287,2896,2187,50,77.244,2009
54260298,1137,1372,55,125.506,2009
54260300,1843,1445,31,80.087,2009
54260311,404,539,2,133.911,2009
54260333,464,848,13,185.56,2009
54260344,332,521,8,159.337,2009
54260355,329,434,4,133.131,2009
54260366,650,832,6,128.923,2009
54260377,380,531,6,141.316,2009
54260388,1000,1531,3,153.4,2009
54260399,2149,1453,5,67.846,2009
54260401,646,1201,20,189.009,2009
54260412,1038,1268,28,124.855,2009
54260423,434,415,4,96.544,2009
54260434,1258,1324,5,105.644,2009
54260445,1032,1531,13,149.612,2009
54260456,1487,1515,41,104.64,2009
54260467,631,1071,13,171.791,2009
54260478,167,428,4,258.683,2009
54270019,3669,2169,24,59.771,2009
54270020,2287,1800,6,78.968,2009
54270031,3842,2888,0,75.169,2009
54270042,1105,1460,9,132.941,2009
54280010,2091,1615,31,78.718,2009
54280021,2207,1828,37,84.504,2009
54280032,2427,1795,26,75.031,2009
54280043,2679,1499,3,56.066,2009
54280065,1314,996,8,76.408,2009
54280076,2208,1877,50,87.274,2009
54280087,631,683,9,109.667,2009
54280098,318,480,10,154.088,2009
54280100,539,676,10,127.273,2009
54290011,2341,1686,42,73.815,2009
54290022,1250,1249,9,100.64,2009
54300013,2517,1717,33,69.527,2009
54300024,951,980,18,104.942,2009
54310014,2405,1866,38,79.168,2009
54320015,2487,1809,12,73.221,2009
54320026,1908,1205,16,63.994,2009
54320037,1492,941,15,64.075,2009
54320048,2228,1579,26,72.038,2009
54320059,1470,1032,10,70.884,2009
54320060,5613,3983,72,72.243,2009
54320071,1580,1432,24,92.152,2009
54320082,1524,1303,19,86.745,2009
54320093,1127,971,17,87.666,2009
54320105,1048,1035,4,99.141,2009
54320116,588,499,1,85.034,2009
54320127,1134,917,7,81.481,2009
54320138,1532,1441,27,95.822,2009
54330016,3065,2107,15,69.233,2009
54330027,2009,1310,12,65.804,2009
54330038,2664,2416,22,91.517,2009
54330049,1814,1408,12,78.28,2009
54330050,1254,686,17,56.061,2009
54330061,2176,1629,38,76.608,2009
54330072,3050,2357,23,78.033,2009
54330094,1693,1216,2,71.943,2009
54330106,1924,1495,24,78.95,2009
54330117,2551,1788,3,70.208,2009
54330128,1467,1020,19,70.825,2009
54330139,3705,2960,67,81.7,2009
54330140,1123,1003,12,90.383,2009
54330151,2873,2591,89,93.282,2009
54330162,1504,1350,18,90.957,2009
54330173,137,397,6,294.161,2009
54340017,2373,1822,46,78.719,2009
54340028,3211,1912,35,60.635,2009
54340039,1233,909,7,74.29,2009
54340040,1885,1470,27,79.416,2009
54340051,1613,1228,9,76.689,2009
54340062,521,452,4,87.524,2009
54340073,728,962,9,133.379,2009
54350018,918,688,16,76.688,2009
54350029,1216,879,13,73.355,2009
54350030,1106,829,16,76.401,2009
54360019,1411,1055,9,75.408,2009
54360020,290,231,4,81.034,2009
54360031,706,433,12,63.031,2009
54360042,225,229,4,103.556,2009
54360053,667,556,1,83.508,2009
54360064,1324,985,23,76.133,2009
54360075,696,443,14,65.661,2009
54360086,1085,784,16,73.733,2009
54360097,1377,969,4,70.661,2009
54360109,345,213,13,65.507,2009
54360110,1057,805,26,78.619,2009
54370021,63,42,1,68.254,2009
54370032,946,821,5,87.315,2009
54370054,245,131,1,53.878,2009
54370065,165,84,2,52.121,2009
54370076,160,101,0,63.125,2009
54370087,56,40,0,71.429,2009
54370098,124,81,0,65.323,2009
54380011,255,227,3,90.196,2009
54380022,355,230,2,65.352,2009
54380033,381,327,9,88.189,2009
54380044,325,217,4,68.0,2009
54380055,317,279,2,88.644,2009
54380066,159,82,1,52.201,2009
54380077,244,222,1,91.393,2009
54390012,187,209,2,112.834,2009
54390023,322,267,5,84.472,2009
54390034,472,355,9,77.119,2009
54390045,324,267,3,83.333,2009
54390056,203,217,1,107.389,2009
54400014,485,311,39,72.165,2009
54400036,501,478,9,97.206,2009
54400047,342,331,7,98.83,2009
54400058,322,230,3,72.36,2009
54400069,286,216,3,76.573,2009
54400070,963,754,10,79.335,2009
54400081,276,213,0,77.174,2009
54400092,538,367,6,69.331,2009
54400104,808,761,20,96.658,2009
54410015,231,161,1,70.13,2009
54410026,2393,2080,23,87.881,2009
54410037,258,176,1,68.605,2009
54410048,129,81,2,64.341,2009
54410059,304,295,6,99.013,2009
54410060,146,88,0,60.274,2009
54410071,325,276,2,85.538,2009
54410082,797,562,6,71.267,2009
54410093,2041,1487,36,74.62,2009
54410105,376,310,4,83.511,2009
54410116,510,399,5,79.216,2009
54410127,2120,1705,132,86.651,2009
54410138,483,379,7,79.917,2009
54410149,299,220,2,74.247,2009
54410150,784,433,7,56.122,2009
54410161,745,611,4,82.55,2009
54410172,786,617,1,78.626,2009
54410183,504,392,1,77.976,2009
54410194,1858,1560,5,84.23,2009
54410206,601,491,6,82.696,2009
54410217,566,421,10,76.148,2009
54410228,153,125,1,82.353,2009
54410239,120,101,3,86.667,2009
54410240,78,177,4,232.051,2009
54410251,120,128,0,106.667,2009
54410262,223,245,0,109.865,2009
54410273,97,86,1,89.691,2009
54410284,557,617,3,111.311,2009
54410295,260,256,1,98.846,2009
54420016,363,280,4,78.237,2009
54420038,387,228,12,62.016,2009
54420049,178,104,5,61.236,2009
54420050,361,276,3,77.285,2009
54420072,564,499,6,89.539,2009
54420083,295,288,5,99.322,2009
54420094,405,301,6,75.802,2009
54420106,2010,1305,8,65.323,2009
54420128,624,596,16,98.077,2009
54430028,1253,883,4,70.79,2009
54430039,1101,703,17,65.395,2009
54430040,384,255,0,66.406,2009
54430051,3166,1923,43,62.097,2009
54430062,631,1017,0,161.173,2009
54440018,588,416,9,72.279,2009
54440029,306,246,3,81.373,2009
54440030,1036,696,34,70.463,2009
54440041,1112,687,16,63.219,2009
54440052,335,269,4,81.493,2009
54440063,441,239,11,56.689,2009
54440074,508,384,5,76.575,2009
54440085,1293,859,6,66.899,2009
54440096,1410,1042,33,76.241,2009
54440119,801,577,8,73.034,2009
54440120,635,433,7,69.291,2009
54440131,1018,706,13,70.629,2009
54440142,1796,1414,24,80.067,2009
54440153,986,684,12,70.588,2009
54440164,642,494,12,78.816,2009
54440175,708,551,5,78.531,2009
54440186,803,622,1,77.584,2009
54440197,606,467,14,79.373,2009
54440209,1295,1071,14,83.784,2009
54440210,210,177,1,84.762,2009
54440221,272,209,2,77.574,2009
54440232,414,361,5,88.406,2009
54440243,287,243,6,86.76,2009
54440254,145,120,1,83.448,2009
54440276,443,346,6,79.458,2009
54440287,164,120,2,74.39,2009
54440298,610,507,5,83.934,2009
54440300,623,513,7,83.467,2009
54440311,482,374,0,77.593,2009
54440322,1157,990,15,86.863,2009
54440333,783,646,15,84.419,2009
54440344,199,164,2,83.417,2009
54440355,619,571,0,92.246,2009
54440366,248,245,3,100.0,2009
54440377,325,311,7,97.846,2009
54450019,1557,1214,15,78.934,2009
54450020,413,283,6,69.976,2009
54450031,483,372,4,77.847,2009
54450042,571,368,6,65.499,2009
54450053,355,277,0,78.028,2009
54450064,1302,995,17,77.727,2009
54450075,1791,1258,12,70.91,2009
54450086,581,450,2,77.797,2009
54450097,671,459,1,68.554,2009
54450143,403,244,0,60.546,2009
54450154,376,277,6,75.266,2009
54450165,221,134,2,61.538,2009
54450176,272,205,0,75.368,2009
54450187,2244,2089,4,93.271,2009
54450198,86,71,1,83.721,2009
54450200,70,92,0,131.429,2009
54450211,1524,1389,24,92.717,2009
54450222,240,234,2,98.333,2009
54460010,299,209,3,70.903,2009
54460021,251,195,16,84.064,2009
54460032,219,162,3,75.342,2009
54460043,301,235,6,80.066,2009
54460076,177,98,2,56.497,2009
54460087,222,197,2,89.64,2009
54470011,243,149,0,61.317,2009
54470044,449,259,4,58.575,2009
54470055,180,85,2,48.333,2009
54470077,591,451,13,78.511,2009
54470088,2172,1530,14,71.087,2009
54470099,1262,824,19,66.799,2009
54470112,2634,1370,32,53.227,2009
54470134,284,257,4,91.901,2009
54470145,168,124,3,75.595,2009
54470156,851,731,18,88.014,2009
54470167,240,426,5,179.583,2009
54470178,348,303,3,87.931,2009
54470189,375,361,2,96.8,2009
54470190,360,295,0,81.944,2009
54490013,2257,1686,22,75.676,2009
54490024,1258,731,9,58.824,2009
54490035,1564,983,24,64.386,2009
54490046,858,752,17,89.627,2009
54490057,1367,1384,19,102.634,2009
54490068,735,735,15,102.041,2009
54500015,1736,1293,12,75.173,2009
54500026,372,387,5,105.376,2009
54500037,456,403,4,89.254,2009
54530018,2489,2046,37,83.688,2009
54530029,2100,1313,29,63.905,2009
54530030,2347,1747,23,75.415,2009
54530041,961,1114,8,116.753,2009
54530052,2268,1753,43,79.189,2009
54540019,1193,828,17,70.83,2009
54540020,2408,1316,29,55.855,2009
54540031,804,684,7,85.945,2009
54540042,1629,1063,0,65.255,2009
54540053,1176,825,10,71.003,2009
54540064,1944,1173,36,62.191,2009
54540075,3037,1549,15,51.498,2009
54540086,1822,1304,22,72.777,2009
54540097,2323,1089,18,47.654,2009
54540109,1209,856,19,72.374,2009
54540110,1088,823,0,75.643,2009
54540121,2278,1404,23,62.643,2009
54540132,2508,1587,13,63.796,2009
54540143,1697,1081,40,66.058,2009
54540154,2779,1825,47,67.362,2009
54540165,1723,1211,33,72.2,2009
54540176,602,356,3,59.635,2009
54540187,1396,1048,21,76.576,2009
54540198,1238,697,10,57.108,2009
54540200,2783,1353,16,49.192,2009
54540211,2267,1395,57,64.049,2009
54540222,1678,1159,19,70.203,2009
54540233,1765,1149,34,67.025,2009
54540299,2353,1544,39,67.276,2009
54540301,1297,709,13,55.667,2009
54540312,574,442,8,78.397,2009
54540334,2989,2251,81,78.019,2009
54540356,1231,989,22,82.128,2009
54540367,393,247,0,62.85,2009
54540378,135,111,2,83.704,2009
54540389,1328,806,2,60.843,2009
54540390,2347,1699,41,74.137,2009
54540402,898,642,12,72.829,2009
54540413,235,419,5,180.426,2009
54540424,875,802,13,93.143,2009
54540435,1170,1070,24,93.504,2009
54540446,736,586,0,79.62,2009
54540457,498,423,14,87.751,2009
54540468,355,315,8,90.986,2009
54540479,984,846,14,87.398,2009
54540480,259,175,10,71.429,2009
54540491,476,451,0,94.748,2009
54540503,86,204,0,237.209,2009
54540514,830,822,10,100.241,2009
54540525,255,188,3,74.902,2009
54540536,509,556,0,109.234,2009
54540547,646,663,16,105.108,2009
54540558,662,725,8,110.725,2009
54540569,383,508,5,133.943,2009
54540570,763,842,29,114.155,2009
54540581,243,249,2,103.292,2009
54540592,540,509,12,96.481,2009
54540604,259,270,0,104.247,2009
54540615,134,378,7,287.313,2009
54540626,284,297,2,105.282,2009
54540637,338,360,12,110.059,2009
54540648,842,765,7,91.686,2009
54540659,615,617,0,100.325,2009
54540660,698,710,21,104.728,2009
54540671,834,769,8,93.165,2009
54540682,228,321,11,145.614,2009
54540693,605,755,21,128.264,2009
54540705,1289,1186,33,94.569,2009
54540716,1062,983,19,94.35,2009
54540727,448,369,7,83.929,2009
54540738,390,359,10,94.615,2009
54540749,786,873,14,112.85,2009
54540750,541,528,16,100.555,2009
54540761,908,1160,14,129.295,2009
54540772,717,926,12,130.823,2009
54550010,1417,823,7,58.574,2009
54550021,1090,880,5,81.193,2009
54550032,603,612,5,102.322,2009
54570012,2072,1097,22,54.006,2009
54570034,1354,790,16,59.527,2009
54570045,1143,641,14,57.305,2009
54570056,644,371,6,58.54,2009
54570067,1524,750,14,50.131,2009
54570078,1444,951,13,66.759,2009
54570089,1149,718,15,63.795,2009
54570090,1082,665,4,61.83,2009
54570102,829,528,6,64.415,2009
54570113,1066,604,0,56.66,2009
54570124,1179,697,16,60.475,2009
54570135,1920,1215,26,64.635,2009
54570146,1124,572,3,51.157,2009
54570168,502,326,2,65.339,2009
54570179,1631,734,10,45.616,2009
54570180,859,583,9,68.917,2009
54570191,1056,612,8,58.712,2009
54570203,694,417,8,61.239,2009
54570214,885,505,4,57.514,2009
54570225,1193,705,7,59.681,2009
54570236,1250,879,13,71.36,2009
54570247,1376,817,9,60.029,2009
54570258,1266,707,8,56.477,2009
54570269,988,573,8,58.806,2009
54570270,939,575,9,62.194,2009
54570281,847,392,8,47.226,2009
54570292,749,388,4,52.336,2009
54570304,585,273,1,46.838,2009
54570315,709,387,2,54.866,2009
54570326,1698,1088,27,65.665,2009
54570337,285,214,1,75.439,2009
54570348,311,238,4,77.814,2009
54570359,759,719,18,97.101,2009
54570360,417,424,0,101.679,2009
54570371,703,585,5,83.926,2009
54580013,1394,856,13,62.339,2009
54580035,2217,1496,11,67.975,2009
54580046,1837,1106,2,60.316,2009
54580057,1675,1031,10,62.149,2009
54580068,1685,1181,27,71.691,2009
54580079,2141,1276,22,60.626,2009
54580080,1624,1151,25,72.414,2009
54580091,1497,889,5,59.719,2009
54580103,791,540,14,70.038,2009
54580114,447,289,4,65.548,2009
54580125,912,428,5,47.478,2009
54580136,1381,921,13,67.632,2009
54580158,1220,844,12,70.164,2009
54580169,1202,874,7,73.295,2009
54580181,372,256,9,71.237,2009
54580192,1399,656,16,48.034,2009
54580204,926,595,4,64.687,2009
54580215,881,686,4,78.32,2009
54580226,14,20,0,142.857,2009
54580237,888,657,5,74.55,2009
54580248,623,486,13,80.096,2009
54580259,463,404,5,88.337,2009
54580260,830,690,3,83.494,2009
54580271,638,604,14,96.865,2009
54580282,405,338,1,83.704,2009
54590014,1610,912,7,57.081,2009
54590025,1761,1237,21,71.437,2009
54590036,1691,1163,41,71.2,2009
54590047,1235,913,9,74.656,2009
54590058,2115,1244,28,60.142,2009
54590069,1395,1030,15,74.91,2009
54590070,1534,1055,11,69.492,2009
54590081,1749,1296,42,76.501,2009
54590092,2741,1697,27,62.897,2009
54590104,1321,928,18,71.612,2009
54590115,1830,1175,15,65.027,2009
54590126,1474,1062,32,74.22,2009
54590137,1399,960,13,69.55,2009
54590148,1455,939,13,65.43,2009
54590159,1728,1368,22,80.44,2009
54590160,1393,928,34,69.06,2009
54590171,2046,1448,22,71.848,2009
54590182,1641,1189,61,76.173,2009
54590193,1708,1212,14,71.78,2009
54590205,1773,1212,21,69.543,2009
54590216,2001,1388,32,70.965,2009
54590227,1297,767,23,60.91,2009
54590238,1704,1191,29,71.596,2009
54590250,770,513,10,67.922,2009
54590261,1255,844,13,68.287,2009
54590272,1322,956,18,73.676,2009
54590283,948,686,8,73.207,2009
54590294,390,279,9,73.846,2009
54590306,1488,922,7,62.433,2009
54590317,911,687,5,75.96,2009
54590328,1004,562,14,57.371,2009
54590339,630,475,15,77.778,2009
54590340,1717,1428,37,85.323,2009
54590351,865,691,5,80.462,2009
54590362,862,713,5,83.295,2009
54590373,195,131,1,67.692,2009
54590384,806,713,3,88.834,2009
54590395,441,401,5,92.063,2009
54590407,407,353,7,88.452,2009
54590418,608,539,19,91.776,2009
54590429,710,611,15,88.169,2009
54590430,950,816,21,88.105,2009
54590441,465,429,14,95.269,2009
54590452,675,786,11,118.074,2009
54590463,341,405,9,121.408,2009
54600016,1328,1080,2,81.476,2009
54600027,2610,2031,7,78.084,2009
54600038,3096,2400,32,78.553,2009
54600049,1928,1397,13,73.133,2009
54600050,1445,1220,10,85.121,2009
54600061,3891,2663,42,69.519,2009
54600072,3552,2917,58,83.756,2009
54600083,2663,1800,22,68.419,2009
54600094,2366,1640,24,70.33,2009
54600106,3028,2217,24,74.009,2009
54600117,1409,1075,12,77.147,2009
54600128,2767,1965,26,71.955,2009
54600139,2492,1870,24,76.003,2009
54600140,3953,2481,13,63.091,2009
54600151,2024,1595,5,79.051,2009
54600162,2771,2017,6,73.006,2009
54600173,2708,2089,13,77.622,2009
54600184,2086,1768,57,87.488,2009
54600195,2574,1678,27,66.239,2009
54600207,3450,2520,18,73.565,2009
54600218,2120,1397,17,66.698,2009
54600229,1933,1765,29,92.809,2009
54600230,1121,1324,5,118.555,2009
54600241,693,933,2,134.921,2009
54600252,3403,2587,36,77.079,2009
54600263,682,928,6,136.95,2009
54600274,763,790,42,109.043,2009
54600285,447,781,2,175.168,2009
54610028,2024,1488,27,74.852,2009
54610039,2312,1228,35,54.628,2009
54610040,2496,1626,29,66.306,2009
54610051,2221,1714,13,77.758,2009
54610062,1823,1189,13,65.935,2009
54610073,1761,1018,22,59.057,2009
54610084,2250,1436,27,65.022,2009
54610095,903,660,26,75.969,2009
54610107,3024,1503,31,50.728,2009
54610118,2501,1192,22,48.541,2009
54610129,1433,723,26,52.268,2009
54610141,1773,1344,12,76.481,2009
54610152,1462,1119,12,77.36,2009
54610163,2220,1535,33,70.631,2009
54610174,1800,936,24,53.333,2009
54610185,1539,1073,27,71.475,2009
54610196,1581,1302,17,83.428,2009
54610208,920,715,4,78.152,2009
54610219,1951,1547,0,79.293,2009
54610220,164,27,0,16.463,2009
54610231,1888,1278,58,70.763,2009
54610242,1653,1284,27,79.31,2009
54610253,2078,1401,57,70.164,2009
54610264,1428,1086,31,78.221,2009
54610275,1366,910,51,70.351,2009
54610286,1031,947,26,94.374,2009
54610297,439,498,8,115.262,2009
54610309,705,564,9,81.277,2009
54610310,937,755,12,81.857,2009
54610321,417,643,12,157.074,2009
54610332,466,492,13,108.369,2009
54610343,639,635,38,105.321,2009
54610354,493,463,13,96.552,2009
54610365,487,527,6,109.446,2009
54610376,881,918,11,105.448,2009
54610387,600,642,20,110.333,2009
54610398,224,265,2,119.196,2009
54610400,165,327,9,203.636,2009
54610411,610,623,10,103.77,2009
54610422,346,414,3,120.52,2009
54610433,277,498,18,186.282,2009
54610444,679,730,11,109.131,2009
54610455,271,331,6,124.354,2009
54610466,504,461,10,93.452,2009
54610477,646,610,5,95.201,2009
54610488,427,630,21,152.459,2009
54610499,674,687,41,108.012,2009
54610501,386,428,16,115.026,2009
54610512,542,451,23,87.454,2009
54620423,739,534,3,72.666,2009
54630019,2917,1645,16,56.942,2009
54630020,2669,2053,19,77.632,2009
54630031,2998,2032,36,68.979,2009
54630042,1674,1530,20,92.593,2009
54630053,2370,1747,28,74.895,2009
54630064,1591,1131,41,73.664,2009
54630075,364,237,7,67.033,2009
54640010,1784,1218,5,68.554,2009
54640021,639,414,1,64.945,2009
54640032,771,788,17,104.41,2009
54650011,3664,2666,8,72.98,2009
54650022,2283,2483,9,109.155,2009
54650033,3259,1833,3,56.336,2009
54650044,4807,1929,21,40.566,2009
54650055,2410,1636,37,69.419,2009
54650066,2142,1668,10,78.338,2009
54650077,2275,1850,4,81.495,2009
54650088,1966,1593,6,81.333,2009
54650099,3337,2333,17,70.423,2009
54650101,3644,1625,2,44.649,2009
54650112,1994,1695,3,85.155,2009
54650123,4611,2871,13,62.546,2009
54650145,2723,2076,61,78.48,2009
54650156,2899,2051,31,71.818,2009
54650167,2230,1654,34,75.695,2009
54650178,2570,1830,13,71.712,2009
54650189,1872,1414,15,76.335,2009
54650190,2632,1838,21,70.631,2009
54650202,2501,2070,34,84.126,2009
54650213,1942,1528,13,79.351,2009
54650224,2872,1708,33,60.62,2009
54650235,2563,1553,26,61.607,2009
54650246,2962,2076,55,71.945,2009
54650257,3136,2258,20,72.64,2009
54650268,2513,1757,16,70.553,2009
54650279,1537,1299,26,86.207,2009
54650280,1495,1088,19,74.047,2009
54650291,3267,2112,27,65.473,2009
54650303,2352,1329,29,57.738,2009
54650314,2172,1257,21,58.84,2009
54650336,2881,2157,49,76.571,2009
54650347,2945,1466,26,50.662,2009
54650358,1637,1577,7,96.762,2009
54650369,1934,2632,13,136.763,2009
54650370,1216,793,11,66.118,2009
54650381,4709,2078,19,44.532,2009
54650392,1878,1740,28,94.143,2009
54650404,552,811,13,149.275,2009
54650415,1853,1566,31,86.185,2009
54650426,2595,2066,33,80.886,2009
54650437,1776,1339,21,76.577,2009
54650448,2598,2266,22,88.068,2009
54650459,1176,1973,35,170.748,2009
54650460,329,416,10,129.483,2009
54650471,749,883,7,118.825,2009
54650482,2074,1434,2,69.238,2009
54650493,426,1465,20,348.592,2009
54650505,1161,1041,6,90.181,2009
54650516,1306,1463,1,112.098,2009
54650527,1538,1699,175,121.847,2009
54650538,180,259,3,145.556,2009
54650549,1122,1039,29,95.187,2009
54650550,366,593,3,162.842,2009
54650561,695,633,18,93.669,2009
54650572,285,877,10,311.228,2009
54650583,1180,1354,49,118.898,2009
54650594,1464,1280,26,89.208,2009
54650606,470,1150,1,244.894,2009
54650617,2064,1791,71,90.213,2009
54650628,1794,1959,125,116.165,2009
54650639,594,1194,4,201.684,2009
54660012,667,474,1,71.214,2009
54660023,323,204,0,63.158,2009
54660034,120,86,1,72.5,2009
54660045,234,147,2,63.675,2009
54660056,410,257,4,63.659,2009
54660067,1305,1256,20,97.778,2009
54660078,213,148,1,69.953,2009
54660089,324,233,2,72.531,2009
54660090,244,139,2,57.787,2009
54660102,809,647,4,80.47,2009
54660113,269,215,0,79.926,2009
54660124,70,79,0,112.857,2009
54660135,90,77,4,90.0,2009
54660146,78,66,0,84.615,2009
54660157,154,121,6,82.468,2009
54660168,108,102,2,96.296,2009
54660179,194,188,6,100.0,2009
54680025,2875,1538,42,54.957,2009
54680036,807,468,11,59.356,2009
54680058,1574,872,11,56.099,2009
54680069,1203,688,11,58.105,2009
54680070,3121,2129,60,70.138,2009
54680081,2829,2013,0,71.156,2009
54680092,663,609,1,92.006,2009
54680104,218,147,6,70.183,2009
54680115,714,556,4,78.431,2009
54680126,1110,668,24,62.342,2009
54680148,1203,1079,15,90.939,2009
54680159,1246,775,33,64.848,2009
54680160,212,140,4,67.925,2009
54680171,598,445,3,74.916,2009
54680238,1228,1142,3,93.241,2009
54680249,179,151,6,87.709,2009
54680261,2087,2170,15,104.696,2009
54680272,1075,1087,21,103.07,2009
54680283,134,210,5,160.448,2009
54680294,843,979,25,119.098,2009
54680306,462,661,4,143.939,2009
54680317,495,557,26,117.778,2009
54690015,111,105,3,97.297,2009
54690026,173,114,0,65.896,2009
54690037,394,336,7,87.056,2009
54690048,365,301,3,83.288,2009
54700017,623,515,13,84.751,2009
54700028,537,472,10,89.758,2009
54700039,456,325,9,73.246,2009
54700051,2363,1481,24,63.69,2009
54700062,249,97,3,40.161,2009
54700073,859,637,15,75.902,2009
54700084,1634,1106,11,68.36,2009
54700095,1939,1194,41,63.693,2009
54700118,679,1086,7,160.972,2009
54720019,3326,2309,15,69.874,2009
54720020,2636,1853,23,71.168,2009
54720031,1525,1125,12,74.557,2009
54720042,2017,1258,15,63.114,2009
54720053,1641,1945,17,119.561,2009
54720064,1756,1608,23,92.882,2009
54720075,708,471,5,67.232,2009
54720086,2419,2256,42,94.998,2009
54720097,2273,2013,29,89.837,2009
54720109,683,858,6,126.501,2009
54720110,479,475,1,99.374,2009
54730010,1848,1396,40,77.706,2009
54740011,1656,1340,2,81.039,2009
54740022,1453,1059,11,73.641,2009
54740033,2785,1819,22,66.104,2009
54740044,2143,1649,18,77.788,2009
54740055,1718,1291,12,75.844,2009
54740066,1811,1518,11,84.428,2009
54740077,3010,2071,19,69.435,2009
54740088,1938,1004,25,53.096,2009
54740099,1585,1408,11,89.527,2009
54740101,1037,1129,33,112.054,2009
54740112,270,143,0,52.963,2009
54740123,1416,1476,0,104.237,2009
54740134,512,502,5,99.023,2009
54740145,720,682,16,96.944,2009
54740156,745,1201,6,162.013,2009
54740167,412,667,9,164.078,2009
54740178,496,706,7,143.75,2009
54750012,3648,2512,44,70.066,2009
54750023,1273,1073,15,85.467,2009
54750034,1293,1101,15,86.311,2009
54750045,720,665,9,93.611,2009
54750056,685,865,15,128.467,2009
54750067,290,308,0,106.207,2009
54760013,2479,1643,11,66.72,2009
54760024,3019,1663,7,55.316,2009
54760035,1692,1157,14,69.208,2009
54760046,4373,2706,12,62.154,2009
54760057,1405,1182,15,85.196,2009
54760068,444,477,14,110.586,2009
54760079,664,916,5,138.705,2009
54760080,600,498,4,83.667,2009
54760091,601,647,14,109.983,2009
54760103,739,722,7,98.647,2009
54760114,785,787,6,101.019,2009
54770014,2052,1668,24,82.456,2009
54770036,528,525,8,100.947,2009
54770047,328,284,2,87.195,2009
54780015,698,493,6,71.49,2009
54790016,2927,2704,18,92.996,2009
54790027,1375,1314,2,95.709,2009
54790038,1618,1390,8,86.403,2009
54790049,2361,1830,27,78.653,2009
54790050,1358,1060,14,79.087,2009
54790061,1164,1131,12,98.196,2009
54790072,2097,1754,12,84.216,2009
54790083,1472,1609,12,110.122,2009
54790094,4214,2954,7,70.266,2009
54790106,2118,1711,20,81.728,2009
54790117,3136,2090,28,67.538,2009
54790139,3962,2901,24,73.826,2009
54790140,2667,1991,19,75.366,2009
54790151,2044,1815,31,90.313,2009
54790162,1882,1423,19,76.621,2009
54790173,1767,1283,21,73.797,2009
54790184,1286,1120,5,87.481,2009
54790195,744,618,0,83.065,2009
54790207,2738,2018,16,74.288,2009
54790218,3817,2220,7,58.344,2009
54790229,1070,893,2,83.645,2009
54790230,2602,1537,5,59.262,2009
54790241,1508,1255,6,83.621,2009
54790252,2131,1919,18,90.896,2009
54790274,3249,2403,1,73.992,2009
54790285,2689,1745,13,65.377,2009
54790296,1497,1293,11,87.108,2009
54790308,2332,2145,27,93.139,2009
54790319,3717,2868,26,77.858,2009
54790320,2186,1781,24,82.571,2009
54790331,3514,2849,21,81.673,2009
54790342,1964,1521,11,78.004,2009
54790353,2179,1820,11,84.029,2009
54790364,889,758,4,85.714,2009
54790375,1534,1329,7,87.093,2009
54790386,2375,2016,29,86.105,2009
54790397,2751,2301,43,85.205,2009
54790409,967,860,10,89.969,2009
54790410,2532,2020,13,80.292,2009
54790421,2239,1940,5,86.869,2009
54790432,3159,2300,4,72.934,2009
54790443,2907,2314,20,80.289,2009
54790454,1016,928,5,91.831,2009
54790465,1796,1435,9,80.401,2009
54790476,39,13,0,33.333,2009
54790487,623,578,10,94.382,2009
54790498,1337,1229,4,92.221,2009
54790500,700,782,6,112.571,2009
54790511,1225,1008,7,82.857,2009
54790522,593,544,6,92.749,2009
54790533,727,887,15,124.072,2009
54790544,1181,1285,7,109.399,2009
54790555,1108,1113,7,101.083,2009
54790566,970,995,12,103.814,2009
54790577,614,782,13,129.479,2009
54790588,920,859,10,94.457,2009
54790599,1339,1398,21,105.975,2009
54790601,607,742,8,123.558,2009
54790612,675,822,7,122.815,2009
54790623,1020,927,37,94.51,2009
54790634,1358,1456,27,109.205,2009
54790645,764,817,4,107.461,2009
54790656,997,1139,38,118.054,2009
54790667,575,600,5,105.217,2009
54800018,3397,2598,54,78.069,2009
54800029,3496,2597,48,75.658,2009
54830011,3657,2119,33,58.846,2009
54830022,3470,2458,12,71.182,2009
54830033,2117,1744,11,82.9,2009
54830044,2500,2185,24,88.36,2009
54830055,2564,2316,0,90.328,2009
54830066,2904,2184,13,75.654,2009
54830077,1390,1506,2,108.489,2009
54830088,2593,2081,49,82.144,2009
54830099,223,778,4,350.673,2009
54840012,553,405,8,74.684,2009
54840034,507,144,1,28.6,2009
54840045,249,190,2,77.108,2009
54840056,203,71,1,35.468,2009
54840067,783,419,5,54.151,2009
54840078,942,662,12,71.55,2009
54840089,531,339,3,64.407,2009
54840102,147,80,1,55.102,2009
54840113,961,703,11,74.298,2009
54840135,799,728,11,92.491,2009
54840146,1331,1364,25,104.358,2009
54840157,1006,852,82,92.843,2009
54840179,128,213,3,168.75,2009
54850013,505,352,3,70.297,2009
54850024,197,254,1,129.442,2009
54860014,972,748,20,79.012,2009
54860036,912,591,7,65.57,2009
54860058,240,202,5,86.25,2009
54860070,1083,838,3,77.655,2009
54860137,420,271,2,65.0,2009
54860159,147,117,1,80.272,2009
54860193,187,156,3,85.027,2009
54860205,135,114,2,85.926,2009
54860216,100,81,0,81.0,2009
54870015,265,120,0,45.283,2009
54870026,547,421,6,78.062,2009
54870037,1134,841,15,75.485,2009
54870048,1178,1014,21,87.861,2009
54870059,316,294,1,93.354,2009
54870060,1204,1206,15,101.412,2009
54870082,789,635,4,80.989,2009
54870093,425,318,4,75.765,2009
54870105,109,125,2,116.514,2009
54870116,1170,1067,11,92.137,2009
54870138,1210,358,9,30.331,2009
54870149,588,529,5,90.816,2009
54870161,174,111,3,65.517,2009
54870172,599,436,2,73.122,2009
54870183,2438,1638,22,68.089,2009
54870194,1289,1018,17,80.295,2009
54870206,562,518,2,92.527,2009
54870228,771,637,13,84.306,2009
54870239,132,142,2,109.091,2009
54870240,81,198,1,245.679,2009
54870251,131,400,13,315.267,2009
54870262,549,682,3,124.772,2009
54880016,1406,1280,11,91.821,2009
54880027,253,163,3,65.613,2009
54880038,1119,914,9,82.484,2009
54880049,1443,1182,16,83.021,2009
54880050,1214,1057,12,88.056,2009
54880061,1482,1062,14,72.605,2009
54880083,2297,1732,19,76.23,2009
54880094,1782,1618,16,91.695,2009
54880106,1662,1272,16,77.497,2009
54880117,1691,1170,18,70.254,2009
54880139,2567,2097,18,82.392,2009
54880162,2035,1420,9,70.221,2009
54880173,512,409,9,81.641,2009
54880184,912,698,7,77.303,2009
54880195,2037,1492,8,73.638,2009
54880207,840,701,0,83.452,2009
54880229,1418,1179,11,83.921,2009
54880230,1989,1598,14,81.046,2009
54880241,1701,1340,7,79.189,2009
54880252,659,516,6,79.211,2009
54880263,518,366,2,71.042,2009
54880274,741,609,1,82.321,2009
54880285,2177,1704,29,79.605,2009
54880296,971,688,13,72.194,2009
54880308,1775,1311,28,75.437,2009
54880319,1334,1100,27,84.483,2009
54880342,2849,2083,47,74.763,2009
54880364,630,516,2,82.222,2009
54880375,934,721,3,77.516,2009
54880386,806,619,5,77.419,2009
54880397,1362,1078,10,79.883,2009
54880409,631,466,8,75.119,2009
54880410,1570,1333,32,86.943,2009
54880421,2023,1620,0,80.079,2009
54880432,492,395,9,82.114,2009
54880443,711,573,0,80.591,2009
54880454,706,669,10,96.176,2009
54880465,730,629,0,86.164,2009
54880476,522,448,3,86.398,2009
54880487,1006,884,14,89.264,2009
54880498,658,643,12,99.544,2009
54880500,309,345,7,113.916,2009
54880511,595,557,6,94.622,2009
54880522,399,420,6,106.767,2009
54890017,1339,1055,8,79.388,2009
54890039,110,74,1,68.182,2009
54890040,521,334,6,65.259,2009
54890051,430,390,2,91.163,2009
54890073,471,288,2,61.571,2009
54890084,859,669,14,79.511,2009
54890095,1016,858,22,86.614,2009
54890118,832,671,4,81.13,2009
54890130,802,677,7,85.287,2009
54890141,1299,917,16,71.824,2009
54890152,954,749,10,79.56,2009
54890163,1896,1412,18,75.422,2009
54890174,1175,970,14,83.745,2009
54890185,735,497,4,68.163,2009
54890196,1106,837,13,76.854,2009
54890208,1761,1379,15,79.16,2009
54890219,1152,952,10,83.507,2009
54890220,1750,1380,11,79.486,2009
54890231,1207,917,10,76.802,2009
54890242,1385,1086,16,79.567,2009
54890253,915,692,8,76.503,2009
54890264,1443,1143,21,80.665,2009
54890275,1419,1060,20,76.11,2009
54890286,458,350,4,77.293,2009
54890297,638,488,7,77.586,2009
54890309,1161,1003,5,86.822,2009
54890310,1207,986,9,82.436,2009
54890321,1052,840,0,79.848,2009
54890332,1527,1072,9,70.792,2009
54890343,360,264,2,73.889,2009
54890354,502,358,9,73.108,2009
54890365,676,553,8,82.988,2009
54890376,963,768,14,81.205,2009
54890387,1866,1502,30,82.101,2009
54890398,1761,1348,27,78.081,2009
54890400,1414,992,12,71.004,2009
54890411,1402,1087,17,78.745,2009
54890422,674,569,4,85.015,2009
54890433,1502,1212,11,81.425,2009
54890444,707,552,5,78.784,2009
54890455,1514,1192,8,79.26,2009
54890466,716,567,0,79.19,2009
54890477,1125,843,15,76.267,2009
54890499,709,551,1,77.856,2009
54890501,680,548,4,81.176,2009
54890512,1714,1309,0,76.371,2009
54890523,1006,784,8,78.728,2009
54890534,1420,1130,19,80.915,2009
54890556,906,740,1,81.788,2009
54890567,1282,1002,2,78.315,2009
54890578,933,735,14,80.279,2009
54890589,1111,899,5,81.368,2009
54890590,981,775,8,79.817,2009
54890602,524,374,3,71.947,2009
54890613,560,394,6,71.429,2009
54890624,1901,1437,18,76.539,2009
54890635,599,766,4,128.548,2009
54890646,962,798,10,83.992,2009
54890657,2302,1704,29,75.282,2009
54890668,640,495,6,78.281,2009
54890679,1391,1064,21,78.001,2009
54890680,1045,828,7,79.904,2009
54890691,801,618,3,77.528,2009
54890703,95,110,1,116.842,2009
54890725,172,139,5,83.721,2009
54890736,425,358,11,86.824,2009
54890747,769,806,8,105.852,2009
54890758,688,559,10,82.703,2009
54890769,633,539,12,87.046,2009
54890770,482,451,5,94.606,2009
54890781,1069,993,5,93.358,2009
54890792,1500,1266,16,85.467,2009
54890804,943,906,0,96.076,2009
54890815,1045,1052,15,102.105,2009
54890826,1257,1098,17,88.703,2009
54890837,524,421,2,80.725,2009
54890848,320,228,4,72.5,2009
54890859,430,440,5,103.488,2009
54890860,321,322,4,101.558,2009
54890871,229,215,1,94.323,2009
54890882,722,718,8,100.554,2009
54900019,752,611,20,83.91,2009
54900020,2058,1436,19,70.7,2009
54900031,1150,767,13,67.826,2009
54900042,1391,916,28,67.865,2009
54900053,925,630,11,69.297,2009
54900064,1310,1074,23,83.74,2009
54900075,351,186,4,54.131,2009
54900086,456,398,5,88.377,2009
54900097,2061,1538,44,76.759,2009
54900109,290,235,6,83.103,2009
54900110,288,70,1,24.653,2009
54900121,407,240,0,58.968,2009
54900132,306,194,1,63.725,2009
54900154,144,167,1,116.667,2009
54900176,277,244,7,90.614,2009
54910010,996,658,21,68.173,2009
54910054,555,452,4,82.162,2009
54910065,2368,1664,15,70.904,2009
54910076,2097,1732,20,83.548,2009
54910087,2715,2015,21,74.991,2009
54910100,1458,1216,9,84.019,2009
54910111,1943,1482,9,76.737,2009
54910144,951,654,7,69.506,2009
54910155,1972,1484,20,76.268,2009
54910177,2157,1657,17,77.608,2009
54910188,1598,1303,14,82.416,2009
54910212,810,719,10,90.0,2009
54910223,1352,1048,10,78.254,2009
54910234,2127,1715,25,81.805,2009
54910245,843,577,5,69.039,2009
54910256,915,789,7,86.995,2009
54910267,1946,1784,26,93.011,2009
54910278,1776,1499,15,85.248,2009
54910290,828,697,3,84.541,2009
54910313,1184,1045,15,89.527,2009
54910324,917,858,10,94.656,2009
54910335,1693,1379,14,82.28,2009
54910346,2168,1592,25,74.585,2009
54910357,2380,1678,11,70.966,2009
54910368,1245,1077,11,87.39,2009
54910379,1608,1155,45,74.627,2009
54910380,1110,987,8,89.64,2009
54910391,462,353,6,77.706,2009
54910403,1346,1028,11,77.192,2009
54910414,1461,1261,6,86.721,2009
54910425,1000,894,9,90.3,2009
54910436,1376,1153,2,83.939,2009
54910447,1135,985,4,87.137,2009
54910458,1527,1149,12,76.031,2009
54910470,1781,1417,5,79.843,2009
54910481,1176,1089,4,92.942,2009
54910504,889,715,8,81.327,2009
54910515,1061,889,3,84.072,2009
54910526,1838,1316,13,72.307,2009
54910537,750,469,3,62.933,2009
54910548,1689,1320,14,78.982,2009
54910571,1562,1398,63,93.534,2009
54910582,576,399,2,69.618,2009
54910593,1051,846,22,82.588,2009
54910616,2107,1810,18,86.758,2009
54910627,341,330,2,97.361,2009
54910649,635,577,5,91.654,2009
54910650,782,769,8,99.361,2009
54910661,551,542,3,98.911,2009
54910683,262,248,4,96.183,2009
54910694,760,642,21,87.237,2009
54910706,311,533,5,172.99,2009
54910717,326,497,5,153.988,2009
54910728,925,881,14,96.757,2009
54910739,748,688,5,92.647,2009
54910740,984,960,6,98.171,2009
54910751,986,982,11,100.71,2009
54910762,523,510,7,98.853,2009
54910773,729,769,6,106.31,2009
54910784,759,734,10,98.024,2009
54910795,416,484,7,118.029,2009
54910807,250,241,5,98.4,2009
54910818,403,376,3,94.045,2009
54910829,506,543,12,109.684,2009
54910830,943,958,4,102.015,2009
54910841,791,737,11,94.564,2009
54910852,393,421,6,108.651,2009
54910863,873,879,8,101.604,2009
76150010,714,516,4,72.829,2009
76150021,834,511,0,61.271,2009
76150032,3121,2081,24,67.446,2009
76150043,945,722,14,77.884,2009
76150054,764,515,11,68.848,2009
76150065,1133,802,6,71.315,2009
76150076,925,641,5,69.838,2009
76150087,686,472,7,69.825,2009
76150098,450,335,5,75.556,2009
76150100,686,436,4,64.14,2009
76150111,986,711,5,72.617,2009
76150122,916,635,7,70.087,2009
76150133,867,606,18,71.972,2009
76150144,368,248,5,68.75,2009
76150155,1145,780,4,68.472,2009
76150166,720,531,7,74.722,2009
76150177,878,648,2,74.032,2009
76150188,1171,730,12,63.365,2009
76150199,1448,1003,13,70.166,2009
76150201,610,427,0,70.0,2009
76150212,1791,1102,11,62.144,2009
76150223,899,616,0,68.521,2009
76150234,754,505,10,68.302,2009
76150245,1534,1024,19,67.992,2009
76150256,2195,1485,36,69.294,2009
76150267,706,453,8,65.297,2009
76150278,2002,1418,16,71.628,2009
76150289,1138,750,11,66.872,2009
76150290,752,573,0,76.197,2009
76150302,1002,688,9,69.561,2009
76150313,539,338,5,63.636,2009
76150324,1940,1121,22,58.918,2009
76150335,1342,914,8,68.703,2009
76150346,788,579,19,75.888,2009
76150357,697,457,6,66.428,2009
76150368,579,368,4,64.249,2009
76150379,745,550,0,73.826,2009
76150380,2491,1674,23,68.125,2009
76150391,1968,1322,30,68.699,2009
76150403,509,290,2,57.367,2009
76150414,1523,1025,0,67.301,2009
76150425,1016,819,0,80.61,2009
76150436,1523,1016,15,67.695,2009
76150447,1376,968,8,70.93,2009
76150458,839,592,4,71.037,2009
76150469,992,628,10,64.315,2009
76150470,2415,1849,43,78.344,2009
76150481,983,667,0,67.854,2009
76150492,1801,1153,0,64.02,2009
76150504,776,541,9,70.876,2009
76150515,842,511,0,60.689,2009
76150526,1216,770,20,64.967,2009
76150537,662,430,11,66.616,2009
76150548,969,757,3,78.431,2009
76150559,765,548,20,74.248,2009
76150560,1175,828,12,71.489,2009
76150571,407,297,2,73.464,2009
76150582,773,574,4,74.774,2009
76150593,1253,840,5,67.438,2009
76150605,623,519,11,85.072,2009
76150616,891,531,27,62.626,2009
76150627,2000,1366,20,69.3,2009
76150649,451,329,1,73.171,2009
76150650,1215,1086,9,90.123,2009
76150661,867,581,0,67.013,2009
76150672,854,758,10,89.93,2009
76150683,479,509,7,107.724,2009
76160011,1324,1121,0,84.668,2009
76160022,774,530,6,69.251,2009
76160033,328,239,2,73.476,2009
76160044,1014,754,0,74.359,2009
76160055,1586,1150,23,73.96,2009
76160066,1389,839,38,63.139,2009
76160077,1566,1091,13,70.498,2009
76160088,610,402,21,69.344,2009
76160099,1390,973,23,71.655,2009
76160101,1423,855,15,61.138,2009
76160112,506,344,1,68.182,2009
76160123,1893,1202,33,65.24,2009
76160134,674,434,6,65.282,2009
76160145,1215,751,12,62.798,2009
76160156,645,466,10,73.798,2009
76160167,1031,737,16,73.036,2009
76160178,1197,925,19,78.864,2009
76160189,968,650,15,68.698,2009
76160190,1429,1013,21,72.358,2009
76160202,1866,1191,45,66.238,2009
76160213,878,526,39,64.351,2009
76160224,2505,1455,30,59.281,2009
76160235,954,634,13,67.82,2009
76160246,1587,1005,17,64.398,2009
76160257,263,198,2,76.046,2009
76160268,564,383,13,70.213,2009
76160279,1757,1129,0,64.257,2009
76160280,826,642,18,79.903,2009
76160291,768,546,30,75.0,2009
76160303,677,413,4,61.595,2009
76160314,1353,967,31,73.762,2009
76160325,469,339,3,72.921,2009
76160336,557,376,0,67.504,2009
76160358,1618,1047,0,64.71,2009
76160369,697,476,0,68.293,2009
76160370,1291,946,0,73.277,2009
76160381,988,723,18,75.0,2009
76160392,841,542,5,65.042,2009
76160404,505,369,1,73.267,2009
76160415,1132,756,12,67.845,2009
76160426,1671,1261,12,76.182,2009
76160437,2359,1575,0,66.766,2009
76160448,450,343,8,78.0,2009
76160459,1503,1043,14,70.326,2009
76160460,1473,1043,21,72.234,2009
76160471,957,621,25,67.503,2009
76160482,1388,1035,12,75.432,2009
76160493,661,447,12,69.44,2009
76160505,741,485,9,66.667,2009
76160516,785,555,10,71.975,2009
76160527,598,409,9,69.9,2009
76160549,1021,660,14,66.014,2009
76160550,1208,867,18,73.262,2009
76160561,728,479,6,66.621,2009
76160572,816,572,0,70.098,2009
76160583,785,521,4,66.879,2009
76160606,416,295,17,75.0,2009
76160628,1059,721,15,69.5,2009
76160639,1387,1028,34,76.568,2009
76160640,1268,846,19,68.218,2009
76160651,609,443,6,73.727,2009
76160662,1277,843,7,66.562,2009
76160673,331,234,2,71.299,2009
76160684,1203,1037,5,86.617,2009
76160695,202,176,2,88.119,2009
76160707,287,246,4,87.108,2009
76160718,841,591,17,72.295,2009
76160729,173,110,1,64.162,2009
76160730,1289,654,16,51.978,2009
76160763,836,673,8,81.459,2009
76160774,940,557,15,60.851,2009
76160808,595,409,17,71.597,2009
76160820,1161,819,12,71.576,2009
76160831,780,651,14,85.256,2009
76160842,214,196,4,93.458,2009
76160853,554,759,11,138.989,2009
76160875,578,611,6,106.747,2009
76170012,1368,1022,24,76.462,2009
76170023,1663,1223,0,73.542,2009
76170034,532,335,4,63.722,2009
76170045,964,681,9,71.577,2009
76170056,855,570,9,67.719,2009
76170067,447,329,1,73.826,2009
76170078,344,247,2,72.384,2009
76170089,3071,1873,19,61.609,2009
76170090,981,721,12,74.72,2009
76170102,1278,960,15,76.291,2009
76170113,755,568,2,75.497,2009
76170124,1175,793,16,68.851,2009
76170135,1028,763,15,75.681,2009
76170146,1287,931,19,73.815,2009
76170157,1492,926,101,68.834,2009
76170168,3082,2201,19,72.031,2009
76170179,1805,1172,19,65.983,2009
76170180,1081,766,15,72.248,2009
76170191,1420,991,23,71.408,2009
76170203,845,626,17,76.095,2009
76170214,1180,956,0,81.017,2009
76170225,650,425,7,66.462,2009
76170236,1094,748,0,68.373,2009
76170247,1078,758,21,72.263,2009
76170258,2903,1987,40,69.824,2009
76170269,1216,914,9,75.905,2009
76170270,1529,1108,0,72.466,2009
76170281,667,493,10,75.412,2009
76170292,556,412,0,74.101,2009
76170304,364,233,7,65.934,2009
76170315,860,657,16,78.256,2009
76170326,816,542,11,67.77,2009
76170337,1529,1107,11,73.12,2009
76170348,1152,955,16,84.288,2009
76170359,1038,733,8,71.387,2009
76170360,1475,1126,28,78.237,2009
76170371,2950,1968,20,67.39,2009
76170382,1449,1051,18,73.775,2009
76170393,1491,1091,14,74.111,2009
76170405,685,450,3,66.131,2009
76170416,935,692,6,74.652,2009
76170427,417,262,4,63.789,2009
76170438,567,387,4,68.959,2009
76170449,838,586,3,70.286,2009
76170450,711,473,3,66.948,2009
76170461,2023,1435,21,71.972,2009
76170472,1688,1206,27,73.045,2009
76170483,1662,1170,2,70.517,2009
76170494,2607,1797,41,70.502,2009
76170506,1000,791,14,80.5,2009
76170539,619,527,5,85.945,2009
76170540,1188,846,26,73.401,2009
76170551,398,345,27,93.467,2009
76170562,1025,1154,15,114.049,2009
76170573,114,108,3,97.368,2009
76170584,675,724,9,108.593,2009
76170595,363,382,12,108.54,2009
76170607,632,745,5,118.671,2009
76170618,539,678,0,125.788,2009
76290914,431,164,1,38.283,2009
54100011,1658,1139,133,76.719,2014
54100022,1596,1577,26,100.439,2014
54100033,1939,824,1,42.548,2014
54100044,661,643,8,98.487,2014
54110012,1283,928,3,72.564,2014
54110023,2510,1651,60,68.167,2014
54110034,1574,1178,9,75.413,2014
54120013,230,100,1,43.913,2014
54120024,487,357,5,74.333,2014
54120035,361,293,3,81.994,2014
54120046,970,576,11,60.515,2014
54120057,188,143,1,76.596,2014
54120068,463,332,4,72.57,2014
54120080,845,666,6,79.527,2014
54120091,418,304,8,74.641,2014
54120103,896,670,6,75.446,2014
54120114,833,604,4,72.989,2014
54120125,1685,1140,14,68.487,2014
54120136,476,328,6,70.168,2014
54120147,238,130,2,55.462,2014
54120181,296,222,0,75.0,2014
54120192,1196,960,7,80.853,2014
54120215,960,753,11,79.583,2014
54120226,1224,1024,15,84.886,2014
54120237,267,270,4,102.622,2014
54120248,593,549,2,92.917,2014
54120259,294,298,0,101.361,2014
54120260,318,308,1,97.17,2014
54130014,1729,1102,13,64.488,2014
54130025,1174,701,10,60.562,2014
54130036,1613,1038,8,64.848,2014
54130047,1870,1235,23,67.273,2014
54130070,1399,1043,12,75.411,2014
54130081,999,677,13,69.069,2014
54130092,698,527,5,76.218,2014
54130104,900,723,7,81.111,2014
54130115,398,324,3,82.161,2014
54130126,500,408,13,84.2,2014
54130137,603,481,0,79.768,2014
54130148,422,430,8,103.791,2014
54130159,374,323,4,87.433,2014
54130160,476,453,7,96.639,2014
54140015,2749,1919,35,71.08,2014
54140026,975,755,16,79.077,2014
54140037,1172,1207,11,103.925,2014
54140048,2740,2115,32,78.358,2014
54140059,2533,2180,29,87.209,2014
54140060,1650,1144,14,70.182,2014
54140071,1739,1328,17,77.343,2014
54140082,2461,2085,29,85.9,2014
54140093,2088,1607,21,77.969,2014
54140105,2598,1967,2,75.789,2014
54140116,1344,940,16,71.131,2014
54140127,1721,1109,15,65.311,2014
54140138,2473,1965,60,81.884,2014
54140149,967,824,19,87.177,2014
54140150,1929,1553,107,86.055,2014
54150016,2584,1776,21,69.543,2014
54150027,1607,1133,10,71.126,2014
54150038,408,340,3,84.069,2014
54160017,1810,1089,13,60.884,2014
54160028,1204,650,6,54.485,2014
54160039,1273,1034,14,82.325,2014
54160040,2272,1936,11,85.695,2014
54160051,505,402,4,80.396,2014
54160062,296,326,5,111.824,2014
54160073,176,176,3,101.705,2014
54160084,350,484,5,139.714,2014
54160095,1145,990,0,86.463,2014
54170018,1172,852,23,74.659,2014
54170029,785,637,11,82.548,2014
54180019,2142,1574,22,74.51,2014
54180020,435,400,3,92.644,2014
54190010,2140,1660,15,78.271,2014
54190021,2411,1390,17,58.358,2014
54190032,2159,1375,9,64.104,2014
54190043,2483,1610,25,65.848,2014
54190054,2139,1610,38,77.045,2014
54190065,1041,726,8,70.509,2014
54190076,2208,1398,13,63.904,2014
54190087,2234,1349,14,61.012,2014
54190098,1340,983,11,74.179,2014
54190100,1262,1068,12,85.578,2014
54190111,1569,1275,34,83.429,2014
54190122,1034,981,3,95.164,2014
54190133,751,596,11,80.826,2014
54190144,1513,1413,16,94.448,2014
54190155,1024,1027,31,103.32,2014
54200012,422,259,4,62.322,2014
54200023,406,291,3,72.414,2014
54200034,1962,1267,10,65.087,2014
54200045,646,468,2,72.755,2014
54200056,68,67,2,101.471,2014
54200067,173,128,2,75.145,2014
54200078,477,394,7,84.067,2014
54200089,309,276,6,91.262,2014
54210013,1729,1305,20,76.634,2014
54210024,1452,1000,21,70.317,2014
54210035,1133,729,5,64.784,2014
54210046,1857,1325,19,72.375,2014
54210057,1285,839,16,66.537,2014
54210068,914,626,19,70.569,2014
54210079,1635,1037,15,64.343,2014
54210080,1472,867,1,58.967,2014
54210091,1612,1115,12,69.913,2014
54210103,1913,1169,9,61.579,2014
54210114,1918,1385,9,72.68,2014
54210125,431,326,6,77.03,2014
54210169,551,365,5,67.151,2014
54210170,941,671,5,71.838,2014
54210192,754,604,6,80.902,2014
54210204,1078,894,10,83.859,2014
54210215,139,90,1,65.468,2014
54210226,954,834,0,87.421,2014
54210237,1032,838,9,82.074,2014
54210248,975,982,6,101.333,2014
54210259,931,758,6,82.062,2014
54210260,322,318,5,100.311,2014
54210271,325,343,5,107.077,2014
54210282,582,681,8,118.385,2014
54210293,558,485,3,87.455,2014
54210305,325,278,4,86.769,2014
54210316,518,526,3,102.124,2014
54210327,310,266,2,86.452,2014
54210338,341,350,2,103.226,2014
54210349,336,302,2,90.476,2014
54220014,1512,927,9,61.905,2014
54220025,1234,708,10,58.185,2014
54220036,918,623,10,68.954,2014
54220047,1296,916,7,71.219,2014
54220058,1082,680,0,62.847,2014
54220069,1425,815,30,59.298,2014
54220070,751,522,6,70.306,2014
54220081,902,635,6,71.064,2014
54220092,1505,870,5,58.14,2014
54220104,1344,1012,12,76.19,2014
54220115,1604,1209,86,80.736,2014
54220126,1326,735,10,56.184,2014
54220137,939,652,4,69.862,2014
54220148,1097,620,9,57.338,2014
54220159,1286,830,11,65.397,2014
54220160,706,412,8,59.49,2014
54220171,643,422,10,67.185,2014
54220182,262,164,5,64.504,2014
54220205,531,402,7,77.024,2014
54220216,817,552,12,69.033,2014
54220227,511,372,3,73.386,2014
54220238,399,309,3,78.195,2014
54220249,1031,752,4,73.327,2014
54220250,409,328,10,82.641,2014
54220261,232,191,5,84.483,2014
54220272,325,240,4,75.077,2014
54220283,1142,872,10,77.233,2014
54220294,227,167,3,74.89,2014
54220306,692,587,12,86.561,2014
54220317,425,367,3,87.059,2014
54220328,590,483,7,83.051,2014
54220339,468,374,8,81.624,2014
54220340,421,330,5,79.572,2014
54220351,323,254,3,79.567,2014
54220362,625,436,0,69.76,2014
54220373,170,168,4,101.176,2014
54220384,368,284,5,78.533,2014
54220395,575,602,0,104.696,2014
54220407,636,675,13,108.176,2014
54220418,384,328,2,85.938,2014
54220430,499,482,11,98.798,2014
54230015,2473,1657,8,67.327,2014
54230026,2143,1545,19,72.982,2014
54230037,2159,1467,10,68.411,2014
54230048,1158,798,4,69.257,2014
54230059,2359,1648,17,70.581,2014
54230060,1977,1345,23,69.196,2014
54230071,2268,1618,20,72.222,2014
54230082,2485,1749,22,71.268,2014
54230093,2081,1375,57,68.813,2014
54230105,1906,1309,9,69.15,2014
54230116,1901,1426,19,76.013,2014
54230127,1134,874,14,78.307,2014
54230138,724,636,4,88.398,2014
54230149,1023,754,10,74.682,2014
54230150,1095,993,6,91.233,2014
54230161,1162,1094,5,94.578,2014
54230172,549,447,5,82.332,2014
54230183,1066,1045,17,99.625,2014
54230194,1093,886,14,82.342,2014
54230206,1399,1202,10,86.633,2014
54230217,2779,2863,45,104.642,2014
54230228,1909,1807,29,96.176,2014
54230239,535,602,67,125.047,2014
54230240,561,623,4,111.765,2014
54230251,415,433,8,106.265,2014
54240016,1901,1260,15,67.07,2014
54240027,491,426,3,87.373,2014
54240038,1165,1053,7,90.987,2014
54240049,81,80,2,101.235,2014
54250017,885,519,5,59.209,2014
54250028,1186,982,7,83.39,2014
54260018,3467,2154,11,62.446,2014
54260029,3018,1998,19,66.832,2014
54260041,3241,1997,6,61.802,2014
54260052,3183,2205,7,69.494,2014
54260063,2402,1601,12,67.152,2014
54260074,2440,1427,4,58.648,2014
54260085,3956,2454,21,62.563,2014
54260096,2059,1543,13,75.571,2014
54260108,2107,1523,33,73.849,2014
54260119,2482,1730,26,70.749,2014
54260120,2269,1390,22,62.23,2014
54260131,1897,1198,1,63.205,2014
54260142,2162,1394,17,65.264,2014
54260153,3011,1582,409,66.124,2014
54260175,1880,1083,11,58.191,2014
54260186,2951,1439,15,49.271,2014
54260197,2546,1623,26,64.768,2014
54260209,1042,874,14,85.221,2014
54260210,2621,1392,26,54.101,2014
54260221,2730,1745,27,64.908,2014
54260232,2733,1876,33,69.85,2014
54260243,903,695,9,77.962,2014
54260254,2503,1958,7,78.506,2014
54260265,2241,1558,15,70.192,2014
54260276,1329,736,14,56.433,2014
54260287,2799,1936,36,70.454,2014
54260298,1484,1200,22,82.345,2014
54260300,2913,1917,35,67.01,2014
54260311,630,566,5,90.635,2014
54260333,1013,1161,18,116.387,2014
54260344,495,1083,10,220.808,2014
54260355,470,458,3,98.085,2014
54260366,735,643,4,88.027,2014
54260377,863,791,0,91.657,2014
54260388,1294,1176,4,91.19,2014
54260399,2376,1444,14,61.364,2014
54260401,1098,1009,14,93.169,2014
54260412,1568,1201,26,78.253,2014
54260423,662,616,7,94.109,2014
54260434,1754,1542,7,88.312,2014
54260445,1718,1509,5,88.126,2014
54260456,1274,951,11,75.51,2014
54260467,1108,1054,5,95.578,2014
54260478,318,407,3,128.931,2014
54260490,500,543,12,111.0,2014
54260502,222,193,2,87.838,2014
54260513,1212,1150,12,95.875,2014
54270019,3203,1699,27,53.887,2014
54270020,2216,1530,6,69.314,2014
54270031,3010,1660,40,56.478,2014
54270042,1382,1362,7,99.059,2014
54270053,1532,1350,38,90.601,2014
54270064,339,315,1,93.215,2014
54270075,308,445,2,145.13,2014
54280010,1835,1360,22,75.313,2014
54280021,2392,1794,49,77.048,2014
54280032,2375,1703,26,72.8,2014
54280043,2102,1276,11,61.227,2014
54280065,1238,879,13,72.052,2014
54280076,2635,1878,39,72.751,2014
54280087,714,599,4,84.454,2014
54280098,414,363,3,88.406,2014
54280100,897,763,6,85.73,2014
54290011,1745,1287,10,74.327,2014
54290022,2164,1795,21,83.919,2014
54300013,2526,1750,30,70.467,2014
54300024,1294,1080,0,83.462,2014
54310014,2141,1508,15,71.135,2014
54310025,548,499,5,91.971,2014
54320015,2437,1808,13,74.723,2014
54320026,2023,1323,19,66.337,2014
54320037,1312,789,10,60.899,2014
54320048,1980,1270,15,64.899,2014
54320059,1273,846,5,66.85,2014
54320060,3618,2043,19,56.993,2014
54320071,1995,1486,18,75.388,2014
54320082,1800,1442,26,81.556,2014
54320093,1094,833,8,76.874,2014
54320105,1323,1069,3,81.028,2014
54320116,641,490,6,77.379,2014
54320127,1266,965,10,77.014,2014
54320138,1740,1350,31,79.368,2014
54320149,734,630,10,87.193,2014
54320150,1449,1271,38,90.338,2014
54320161,637,607,16,97.802,2014
54320172,439,436,3,100.0,2014
54330016,3316,2270,12,68.818,2014
54330027,1495,878,19,60.0,2014
54330038,2970,2365,15,80.135,2014
54330049,1933,1478,8,76.875,2014
54330050,1186,600,1,50.675,2014
54330061,1844,1202,16,66.052,2014
54330072,2605,1681,26,65.528,2014
54330094,1535,992,11,65.342,2014
54330106,1756,1312,20,75.854,2014
54330117,2223,1468,15,66.712,2014
54330128,1422,993,23,71.449,2014
54330139,2458,1536,12,62.978,2014
54330140,1003,762,11,77.069,2014
54330151,2701,1915,26,71.862,2014
54330162,1598,1255,21,79.85,2014
54330173,175,109,0,62.286,2014
54330184,982,1008,18,104.481,2014
54330195,469,573,6,123.454,2014
54330207,778,755,17,99.229,2014
54330218,527,535,19,105.123,2014
54330229,1007,928,19,94.042,2014
54330230,1125,1193,107,115.556,2014
54340017,1993,1440,14,72.955,2014
54340028,2132,1457,12,68.902,2014
54340039,1043,767,10,74.497,2014
54340040,1347,943,22,71.641,2014
54340051,1770,1335,9,75.932,2014
54340062,689,538,7,79.1,2014
54340073,2343,1701,10,73.026,2014
54340084,1819,1543,24,86.146,2014
54350018,1066,760,10,72.233,2014
54350029,1384,984,6,71.532,2014
54350030,1070,760,4,71.402,2014
54360019,1464,1029,18,71.516,2014
54360020,276,209,2,76.449,2014
54360031,589,338,8,58.744,2014
54360042,255,213,5,85.49,2014
54360053,604,421,14,72.02,2014
54360064,1370,928,22,69.343,2014
54360075,642,421,4,66.199,2014
54360086,1070,749,16,71.495,2014
54360097,1542,1122,29,74.643,2014
54360109,388,279,5,73.196,2014
54360110,1101,737,17,68.483,2014
54360121,110,85,5,81.818,2014
54370021,46,27,0,58.696,2014
54370032,979,688,12,71.502,2014
54370054,192,107,1,56.25,2014
54370065,93,34,1,37.634,2014
54370076,127,75,3,61.417,2014
54370087,64,27,0,42.188,2014
54370098,101,78,0,77.228,2014
54380011,290,322,10,114.483,2014
54380022,301,210,0,69.767,2014
54380033,276,213,2,77.899,2014
54380044,245,151,2,62.449,2014
54380055,299,272,6,92.977,2014
54380066,333,73,1,22.222,2014
54380077,244,185,7,78.689,2014
54390012,207,83,1,40.58,2014
54390023,211,160,1,76.303,2014
54390034,454,334,9,75.551,2014
54390045,340,281,5,84.118,2014
54390056,231,145,3,64.069,2014
54390067,225,202,6,92.444,2014
54400014,423,275,4,65.957,2014
54400036,886,800,15,91.986,2014
54400047,367,268,0,73.025,2014
54400058,294,184,4,63.946,2014
54400069,255,147,0,57.647,2014
54400070,756,518,8,69.577,2014
54400081,263,195,1,74.525,2014
54400092,532,332,1,62.594,2014
54400104,1492,1064,15,72.319,2014
54400126,495,445,12,92.323,2014
54400137,595,885,12,150.756,2014
54410015,223,182,1,82.063,2014
54410026,2429,1830,25,76.369,2014
54410037,187,104,2,56.684,2014
54410048,164,198,3,122.561,2014
54410059,303,272,0,89.769,2014
54410060,117,73,0,62.393,2014
54410071,260,175,3,68.462,2014
54410082,522,257,4,50.0,2014
54410093,2224,1592,48,73.741,2014
54410105,314,265,1,84.713,2014
54410116,687,547,13,81.514,2014
54410127,1996,1397,34,71.693,2014
54410138,418,297,0,71.053,2014
54410149,276,208,3,76.449,2014
54410150,598,372,0,62.207,2014
54410161,751,600,8,80.959,2014
54410172,932,776,11,84.442,2014
54410183,278,202,5,74.46,2014
54410194,1928,1527,16,80.031,2014
54410206,553,360,4,65.823,2014
54410217,868,310,12,37.097,2014
54410228,148,117,1,79.73,2014
54410239,151,119,0,78.808,2014
54410240,73,83,0,113.699,2014
54410251,146,120,2,83.562,2014
54410262,302,291,1,96.689,2014
54410273,100,97,2,99.0,2014
54410284,475,401,5,85.474,2014
54410295,299,246,3,83.278,2014
54410307,260,244,7,96.538,2014
54410318,1113,1043,12,94.789,2014
54410330,231,255,4,112.121,2014
54410341,74,65,0,87.838,2014
54410352,80,139,1,175.0,2014
54410363,475,469,16,102.105,2014
54410374,179,169,0,94.413,2014
54410385,116,128,1,111.207,2014
54410396,130,171,2,133.077,2014
54410408,136,131,2,97.794,2014
54410419,209,203,0,97.129,2014
54410420,128,116,3,92.969,2014
54410431,77,70,0,90.909,2014
54410442,112,135,3,123.214,2014
54410453,80,89,0,111.25,2014
54410464,205,253,1,123.902,2014
54420016,362,237,3,66.298,2014
54420038,335,219,1,65.672,2014
54420049,142,86,0,60.563,2014
54420050,383,205,0,53.525,2014
54420072,482,358,7,75.726,2014
54420083,251,192,1,76.892,2014
54420106,2067,1437,8,69.908,2014
54420128,353,184,2,52.691,2014
54420139,1462,1132,27,79.275,2014
54420140,1612,1520,22,95.658,2014
54420151,343,283,12,86.006,2014
54420162,965,1023,19,107.979,2014
54430028,880,433,13,50.682,2014
54430039,909,506,3,55.996,2014
54430040,285,151,4,54.386,2014
54430051,2120,990,26,47.925,2014
54430062,1130,1321,16,118.319,2014
54430073,332,231,5,71.084,2014
54430084,325,309,2,95.692,2014
54430095,977,970,11,100.409,2014
54440018,767,562,7,74.185,2014
54440029,340,277,5,82.941,2014
54440030,1081,729,5,67.9,2014
54440041,958,599,10,63.57,2014
54440052,351,256,2,73.504,2014
54440063,373,213,4,58.177,2014
54440074,504,391,7,78.968,2014
54440085,1524,1117,26,75.0,2014
54440096,1281,951,18,75.644,2014
54440119,845,566,5,67.574,2014
54440120,651,416,11,65.591,2014
54440131,978,739,9,76.483,2014
54440142,2104,1616,22,77.852,2014
54440153,1002,681,7,68.663,2014
54440164,549,464,9,86.157,2014
54440175,676,543,3,80.769,2014
54440186,836,548,4,66.029,2014
54440197,526,384,13,75.475,2014
54440209,1541,1147,18,75.6,2014
54440210,460,345,5,76.087,2014
54440221,333,256,0,76.877,2014
54440232,474,399,3,84.81,2014
54440243,305,255,12,87.541,2014
54440254,155,106,7,72.903,2014
54440276,531,383,11,74.2,2014
54440287,177,112,2,64.407,2014
54440298,397,250,0,62.972,2014
54440300,535,360,1,67.477,2014
54440311,497,379,6,77.465,2014
54440322,1418,1085,9,77.151,2014
54440333,1033,830,20,82.285,2014
54440344,233,193,5,84.979,2014
54440355,897,742,10,83.835,2014
54440366,284,205,5,73.944,2014
54440377,392,307,0,78.316,2014
54440388,314,247,1,78.981,2014
54440399,514,414,4,81.323,2014
54440401,285,260,7,93.684,2014
54450019,1515,1119,19,75.116,2014
54450020,392,271,2,69.643,2014
54450031,453,367,7,82.561,2014
54450042,451,307,4,68.958,2014
54450053,347,260,11,78.098,2014
54450064,1204,841,13,70.93,2014
54450075,2162,1483,16,69.334,2014
54450086,544,390,5,72.61,2014
54450097,602,409,9,69.435,2014
54450143,330,201,5,62.424,2014
54450154,336,239,6,72.917,2014
54450165,167,82,3,50.898,2014
54450176,226,158,6,72.566,2014
54450187,2772,2373,27,86.58,2014
54450198,115,68,1,60.0,2014
54450200,91,73,0,80.22,2014
54450211,2067,1564,31,77.165,2014
54450222,301,256,3,86.047,2014
54460010,265,168,3,64.528,2014
54460021,214,161,2,76.168,2014
54460032,153,112,3,75.163,2014
54460043,369,299,11,84.011,2014
54460076,188,101,2,54.787,2014
54460087,177,139,7,82.486,2014
54470011,188,85,4,47.34,2014
54470044,380,211,9,57.895,2014
54470055,159,91,0,57.233,2014
54470077,412,266,4,65.534,2014
54470088,2222,1660,19,75.563,2014
54470099,1218,758,15,63.465,2014
54470112,1793,934,14,52.872,2014
54470134,381,297,3,78.74,2014
54470145,228,160,9,74.123,2014
54470156,1197,986,13,83.459,2014
54470167,463,324,6,71.274,2014
54470178,497,402,7,82.294,2014
54470189,477,424,14,91.824,2014
54470190,498,400,3,80.924,2014
54470202,384,312,6,82.812,2014
54470213,576,597,8,105.035,2014
54490013,2218,1557,20,71.1,2014
54490024,998,577,6,58.417,2014
54490035,1073,594,4,55.732,2014
54490046,1050,796,13,77.048,2014
54490057,1529,1253,25,83.584,2014
54490068,739,598,7,81.867,2014
54490079,557,525,10,96.05,2014
54490080,457,475,4,104.814,2014
54490091,260,231,5,90.769,2014
54500015,1947,1378,9,71.238,2014
54500026,489,414,3,85.276,2014
54500037,584,428,1,73.459,2014
54530018,1853,1249,24,68.699,2014
54530029,2385,1776,43,76.268,2014
54530030,2391,1586,23,67.294,2014
54530041,1389,1155,9,83.801,2014
54530052,2753,2151,28,79.15,2014
54540019,1512,985,23,66.667,2014
54540020,1801,837,15,47.307,2014
54540031,1156,922,20,81.488,2014
54540042,1692,1139,19,68.44,2014
54540053,1177,802,19,69.754,2014
54540064,1628,890,13,55.467,2014
54540075,2438,1280,16,53.158,2014
54540086,1460,858,21,60.205,2014
54540097,2306,1371,69,62.446,2014
54540109,1293,918,18,72.39,2014
54540110,1151,728,6,63.771,2014
54540121,2223,1478,32,67.926,2014
54540132,2544,1589,19,63.208,2014
54540143,1813,1278,12,71.153,2014
54540154,2957,1915,43,66.216,2014
54540165,1916,1602,20,84.656,2014
54540176,236,51,3,22.881,2014
54540187,1472,972,15,67.052,2014
54540198,1241,713,29,59.79,2014
54540200,2111,1172,47,57.745,2014
54540211,1634,983,23,61.567,2014
54540222,1627,1058,14,65.888,2014
54540233,1431,763,92,59.748,2014
54540299,2573,1651,39,65.682,2014
54540301,1280,750,9,59.297,2014
54540312,650,459,6,71.538,2014
54540334,2386,1410,13,59.64,2014
54540356,1390,964,23,71.007,2014
54540367,394,258,5,66.751,2014
54540378,115,76,1,66.957,2014
54540389,1154,677,0,58.666,2014
54540390,2071,1361,26,66.972,2014
54540402,913,606,5,66.922,2014
54540413,295,261,7,90.847,2014
54540424,1098,876,0,79.781,2014
54540435,1464,1070,19,74.385,2014
54540446,1175,915,14,79.064,2014
54540457,669,186,5,28.55,2014
54540468,752,524,11,71.144,2014
54540479,1078,782,12,73.655,2014
54540491,605,505,9,84.959,2014
54540503,285,243,4,86.667,2014
54540514,1068,840,7,79.307,2014
54540536,663,495,10,76.169,2014
54540547,785,657,18,85.987,2014
54540558,943,768,12,82.715,2014
54540569,933,865,19,94.748,2014
54540570,948,731,14,78.586,2014
54540581,642,580,3,90.81,2014
54540592,914,670,3,73.632,2014
54540604,323,278,4,87.307,2014
54540615,524,472,0,90.076,2014
54540626,429,282,4,66.667,2014
54540637,555,408,4,74.234,2014
54540648,1051,826,16,80.114,2014
54540659,709,581,14,83.921,2014
54540660,815,669,15,83.926,2014
54540671,970,709,10,74.124,2014
54540682,586,390,7,67.747,2014
54540693,789,707,14,91.381,2014
54540705,1630,1296,19,80.675,2014
54540716,1363,1038,20,77.623,2014
54540727,681,536,0,78.708,2014
54540738,581,420,5,73.15,2014
54540749,935,769,12,83.529,2014
54540750,734,598,8,82.561,2014
54540761,1099,809,19,75.341,2014
54540772,954,715,5,75.472,2014
54540783,553,504,8,92.586,2014
54540794,671,603,0,89.866,2014
54540806,1535,1361,22,90.098,2014
54540817,662,604,10,92.749,2014
54540828,197,200,6,104.569,2014
54540839,767,750,8,98.827,2014
54540840,623,492,56,87.961,2014
54540862,481,412,10,87.734,2014
54540873,229,132,4,59.389,2014
54540884,534,499,8,94.944,2014
54540895,776,716,14,94.072,2014
54540907,539,508,6,95.362,2014
54540918,594,530,3,89.731,2014
54540929,441,473,0,107.256,2014
54550010,1211,800,4,66.391,2014
54550021,1177,861,12,74.172,2014
54550032,1109,947,10,86.294,2014
54570012,1661,654,13,40.157,2014
54570034,1184,555,8,47.551,2014
54570045,912,397,10,44.627,2014
54570056,624,295,5,48.077,2014
54570067,1282,605,8,47.816,2014
54570078,1524,891,11,59.186,2014
54570089,1132,625,7,55.83,2014
54570090,858,405,9,48.252,2014
54570102,855,546,4,64.327,2014
54570113,992,523,9,53.629,2014
54570124,1161,684,14,60.121,2014
54570135,2014,1179,23,59.682,2014
54570146,1101,581,7,53.406,2014
54570168,483,294,3,61.491,2014
54570179,1471,650,12,45.003,2014
54570180,931,591,7,64.232,2014
54570191,1062,620,7,59.04,2014
54570203,580,309,4,53.966,2014
54570214,949,510,1,53.846,2014
54570225,1235,713,6,58.219,2014
54570236,1387,848,14,62.149,2014
54570247,1198,669,13,56.928,2014
54570258,1404,787,7,56.553,2014
54570269,1033,538,5,52.565,2014
54570270,977,628,5,64.79,2014
54570281,1021,467,11,46.817,2014
54570292,775,424,2,54.968,2014
54570304,549,282,4,52.095,2014
54570315,747,401,8,54.752,2014
54570326,1565,887,12,57.444,2014
54570337,299,186,4,63.545,2014
54570348,321,202,0,62.928,2014
54570359,1026,735,5,72.125,2014
54570360,660,489,12,75.909,2014
54570371,755,463,0,61.325,2014
54570393,271,224,2,83.395,2014
54570405,620,553,7,90.323,2014
54570416,315,267,8,87.302,2014
54570427,432,280,1,65.046,2014
54570438,398,340,6,86.935,2014
54580013,1200,674,11,57.083,2014
54580035,2273,1483,24,66.3,2014
54580046,1649,795,15,49.121,2014
54580057,1324,668,17,51.737,2014
54580068,1639,974,9,59.976,2014
54580079,1862,1057,11,57.358,2014
54580080,1768,1072,13,61.369,2014
54580091,1461,899,12,62.355,2014
54580103,900,596,10,67.333,2014
54580114,440,270,8,63.182,2014
54580125,851,440,4,52.174,2014
54580136,1522,937,11,62.286,2014
54580158,1304,858,21,67.408,2014
54580169,1293,850,10,66.512,2014
54580181,399,269,3,68.17,2014
54580192,1349,699,7,52.335,2014
54580204,1115,682,20,62.96,2014
54580215,1038,706,5,68.497,2014
54580226,119,65,3,57.143,2014
54580237,952,597,4,63.13,2014
54580248,770,547,9,72.208,2014
54580259,679,510,10,76.583,2014
54580260,1043,741,0,71.045,2014
54580271,1017,699,13,70.01,2014
54580282,555,456,5,83.063,2014
54580293,461,397,15,89.371,2014
54580305,479,350,4,73.904,2014
54580316,550,416,20,79.273,2014
54590014,1538,941,1,61.248,2014
54590025,1740,1175,18,68.563,2014
54590036,1819,1170,16,65.201,2014
54590047,1577,1038,16,66.836,2014
54590058,2208,1472,31,68.071,2014
54590069,1391,1005,4,72.538,2014
54590070,1606,1084,10,68.12,2014
54590081,1212,738,15,62.129,2014
54590092,1915,1101,14,58.225,2014
54590104,1168,800,10,69.349,2014
54590115,1712,1104,22,65.771,2014
54590126,1628,1109,17,69.165,2014
54590137,1541,1026,12,67.359,2014
54590148,1465,948,20,66.075,2014
54590159,1606,1089,16,68.804,2014
54590160,1425,876,41,64.351,2014
54590171,2208,1465,31,67.754,2014
54590182,1757,1258,25,73.022,2014
54590193,1518,957,18,64.229,2014
54590205,1924,1298,18,68.399,2014
54590216,1521,756,5,50.033,2014
54590227,1597,1098,11,69.443,2014
54590238,1960,1314,24,68.265,2014
54590250,864,586,7,68.634,2014
54590261,1188,781,15,67.003,2014
54590272,1345,948,4,70.781,2014
54590283,1065,730,10,69.484,2014
54590294,440,321,5,74.091,2014
54590306,1445,846,19,59.862,2014
54590317,1058,661,9,63.327,2014
54590328,905,530,13,60.0,2014
54590339,687,501,5,73.654,2014
54590340,1944,1394,15,72.479,2014
54590351,970,698,4,72.371,2014
54590362,978,727,14,75.767,2014
54590373,251,138,5,56.972,2014
54590384,1042,738,8,71.593,2014
54590395,513,367,11,73.684,2014
54590407,552,457,7,84.058,2014
54590418,684,498,14,74.854,2014
54590429,1071,812,6,76.377,2014
54590430,1040,746,17,73.365,2014
54590441,720,569,11,80.556,2014
54590452,906,736,5,81.788,2014
54590463,573,517,5,91.099,2014
54590474,343,293,4,86.589,2014
54590485,563,501,9,90.586,2014
54590496,419,380,6,92.124,2014
54590508,695,768,13,112.374,2014
54590519,579,545,9,95.682,2014
54600016,1545,1128,1,73.074,2014
54600027,2563,2010,4,78.58,2014
54600038,3322,2343,23,71.222,2014
54600049,2045,1590,4,77.946,2014
54600050,1869,1409,15,76.19,2014
54600061,3168,2270,27,72.506,2014
54600072,3203,2275,28,71.901,2014
54600083,2483,1631,18,66.412,2014
54600094,2447,1538,20,63.67,2014
54600106,3037,2202,20,73.164,2014
54600117,1069,591,10,56.221,2014
54600128,2250,1631,16,73.2,2014
54600139,2122,1453,26,69.698,2014
54600140,4138,2908,10,70.517,2014
54600151,2363,1774,8,75.413,2014
54600162,2729,1618,9,59.619,2014
54600173,2413,1762,6,73.27,2014
54600184,2458,1647,40,68.633,2014
54600195,3077,1975,19,64.803,2014
54600207,3713,2973,31,80.905,2014
54600218,2084,1471,18,71.449,2014
54600229,2195,1798,13,82.506,2014
54600230,1318,1118,1,84.901,2014
54600241,1287,1139,16,89.744,2014
54600252,4564,3812,43,84.465,2014
54600263,1034,1011,9,98.646,2014
54600274,777,722,2,93.179,2014
54600285,902,820,5,91.463,2014
54600296,649,683,3,105.701,2014
54600308,696,692,6,100.287,2014
54600319,1570,1442,14,92.739,2014
54600320,1159,1146,4,99.223,2014
54610028,2054,1317,29,65.531,2014
54610039,1984,1075,22,55.292,2014
54610040,2163,1309,17,61.304,2014
54610051,1748,1090,19,63.444,2014
54610062,1676,1025,7,61.575,2014
54610073,1716,1075,19,63.753,2014
54610084,2123,1387,25,66.51,2014
54610095,914,633,13,70.678,2014
54610107,2147,881,17,41.826,2014
54610118,1873,912,21,49.813,2014
54610129,1294,781,17,61.669,2014
54610141,1890,1333,10,71.058,2014
54610152,1510,988,20,66.755,2014
54610163,1938,1103,14,57.637,2014
54610174,1513,805,15,54.197,2014
54610185,1725,1103,26,65.449,2014
54610196,1150,674,19,60.261,2014
54610208,1086,759,3,70.166,2014
54610219,2109,1502,19,72.119,2014
54610220,100,23,2,25.0,2014
54610231,2000,1335,31,68.3,2014
54610242,1486,945,31,65.68,2014
54610253,2012,1378,28,69.881,2014
54610264,1623,1119,25,70.487,2014
54610275,1620,1030,81,68.58,2014
54610286,1129,878,16,79.185,2014
54610309,815,600,10,74.847,2014
54610310,798,530,8,67.419,2014
54610321,1131,1225,12,109.372,2014
54610332,681,536,7,79.736,2014
54610343,845,693,10,83.195,2014
54610354,622,487,5,79.1,2014
54610365,554,469,0,84.657,2014
54610376,1040,825,16,80.865,2014
54610400,285,346,4,122.807,2014
54610411,1338,1053,22,80.344,2014
54610422,946,741,11,79.493,2014
54610433,463,429,5,93.737,2014
54610444,1116,870,13,79.122,2014
54610455,283,263,6,95.053,2014
54610466,640,503,2,78.906,2014
54610477,634,503,7,80.442,2014
54610488,625,539,7,87.36,2014
54610499,1414,997,16,71.641,2014
54610501,624,504,10,82.372,2014
54610512,632,447,13,72.785,2014
54610523,386,377,6,99.223,2014
54610534,93,71,1,77.419,2014
54610545,542,428,5,79.889,2014
54610556,652,581,14,91.258,2014
54610567,222,261,5,119.82,2014
54610578,321,301,4,95.016,2014
54610589,505,568,10,114.455,2014
54620423,847,538,9,64.581,2014
54630019,3272,2195,39,68.276,2014
54630020,2728,1462,421,69.025,2014
54630031,2995,1933,28,65.476,2014
54630042,2009,1537,18,77.402,2014
54630053,2315,1617,0,69.849,2014
54630064,1444,924,23,65.582,2014
54630075,308,181,0,58.766,2014
54640010,1727,1233,10,71.975,2014
54640021,727,477,1,65.75,2014
54640032,1060,873,12,83.491,2014
54650011,3993,2817,6,70.699,2014
54650022,2661,1751,5,65.99,2014
54650033,3304,2417,8,73.396,2014
54650044,5067,3164,45,63.331,2014
54650055,2726,2043,36,76.266,2014
54650066,2190,1615,4,73.927,2014
54650077,1969,1559,6,79.482,2014
54650088,2247,1583,38,72.141,2014
54650099,3123,1971,9,63.401,2014
54650101,2922,1903,7,65.366,2014
54650112,2132,1284,7,60.553,2014
54650123,5846,4477,21,76.941,2014
54650145,2525,1749,65,71.842,2014
54650156,3350,2443,2,72.985,2014
54650167,2235,1689,23,76.6,2014
54650178,2456,1537,24,63.559,2014
54650189,1724,1550,15,90.777,2014
54650190,2446,1702,22,70.482,2014
54650202,2332,1564,16,67.753,2014
54650213,1813,1263,17,70.601,2014
54650224,2743,1970,28,72.84,2014
54650235,2377,1391,27,59.655,2014
54650246,3585,2487,0,69.372,2014
54650257,2689,1745,19,65.601,2014
54650268,2230,1622,29,74.036,2014
54650279,1455,1014,13,70.584,2014
54650280,1493,985,32,68.118,2014
54650291,2431,1370,16,57.014,2014
54650303,2263,1265,24,56.96,2014
54650314,1469,808,10,55.684,2014
54650336,2719,1647,29,61.64,2014
54650347,2897,1686,18,58.819,2014
54650358,1660,1293,12,78.614,2014
54650369,2118,1714,9,81.35,2014
54650370,1443,1529,37,108.524,2014
54650381,3710,4284,20,116.011,2014
54650392,2297,1792,16,78.711,2014
54650404,554,713,2,129.061,2014
54650415,1925,1284,20,67.74,2014
54650426,2914,1583,35,55.525,2014
54650437,1685,1368,19,82.315,2014
54650448,3097,2461,62,81.466,2014
54650459,1364,1215,33,91.496,2014
54650460,377,387,8,104.775,2014
54650471,1243,1031,9,83.669,2014
54650482,2864,1885,30,66.865,2014
54650493,490,428,6,88.571,2014
54650505,1382,1176,6,85.528,2014
54650516,1986,1763,8,89.174,2014
54650527,2022,1955,29,98.121,2014
54650538,246,205,1,83.74,2014
54650549,1494,1001,21,68.407,2014
54650550,418,339,3,81.818,2014
54650561,936,920,20,100.427,2014
54650572,464,823,18,181.25,2014
54650583,1369,1218,10,89.701,2014
54650594,1976,1414,11,72.115,2014
54650606,454,349,2,77.313,2014
54650617,2793,1871,21,67.741,2014
54650628,2672,1574,20,59.656,2014
54650639,834,840,0,100.719,2014
54650640,562,667,9,120.285,2014
54650651,773,826,2,107.115,2014
54650662,1404,1454,8,104.131,2014
54650673,700,893,9,128.857,2014
54650684,892,1005,2,112.892,2014
54650695,378,493,2,130.952,2014
54650718,728,693,24,98.489,2014
54650729,370,401,1,108.649,2014
54650730,441,474,7,109.07,2014
54650741,416,665,1,160.096,2014
54650752,526,677,5,129.658,2014
54650763,2208,1671,21,76.63,2014
54650774,746,866,7,117.024,2014
54660012,808,539,17,68.812,2014
54660023,258,149,2,58.527,2014
54660034,116,91,0,78.448,2014
54660045,127,59,0,46.457,2014
54660056,247,127,0,51.417,2014
54660067,1191,936,3,78.841,2014
54660078,190,123,9,69.474,2014
54660089,201,102,1,51.244,2014
54660090,187,111,0,59.358,2014
54660102,513,343,3,67.446,2014
54660113,347,282,2,81.844,2014
54660124,196,133,2,68.878,2014
54660135,91,60,3,69.231,2014
54660146,109,89,5,86.239,2014
54660157,212,97,1,46.226,2014
54660168,219,167,5,78.539,2014
54660179,305,271,4,90.164,2014
54660180,137,111,3,83.212,2014
54660191,236,261,7,113.559,2014
54660203,170,168,2,100.0,2014
54660214,49,71,1,146.939,2014
54680025,2227,1204,21,55.007,2014
54680036,589,348,8,60.441,2014
54680058,1238,533,1,43.134,2014
54680069,829,532,12,65.621,2014
54680070,2954,1891,40,65.369,2014
54680081,2344,1597,20,68.985,2014
54680092,637,473,1,74.411,2014
54680104,276,178,3,65.58,2014
54680115,379,216,4,58.047,2014
54680126,605,293,1,48.595,2014
54680148,1730,1358,37,80.636,2014
54680159,1005,532,18,54.726,2014
54680160,214,143,4,68.692,2014
54680171,519,366,5,71.484,2014
54680238,1532,1224,5,80.222,2014
54680249,203,147,6,75.369,2014
54680261,3689,3145,60,86.88,2014
54680272,1726,1434,11,83.72,2014
54680283,179,160,5,92.179,2014
54680294,768,504,8,66.667,2014
54680306,559,478,3,86.047,2014
54680317,614,490,12,81.759,2014
54680328,606,717,3,118.812,2014
54680339,330,302,3,92.424,2014
54680340,234,190,0,81.197,2014
54680395,529,515,3,97.921,2014
54680407,384,323,10,86.719,2014
54680418,47,25,1,55.319,2014
54680429,672,632,14,96.131,2014
54680430,998,1033,9,104.409,2014
54690015,106,77,0,72.642,2014
54690026,198,61,1,31.313,2014
54690037,365,261,1,71.781,2014
54690048,289,223,2,77.855,2014
54700017,607,486,1,80.231,2014
54700028,644,553,4,86.491,2014
54700039,337,231,4,69.733,2014
54700051,2508,1909,32,77.392,2014
54700062,205,84,3,42.439,2014
54700073,811,515,4,63.995,2014
54700084,1085,562,9,52.627,2014
54700095,1456,798,25,56.525,2014
54700118,821,885,13,109.379,2014
54700129,375,277,3,74.667,2014
54720019,2992,1881,7,63.102,2014
54720020,2279,1591,14,70.426,2014
54720031,1527,1066,6,70.203,2014
54720042,2060,1558,12,76.214,2014
54720053,1427,1106,12,78.346,2014
54720064,1815,1345,15,74.931,2014
54720075,787,536,4,68.615,2014
54720086,2452,1955,19,80.506,2014
54720097,2620,2021,33,78.397,2014
54720109,1154,1055,4,91.768,2014
54720110,642,587,2,91.745,2014
54720121,1092,1368,11,126.282,2014
54720132,357,295,1,82.913,2014
54730010,2187,1486,24,69.044,2014
54740011,2125,1475,3,69.553,2014
54740022,1564,1267,3,81.202,2014
54740033,2372,1840,22,78.499,2014
54740044,2037,1482,6,73.049,2014
54740055,1717,1218,22,72.219,2014
54740066,1974,1460,15,74.721,2014
54740077,3242,2138,24,66.687,2014
54740088,1799,1194,14,67.148,2014
54740099,2047,1518,23,75.281,2014
54740101,957,875,15,92.999,2014
54740112,283,145,0,51.237,2014
54740123,1379,1066,14,78.318,2014
54740134,692,495,11,73.121,2014
54740145,910,687,16,77.253,2014
54740156,926,786,8,85.745,2014
54740167,521,469,2,90.403,2014
54740178,672,697,6,104.613,2014
54740189,727,700,11,97.799,2014
54740190,519,471,4,91.522,2014
54750012,3206,2029,21,63.943,2014
54750023,1468,1136,8,77.929,2014
54750034,1395,1148,9,82.939,2014
54750045,982,774,11,79.939,2014
54750056,1094,1098,13,101.554,2014
54750067,382,356,3,93.979,2014
54750078,492,460,2,93.902,2014
54760013,2696,1823,21,68.398,2014
54760024,2488,1516,13,61.455,2014
54760035,1421,959,3,67.699,2014
54760046,3234,2028,6,62.894,2014
54760057,1655,1052,12,64.29,2014
54760068,731,500,3,68.81,2014
54760079,1497,1074,5,72.077,2014
54760080,1150,836,11,73.652,2014
54760091,1070,814,9,76.916,2014
54760103,1316,1018,14,78.419,2014
54760114,1381,1098,0,79.508,2014
54760125,1410,1325,7,94.468,2014
54770014,2224,1690,15,76.664,2014
54770036,670,650,5,97.761,2014
54770047,302,238,10,82.119,2014
54770058,171,171,0,100.0,2014
54780015,771,603,3,78.599,2014
54790016,2972,1845,13,62.517,2014
54790027,1583,1497,5,94.883,2014
54790038,1792,1391,8,78.069,2014
54790049,2406,1777,19,74.647,2014
54790050,1376,1034,18,76.453,2014
54790061,1315,1132,11,86.92,2014
54790072,1915,1404,7,73.681,2014
54790083,1620,1195,2,73.889,2014
54790094,4553,3422,6,75.291,2014
54790106,1979,1444,22,74.078,2014
54790117,2814,1804,24,64.961,2014
54790139,3743,2718,54,74.058,2014
54790140,2458,1620,16,66.558,2014
54790151,2061,1653,16,80.98,2014
54790162,2009,1304,13,65.555,2014
54790173,1689,1208,14,72.351,2014
54790184,1413,1188,2,84.218,2014
54790195,785,637,5,81.783,2014
54790207,2051,1316,14,64.846,2014
54790218,3250,2000,0,61.538,2014
54790229,1073,775,7,72.88,2014
54790230,2755,2137,12,78.004,2014
54790241,1355,1024,7,76.089,2014
54790252,2119,1576,13,74.988,2014
54790274,2919,2003,10,68.962,2014
54790285,2368,1523,16,64.992,2014
54790296,1647,1335,9,81.603,2014
54790308,1792,1192,10,67.076,2014
54790319,3575,2387,24,67.441,2014
54790320,2254,1665,33,75.333,2014
54790331,2690,1686,11,63.086,2014
54790342,1771,1205,4,68.267,2014
54790353,2056,1531,16,75.243,2014
54790364,981,738,13,76.555,2014
54790375,1724,1395,13,81.671,2014
54790386,2110,1406,14,67.299,2014
54790397,2273,1575,5,69.512,2014
54790409,1000,781,9,79.0,2014
54790410,2156,1467,26,69.249,2014
54790421,2948,2215,10,75.475,2014
54790432,3657,2911,5,79.737,2014
54790443,2723,1963,16,72.677,2014
54790454,1145,936,7,82.358,2014
54790465,2196,1678,30,77.778,2014
54790476,52,40,0,76.923,2014
54790487,904,736,8,82.301,2014
54790498,1736,1449,4,83.698,2014
54790500,703,635,3,90.754,2014
54790511,1178,880,4,75.042,2014
54790522,635,533,9,85.354,2014
54790533,798,671,9,85.213,2014
54790544,1671,1446,14,87.373,2014
54790555,1386,1182,14,86.291,2014
54790566,1116,1064,6,95.878,2014
54790577,1118,1027,7,92.487,2014
54790588,1150,938,12,82.609,2014
54790599,1624,1412,13,87.746,2014
54790601,711,573,10,81.997,2014
54790612,706,608,5,86.827,2014
54790623,1302,1069,2,82.258,2014
54790634,1918,1724,44,92.179,2014
54790645,1188,1064,8,90.236,2014
54790656,1354,1245,7,92.467,2014
54790667,1051,904,1,86.108,2014
54790678,444,449,9,103.153,2014
54790690,451,501,4,111.973,2014
54790702,573,946,3,165.62,2014
54790713,335,448,0,133.731,2014
54790724,307,375,1,122.476,2014
54790735,500,540,12,110.4,2014
54790746,806,777,9,97.519,2014
54790757,501,479,3,96.208,2014
54790768,461,450,8,99.349,2014
54790791,499,521,9,106.212,2014
54790803,612,672,3,110.294,2014
54790814,112,103,2,93.75,2014
54790825,408,544,2,133.824,2014
54790836,624,701,2,112.66,2014
54790847,477,558,5,118.029,2014
54790858,771,850,13,111.933,2014
54790869,382,645,9,171.204,2014
54800018,2319,1387,23,60.802,2014
54800029,3411,2287,22,67.693,2014
54800030,983,701,8,72.126,2014
54800041,603,550,9,92.703,2014
54830011,3554,2623,24,74.479,2014
54830022,3689,2781,0,75.386,2014
54830033,2297,1724,20,75.925,2014
54830044,2604,1971,33,76.959,2014
54830055,2502,1977,15,79.616,2014
54830066,2551,1829,15,72.285,2014
54830077,1416,1360,10,96.751,2014
54830088,2877,2391,35,84.324,2014
54830099,528,647,5,123.485,2014
54830101,578,586,4,102.076,2014
54830112,428,312,3,73.598,2014
54840012,496,276,3,56.25,2014
54840034,351,148,6,43.875,2014
54840045,269,176,5,67.286,2014
54840056,171,86,6,53.801,2014
54840067,638,343,8,55.016,2014
54840078,810,563,17,71.605,2014
54840089,444,263,4,60.135,2014
54840102,205,130,2,64.39,2014
54840113,756,453,6,60.714,2014
54840135,985,788,13,81.32,2014
54840146,1865,1480,9,79.839,2014
54840157,1760,1457,17,83.75,2014
54840179,257,259,4,102.335,2014
54840180,175,140,1,80.571,2014
54840191,160,130,4,83.75,2014
54840203,282,331,7,119.858,2014
54850013,579,281,6,49.568,2014
54850024,233,293,1,126.18,2014
54860014,1055,802,18,77.725,2014
54860036,1040,646,151,76.635,2014
54860058,207,156,2,76.329,2014
54860070,1167,833,9,72.151,2014
54860137,499,263,7,54.108,2014
54860159,153,107,2,71.242,2014
54860193,250,176,2,71.2,2014
54860205,158,118,2,75.949,2014
54860216,119,65,2,56.303,2014
54870015,240,142,4,60.833,2014
54870026,531,350,3,66.478,2014
54870037,988,744,5,75.81,2014
54870048,1032,671,14,66.376,2014
54870059,297,201,1,68.013,2014
54870060,1233,999,11,81.914,2014
54870082,767,551,18,74.185,2014
54870093,328,190,1,58.232,2014
54870105,107,76,1,71.963,2014
54870116,1239,930,4,75.383,2014
54870138,792,309,2,39.268,2014
54870149,764,599,6,79.188,2014
54870161,183,113,2,62.842,2014
54870172,630,442,5,70.952,2014
54870183,2343,1707,15,73.496,2014
54870194,1093,969,14,89.936,2014
54870228,505,336,2,66.931,2014
54870239,130,102,4,81.538,2014
54870240,214,325,1,152.336,2014
54870251,297,328,6,112.458,2014
54870262,1997,1676,12,84.527,2014
54870273,555,568,8,103.784,2014
54870284,483,501,9,105.59,2014
54870295,387,384,4,100.258,2014
54880016,1330,984,23,75.714,2014
54880027,235,148,3,64.255,2014
54880038,1310,993,1,75.878,2014
54880049,1244,908,13,74.035,2014
54880050,1815,1422,29,79.945,2014
54880061,1181,754,6,64.352,2014
54880083,2040,1447,20,71.912,2014
54880094,1997,1741,3,87.331,2014
54880106,1401,938,11,67.737,2014
54880117,1725,1123,24,66.493,2014
54880139,2375,1768,16,75.116,2014
54880162,2049,1344,14,66.276,2014
54880173,552,383,2,69.746,2014
54880184,873,620,9,72.05,2014
54880195,1738,1141,14,66.456,2014
54880207,992,784,10,80.04,2014
54880229,1607,1278,5,79.838,2014
54880230,1633,1111,13,68.83,2014
54880241,1482,966,13,66.059,2014
54880252,758,545,1,72.032,2014
54880263,555,381,4,69.369,2014
54880274,804,608,7,76.493,2014
54880285,2139,1665,9,78.261,2014
54880296,835,543,7,65.868,2014
54880308,1809,1367,18,76.562,2014
54880319,1194,909,30,78.643,2014
54880342,2726,1898,37,70.983,2014
54880364,724,577,7,80.663,2014
54880375,1041,722,7,70.029,2014
54880386,850,590,3,69.765,2014
54880397,1502,1125,9,75.499,2014
54880409,741,538,8,73.684,2014
54880410,1735,1397,31,82.305,2014
54880421,2049,1543,17,76.135,2014
54880432,609,440,7,73.399,2014
54880443,764,545,6,72.12,2014
54880454,872,711,14,83.142,2014
54880465,845,677,5,80.71,2014
54880476,487,434,5,90.144,2014
54880487,1213,937,16,78.566,2014
54880498,782,663,0,84.783,2014
54880500,452,402,1,89.159,2014
54880511,769,615,10,81.274,2014
54880522,387,320,10,85.271,2014
54880533,518,491,3,95.367,2014
54880544,615,557,6,91.545,2014
54880555,476,387,4,82.143,2014
54880566,424,365,4,87.028,2014
54880577,447,386,1,86.577,2014
54880588,321,268,0,83.489,2014
54880599,453,451,3,100.221,2014
54880601,495,385,4,78.586,2014
54880612,566,430,6,77.032,2014
54880623,284,259,0,91.197,2014
54880634,484,365,8,77.066,2014
54880645,497,504,15,104.427,2014
54880656,545,475,36,93.761,2014
54880667,404,373,4,93.317,2014
54880678,382,397,4,104.974,2014
54880689,261,268,6,104.981,2014
54890017,1312,948,8,72.866,2014
54890039,89,74,2,85.393,2014
54890040,357,148,2,42.017,2014
54890051,612,452,1,74.02,2014
54890073,373,178,2,48.257,2014
54890084,762,592,6,78.478,2014
54890095,1065,873,12,83.099,2014
54890118,827,584,20,73.035,2014
54890130,780,565,9,73.59,2014
54890141,1121,729,15,66.369,2014
54890152,1040,773,20,76.25,2014
54890163,1614,1109,9,69.269,2014
54890174,1122,862,19,78.52,2014
54890185,658,413,8,63.982,2014
54890196,1131,801,5,71.264,2014
54890208,1802,1328,13,74.417,2014
54890219,1155,823,9,72.035,2014
54890220,1732,1176,11,68.533,2014
54890231,876,534,7,61.758,2014
54890242,1364,1010,4,74.34,2014
54890253,1132,778,12,69.788,2014
54890264,1493,1114,24,76.222,2014
54890275,1375,1040,17,76.873,2014
54890286,446,298,6,68.161,2014
54890297,631,420,4,67.195,2014
54890309,1288,959,8,75.078,2014
54890310,1426,1054,7,74.404,2014
54890321,1076,845,4,78.903,2014
54890332,1654,1283,12,78.295,2014
54890343,348,235,2,68.103,2014
54890354,481,326,0,67.775,2014
54890365,705,545,3,77.73,2014
54890376,1155,902,20,79.827,2014
54890387,1579,1103,20,71.121,2014
54890398,1584,1120,13,71.528,2014
54890400,1464,1072,22,74.727,2014
54890411,1486,1112,9,75.437,2014
54890422,733,540,5,74.352,2014
54890433,1344,975,19,73.958,2014
54890444,798,603,9,76.692,2014
54890455,1647,1287,11,78.81,2014
54890466,817,621,5,76.622,2014
54890477,1263,927,10,74.188,2014
54890499,754,569,7,76.393,2014
54890501,729,527,7,73.251,2014
54890512,1476,951,21,65.854,2014
54890523,1005,898,7,90.05,2014
54890534,1708,1324,34,79.508,2014
54890556,919,694,1,75.626,2014
54890567,1470,1062,15,73.265,2014
54890578,934,655,13,71.52,2014
54890589,1016,711,13,71.26,2014
54890590,1115,808,13,73.632,2014
54890602,537,403,13,77.467,2014
54890613,757,603,17,81.902,2014
54890624,1621,1129,12,70.389,2014
54890635,938,908,9,97.761,2014
54890646,1005,792,10,79.801,2014
54890657,2066,1517,16,74.201,2014
54890668,752,565,7,76.064,2014
54890679,1344,1020,19,77.307,2014
54890680,1041,698,8,67.819,2014
54890691,916,691,0,75.437,2014
54890703,197,185,2,94.924,2014
54890725,171,122,1,71.93,2014
54890736,480,360,4,75.833,2014
54890747,1078,982,11,92.115,2014
54890758,834,649,11,79.137,2014
54890769,599,471,6,79.633,2014
54890770,669,557,9,84.604,2014
54890781,1212,915,10,76.32,2014
54890792,1724,955,28,57.019,2014
54890804,902,731,19,83.149,2014
54890815,1327,1109,7,84.099,2014
54890826,1422,1123,7,79.466,2014
54890837,708,556,3,78.955,2014
54890848,308,164,3,54.221,2014
54890859,825,764,8,93.576,2014
54890860,464,430,4,93.534,2014
54890871,309,281,6,92.88,2014
54890882,889,707,6,80.202,2014
54890893,476,448,7,95.588,2014
54890905,349,348,5,101.146,2014
54890916,238,281,1,118.487,2014
54890927,396,393,3,100.0,2014
54890938,348,284,10,84.483,2014
54890949,324,253,9,80.864,2014
54890950,282,278,2,99.291,2014
54890961,346,309,3,90.173,2014
54890972,611,558,51,99.673,2014
54890983,299,268,1,89.967,2014
54890994,438,470,6,108.676,2014
54900019,676,444,2,65.976,2014
54900020,2031,1212,32,61.251,2014
54900031,1304,833,31,66.258,2014
54900042,1493,973,17,66.309,2014
54900053,895,536,7,60.67,2014
54900064,1312,874,21,68.216,2014
54900075,273,147,3,54.945,2014
54900086,500,348,15,72.6,2014
54900097,1974,1356,18,69.605,2014
54900109,271,185,6,70.48,2014
54900110,322,107,4,34.472,2014
54900121,295,117,5,41.356,2014
54900132,335,187,1,56.119,2014
54900154,121,71,2,60.331,2014
54900176,328,187,3,57.927,2014
54900187,389,290,6,76.093,2014
54900198,497,396,8,81.288,2014
54910010,895,620,7,70.056,2014
54910054,629,420,5,67.568,2014
54910065,1989,1356,12,68.778,2014
54910076,1962,1434,24,74.312,2014
54910087,1890,1172,13,62.698,2014
54910100,1601,1243,11,78.326,2014
54910111,1412,964,14,69.263,2014
54910144,880,606,10,70.0,2014
54910155,1512,1063,15,71.296,2014
54910177,1558,908,11,58.986,2014
54910188,1153,739,10,64.961,2014
54910212,814,625,10,78.01,2014
54910223,1258,861,8,69.078,2014
54910234,1735,1120,11,65.187,2014
54910245,842,593,1,70.546,2014
54910256,915,699,2,76.612,2014
54910267,1339,878,13,66.542,2014
54910278,1599,1210,7,76.11,2014
54910290,867,626,17,74.164,2014
54910313,1221,947,11,78.46,2014
54910324,848,649,4,77.005,2014
54910335,1618,1175,17,73.671,2014
54910346,1633,1086,15,67.422,2014
54910357,2306,1619,15,70.859,2014
54910368,1267,948,16,76.085,2014
54910379,1575,1093,14,70.286,2014
54910380,1231,1042,13,85.703,2014
54910391,524,401,3,77.099,2014
54910403,1255,870,6,69.801,2014
54910414,1207,850,8,71.085,2014
54910425,1155,917,10,80.26,2014
54910436,1201,838,5,70.192,2014
54910447,1012,693,12,69.664,2014
54910458,1236,795,11,65.21,2014
54910470,1519,1081,6,71.56,2014
54910481,1296,971,14,76.003,2014
54910504,942,683,7,73.248,2014
54910515,1043,806,11,78.332,2014
54910526,1758,1236,12,70.99,2014
54910537,567,342,6,61.376,2014
54910548,1555,1092,13,71.061,2014
54910571,1215,785,9,65.35,2014
54910582,455,214,2,47.473,2014
54910593,1023,698,5,68.719,2014
54910616,2020,1414,14,70.693,2014
54910627,414,344,6,84.541,2014
54910649,658,501,5,76.9,2014
54910650,874,729,4,83.867,2014
54910661,545,437,5,81.101,2014
54910683,330,295,2,90.0,2014
54910694,776,617,12,81.057,2014
54910706,510,453,0,88.824,2014
54910717,332,266,3,81.024,2014
54910728,912,764,5,84.32,2014
54910739,944,832,6,88.771,2014
54910740,982,752,8,77.393,2014
54910751,874,606,8,70.252,2014
54910762,464,482,11,106.25,2014
54910773,689,382,6,56.313,2014
54910784,810,658,2,81.481,2014
54910795,674,500,7,75.223,2014
54910807,287,221,3,78.049,2014
54910818,497,385,6,78.672,2014
54910829,684,588,14,88.012,2014
54910830,1179,1035,18,89.313,2014
54910841,735,575,4,78.776,2014
54910852,504,392,1,77.976,2014
54910863,1086,902,11,84.07,2014
54910874,274,236,2,86.861,2014
54910885,360,494,4,138.333,2014
54910896,774,679,11,89.147,2014
54910908,341,331,3,97.947,2014
54910919,302,213,1,70.861,2014
54910920,258,257,1,100.0,2014
54910931,420,433,3,103.81,2014
54910942,327,281,9,88.685,2014
54910953,425,383,8,92.0,2014
54910964,361,371,3,103.601,2014
54910975,288,266,1,92.708,2014
54910986,418,401,1,96.172,2014
54910997,450,412,6,92.889,2014
54911000,507,576,1,113.807,2014
54911011,260,219,5,86.154,2014
54911022,389,364,2,94.087,2014
54911033,183,141,2,78.142,2014
54911044,335,443,8,134.627,2014
54911055,357,357,9,102.521,2014
54911066,456,499,2,109.868,2014
54911077,341,331,9,99.707,2014
54911088,513,562,10,111.501,2014
54911099,366,490,5,135.246,2014
54911101,237,256,2,108.861,2014
54911112,380,348,4,92.632,2014
54911123,452,525,7,117.699,2014
54911134,659,793,1,120.486,2014
54911145,158,148,0,93.671,2014
54911156,409,432,1,105.868,2014
54911167,159,165,1,104.403,2014
76150010,966,672,3,69.876,2014
76150021,890,569,2,64.157,2014
76150032,2499,1344,19,54.542,2014
76150043,1061,705,9,67.295,2014
76150054,677,330,5,49.483,2014
76150065,1167,765,10,66.41,2014
76150076,1014,637,6,63.412,2014
76150087,714,416,6,59.104,2014
76150098,508,332,2,65.748,2014
76150100,693,387,6,56.71,2014
76150111,880,500,3,57.159,2014
76150122,983,598,5,61.343,2014
76150133,801,477,7,60.424,2014
76150144,436,281,0,64.45,2014
76150155,1156,671,10,58.91,2014
76150166,931,652,14,71.536,2014
76150177,968,646,5,67.252,2014
76150188,1058,544,17,53.025,2014
76150199,1148,476,8,42.16,2014
76150201,657,393,4,60.426,2014
76150212,1753,828,15,48.089,2014
76150223,862,451,8,53.248,2014
76150234,888,544,12,62.613,2014
76150245,1289,687,0,53.297,2014
76150256,1928,1082,13,56.795,2014
76150267,553,281,2,51.175,2014
76150278,1946,1146,19,59.866,2014
76150289,1260,794,18,64.444,2014
76150290,899,612,11,69.299,2014
76150302,1087,646,11,60.442,2014
76150313,543,285,8,53.959,2014
76150324,1555,750,21,49.582,2014
76150335,1061,561,10,53.817,2014
76150346,918,700,0,76.253,2014
76150357,789,521,6,66.793,2014
76150368,530,269,8,52.264,2014
76150379,766,440,7,58.355,2014
76150380,2049,1180,19,58.516,2014
76150391,1630,879,15,54.847,2014
76150403,585,368,5,63.761,2014
76150414,1763,1047,9,59.898,2014
76150425,1256,851,16,69.029,2014
76150436,1356,717,11,53.687,2014
76150447,1310,792,16,61.679,2014
76150458,988,663,5,67.611,2014
76150469,1095,607,3,55.708,2014
76150470,2144,1363,14,64.226,2014
76150481,1116,639,10,58.154,2014
76150492,1927,1142,4,59.471,2014
76150504,917,547,7,60.414,2014
76150515,756,378,11,51.455,2014
76150526,942,489,2,52.123,2014
76150537,695,415,2,60.0,2014
76150548,1177,758,4,64.741,2014
76150559,825,494,8,60.848,2014
76150560,1203,706,15,59.933,2014
76150571,418,244,2,58.852,2014
76150582,794,568,9,72.67,2014
76150593,1043,526,10,51.39,2014
76150605,708,531,7,75.989,2014
76150616,1005,629,11,63.682,2014
76150627,1330,548,4,41.504,2014
76150649,504,312,7,63.294,2014
76150650,1301,887,7,68.716,2014
76150661,1034,716,11,70.309,2014
76150672,977,660,14,68.987,2014
76150683,523,330,5,64.054,2014
76150694,573,431,4,75.916,2014
76150706,273,179,0,65.568,2014
76150717,550,453,7,83.636,2014
76150728,284,245,2,86.972,2014
76150739,380,270,4,72.105,2014
76150740,720,637,10,89.861,2014
76150751,370,301,4,82.432,2014
76150762,318,238,0,74.843,2014
76150773,315,216,5,70.159,2014
76150784,295,220,5,76.271,2014
76150807,444,337,1,76.126,2014
76150818,608,462,4,76.645,2014
76150829,511,571,3,112.329,2014
76150830,535,471,4,88.785,2014
76150841,355,293,13,86.197,2014
76150852,443,375,3,85.327,2014
76150863,391,308,1,79.028,2014
76150874,220,147,1,67.273,2014
76150885,184,159,2,87.5,2014
76160011,1303,745,21,58.787,2014
76160022,864,530,8,62.269,2014
76160033,376,248,5,67.287,2014
76160044,1122,756,28,69.875,2014
76160055,1391,704,76,56.075,2014
76160066,1200,658,14,56.0,2014
76160077,1329,726,16,55.831,2014
76160088,603,351,6,59.204,2014
76160099,1329,854,26,66.215,2014
76160101,1366,713,25,54.026,2014
76160112,541,312,7,58.965,2014
76160123,1877,1068,16,57.752,2014
76160134,640,314,13,51.094,2014
76160145,907,407,4,45.314,2014
76160156,673,454,7,68.499,2014
76160167,1139,704,21,63.652,2014
76160178,1182,753,20,65.398,2014
76160189,1000,547,14,56.1,2014
76160190,1180,630,19,55.0,2014
76160202,1852,973,18,53.51,2014
76160213,929,518,57,61.895,2014
76160224,2049,1002,22,49.976,2014
76160235,1008,628,18,64.087,2014
76160246,1661,904,15,55.328,2014
76160257,298,184,4,63.087,2014
76160268,687,380,13,57.205,2014
76160279,1759,988,34,58.101,2014
76160280,946,645,12,69.45,2014
76160291,800,504,0,63.0,2014
76160303,739,440,2,59.811,2014
76160314,977,587,10,61.105,2014
76160325,589,380,7,65.705,2014
76160336,562,334,6,60.498,2014
76160358,1330,757,16,58.12,2014
76160369,793,504,14,65.322,2014
76160370,1091,612,33,59.12,2014
76160381,994,627,11,64.185,2014
76160392,846,522,6,62.411,2014
76160404,562,366,7,66.37,2014
76160415,1375,824,23,61.6,2014
76160426,1788,1262,20,71.7,2014
76160437,1697,880,17,52.858,2014
76160448,451,252,4,56.763,2014
76160459,1703,1038,17,61.95,2014
76160460,1280,659,10,52.266,2014
76160471,1110,666,13,61.171,2014
76160482,1452,920,25,65.083,2014
76160493,653,360,12,56.968,2014
76160505,723,419,16,60.166,2014
76160516,825,499,8,61.455,2014
76160527,654,400,2,61.468,2014
76160549,975,581,18,61.436,2014
76160550,1228,730,16,60.749,2014
76160561,713,393,5,55.82,2014
76160572,846,519,17,63.357,2014
76160583,949,579,4,61.433,2014
76160606,503,319,4,64.215,2014
76160628,1004,557,15,56.972,2014
76160639,1471,930,17,64.378,2014
76160640,1285,717,10,56.576,2014
76160651,660,414,9,64.091,2014
76160662,1225,680,14,56.653,2014
76160673,407,257,2,63.636,2014
76160684,1360,949,14,70.809,2014
76160695,216,156,1,72.685,2014
76160707,329,226,3,69.605,2014
76160718,955,614,2,64.503,2014
76160729,242,154,5,65.702,2014
76160730,849,433,8,51.943,2014
76160763,929,597,6,64.909,2014
76160774,909,476,11,53.575,2014
76160808,617,420,8,69.368,2014
76160820,1158,711,14,62.608,2014
76160831,925,525,11,57.946,2014
76160842,441,386,6,88.889,2014
76160853,727,734,18,103.439,2014
76160875,637,533,20,86.813,2014
76160886,254,255,10,104.331,2014
76160897,460,354,8,78.696,2014
76160909,463,386,27,89.201,2014
76160910,296,261,3,89.189,2014
76160921,109,107,2,100.0,2014
76160932,383,312,14,85.117,2014
76160943,743,571,13,78.6,2014
76160954,361,326,1,90.582,2014
76160965,520,390,3,75.577,2014
76160976,322,217,2,68.012,2014
76160987,415,277,12,69.639,2014
76160998,472,363,2,77.331,2014
76161001,677,456,21,70.458,2014
76161012,287,212,15,79.094,2014
76161023,377,207,3,55.703,2014
76161034,377,230,83,83.024,2014
76161045,209,227,4,110.526,2014
76161056,369,282,3,77.236,2014
76170012,1461,955,21,66.804,2014
76170023,1699,1123,24,67.51,2014
76170034,501,292,6,59.481,2014
76170045,1005,654,1,65.174,2014
76170056,1008,704,6,70.437,2014
76170067,545,336,1,61.835,2014
76170078,345,226,1,65.797,2014
76170089,2506,1352,7,54.23,2014
76170090,1132,706,10,63.251,2014
76170102,1345,847,13,63.941,2014
76170113,810,535,6,66.79,2014
76170124,1107,637,10,58.446,2014
76170135,1149,794,8,69.8,2014
76170146,1030,478,5,46.893,2014
76170157,1657,1118,9,68.014,2014
76170168,2626,1662,40,64.813,2014
76170179,1886,1127,14,60.498,2014
76170180,1126,712,14,64.476,2014
76170191,1149,657,5,57.615,2014
76170203,1010,619,13,62.574,2014
76170214,1389,952,20,69.978,2014
76170225,651,399,4,61.905,2014
76170236,1018,609,7,60.511,2014
76170247,1116,672,5,60.663,2014
76170258,2799,1810,24,65.523,2014
76170269,1268,898,15,72.003,2014
76170270,1263,675,5,53.84,2014
76170281,769,536,4,70.221,2014
76170292,632,436,1,69.146,2014
76170304,388,237,6,62.629,2014
76170315,861,588,5,68.873,2014
76170326,868,477,2,55.184,2014
76170337,1255,835,9,67.251,2014
76170348,1257,863,14,69.769,2014
76170359,1005,656,7,65.97,2014
76170360,1464,1034,23,72.199,2014
76170371,2475,1395,23,57.293,2014
76170382,1301,824,9,64.028,2014
76170393,1412,846,9,60.552,2014
76170405,817,485,4,59.853,2014
76170416,938,547,0,58.316,2014
76170427,422,183,4,44.313,2014
76170438,610,411,3,67.869,2014
76170449,851,524,3,61.927,2014
76170450,771,480,11,63.684,2014
76170461,1952,1192,7,61.424,2014
76170472,1415,903,15,64.876,2014
76170483,1771,1064,4,60.305,2014
76170494,2027,1133,28,57.277,2014
76170506,1074,647,2,60.428,2014
76170539,951,733,6,77.708,2014
76170540,1285,891,24,71.206,2014
76170551,455,311,6,69.67,2014
76170562,1168,938,4,80.651,2014
76170573,182,121,2,67.582,2014
76170584,655,402,3,61.832,2014
76170595,613,474,1,77.488,2014
76170607,778,583,0,74.936,2014
76170618,760,605,12,81.184,2014
76170629,298,238,2,80.537,2014
76170630,302,185,2,61.921,2014
76170641,379,285,3,75.989,2014
76170652,391,280,4,72.634,2014
76170663,307,238,7,79.805,2014
76170674,280,198,15,76.071,2014
76170685,931,808,7,87.54,2014
76170696,361,326,4,91.413,2014
76170708,331,293,3,89.426,2014
76170719,307,235,5,78.176,2014
76170720,411,296,3,72.749,2014
76170731,374,285,5,77.54,2014
76170742,1260,1065,15,85.714,2014
76170753,290,194,10,70.345,2014
76290914,299,80,0,26.756,2014
54680452,1454,1463,26,102.407,2019
54680463,248,222,11,93.952,2019
54680474,313,293,2,94.249,2019
54680485,360,514,11,145.833,2019
54490013,1971,1349,13,69.102,2019
54490024,871,514,1,59.127,2019
54490035,911,527,10,58.946,2019
54490046,1066,726,16,69.606,2019
54490057,2533,1744,84,72.167,2019
54490068,685,489,3,71.825,2019
54490080,614,453,1,73.941,2019
54490091,400,301,4,76.25,2019
54500015,1974,1163,20,59.929,2019
54500026,507,383,1,75.74,2019
54500037,685,388,4,57.226,2019
54550010,1139,716,10,63.74,2019
54550021,1186,781,14,67.032,2019
54550032,1329,940,8,71.332,2019
54640010,1732,1089,11,63.51,2019
54570180,1060,612,3,58.019,2019
54570191,993,507,8,51.863,2019
54570203,609,255,3,42.365,2019
54570214,969,439,3,45.614,2019
54570225,1201,557,5,46.794,2019
54570236,1486,809,16,55.518,2019
54570247,1131,582,6,51.989,2019
54570258,1499,677,3,45.364,2019
54570269,1043,470,8,45.829,2019
54570270,1088,555,7,51.654,2019
54570281,1039,555,6,53.994,2019
54570292,751,337,1,45.007,2019
54570304,488,214,0,43.852,2019
54570315,752,347,4,46.676,2019
54570326,1498,733,12,49.733,2019
54570337,330,163,0,49.394,2019
54570348,375,184,0,49.067,2019
54570359,1195,731,4,61.506,2019
54330106,1565,1005,12,64.984,2019
54330117,2160,1316,16,61.667,2019
54330128,1308,781,8,60.321,2019
54330139,2150,1207,12,56.698,2019
54330140,797,526,4,66.499,2019
54330151,2791,1711,28,62.307,2019
54330162,1884,1154,17,62.155,2019
54330173,734,741,7,101.907,2019
54330184,1283,954,24,76.228,2019
54330195,530,428,5,81.698,2019
54330207,850,573,7,68.235,2019
54330218,741,553,10,75.978,2019
54330229,1070,757,19,72.523,2019
54330230,1511,1065,8,71.013,2019
54330241,510,615,3,121.176,2019
54380033,255,212,1,83.529,2019
54410059,316,214,2,68.354,2019
54450019,1359,810,18,60.927,2019
54450020,375,219,2,58.933,2019
54200056,71,51,0,71.831,2019
54200067,187,116,0,62.032,2019
54200078,680,447,1,65.882,2019
54200089,390,293,2,75.641,2019
54210013,1805,1277,10,71.302,2019
54210024,1515,884,28,60.198,2019
54210035,1076,581,10,54.926,2019
54210046,1915,1121,21,59.634,2019
54210057,1269,696,9,55.556,2019
54210068,804,406,7,51.368,2019
54210079,1588,937,12,59.761,2019
54210080,1355,736,3,54.539,2019
54210091,1645,1061,12,65.228,2019
54210103,1686,877,11,52.669,2019
54210114,1671,1057,13,64.034,2019
54210125,440,288,7,67.045,2019
54210169,514,291,4,57.393,2019
54230228,2502,1739,30,70.703,2019
54230239,571,478,8,85.114,2019
54230240,735,593,3,81.088,2019
54230251,594,484,7,82.66,2019
54290011,1561,1009,11,65.343,2019
54290022,2291,1532,22,67.831,2019
54380022,291,171,1,59.107,2019
54410026,2310,1487,26,65.498,2019
54410037,159,97,1,61.635,2019
54410048,147,156,1,106.803,2019
54410071,255,144,0,56.471,2019
54410082,480,198,5,42.292,2019
54410093,2082,830,9,40.298,2019
54410105,270,192,2,71.852,2019
54410116,690,488,0,70.725,2019
54410127,2052,1257,27,62.573,2019
54410138,337,202,6,61.721,2019
54410150,572,341,3,60.14,2019
54910874,283,209,1,74.205,2019
54910885,452,411,0,90.929,2019
54910896,872,538,28,64.908,2019
54910908,433,315,0,72.748,2019
54910919,351,231,4,66.952,2019
54910920,366,275,4,76.23,2019
54910931,677,507,8,76.071,2019
54910942,436,360,6,83.945,2019
54910953,629,478,10,77.583,2019
54910964,609,572,12,95.895,2019
54910975,378,253,3,67.725,2019
54910986,545,416,12,78.532,2019
54910997,542,423,2,78.413,2019
54911000,678,587,6,87.463,2019
54911011,322,234,2,73.292,2019
54911022,458,322,6,71.616,2019
54911033,253,184,3,73.913,2019
54911044,537,451,2,84.358,2019
54380066,226,168,3,75.664,2019
54380077,231,188,0,81.385,2019
54420038,322,162,6,52.174,2019
54420049,122,93,0,76.23,2019
54420050,354,151,1,42.938,2019
54420072,720,576,1,80.139,2019
54420083,298,198,3,67.45,2019
54420106,2296,1586,0,69.077,2019
54420128,242,50,0,20.661,2019
54420139,2096,1039,0,49.571,2019
54420140,2032,1157,17,57.776,2019
54420151,452,279,4,62.611,2019
54420162,1167,727,16,63.668,2019
54420173,44,53,0,120.455,2019
54420184,756,894,0,118.254,2019
54420195,388,564,4,146.392,2019
54450097,414,320,3,78.019,2019
54190010,1803,987,17,55.685,2019
54190021,2412,1451,25,61.194,2019
54610040,1495,621,37,44.013,2019
54610051,1559,828,7,53.56,2019
54610062,1395,683,14,49.964,2019
54610073,1683,923,17,55.853,2019
54610084,2077,1097,39,54.694,2019
54610095,963,497,18,53.479,2019
54610107,1830,719,31,40.984,2019
54610118,1580,741,16,47.911,2019
54610129,1234,643,9,52.836,2019
54610141,1786,1044,14,59.239,2019
54610152,1531,874,9,57.675,2019
54610163,1834,878,19,48.909,2019
54610174,1347,693,15,52.561,2019
54610185,1644,855,22,53.345,2019
54610196,1024,532,13,53.223,2019
54610208,1178,723,0,61.375,2019
54610219,2155,1300,16,61.067,2019
54120013,190,90,0,47.368,2019
54120024,489,329,4,68.098,2019
54120035,305,186,4,62.295,2019
54120046,834,474,3,57.194,2019
54120057,164,90,0,54.878,2019
54120068,452,296,3,66.15,2019
54120080,816,536,4,66.176,2019
54900097,1356,727,13,54.572,2019
54900109,267,145,3,55.431,2019
54900110,316,110,0,34.81,2019
54900121,285,126,0,44.211,2019
54900132,305,169,3,56.393,2019
54900154,125,100,0,80.0,2019
54900176,345,144,4,42.899,2019
54900187,450,281,5,63.556,2019
54900198,723,430,10,60.858,2019
54900200,585,402,2,69.06,2019
54910010,933,521,9,56.806,2019
54910762,429,413,9,98.368,2019
54750012,2850,1558,18,55.298,2019
54750023,1787,1213,14,68.663,2019
54750034,1425,1082,2,76.07,2019
54750045,1262,901,8,72.029,2019
54750056,1382,952,12,69.754,2019
54750067,413,369,12,92.252,2019
54750078,710,530,10,76.056,2019
54410161,700,488,4,70.286,2019
54410194,1738,1162,14,67.664,2019
54410217,677,274,2,40.768,2019
54410239,187,150,1,80.749,2019
54410240,105,66,0,62.857,2019
54410251,164,112,2,69.512,2019
54410262,400,311,6,79.25,2019
54410273,93,77,2,84.946,2019
54410284,452,262,9,59.956,2019
54410318,1542,1134,12,74.319,2019
54410330,307,244,8,82.085,2019
54410341,93,81,3,90.323,2019
54410352,129,114,1,89.147,2019
54410363,563,326,10,59.68,2019
54410374,203,155,2,77.34,2019
54410385,136,103,3,77.941,2019
54410396,129,92,5,75.194,2019
54410408,155,126,1,81.935,2019
54360019,1458,839,0,57.545,2019
54360020,319,216,2,68.339,2019
54360031,433,214,7,51.039,2019
54360042,269,188,1,70.26,2019
54360053,580,329,1,56.897,2019
54360064,1477,888,6,60.528,2019
54360075,660,357,6,55.0,2019
54360086,1137,641,19,58.047,2019
54360097,1617,960,22,60.73,2019
54360109,538,316,3,59.294,2019
54360110,1157,680,19,60.415,2019
54360121,97,67,3,72.165,2019
54410060,122,66,0,54.098,2019
54460010,257,140,5,56.42,2019
54460021,187,110,2,59.893,2019
54460032,183,124,0,67.76,2019
54460043,358,231,6,66.201,2019
54590182,1746,975,13,56.586,2019
54590193,1394,731,14,53.443,2019
54590205,1982,1177,9,59.839,2019
54590216,1349,654,10,49.222,2019
54590227,1885,937,12,50.345,2019
54590238,1848,971,12,53.193,2019
54590250,1073,595,6,56.011,2019
54590261,1053,597,5,57.17,2019
54590272,1406,832,5,59.531,2019
54590283,1021,543,8,53.967,2019
54590294,443,248,5,57.111,2019
54590306,1410,681,5,48.652,2019
54590328,1108,539,14,49.91,2019
54590339,733,405,5,55.935,2019
54590340,1936,1177,20,61.829,2019
54590351,1185,798,4,67.679,2019
54590362,979,517,27,55.567,2019
54590373,287,118,1,41.463,2019
54390045,324,223,3,69.753,2019
54390056,227,155,1,68.722,2019
54390067,249,206,5,84.739,2019
54410015,232,132,0,56.897,2019
54410149,279,192,1,69.176,2019
54410206,510,289,4,57.451,2019
54410228,152,91,3,61.842,2019
54150016,2631,1641,12,62.828,2019
54150027,1427,819,8,57.954,2019
54150038,604,468,4,78.146,2019
54170018,772,429,9,56.736,2019
54170029,952,621,14,66.702,2019
54180019,2185,1222,16,56.659,2019
54180020,470,296,9,64.894,2019
54230015,1871,1422,5,76.269,2019
54230026,1706,843,14,50.234,2019
54230037,1594,1081,7,68.256,2019
54230048,1098,737,3,67.395,2019
54220317,538,368,4,69.145,2019
54220328,718,490,5,68.942,2019
54220339,566,348,6,62.544,2019
54220340,568,301,2,53.345,2019
54220351,366,165,5,46.448,2019
54220362,589,390,2,66.553,2019
54220373,214,156,4,74.766,2019
54220384,525,362,0,68.952,2019
54220395,686,477,5,70.262,2019
54220407,721,538,5,75.312,2019
54220418,400,299,7,76.5,2019
54220430,674,476,10,72.107,2019
54220441,163,143,2,88.957,2019
54390012,140,59,1,42.857,2019
54390023,208,151,1,73.077,2019
54390034,462,315,1,68.398,2019
54890624,1508,930,10,62.334,2019
54890635,1423,1029,16,73.436,2019
54890646,1106,726,11,66.637,2019
54890657,1995,1169,18,59.499,2019
54890668,783,455,8,59.132,2019
54890679,1561,1001,8,64.638,2019
54890680,1043,621,1,59.636,2019
54890691,1105,730,3,66.335,2019
54890703,192,151,0,78.646,2019
54890725,166,103,0,62.048,2019
54890736,492,284,1,57.927,2019
54890747,1241,998,15,81.628,2019
54890758,879,575,10,66.553,2019
54890769,616,377,8,62.5,2019
54890770,805,540,4,67.578,2019
54890781,1359,883,4,65.269,2019
54890792,1813,969,13,54.164,2019
54890804,884,596,16,69.231,2019
54890815,1374,976,10,71.761,2019
54650752,839,787,1,93.921,2019
54650763,2516,1647,15,66.057,2019
54650774,1332,1115,5,84.084,2019
54650785,834,642,8,77.938,2019
54650796,944,935,0,99.047,2019
54650808,581,598,0,102.926,2019
54650819,377,487,3,129.973,2019
54650820,544,452,10,84.926,2019
54650831,521,610,2,117.466,2019
54650842,136,188,1,138.971,2019
54650853,915,1348,9,148.306,2019
54700017,544,363,3,67.279,2019
54700028,754,474,6,63.66,2019
54700039,279,123,4,45.52,2019
54700051,2687,1480,44,56.718,2019
54700073,665,347,2,52.481,2019
54700084,731,267,1,36.662,2019
54700095,1117,430,12,39.57,2019
54460076,219,105,4,49.772,2019
54460087,181,127,10,75.691,2019
54470011,178,85,4,50.0,2019
54470055,196,120,1,61.735,2019
54470134,381,238,4,63.517,2019
54470145,256,151,5,60.938,2019
54300013,2412,1439,14,60.24,2019
54300024,1333,918,26,70.818,2019
54330016,2754,1506,3,54.793,2019
54330027,1201,646,5,54.205,2019
54330038,2831,2050,13,72.872,2019
54330049,2005,1472,3,73.566,2019
54330050,1126,635,8,57.105,2019
54330061,1738,988,14,57.652,2019
54330072,2631,1505,25,58.153,2019
54330094,1441,825,8,57.807,2019
54260311,756,480,3,63.889,2019
54260333,1163,912,7,79.02,2019
54260344,522,345,8,67.625,2019
54260355,770,570,1,74.156,2019
54260366,779,506,1,65.083,2019
54260377,1347,909,9,68.151,2019
54260388,1610,1369,2,85.155,2019
54260399,2404,1270,27,53.952,2019
54260401,1187,824,21,71.188,2019
54260412,1684,547,9,33.017,2019
54260423,643,412,0,64.075,2019
54260434,2144,1366,3,63.853,2019
54260445,2880,2362,2,82.083,2019
54260456,1232,798,17,66.153,2019
54260467,1301,1057,0,81.245,2019
54260478,778,680,2,87.661,2019
54260490,639,433,4,68.388,2019
54260502,321,275,2,86.293,2019
54260513,1408,702,12,50.71,2019
54880544,971,696,6,72.297,2019
54880555,644,451,3,70.497,2019
54880566,586,405,3,69.625,2019
54880577,653,493,9,76.876,2019
54880588,548,379,7,70.438,2019
54880599,676,488,6,73.077,2019
54880601,610,428,11,71.967,2019
54880612,641,476,4,74.883,2019
54880623,423,330,2,78.487,2019
54880634,561,338,5,61.141,2019
54880645,535,352,2,66.168,2019
54880656,788,592,9,76.269,2019
54880667,555,388,2,70.27,2019
54880678,486,342,4,71.193,2019
54880689,412,327,11,82.039,2019
54880690,396,561,8,143.687,2019
54880702,53,64,0,120.755,2019
54890017,1255,817,10,65.896,2019
54890039,76,37,1,50.0,2019
54440401,289,170,0,58.824,2019
54440412,399,422,10,108.271,2019
54440423,214,177,1,83.178,2019
54470044,406,226,6,57.143,2019
54470077,396,231,13,61.616,2019
54470088,2228,1254,25,57.406,2019
54470099,1128,598,11,53.989,2019
54470112,1617,793,19,50.216,2019
54470156,1394,896,2,64.419,2019
54470167,414,220,4,54.106,2019
54470178,544,309,3,57.353,2019
54470189,526,344,6,66.54,2019
54470190,519,337,0,64.933,2019
54470202,444,296,0,66.667,2019
54470213,631,476,6,76.387,2019
54100011,1652,991,12,60.714,2019
54100022,1582,1021,15,65.487,2019
54100033,1997,1282,26,65.498,2019
54100044,791,557,8,71.429,2019
54440210,507,279,6,56.213,2019
54440221,294,167,0,56.803,2019
54440232,513,304,11,61.404,2019
54440243,368,290,4,79.891,2019
54440254,165,106,3,66.061,2019
54440276,579,354,7,62.349,2019
54440287,163,94,0,57.669,2019
54440298,367,195,1,53.406,2019
54440300,526,305,1,58.175,2019
54440311,528,320,5,61.553,2019
54440322,1655,1014,14,62.115,2019
54440333,1154,654,5,57.106,2019
54440344,271,169,0,62.362,2019
54440355,1031,717,14,70.902,2019
54440366,290,170,2,59.31,2019
54440377,435,308,5,71.954,2019
54440388,366,223,0,60.929,2019
54440399,963,680,7,71.34,2019
76150919,176,170,0,96.591,2019
76160011,1618,868,19,54.821,2019
76160022,1015,529,21,54.187,2019
76160033,484,280,3,58.471,2019
76160044,1187,693,21,60.152,2019
76160055,1394,741,12,54.017,2019
76160066,1204,592,13,50.249,2019
76160077,1231,580,11,48.01,2019
76160088,618,314,5,51.618,2019
76160099,1447,787,11,55.149,2019
76160101,1476,685,10,47.087,2019
76160112,577,352,2,61.352,2019
76160123,1943,878,10,45.703,2019
76160134,608,199,1,32.895,2019
76160145,830,380,3,46.145,2019
76160156,705,411,7,59.291,2019
76160167,1129,577,11,52.081,2019
76160178,1193,584,8,49.623,2019
54570078,1690,894,8,53.373,2019
54540064,1413,766,14,55.202,2019
54540075,2142,1063,14,50.28,2019
54540086,1314,695,6,53.349,2019
54540097,2126,1177,41,57.291,2019
54540109,1390,835,10,60.791,2019
54540110,997,551,12,56.469,2019
54540121,2097,1224,18,59.227,2019
54540132,2457,1399,12,57.428,2019
54540143,1346,688,7,51.634,2019
54540154,3037,1832,26,61.179,2019
54540165,1849,1031,17,56.679,2019
54540176,182,74,2,41.758,2019
54540187,1460,841,12,58.425,2019
54540198,1187,588,20,51.222,2019
54540200,2025,1104,18,55.407,2019
54540211,1630,887,21,55.706,2019
54540222,1548,904,12,59.173,2019
54540233,1298,655,21,52.08,2019
54260524,647,497,6,77.743,2019
54260535,1454,832,8,57.772,2019
54280010,1579,901,0,57.061,2019
54280021,2250,1357,22,61.289,2019
54280032,2340,1466,25,63.718,2019
54280043,1639,834,17,51.922,2019
54280065,1041,571,3,55.139,2019
54280076,2514,1469,34,59.785,2019
54280087,757,489,3,64.993,2019
54280098,419,285,1,68.258,2019
54280100,1006,667,10,67.296,2019
54280111,488,325,10,68.648,2019
54280122,158,199,1,126.582,2019
54380011,373,304,3,82.306,2019
54380044,279,238,4,86.738,2019
54380055,300,225,4,76.333,2019
54650404,687,604,3,88.355,2019
54650415,2136,1347,14,63.717,2019
54650426,2718,1712,5,63.171,2019
54650437,1864,1308,14,70.923,2019
54650448,3631,2545,59,71.716,2019
54650459,1437,944,13,66.597,2019
54650460,422,341,4,81.754,2019
54650471,1121,842,3,75.379,2019
54650482,2948,1442,31,49.966,2019
54650493,829,471,5,57.419,2019
54650505,1730,1172,3,67.919,2019
54650516,2660,1750,14,66.316,2019
54650527,2252,1802,11,80.506,2019
54650538,289,164,1,57.093,2019
54650549,1593,885,9,56.121,2019
54650550,455,326,3,72.308,2019
54650561,963,707,15,74.974,2019
54650572,588,539,1,91.837,2019
76150201,698,398,3,57.45,2019
76150212,1635,583,56,39.083,2019
76150223,815,299,6,37.423,2019
76150234,990,554,1,56.061,2019
76150245,1258,521,18,42.846,2019
76150256,1896,751,112,45.517,2019
76150267,533,255,4,48.593,2019
76150278,1860,936,22,51.505,2019
76150289,1414,712,48,53.748,2019
76150290,1041,669,6,64.841,2019
76150302,1201,662,6,55.62,2019
76150313,552,242,2,44.203,2019
76150324,1173,445,1,38.022,2019
76150335,1022,518,1,50.783,2019
76150346,1152,700,10,61.632,2019
76150357,917,568,31,65.322,2019
76150368,514,236,8,47.471,2019
76150379,831,473,13,58.484,2019
54140105,2948,1523,7,51.9,2019
54140116,1287,886,11,69.697,2019
54140127,1495,847,11,57.391,2019
54140138,2631,1797,44,69.973,2019
54140149,1000,656,12,66.8,2019
54140150,2275,1586,15,70.374,2019
54260018,3424,2538,13,74.504,2019
54260029,2632,1664,9,63.564,2019
54260041,2472,1574,3,63.794,2019
54260052,3219,2401,0,74.588,2019
54260063,2382,1480,8,62.469,2019
54260074,1979,1149,5,58.312,2019
54260085,3627,2219,44,62.393,2019
54260096,2130,1336,2,62.817,2019
54260108,1939,1254,0,64.673,2019
54260119,2208,1418,10,64.674,2019
54260120,1973,1099,7,56.057,2019
54260131,1575,891,11,57.27,2019
54250028,1438,980,17,69.332,2019
54370021,46,27,0,58.696,2019
54370032,992,593,4,60.181,2019
54370054,194,85,0,43.814,2019
54370065,93,31,0,33.333,2019
54370076,108,49,0,45.37,2019
54370087,56,42,0,75.0,2019
54370098,117,81,1,70.085,2019
54450042,365,207,1,56.986,2019
54140015,2720,1582,32,59.338,2019
54140026,1109,678,17,62.669,2019
54140037,1350,1095,26,83.037,2019
54140048,2496,1693,34,69.191,2019
54140059,2614,1808,0,69.166,2019
54140060,1654,835,0,50.484,2019
54140071,1746,1196,12,69.187,2019
54140082,2787,2000,20,72.479,2019
54140093,2059,2337,17,114.327,2019
54610590,448,371,6,84.152,2019
54610602,611,501,2,82.324,2019
54620423,807,380,8,48.079,2019
54700062,155,62,0,40.0,2019
54570012,1485,565,4,38.316,2019
54570034,1087,435,5,40.478,2019
54570045,775,341,1,44.129,2019
54570056,621,265,4,43.317,2019
54570067,1038,414,6,40.462,2019
54570089,1156,555,4,48.356,2019
54570090,784,330,4,42.602,2019
54570102,896,473,7,53.571,2019
54570113,936,393,7,42.735,2019
54570124,1124,516,10,46.797,2019
54570135,2020,968,19,48.861,2019
54570146,1097,484,4,44.485,2019
54570168,498,264,10,55.02,2019
54570179,1390,589,31,44.604,2019
54650583,1472,1040,9,71.264,2019
54650594,2147,1129,0,52.585,2019
54650606,449,297,5,67.261,2019
54650617,3236,1388,31,43.85,2019
54650628,2908,1710,17,59.388,2019
54650639,1275,1220,1,95.765,2019
54650640,879,656,3,74.972,2019
54650651,840,686,0,81.667,2019
54650662,1928,1417,10,74.015,2019
54650673,1006,842,4,84.095,2019
54650684,1019,811,2,79.784,2019
54650695,499,770,3,154.91,2019
54650718,1068,857,16,81.742,2019
54650729,376,316,7,85.904,2019
54650730,574,513,1,89.547,2019
54650741,610,799,4,131.639,2019
54640021,830,548,3,66.386,2019
54640032,1102,693,11,63.884,2019
54660023,227,107,8,50.661,2019
54660034,111,77,0,69.369,2019
54660045,106,52,0,49.057,2019
54660056,215,136,1,63.721,2019
54660067,1023,606,7,59.922,2019
54660078,196,99,1,51.02,2019
54660090,169,94,2,56.805,2019
54660102,475,340,5,72.632,2019
54660113,419,304,8,74.463,2019
54660124,133,51,0,38.346,2019
54660135,95,46,0,48.421,2019
54660146,124,97,1,79.032,2019
54660157,316,155,5,50.633,2019
54660168,242,146,3,61.57,2019
54660179,315,247,2,79.048,2019
54660180,143,102,3,73.427,2019
54430028,728,272,3,37.775,2019
54430039,707,351,7,50.636,2019
54430040,229,136,1,59.825,2019
54430051,1724,828,2,48.144,2019
54430062,1239,959,12,78.37,2019
54430073,320,130,1,40.938,2019
54430084,519,260,0,50.096,2019
54430095,1217,900,16,75.267,2019
54630019,3279,1816,34,56.42,2019
54630020,2588,1655,25,64.915,2019
54630031,3045,1759,29,58.719,2019
54630042,1863,992,20,54.321,2019
54630053,2191,1245,0,56.823,2019
54630064,1268,718,14,57.729,2019
54630086,273,242,2,89.377,2019
54650011,4044,2607,16,64.862,2019
54650022,2156,1455,0,67.486,2019
54650033,3442,2638,6,76.816,2019
54650044,4619,2400,27,52.544,2019
76170416,934,525,3,56.531,2019
76170427,385,180,2,47.273,2019
76170438,614,341,7,56.678,2019
76170449,891,482,4,54.545,2019
76170450,823,418,5,51.397,2019
76170461,2106,1055,10,50.57,2019
76170472,1469,794,8,54.595,2019
76170483,1983,1167,12,59.455,2019
76170494,1948,893,14,46.561,2019
76170506,1223,753,21,63.287,2019
76170539,1193,790,7,66.806,2019
76170540,1452,803,4,55.579,2019
76170551,499,287,2,57.916,2019
76170562,1492,1064,0,71.314,2019
76170573,203,125,2,62.562,2019
76170584,874,574,7,66.476,2019
76170595,773,493,7,64.683,2019
76170607,959,656,6,69.03,2019
54860036,1176,582,8,50.17,2019
54860070,1214,759,11,63.427,2019
54860137,517,296,7,58.607,2019
54860159,180,108,2,61.111,2019
54860193,262,172,5,67.557,2019
54860205,183,157,0,85.792,2019
54860216,159,93,0,58.491,2019
54860317,185,194,3,106.486,2019
54870082,817,591,19,74.663,2019
54900019,580,341,7,60.0,2019
54900020,2009,1048,17,53.011,2019
54900031,1315,707,22,55.437,2019
54900042,1477,725,30,51.117,2019
54900053,914,494,16,55.799,2019
54900064,1245,691,0,55.502,2019
54900075,271,114,0,42.066,2019
54900086,463,334,9,74.082,2019
76160730,796,397,3,50.251,2019
76160763,957,573,4,60.293,2019
76160774,877,399,4,45.952,2019
76160808,676,411,6,61.686,2019
76160820,1264,709,14,57.199,2019
76160831,955,442,2,46.492,2019
76160842,802,579,6,72.943,2019
76160853,1158,879,21,77.72,2019
76160875,682,331,5,49.267,2019
76160886,300,190,11,67.0,2019
76160897,496,337,0,67.944,2019
76160909,652,479,2,73.773,2019
76160921,119,94,1,79.832,2019
76160932,548,353,6,65.511,2019
76160943,1085,767,12,71.797,2019
76160954,423,273,25,70.449,2019
76160965,594,389,18,68.519,2019
76160976,394,226,2,57.868,2019
54650055,2677,1779,25,67.389,2019
54650066,2258,1317,9,58.725,2019
54650077,1809,1355,6,75.235,2019
54650088,2406,1660,7,69.285,2019
54650099,2652,1610,4,60.86,2019
54650101,2795,1894,6,67.979,2019
54650112,2119,1430,13,68.098,2019
54650123,5455,3276,1,60.073,2019
54650145,2348,1394,2,59.455,2019
54650156,3555,2363,27,67.229,2019
54650167,2297,1281,23,56.77,2019
54650178,2222,1278,315,71.692,2019
54650189,1640,1073,10,66.037,2019
54650190,2752,1691,18,62.1,2019
54650202,2119,1563,24,74.894,2019
54650213,1854,1247,16,68.123,2019
54650224,2705,1637,45,62.181,2019
54790634,2219,1715,23,78.324,2019
54790645,1391,979,7,70.884,2019
54790656,1613,1224,26,77.495,2019
54790667,1239,955,0,77.078,2019
54790678,680,486,11,73.088,2019
54790690,880,659,6,75.568,2019
54790702,1317,1436,3,109.263,2019
54790713,504,435,3,86.905,2019
54790724,347,284,4,82.997,2019
54790735,757,604,3,80.185,2019
54790746,1157,938,15,82.368,2019
54790757,697,514,13,75.61,2019
54790768,568,487,1,85.915,2019
54790791,651,593,6,92.012,2019
54790803,690,667,3,97.101,2019
54790814,188,161,1,86.17,2019
54790825,909,798,13,89.219,2019
54790836,849,754,13,90.342,2019
54890433,1349,754,3,56.116,2019
54890444,835,521,5,62.994,2019
54890455,1733,1131,23,66.59,2019
54890466,895,549,11,62.57,2019
54890477,1328,824,9,62.726,2019
54890499,829,548,13,67.672,2019
54890501,813,511,7,63.715,2019
54890512,1355,756,2,55.941,2019
54890523,1057,438,9,42.289,2019
54890534,1726,1058,10,61.877,2019
54890556,897,575,10,65.217,2019
54890567,1490,854,19,58.591,2019
54890578,996,583,2,58.735,2019
54890589,952,564,6,59.874,2019
54890590,1219,747,5,61.69,2019
54890602,493,305,12,64.3,2019
54660191,295,236,5,81.695,2019
54660203,186,158,5,87.634,2019
54660214,84,71,1,85.714,2019
54680036,515,257,8,51.456,2019
54680160,174,101,5,60.92,2019
54680171,484,266,9,56.818,2019
54680249,187,124,1,66.845,2019
54680340,204,151,3,75.49,2019
54690015,120,86,0,71.667,2019
54690026,180,85,0,47.222,2019
54690037,339,237,0,69.912,2019
54690048,245,199,4,82.857,2019
54540019,1428,805,16,57.493,2019
54540020,1557,739,20,48.748,2019
54540042,1677,906,11,54.681,2019
54540053,1200,698,9,58.917,2019
54610220,69,15,0,21.739,2019
54610231,1936,1069,26,56.56,2019
54610242,1313,694,18,54.227,2019
54610253,1897,1046,26,56.51,2019
54610264,1803,1028,16,57.903,2019
54610275,1755,972,23,56.695,2019
54610286,1172,762,7,65.614,2019
54610309,1256,705,8,56.768,2019
54610310,751,400,9,54.461,2019
54610321,1421,1032,27,74.525,2019
54610332,727,449,11,63.274,2019
54610343,914,533,14,59.847,2019
54610354,619,361,11,60.097,2019
54610365,775,537,10,70.581,2019
54610376,960,608,18,65.208,2019
54610411,1227,803,19,66.993,2019
54610422,1079,693,19,65.987,2019
54740235,606,628,8,104.95,2019
54740246,478,470,6,99.582,2019
54740257,438,358,0,81.735,2019
54740268,513,418,4,82.261,2019
54740279,168,186,0,110.714,2019
54740280,293,298,4,103.072,2019
54790016,2034,1521,5,75.025,2019
54790027,1520,1157,4,76.382,2019
54790038,1883,1286,14,69.039,2019
54790049,2485,1499,61,62.777,2019
54790050,1424,945,14,67.346,2019
54790061,1561,1151,8,74.247,2019
54790072,1713,1313,4,76.883,2019
54790083,1979,1327,2,67.155,2019
54790094,4647,3192,13,68.969,2019
54790106,1931,1245,7,64.837,2019
54790117,2526,1482,11,59.105,2019
54680148,2058,1315,21,64.917,2019
54680159,707,309,4,44.272,2019
54680238,1851,1363,9,74.122,2019
54680261,2495,1345,26,54.95,2019
54680272,2098,1364,17,65.825,2019
54680283,230,168,5,75.217,2019
54680294,519,116,2,22.736,2019
54680306,646,398,4,62.229,2019
54680317,603,392,11,66.833,2019
54680328,827,712,12,87.545,2019
54680339,202,71,1,35.644,2019
54680395,654,526,8,81.651,2019
54680407,443,301,6,69.3,2019
54680418,90,85,2,96.667,2019
54680429,990,693,13,71.313,2019
54680430,1511,999,18,67.306,2019
54680441,1847,1567,39,86.952,2019
54600263,1141,985,7,86.941,2019
54600274,814,651,3,80.344,2019
54600285,1026,794,5,77.875,2019
54600296,811,807,2,99.753,2019
54600308,879,730,7,83.845,2019
54600319,1596,985,18,62.845,2019
54600320,1538,1424,4,92.848,2019
54600331,529,591,5,112.665,2019
54600342,794,838,6,106.297,2019
54680025,1751,734,6,42.262,2019
54680058,987,489,5,50.051,2019
54680069,708,335,5,48.023,2019
54680070,2698,1456,22,54.781,2019
54680081,2017,1208,12,60.486,2019
54680092,616,358,8,59.416,2019
54680104,277,182,0,65.704,2019
54680115,292,124,2,43.151,2019
54680126,406,169,0,41.626,2019
54220148,1074,502,0,46.741,2019
54220159,1299,655,7,50.962,2019
54220160,721,345,8,48.96,2019
54220171,671,404,5,60.954,2019
54220182,270,151,2,56.667,2019
54220205,531,321,6,61.582,2019
54220216,1001,588,5,59.241,2019
54220227,565,333,4,59.646,2019
54220238,407,243,1,59.951,2019
54220249,991,626,3,63.471,2019
54220250,393,273,2,69.975,2019
54220261,257,171,0,66.537,2019
54220272,351,218,2,62.678,2019
54220283,1240,797,3,64.516,2019
54220294,264,185,1,70.455,2019
54220306,835,510,9,62.156,2019
54910706,1012,785,2,77.767,2019
54910717,508,413,5,82.283,2019
54910728,930,663,11,72.473,2019
54910739,1181,889,9,76.037,2019
54910740,902,593,0,65.743,2019
54910751,861,563,7,66.202,2019
54910773,660,388,3,59.242,2019
54910784,895,603,10,68.492,2019
54910795,674,346,1,51.484,2019
54910807,315,208,1,66.349,2019
54910818,559,373,4,67.442,2019
54910829,743,587,7,79.946,2019
54910830,1454,1128,7,78.061,2019
54910841,697,460,3,66.428,2019
54910852,579,330,6,58.031,2019
54910863,1237,907,5,73.727,2019
54890613,894,637,25,74.049,2019
54610433,527,330,12,64.896,2019
54610444,1209,735,7,61.373,2019
54610455,552,343,8,63.587,2019
54610466,700,425,3,61.143,2019
54610477,726,471,7,65.84,2019
54610488,740,450,9,62.027,2019
54610499,1392,835,19,61.351,2019
54610501,773,474,12,62.872,2019
54610512,638,391,2,61.599,2019
54610523,434,338,0,77.88,2019
54610534,104,67,0,64.423,2019
54610545,568,391,8,70.246,2019
54610556,739,475,9,65.494,2019
54610567,251,155,1,62.151,2019
54610578,445,285,9,66.067,2019
54610589,568,431,12,77.993,2019
54590384,1274,691,9,54.945,2019
54590395,522,327,4,63.41,2019
54590407,687,455,12,67.977,2019
54590418,708,380,9,54.944,2019
54590429,1178,680,11,58.659,2019
54590430,992,602,15,62.198,2019
54590441,928,540,6,58.836,2019
54590452,805,468,6,58.882,2019
54590463,860,659,9,77.674,2019
54590474,462,352,3,76.84,2019
54590485,627,477,1,76.236,2019
54590496,532,373,8,71.617,2019
54590508,1076,674,14,63.941,2019
54590519,745,520,5,70.47,2019
54590520,597,286,3,48.409,2019
54660012,877,529,8,61.231,2019
54730010,2260,1302,20,58.496,2019
54870116,1308,950,2,72.783,2019
54870138,582,234,1,40.378,2019
54870149,1153,803,5,70.078,2019
54870172,594,288,3,48.99,2019
54870183,2265,1403,8,62.296,2019
54870194,1078,950,14,89.425,2019
54870228,422,212,1,50.474,2019
54870239,148,149,2,102.027,2019
54870240,345,327,0,94.783,2019
54870251,362,343,3,95.58,2019
54870262,2493,1433,23,58.404,2019
54870273,1062,925,9,87.947,2019
54870284,733,693,32,98.909,2019
54870295,732,654,4,89.891,2019
54870307,542,981,36,187.638,2019
54870318,64,242,0,378.125,2019
54890095,1100,644,8,59.273,2019
54910054,738,484,0,65.583,2019
54540839,996,703,16,72.189,2019
54540840,745,474,8,64.698,2019
54540862,619,420,5,68.659,2019
54540873,156,65,1,42.308,2019
54540884,905,684,8,76.464,2019
54540895,714,510,10,72.829,2019
54540907,1030,724,13,71.553,2019
54540918,861,554,12,65.738,2019
54540929,516,396,8,78.295,2019
54540930,616,436,13,72.89,2019
54540941,346,336,3,97.977,2019
54540952,564,437,5,78.369,2019
54540963,271,250,6,94.465,2019
54540974,168,141,2,85.119,2019
54580181,519,232,4,45.472,2019
54610028,1721,902,20,53.574,2019
54610039,1611,671,17,42.706,2019
54540660,855,551,10,65.614,2019
54540671,1080,658,17,62.5,2019
54540682,712,291,8,41.994,2019
54540693,897,680,8,76.7,2019
54540705,1823,1221,27,68.459,2019
54540716,1458,930,19,65.089,2019
54540727,755,449,13,61.192,2019
54540738,639,384,4,60.72,2019
54540749,1057,666,7,63.671,2019
54540750,857,542,4,63.711,2019
54540761,1218,732,8,60.755,2019
54540772,1195,833,9,70.46,2019
54540783,862,614,8,72.158,2019
54540794,936,591,17,64.957,2019
54540806,2019,1456,14,72.808,2019
54540817,1027,612,18,61.344,2019
54540828,236,111,0,47.034,2019
54440029,344,244,4,72.093,2019
54440030,1078,604,14,57.328,2019
54440041,894,465,16,53.803,2019
54440052,361,228,4,64.266,2019
54440063,354,220,0,62.147,2019
54440074,526,321,2,61.407,2019
54440085,1699,927,20,55.739,2019
54440096,1292,833,16,65.712,2019
54440119,870,502,0,57.701,2019
54440120,665,396,5,60.301,2019
54440131,706,270,5,38.952,2019
54440142,2165,1529,30,72.009,2019
54440153,1162,749,13,65.577,2019
54440164,572,386,7,68.706,2019
54440175,604,422,3,70.364,2019
54440186,876,467,4,53.767,2019
54440197,477,301,12,65.618,2019
54440209,1758,1033,12,59.443,2019
76150739,515,408,2,79.612,2019
76150740,949,665,7,70.811,2019
76150751,487,289,3,59.959,2019
76150762,350,201,0,57.429,2019
76150773,357,176,3,50.14,2019
76150784,406,230,2,57.143,2019
76150807,506,367,6,73.715,2019
76150818,778,601,3,77.635,2019
76150829,694,513,3,74.352,2019
76150830,785,484,13,63.312,2019
76150841,511,290,11,58.904,2019
76150852,534,371,0,69.476,2019
76150863,515,400,7,79.029,2019
76150874,249,156,2,63.454,2019
76150885,378,240,3,64.286,2019
76150896,334,212,7,65.569,2019
76150908,334,346,6,105.389,2019
54760013,2656,1532,21,58.471,2019
54760024,2038,1038,7,51.276,2019
54760035,1355,840,8,62.583,2019
54760046,2396,1344,7,56.386,2019
54760057,1762,897,33,52.781,2019
54760068,803,499,5,62.765,2019
54760079,2097,1510,7,72.341,2019
54760080,1795,1064,36,61.281,2019
54760091,1323,794,0,60.015,2019
54760103,1579,973,15,62.571,2019
54760114,1822,1158,8,63.996,2019
54760125,1812,1328,5,73.565,2019
54800018,2575,1504,23,59.301,2019
54800029,2849,1800,30,64.233,2019
54800030,1003,613,16,62.712,2019
54800041,792,570,10,73.232,2019
54860014,1038,683,11,66.859,2019
54890040,447,249,3,56.376,2019
54890051,748,472,4,63.636,2019
54890073,339,161,0,47.493,2019
54890084,723,494,7,69.295,2019
54890118,882,572,12,66.213,2019
54890130,758,485,2,64.248,2019
54890141,1057,639,14,61.779,2019
54890152,1097,695,15,64.722,2019
54890163,1638,969,11,59.829,2019
54890174,1198,792,8,66.778,2019
54890185,645,391,0,60.62,2019
54890196,1208,728,11,61.175,2019
54890208,1826,1097,16,60.953,2019
54890219,1200,744,8,62.667,2019
54890220,1793,1032,0,57.557,2019
54890231,775,413,7,54.194,2019
54890242,1297,794,20,62.76,2019
54890253,1143,671,7,59.318,2019
54590014,1485,746,12,51.044,2019
54590025,1659,935,12,57.083,2019
54590036,1767,972,21,56.197,2019
54590047,1539,825,17,54.711,2019
54590058,2098,1133,5,54.242,2019
54590069,1374,724,7,53.202,2019
54590070,1550,818,18,53.935,2019
54590081,1029,600,8,59.086,2019
54590092,1623,800,17,50.339,2019
54590104,1123,631,8,56.901,2019
54590115,1609,758,18,48.229,2019
54590126,1686,886,13,53.321,2019
54590137,1692,906,8,54.019,2019
54590148,1359,730,19,55.114,2019
54590159,1538,881,18,58.453,2019
54590160,1357,642,29,49.447,2019
54590171,2338,1231,32,54.021,2019
54580114,452,264,7,59.956,2019
54580125,780,355,9,46.667,2019
54580136,1674,891,14,54.062,2019
54580158,1415,784,25,57.173,2019
54580169,1434,822,8,57.88,2019
54580192,1313,625,10,48.363,2019
54580204,1140,503,10,45.0,2019
54580215,1164,612,5,53.007,2019
54580226,85,34,0,40.0,2019
54580237,985,493,7,50.761,2019
54580248,811,460,2,56.967,2019
54580259,741,395,7,54.251,2019
54580260,1203,684,19,58.437,2019
54580271,1244,754,5,61.013,2019
54580282,750,460,5,62.0,2019
54580293,519,339,15,68.208,2019
54580305,561,293,3,52.763,2019
54580316,804,467,11,59.453,2019
54130047,1903,1151,11,61.061,2019
54130070,1433,886,19,63.154,2019
54130081,1014,676,13,67.949,2019
54130092,712,466,2,65.73,2019
54130104,895,558,10,63.464,2019
54130115,476,352,3,74.58,2019
54130126,552,343,30,67.572,2019
54130137,671,465,10,70.79,2019
54130148,517,369,2,71.76,2019
54130159,593,412,21,73.019,2019
54130160,660,457,7,70.303,2019
54130171,89,71,0,79.775,2019
54240016,1801,1048,13,58.912,2019
54240027,539,352,3,65.863,2019
54240038,1351,923,18,69.652,2019
54240049,99,78,0,78.788,2019
54250017,715,368,10,52.867,2019
76170258,2508,1324,137,58.254,2019
76170269,1445,1017,15,71.419,2019
76170270,1249,702,2,56.365,2019
76170281,796,542,3,68.467,2019
76170292,658,294,36,50.152,2019
76170304,295,127,3,44.068,2019
76170315,869,512,7,59.724,2019
76170326,896,465,2,52.121,2019
76170337,1202,577,11,48.918,2019
76170348,1269,862,21,69.582,2019
76170359,978,506,9,52.658,2019
76170360,1493,881,14,59.946,2019
76170371,2293,1066,0,46.489,2019
76170382,1302,675,8,52.458,2019
76170393,1545,841,3,54.628,2019
76170405,942,537,9,57.962,2019
54890264,1520,938,9,62.303,2019
54890275,1335,799,4,60.15,2019
54890286,466,236,9,52.575,2019
54890297,597,363,4,61.474,2019
54890309,1263,821,10,65.796,2019
54890310,1601,1012,15,64.147,2019
54890321,1096,790,18,73.723,2019
54890332,1895,1200,17,64.222,2019
54890343,299,180,1,60.535,2019
54890354,457,273,4,60.613,2019
54890365,747,425,9,58.099,2019
54890376,1335,930,18,71.011,2019
54890387,1567,961,7,61.774,2019
54890398,1527,980,13,65.029,2019
54890400,1531,986,19,65.643,2019
54890411,1660,1033,10,62.831,2019
54890422,821,523,4,64.19,2019
54880117,1633,928,15,57.746,2019
54880139,2307,1527,16,66.883,2019
54880162,1919,1207,17,63.783,2019
54880173,605,375,1,62.149,2019
54880184,843,523,11,63.345,2019
54880195,1622,948,49,61.467,2019
54880207,1168,814,7,70.291,2019
54880229,1761,1217,5,69.392,2019
54880230,1538,923,13,60.858,2019
54880241,1486,831,9,56.528,2019
54880252,834,527,14,64.868,2019
54880263,573,325,5,57.592,2019
54880274,861,580,3,67.712,2019
54880285,2401,1589,25,67.222,2019
54880296,718,387,6,54.735,2019
54880308,1990,1183,1,59.497,2019
54880319,1320,869,7,66.364,2019
54880342,2786,1765,31,64.465,2019
54880364,791,542,7,69.406,2019
54400058,254,131,2,52.362,2019
54400069,216,101,2,47.685,2019
54400070,685,382,3,56.204,2019
54400081,270,164,0,60.741,2019
54400092,496,262,5,53.831,2019
54400104,2293,1530,26,67.859,2019
54400126,683,517,15,77.892,2019
54400137,616,562,7,92.37,2019
54400148,424,379,7,91.038,2019
54420016,364,208,2,57.692,2019
54270019,3006,1818,36,61.677,2019
54270020,2160,1471,6,68.38,2019
54270031,2634,1539,18,59.112,2019
54270042,1272,923,6,73.035,2019
54270053,2178,1296,31,60.927,2019
54270064,567,482,5,85.891,2019
54270075,639,582,2,91.393,2019
54790476,57,40,0,70.175,2019
54790487,985,645,5,65.99,2019
54790498,2041,1530,2,75.061,2019
54790500,751,619,6,83.222,2019
54790511,1182,800,0,67.682,2019
54790522,631,446,3,71.157,2019
54790533,1004,675,4,67.629,2019
54790544,2116,1468,32,70.888,2019
54790555,1678,1198,71,75.626,2019
54790566,1203,858,22,73.15,2019
54790577,1487,1169,21,80.027,2019
54790588,1286,860,7,67.418,2019
54790599,1950,1393,12,72.051,2019
54790601,733,536,4,73.67,2019
54790612,819,626,11,77.778,2019
54790623,1370,962,18,71.533,2019
76150380,1821,924,8,51.181,2019
76150391,1597,799,8,50.532,2019
76150403,588,342,2,58.503,2019
76150414,1840,984,12,54.13,2019
76150425,1368,849,7,62.573,2019
76150436,1322,562,9,43.192,2019
76150447,1283,618,29,50.429,2019
76150458,1162,679,5,58.864,2019
76150469,1063,538,5,51.082,2019
76150470,2110,1106,21,53.412,2019
76150481,1167,623,0,53.385,2019
76150492,1923,1011,9,53.042,2019
76150504,938,481,2,51.493,2019
76150515,728,321,3,44.505,2019
76150526,865,413,1,47.861,2019
76150537,704,359,1,51.136,2019
76150548,1046,486,7,47.132,2019
54880375,1030,653,6,63.981,2019
54880386,938,620,8,66.951,2019
54880397,1566,1014,12,65.517,2019
54880409,839,579,8,69.964,2019
54880410,1960,1338,29,69.745,2019
54880421,2239,1441,15,65.029,2019
54880432,765,513,7,67.974,2019
54880443,800,473,4,59.625,2019
54880454,932,616,14,67.597,2019
54880465,974,670,11,69.918,2019
54880476,586,369,0,62.969,2019
54880487,1400,924,16,67.143,2019
54880498,954,670,28,73.166,2019
54880500,685,583,1,85.255,2019
54880511,840,557,0,66.31,2019
54880522,519,367,5,71.676,2019
54880533,758,629,42,88.522,2019
76150559,876,488,1,55.822,2019
76150560,1293,703,14,55.452,2019
76150571,516,287,32,61.822,2019
76150582,926,572,10,62.851,2019
76150593,1047,576,1,55.11,2019
76150605,835,516,12,63.234,2019
76150616,951,445,0,46.793,2019
76150627,1133,466,4,41.483,2019
76150649,544,304,6,56.985,2019
76150650,1489,864,16,59.1,2019
76150661,1198,691,34,60.518,2019
76150672,989,502,7,51.466,2019
76150683,671,403,4,60.656,2019
76150694,879,660,5,75.654,2019
76150706,337,186,6,56.973,2019
76150717,656,426,6,65.854,2019
76150728,303,199,0,65.677,2019
54660089,231,86,3,38.528,2019
76160987,513,310,4,61.209,2019
76160998,559,286,7,52.415,2019
76161001,796,441,3,55.779,2019
76161012,343,200,5,59.767,2019
76161023,434,234,0,53.917,2019
76161034,452,306,5,68.805,2019
76161045,323,216,3,67.802,2019
76161056,530,378,0,71.321,2019
76161067,298,206,18,75.168,2019
76170012,1598,970,22,62.078,2019
76170023,1863,1055,63,60.011,2019
76170034,586,347,4,59.898,2019
76170045,1147,604,13,53.793,2019
76170056,1132,706,6,62.898,2019
76170067,596,331,0,55.537,2019
76170078,329,208,3,64.134,2019
76170089,2388,1351,5,56.784,2019
76150032,2347,1199,13,51.64,2019
76150043,1226,761,11,62.969,2019
76150054,626,308,3,49.681,2019
76150065,1177,642,8,55.225,2019
76150076,1162,667,3,57.659,2019
76150087,690,371,4,54.348,2019
76150098,563,327,9,59.68,2019
76150100,718,352,4,49.582,2019
76150111,778,404,7,52.828,2019
76150122,1057,548,13,53.075,2019
76150133,832,416,19,52.284,2019
76150144,488,285,2,58.811,2019
76150155,1199,642,5,53.962,2019
76150166,1064,657,3,62.03,2019
76150177,1070,642,2,60.187,2019
76150188,980,398,4,41.02,2019
76150199,989,383,6,39.333,2019
54890994,553,423,4,77.215,2019
54891007,179,154,1,86.592,2019
54891018,134,93,1,70.149,2019
54891029,145,83,2,58.621,2019
54891030,208,232,2,112.5,2019
54891041,339,441,3,130.973,2019
54891052,120,134,1,112.5,2019
54891063,245,324,2,133.061,2019
54891074,132,165,5,128.788,2019
54891085,185,283,3,154.595,2019
54891096,67,79,0,117.91,2019
54850013,504,163,1,32.54,2019
54850024,339,266,1,78.761,2019
54850035,111,84,0,75.676,2019
54850046,93,257,1,277.419,2019
54850057,115,140,2,123.478,2019
76150010,1137,671,5,59.455,2019
76150021,933,510,22,57.02,2019
54600094,2308,1092,9,47.704,2019
54600106,2915,1845,10,63.636,2019
54600117,787,601,4,76.874,2019
54600128,2082,1329,6,64.121,2019
54600139,1881,1117,7,59.755,2019
54600140,4856,3103,5,64.003,2019
54600151,2132,1648,5,77.533,2019
54600162,3041,1618,10,53.535,2019
54600173,2086,1415,6,68.121,2019
54600184,2402,1147,13,48.293,2019
54600195,3078,1467,4,47.791,2019
54600207,3182,2014,12,63.671,2019
54600218,2144,1470,19,69.45,2019
54600229,2416,1543,11,64.321,2019
54600230,1436,1110,4,77.577,2019
54600241,1454,1011,17,70.702,2019
54600252,4680,2754,28,59.444,2019
54910470,1330,753,10,57.368,2019
54910481,1448,934,15,65.539,2019
54910504,879,512,6,58.931,2019
54910515,1088,714,5,66.085,2019
54910526,1673,1001,11,60.49,2019
54910537,506,275,3,54.941,2019
54910548,1536,901,14,59.57,2019
54910571,1188,697,7,59.259,2019
54910582,395,247,2,63.038,2019
54910593,932,686,1,73.712,2019
54910616,1965,1181,7,60.458,2019
54910627,435,252,6,59.31,2019
54910649,703,446,9,64.723,2019
54910650,921,643,10,70.901,2019
54910661,510,352,2,69.412,2019
54910683,400,274,3,69.25,2019
54910694,795,539,12,69.308,2019
76170090,868,443,11,52.304,2019
76170102,1913,1029,27,55.201,2019
76170113,842,447,6,53.8,2019
76170124,1129,608,7,54.473,2019
76170135,1308,746,8,57.645,2019
76170146,972,414,5,43.107,2019
76170157,1625,881,16,55.2,2019
76170168,2515,1353,13,54.314,2019
76170179,1910,993,13,52.67,2019
76170180,1008,477,15,48.81,2019
76170191,1127,554,9,49.956,2019
76170203,1101,661,14,61.308,2019
76170214,1439,761,11,53.648,2019
76170225,629,359,7,58.188,2019
76170236,964,473,7,49.793,2019
76170247,1423,722,3,50.949,2019
54790139,3541,2205,25,62.977,2019
54790140,2476,1497,7,60.743,2019
54790151,2247,1473,20,66.444,2019
54790162,2159,1478,19,69.338,2019
54790173,1605,1015,10,63.863,2019
54790184,1485,931,18,63.906,2019
54790195,872,616,3,70.986,2019
54790207,1857,992,6,53.743,2019
54790218,3210,2031,0,63.271,2019
54790229,1159,788,6,68.507,2019
54790230,3173,2277,26,72.581,2019
54790241,1282,871,2,68.097,2019
54790252,1978,1358,0,68.655,2019
54790274,2782,1788,10,64.63,2019
54790285,2207,1376,12,62.891,2019
54790296,1641,1038,7,63.681,2019
54790308,1483,762,0,51.382,2019
76160549,821,298,11,37.637,2019
76160550,1223,659,8,54.538,2019
76160561,680,330,4,49.118,2019
76160572,915,510,4,56.175,2019
76160583,1094,587,2,53.839,2019
76160606,573,283,7,50.611,2019
76160628,1071,564,14,53.968,2019
76160639,1505,691,9,46.512,2019
76160640,1212,523,7,43.729,2019
76160651,736,325,45,50.272,2019
76160662,1302,493,17,39.171,2019
76160673,452,241,3,53.982,2019
76160684,1424,804,4,56.742,2019
76160695,248,178,2,72.581,2019
76160707,334,185,9,58.084,2019
76160718,1022,601,3,59.1,2019
76160729,256,126,0,49.219,2019
76160369,861,508,9,60.046,2019
76160370,941,429,9,46.546,2019
76160381,1062,627,6,59.605,2019
76160392,888,514,7,58.671,2019
76160404,615,371,4,60.976,2019
76160415,1690,971,14,58.284,2019
76160426,1837,1078,15,59.499,2019
76160437,1537,832,9,54.717,2019
76160448,562,314,2,56.228,2019
76160459,1694,862,10,51.476,2019
76160460,1365,698,4,51.429,2019
76160471,1243,646,3,52.212,2019
76160482,1601,885,26,56.902,2019
76160493,682,331,6,49.413,2019
76160505,810,427,5,53.333,2019
76160516,803,428,3,53.674,2019
76160527,713,376,0,52.735,2019
54540479,1159,731,13,64.193,2019
54540491,848,712,12,85.377,2019
54540503,318,216,3,68.868,2019
54540514,1142,740,10,65.674,2019
54540536,570,327,6,58.421,2019
54540547,774,535,8,70.155,2019
54540558,1086,724,5,67.127,2019
54540569,1197,832,20,71.178,2019
54540570,1013,678,11,68.016,2019
54540581,861,613,7,72.009,2019
54540592,927,526,21,59.008,2019
54540615,576,417,4,73.09,2019
54540626,453,254,10,58.278,2019
54540637,543,320,8,60.405,2019
54540648,1087,707,18,66.697,2019
54540659,723,482,10,68.05,2019
54790319,2879,1701,15,59.604,2019
54790320,2191,1380,21,63.943,2019
54790331,2365,1451,19,62.156,2019
54790342,1648,996,4,60.68,2019
54790353,1878,1193,6,63.845,2019
54790364,1073,705,12,66.822,2019
54790375,1689,1163,20,70.041,2019
54790386,2043,1191,9,58.737,2019
54790397,1738,1020,13,59.436,2019
54790409,964,637,5,66.598,2019
54790410,2154,1328,25,62.813,2019
54790421,3225,2325,10,72.403,2019
54790432,3608,2571,2,71.314,2019
54790443,2707,1796,0,66.347,2019
54790454,1275,941,10,74.588,2019
54790465,2368,1319,15,56.334,2019
54910065,1746,1015,3,58.305,2019
54910076,1960,1081,98,60.153,2019
54910087,1697,987,4,58.397,2019
54910100,1694,1125,12,67.119,2019
54910111,1393,801,14,58.507,2019
54910144,820,509,6,62.805,2019
54910155,1331,803,4,60.631,2019
54910177,1344,711,4,53.199,2019
54910188,1033,576,2,55.954,2019
54910212,834,572,4,69.065,2019
54910223,1153,732,0,63.487,2019
54910234,1613,963,8,60.198,2019
54910245,894,512,4,57.718,2019
54910256,848,568,8,67.925,2019
54910267,1300,796,3,61.462,2019
54910278,1224,754,3,61.846,2019
76290914,230,97,1,42.609,2019
54720020,2434,1458,8,60.23,2019
54720031,1681,1135,5,67.817,2019
54720042,1736,1114,7,64.574,2019
54720053,1129,810,10,72.631,2019
54720064,1966,1308,11,67.091,2019
54720075,1014,524,9,52.564,2019
54720086,2326,1537,19,66.896,2019
54720097,2771,1902,30,69.722,2019
54720109,1357,1139,4,84.23,2019
54720110,796,643,6,81.533,2019
54720121,1650,1760,16,107.636,2019
54720132,531,370,4,70.433,2019
54740011,2213,1403,8,63.76,2019
54740022,1511,903,17,60.887,2019
54740033,2092,1151,9,55.449,2019
54740044,1813,1124,10,62.548,2019
54740055,1552,959,16,62.822,2019
54740066,1554,839,18,55.148,2019
54570360,926,540,2,58.531,2019
54570371,808,449,9,56.683,2019
54570393,284,146,1,51.761,2019
54570405,752,471,14,64.495,2019
54570416,400,274,5,69.75,2019
54570427,562,224,4,40.569,2019
54570438,468,320,3,69.017,2019
54580013,1160,539,3,46.724,2019
54580035,2145,1148,34,55.105,2019
54580046,1615,654,8,40.991,2019
54580057,1211,542,7,45.334,2019
54580068,1588,887,7,56.297,2019
54580079,1736,864,10,50.346,2019
54580080,1833,957,2,52.319,2019
54580091,1433,731,15,52.059,2019
54580103,973,523,12,54.985,2019
54210349,409,300,5,74.572,2019
54210350,306,248,7,83.333,2019
54210361,288,234,2,81.944,2019
54220014,1325,677,8,51.698,2019
54220025,1148,539,12,47.997,2019
54220036,932,522,9,56.974,2019
54220047,1402,821,14,59.558,2019
54220058,973,488,6,50.771,2019
54220069,1382,747,8,54.631,2019
54220070,811,474,1,58.57,2019
54220081,912,553,10,61.732,2019
54220092,1424,792,13,56.531,2019
54220104,1440,818,15,57.847,2019
54220115,1863,1050,33,58.132,2019
54220126,1177,543,14,47.324,2019
54220137,969,548,7,57.276,2019
54910290,850,476,15,57.765,2019
54910313,1217,808,16,67.707,2019
54910324,839,529,6,63.766,2019
54910335,1552,939,8,61.018,2019
54910346,1336,709,9,53.743,2019
54910357,1987,1071,4,54.102,2019
54910368,1371,947,14,70.095,2019
54910379,1482,877,15,60.189,2019
54910380,1462,1085,14,75.171,2019
54910391,587,423,2,72.402,2019
54910403,1087,503,3,46.55,2019
54910414,1197,777,3,65.163,2019
54910425,1205,824,9,69.129,2019
54910436,1180,752,10,64.576,2019
54910447,928,564,0,60.776,2019
54910458,1045,564,12,55.12,2019
54120091,297,163,7,57.239,2019
54120103,900,603,11,68.222,2019
54120114,850,527,5,62.588,2019
54120125,1278,656,8,51.956,2019
54120136,488,306,4,63.525,2019
54120147,196,131,1,67.347,2019
54120181,318,221,4,70.755,2019
54120192,1160,753,33,67.759,2019
54120215,1041,699,8,67.915,2019
54120226,1258,957,8,76.709,2019
54120237,392,311,7,81.122,2019
54120248,703,498,8,71.977,2019
54120259,419,311,3,74.94,2019
54120260,257,149,4,59.533,2019
54120271,538,438,8,82.9,2019
54120282,154,123,2,81.169,2019
54740077,3221,1785,21,56.07,2019
54740088,1643,955,11,58.795,2019
54740099,1875,1135,11,61.12,2019
54740101,840,660,10,79.762,2019
54740112,325,86,1,26.769,2019
54740123,1134,735,13,65.961,2019
54740134,922,658,8,72.234,2019
54740145,943,605,11,65.323,2019
54740156,915,614,10,68.197,2019
54740167,442,294,2,66.968,2019
54740178,774,639,20,85.142,2019
54740189,961,707,6,74.194,2019
54740190,622,470,5,76.367,2019
54740202,266,297,3,112.782,2019
54740213,627,645,6,103.828,2019
54740224,374,303,12,84.225,2019
54830088,2670,1547,15,58.502,2019
54830099,868,759,3,87.788,2019
54830101,877,670,0,76.397,2019
54830112,608,422,3,69.901,2019
54830134,585,581,3,99.829,2019
54830145,745,753,12,102.685,2019
54830156,465,401,2,86.667,2019
54830167,571,512,2,90.018,2019
54830178,449,573,9,129.621,2019
54840012,510,380,3,75.098,2019
54840034,301,126,6,43.854,2019
54840045,213,84,3,40.845,2019
54840056,170,68,1,40.588,2019
54840067,561,277,10,51.159,2019
54840078,767,411,6,54.368,2019
54840089,446,263,4,59.865,2019
54840102,234,93,1,40.171,2019
54750089,401,453,4,113.965,2019
54770014,1465,976,4,66.894,2019
54770036,836,673,7,81.34,2019
54770047,299,198,3,67.224,2019
54770058,233,173,2,75.107,2019
54770069,489,414,1,84.867,2019
54780015,1056,803,7,76.705,2019
54880016,1222,686,15,57.365,2019
54880027,225,113,1,50.667,2019
54880038,1327,704,9,53.73,2019
54880049,1227,751,9,61.94,2019
54880050,2171,1423,28,66.836,2019
54880061,1097,582,9,53.874,2019
54880083,1960,1242,20,64.388,2019
54880094,2363,1763,3,74.736,2019
54880106,1409,827,12,59.546,2019
54840113,923,624,10,68.689,2019
54840135,1055,754,10,72.417,2019
54840146,1975,1354,24,69.772,2019
54840157,2008,1470,3,73.357,2019
54840179,224,177,2,79.911,2019
54840180,175,120,1,69.143,2019
54840191,182,118,3,66.484,2019
54840203,759,515,11,69.302,2019
54840214,66,7,0,10.606,2019
54870015,214,51,1,24.299,2019
54870026,493,371,8,76.876,2019
54870037,996,811,2,81.627,2019
54870048,1057,910,2,86.282,2019
54870059,319,251,0,78.683,2019
54870060,1298,909,10,70.801,2019
54870093,456,442,5,98.026,2019
54870105,93,51,1,55.914,2019
54890826,1557,1088,14,70.777,2019
54890837,1017,684,12,68.437,2019
54890848,253,127,11,54.545,2019
54890859,1012,770,7,76.779,2019
54890860,582,469,13,82.818,2019
54890871,385,298,0,77.403,2019
54890882,1055,750,9,71.943,2019
54890893,760,565,6,75.132,2019
54890905,455,356,2,78.681,2019
54890916,305,229,9,78.033,2019
54890927,661,459,4,70.045,2019
54890938,379,243,11,67.018,2019
54890949,370,316,1,85.676,2019
54890950,362,288,7,81.492,2019
54890961,476,347,3,73.529,2019
54890972,804,674,10,85.075,2019
54890983,386,290,1,75.389,2019
54320059,1119,577,3,51.832,2019
54320060,3077,1360,22,44.914,2019
54320071,2262,1516,10,67.462,2019
54320082,1709,1005,22,60.094,2019
54320093,1092,721,5,66.484,2019
54320105,1889,1343,8,71.519,2019
54320116,664,431,1,65.06,2019
54320127,1491,931,5,62.777,2019
54320138,1994,1182,57,62.136,2019
54320149,908,712,19,80.507,2019
54320150,1634,1046,26,65.606,2019
54320161,965,512,10,54.093,2019
54320172,907,603,14,68.026,2019
54410172,1124,818,2,72.954,2019
54410183,277,174,2,63.538,2019
54410295,302,200,3,67.219,2019
54410307,296,212,26,80.405,2019
54440018,787,457,8,59.085,2019
54230059,2015,1388,17,69.727,2019
54230060,1747,948,10,54.837,2019
54230071,2042,1268,13,62.733,2019
54230082,2249,1374,16,61.805,2019
54230093,1889,1143,26,61.885,2019
54230105,1942,1204,18,62.925,2019
54230116,1813,1101,16,61.611,2019
54230127,1121,775,10,70.027,2019
54230138,719,543,1,75.661,2019
54230149,1073,719,10,67.94,2019
54230150,1284,923,6,72.352,2019
54230161,2029,1232,7,61.065,2019
54230172,810,640,10,80.247,2019
54230183,1033,784,6,76.476,2019
54230194,1212,911,18,76.65,2019
54230206,1697,1444,11,85.74,2019
54230217,3442,2597,14,75.857,2019
54860058,178,135,2,76.966,2019
54911055,540,425,4,79.444,2019
54911066,436,308,2,71.101,2019
54911077,479,360,6,76.409,2019
54911088,734,586,10,81.199,2019
54911099,483,428,6,89.855,2019
54911101,294,215,4,74.49,2019
54911112,518,408,2,79.151,2019
54911123,639,512,4,80.751,2019
54911134,957,852,7,89.76,2019
54911145,191,172,0,90.052,2019
54911156,577,462,1,80.243,2019
54911167,259,200,3,78.378,2019
54911178,480,527,5,110.833,2019
54911189,279,342,1,122.939,2019
76170641,348,204,3,59.483,2019
54590317,815,329,5,40.982,2019
54450031,418,222,10,55.502,2019
54450053,342,221,2,65.205,2019
54450064,1072,700,16,66.791,2019
54450075,2100,1118,11,53.762,2019
54450086,553,373,4,68.174,2019
54450143,324,168,10,54.938,2019
54450154,302,162,8,56.291,2019
54450165,178,56,0,31.461,2019
54450176,204,119,2,59.314,2019
54450187,2741,1798,32,66.764,2019
54450198,111,87,0,78.378,2019
54450200,162,135,1,83.951,2019
54450211,2281,1342,73,62.034,2019
54450222,332,249,2,75.602,2019
54130014,1424,819,19,58.848,2019
54130025,1078,620,13,58.72,2019
54130036,1504,953,7,63.83,2019
54100055,98,84,1,86.735,2019
54310014,2191,1316,29,61.387,2019
54310025,741,553,7,75.574,2019
54340017,1830,1136,27,63.552,2019
54340028,1552,770,9,50.193,2019
54340039,969,623,9,65.222,2019
54340040,1297,666,52,55.359,2019
54340051,1973,1285,18,66.042,2019
54340062,648,402,3,62.5,2019
54340073,2427,1706,19,71.075,2019
54340084,2844,1888,34,67.581,2019
54340095,399,310,5,78.947,2019
54350018,1125,649,21,59.556,2019
54350029,1344,764,18,58.185,2019
54350030,995,611,10,62.412,2019
76160189,1020,505,8,50.294,2019
76160190,1154,561,11,49.567,2019
76160202,1676,725,25,44.749,2019
76160213,965,451,6,47.358,2019
76160224,2009,764,9,38.477,2019
76160235,1009,545,10,55.005,2019
76160246,1781,861,4,48.568,2019
76160257,323,181,15,60.681,2019
76160268,723,324,3,45.228,2019
76160279,1763,799,15,46.171,2019
76160280,1000,616,15,63.1,2019
76160291,846,478,9,57.565,2019
76160303,816,377,10,47.426,2019
76160314,959,427,48,49.531,2019
76160325,571,264,3,46.76,2019
76160336,621,311,3,50.564,2019
76160358,1236,530,10,43.689,2019
54190032,1756,1166,0,66.401,2019
54190043,2355,1414,22,60.977,2019
54190054,2007,1196,18,60.488,2019
54190065,1099,638,21,59.964,2019
54190076,2153,1353,12,63.4,2019
54190087,2301,1396,13,61.234,2019
54190098,1442,1039,7,72.538,2019
54190100,1370,811,42,62.263,2019
54190111,1628,1104,23,69.226,2019
54190122,1343,1031,1,76.843,2019
54190133,844,560,5,66.943,2019
54190144,1864,1143,26,62.715,2019
54190155,1219,844,13,70.304,2019
54400014,495,329,3,67.071,2019
54400036,1153,812,6,70.945,2019
54400047,359,218,4,61.838,2019
54260142,1942,928,9,48.249,2019
54260153,2679,1514,29,57.596,2019
54260175,2171,1174,18,54.906,2019
54260186,2236,1257,4,56.395,2019
54260197,2282,1094,21,48.861,2019
54260209,1019,617,0,60.55,2019
54260210,2326,1128,22,49.441,2019
54260221,2257,1327,0,58.795,2019
54260232,2371,1244,37,54.028,2019
54260243,986,720,16,74.645,2019
54260254,2137,1311,10,61.816,2019
54260265,2014,1116,20,56.405,2019
54260276,837,180,6,22.222,2019
54260287,2681,1518,0,56.621,2019
54260298,1767,1170,0,66.214,2019
54260300,3758,1931,42,52.501,2019
76170618,917,569,7,62.814,2019
76170629,409,248,5,61.858,2019
76170630,307,214,8,72.313,2019
76170652,386,347,3,90.674,2019
76170663,415,303,4,73.976,2019
76170674,340,210,3,62.647,2019
76170685,1193,836,58,74.937,2019
76170696,583,365,4,63.293,2019
76170708,476,339,7,72.689,2019
76170719,411,230,6,57.421,2019
76170720,497,316,2,63.984,2019
76170731,509,290,2,57.367,2019
76170742,1958,1571,27,81.614,2019
76170753,323,250,1,77.709,2019
76170764,328,378,3,116.159,2019
54720019,2815,1733,10,61.918,2019
54700118,939,648,24,71.565,2019
54700129,497,330,9,68.209,2019
54700130,274,284,5,105.474,2019
54530018,1417,884,8,62.95,2019
54530029,2483,1488,23,60.854,2019
54530030,2187,1314,10,60.54,2019
54530041,1499,947,11,63.909,2019
54530052,3079,1897,29,62.553,2019
54600016,1617,1164,7,72.418,2019
54600027,2459,1832,12,74.99,2019
54600038,3243,2117,18,65.834,2019
54600049,1684,1207,3,71.853,2019
54600050,2171,1463,71,70.659,2019
54600061,2855,1588,18,56.252,2019
54600072,2863,1859,24,65.77,2019
54600083,2281,1405,13,62.166,2019
54210170,1035,625,10,61.353,2019
54210192,766,499,1,65.274,2019
54210204,1270,863,11,68.819,2019
54210215,139,77,2,56.835,2019
54210226,965,624,19,66.632,2019
54210237,1283,812,26,65.316,2019
54210248,1185,894,10,76.287,2019
54210259,1010,667,4,66.436,2019
54210260,512,388,3,76.367,2019
54210271,584,425,5,73.63,2019
54210282,940,812,11,87.553,2019
54210293,645,463,3,72.248,2019
54210305,347,255,3,74.352,2019
54210316,760,581,10,77.763,2019
54210327,382,243,2,64.136,2019
54210338,434,344,0,79.263,2019
54540031,1622,1174,12,73.12,2019
54650235,2122,1084,18,51.932,2019
54650246,3491,2350,26,68.061,2019
54650257,2472,1465,29,60.437,2019
54650268,1381,730,6,53.295,2019
54650279,1318,839,9,64.34,2019
54650280,1457,871,11,60.535,2019
54650291,1965,1100,27,57.354,2019
54650303,2010,949,1,47.264,2019
54650314,1149,515,1,44.909,2019
54650336,2782,1551,17,56.362,2019
54650347,2025,1066,14,53.333,2019
54650358,1713,981,5,57.56,2019
54650369,2182,1786,13,82.447,2019
54650370,1321,926,10,70.855,2019
54650381,2720,1278,9,47.316,2019
54650392,2434,1550,31,64.955,2019
54790847,725,564,14,79.724,2019
54790858,964,846,10,88.797,2019
54790869,636,547,5,86.792,2019
54790870,679,680,4,100.736,2019
54790881,420,470,4,112.857,2019
54790892,830,877,5,106.265,2019
54790904,703,800,0,113.798,2019
54790915,340,285,2,84.412,2019
54790926,303,393,2,130.363,2019
54830011,2615,1933,12,74.379,2019
54830022,3942,2879,0,73.034,2019
54830033,1965,1119,10,57.455,2019
54830044,2611,1712,23,66.45,2019
54830055,2055,1312,12,64.428,2019
54830066,1815,1131,9,62.81,2019
54830077,1347,1108,9,82.925,2019
54540299,2604,1524,28,59.601,2019
54540301,1194,569,9,48.409,2019
54540312,656,360,9,56.25,2019
54540334,2289,1185,21,52.687,2019
54540356,1710,1035,21,61.754,2019
54540367,424,251,3,59.906,2019
54540378,106,62,0,58.491,2019
54540389,1068,554,14,53.184,2019
54540390,2081,1332,18,64.873,2019
54540402,1301,747,12,58.34,2019
54540413,322,229,3,72.05,2019
54540424,1177,737,25,64.741,2019
54540435,1564,921,8,59.399,2019
54540446,1322,885,12,67.852,2019
54540457,794,466,4,59.194,2019
54540468,840,545,3,65.238,2019
54410419,324,191,0,58.951,2019
54410420,130,97,3,76.923,2019
54410431,98,79,2,82.653,2019
54410442,143,121,1,85.315,2019
54410453,78,56,2,74.359,2019
54410464,252,211,2,84.524,2019
54410475,106,77,4,76.415,2019
54410486,183,152,3,84.699,2019
54410497,567,396,0,69.841,2019
54410509,177,215,5,124.294,2019
54410510,120,115,0,95.833,2019
54110012,1518,1043,15,69.697,2019
54110023,2567,1409,58,57.148,2019
54110034,1540,957,13,62.987,2019
54320015,2057,1501,5,73.213,2019
54320026,2128,1206,22,57.707,2019
54320037,1231,642,3,52.396,2019
54320048,1778,1046,10,59.393,2019
54120293,222,242,1,109.459,2019
54160017,1823,1008,14,56.061,2019
54160028,886,424,4,48.307,2019
54160039,1140,663,84,65.526,2019
54160040,2112,1391,10,66.335,2019
54160051,507,381,2,75.542,2019
54160062,442,384,2,87.33,2019
54160073,202,152,0,75.248,2019
54160084,476,580,8,123.529,2019
54160095,1612,1119,12,70.161,2019
54160107,624,576,0,92.308,2019
54200012,362,176,0,48.619,2019
54200023,386,232,2,60.622,2019
54200034,1719,879,10,51.716,2019
54200045,662,421,4,64.199,2019
76290914,207,77,0,37.198,2024
54570078,1893,1020,11,54.464,2024
54590317,1004,425,3,42.629,2024
54660089,291,146,2,50.859,2024
54860058,148,98,4,68.919,2024
54120013,187,109,2,59.358,2024
54120024,529,308,1,58.412,2024
54120035,273,157,3,58.608,2024
54120046,771,370,4,48.508,2024
54120057,150,75,1,50.667,2024
54120068,360,143,1,40.0,2024
54120080,886,423,8,48.646,2024
54120091,274,152,2,56.204,2024
54120103,1002,599,5,60.279,2024
54120114,869,540,4,62.601,2024
54120125,1129,565,2,50.221,2024
54120136,525,337,5,65.143,2024
54120147,189,85,7,48.677,2024
54120181,344,204,3,60.174,2024
54120192,1173,862,3,73.743,2024
54120215,1176,789,11,68.027,2024
54120226,1410,1057,8,75.532,2024
54120237,461,329,3,72.017,2024
54120248,753,521,4,69.721,2024
54120259,545,341,3,63.119,2024
54120260,249,146,0,58.635,2024
54120271,540,406,14,77.778,2024
54120282,250,208,1,83.6,2024
54120293,268,252,2,94.776,2024
54160017,1901,1017,9,53.972,2024
54160028,905,485,4,54.033,2024
54160039,1267,808,10,64.562,2024
54160040,2018,1222,15,61.298,2024
54160051,515,359,7,71.068,2024
54160062,477,297,0,62.264,2024
54160073,223,137,2,62.332,2024
54160084,591,401,0,67.851,2024
54160095,1649,1100,11,67.374,2024
54160107,853,575,12,68.816,2024
54200012,373,205,2,55.496,2024
54200023,399,206,4,52.632,2024
54200034,1694,822,10,49.115,2024
54200045,652,344,4,53.374,2024
54200056,92,41,0,44.565,2024
54200067,195,120,1,62.051,2024
54200078,739,458,4,62.517,2024
54200089,435,289,11,68.966,2024
54210013,1849,1124,8,61.222,2024
54210024,1594,925,12,58.783,2024
54210035,1088,503,6,46.783,2024
54210046,1886,986,11,52.863,2024
54210057,1240,597,1,48.226,2024
54210068,770,332,4,43.636,2024
54210079,1536,879,3,57.422,2024
54210080,1317,755,4,57.631,2024
54210091,1643,934,8,57.334,2024
54210103,1565,784,5,50.415,2024
54210114,1650,902,11,55.333,2024
54210125,445,257,1,57.978,2024
54210169,545,285,11,54.312,2024
54210170,1038,591,4,57.322,2024
54210192,897,568,12,64.66,2024
54210204,1311,828,9,63.844,2024
54210215,116,62,1,54.31,2024
54210226,966,535,13,56.729,2024
54210237,1378,813,3,59.216,2024
54210248,1411,866,5,61.729,2024
54210259,937,546,8,59.125,2024
54210260,675,450,5,67.407,2024
54210271,683,447,3,65.886,2024
54210282,1082,695,5,64.695,2024
54210293,609,400,4,66.338,2024
54210305,347,202,2,58.79,2024
54210316,880,530,21,62.614,2024
54210327,419,245,1,58.711,2024
54210338,439,292,3,67.198,2024
54210349,443,273,1,61.851,2024
54210350,386,260,3,68.135,2024
54210361,462,304,6,67.1,2024
54220014,1233,579,5,47.364,2024
54220025,1141,555,6,49.167,2024
54220036,1122,639,7,57.576,2024
54220047,1453,732,3,50.585,2024
54220058,914,398,2,43.764,2024
54220069,1303,748,11,58.25,2024
54220070,833,524,0,62.905,2024
54220081,892,561,5,63.453,2024
54220092,1393,730,5,52.764,2024
54220104,1348,650,0,48.22,2024
54220115,1810,840,16,47.293,2024
54220126,1075,480,8,45.395,2024
54220137,950,575,6,61.158,2024
54220148,1015,524,2,51.823,2024
54220159,1200,605,9,51.167,2024
54220160,742,399,0,53.774,2024
54220171,758,463,2,61.346,2024
54220182,280,137,2,49.643,2024
54220205,537,280,5,53.073,2024
54220216,1100,549,7,50.545,2024
54220227,521,278,3,53.935,2024
54220238,464,271,4,59.267,2024
54220249,995,593,1,59.698,2024
54220250,396,250,3,63.889,2024
54220261,258,236,0,91.473,2024
54220272,391,246,1,63.171,2024
54220283,1372,769,9,56.706,2024
54220294,330,200,1,60.909,2024
54220306,904,473,9,53.319,2024
54220317,584,375,7,65.411,2024
54220328,792,484,3,61.49,2024
54220339,685,407,2,59.708,2024
54220340,701,356,7,51.783,2024
54220351,407,216,1,53.317,2024
54220362,614,381,7,63.192,2024
54220373,210,126,5,62.381,2024
54220384,611,354,4,58.592,2024
54220395,714,397,40,61.204,2024
54220407,792,503,4,64.015,2024
54220418,476,327,3,69.328,2024
54220430,662,362,6,55.589,2024
54220441,178,140,1,79.213,2024
54390012,111,61,1,55.856,2024
54390023,211,147,0,69.668,2024
54390034,464,274,18,62.931,2024
54390045,302,184,4,62.252,2024
54390056,230,160,2,70.435,2024
54390067,331,251,1,76.133,2024
54410015,264,143,0,54.167,2024
54410149,291,176,3,61.512,2024
54410206,519,288,14,58.189,2024
54410228,129,82,1,64.341,2024
54150016,2963,1633,5,55.282,2024
54150027,733,428,5,59.072,2024
54150038,1018,628,1,61.788,2024
54170018,669,341,1,51.121,2024
54170029,1024,651,3,63.867,2024
54180019,2345,1510,7,64.691,2024
54180020,553,391,8,72.152,2024
54230015,1770,1291,7,73.333,2024
54230026,1455,684,7,47.491,2024
54230037,1393,755,25,55.994,2024
54230048,1085,683,2,63.134,2024
54230059,1957,1219,10,62.8,2024
54230060,1539,845,11,55.621,2024
54230071,1845,1121,11,61.355,2024
54230082,2087,1274,13,61.667,2024
54230093,2000,957,24,49.05,2024
54230105,1967,1252,4,63.854,2024
54230116,1706,1026,9,60.668,2024
54230127,1173,800,4,68.542,2024
54230138,697,408,2,58.824,2024
54230149,1061,710,2,67.107,2024
54230150,1544,898,9,58.744,2024
54230161,2740,1747,7,64.015,2024
54230172,987,631,13,65.248,2024
54230183,1041,635,6,61.575,2024
54230194,1305,839,16,65.517,2024
54230206,1728,1280,12,74.769,2024
54230217,3653,2160,31,59.978,2024
54230228,2431,1761,25,73.468,2024
54230239,747,681,9,92.369,2024
54230240,908,607,2,67.07,2024
54230251,779,542,2,69.833,2024
54230262,298,213,4,72.819,2024
54290011,1416,743,4,52.754,2024
54290022,2358,1498,11,63.995,2024
54380022,290,159,1,55.172,2024
54410026,2418,1365,11,56.907,2024
54410037,128,70,0,54.688,2024
54410048,119,113,3,97.479,2024
54410071,242,135,2,56.612,2024
54410082,401,98,1,24.688,2024
54410093,1976,861,29,45.04,2024
54410105,326,196,3,61.043,2024
54410116,660,416,8,64.242,2024
54410127,1996,1065,14,54.058,2024
54410138,349,209,3,60.745,2024
54410150,625,355,5,57.6,2024
54410161,677,388,11,58.936,2024
54410194,1767,1055,5,59.989,2024
54410217,608,256,4,42.763,2024
54410239,162,84,3,53.704,2024
54410240,118,89,1,76.271,2024
54410251,144,82,1,57.639,2024
54410262,426,275,5,65.728,2024
54410273,98,44,3,47.959,2024
54410284,435,161,0,37.011,2024
54410318,1823,917,10,50.85,2024
54410330,302,230,4,77.483,2024
54410341,87,55,2,65.517,2024
54410352,119,72,5,64.706,2024
54410363,645,395,6,62.171,2024
54410374,227,161,14,77.093,2024
54410385,250,152,1,61.2,2024
54410396,157,118,2,76.433,2024
54410408,156,108,4,71.795,2024
54410419,287,198,2,69.686,2024
54410420,140,101,1,72.857,2024
54410431,109,76,0,69.725,2024
54410442,161,105,1,65.839,2024
54410453,69,39,1,57.971,2024
54410464,226,139,2,62.389,2024
54410475,115,38,1,33.913,2024
54410486,192,145,0,75.521,2024
54410497,655,399,8,62.137,2024
54410509,187,123,1,66.31,2024
54410510,164,118,2,73.171,2024
54110012,1744,1164,11,67.374,2024
54110023,2439,1341,25,56.007,2024
54110034,1493,857,4,57.669,2024
54320015,1973,1288,4,65.484,2024
54320026,1825,925,17,51.616,2024
54320037,1451,769,4,53.274,2024
54320048,1630,996,2,61.227,2024
54320059,1139,654,1,57.507,2024
54320060,2814,1425,21,51.386,2024
54320071,2483,1290,18,52.678,2024
54320082,1055,594,14,57.63,2024
54320093,895,499,5,56.313,2024
54320105,2033,1277,20,63.797,2024
54320116,684,443,3,65.205,2024
54320127,1578,945,8,60.393,2024
54320138,2031,1138,15,56.77,2024
54320149,1022,622,3,61.155,2024
54320150,1733,1039,15,60.819,2024
54320161,1156,678,8,59.343,2024
54320172,1019,591,9,58.881,2024
54410172,1314,968,16,74.886,2024
54410183,290,211,2,73.448,2024
54410295,291,179,3,62.543,2024
54410307,336,243,2,72.917,2024
54440018,842,513,9,61.995,2024
54440029,316,205,3,65.823,2024
54440030,1001,579,6,58.442,2024
54440041,778,429,6,55.913,2024
54440052,381,261,5,69.816,2024
54440063,416,254,5,62.26,2024
54440074,576,362,15,65.451,2024
54440085,1605,862,19,54.891,2024
54440096,1243,664,10,54.224,2024
54440119,1015,620,11,62.167,2024
54440120,646,353,5,55.418,2024
54440131,586,298,0,50.853,2024
54440142,2246,1402,10,62.867,2024
54440153,1251,805,7,64.908,2024
54440164,572,350,1,61.364,2024
54440175,560,346,4,62.5,2024
54440186,650,315,1,48.615,2024
54440197,441,274,3,62.812,2024
54440209,1775,1012,20,58.141,2024
54440210,505,279,2,55.644,2024
54440221,504,290,5,58.532,2024
54440232,585,384,5,66.496,2024
54440243,395,271,4,69.62,2024
54440254,188,145,1,77.66,2024
54440276,598,365,2,61.371,2024
54440287,160,95,0,59.375,2024
54440298,338,193,2,57.692,2024
54440300,561,332,12,61.319,2024
54440311,524,311,4,60.115,2024
54440322,2312,1123,13,49.135,2024
54440333,1222,816,8,67.43,2024
54440344,290,200,1,69.31,2024
54440355,1128,750,7,67.11,2024
54440366,279,142,1,51.254,2024
54440377,426,315,4,74.883,2024
54440388,391,240,1,61.637,2024
54440399,1391,866,13,63.192,2024
54440401,256,150,3,59.766,2024
54440412,501,383,3,77.046,2024
54440423,254,184,2,73.228,2024
54470044,484,300,3,62.603,2024
54470077,397,243,4,62.217,2024
54470088,2231,1117,13,50.65,2024
54470099,1046,580,7,56.119,2024
54470112,1596,803,9,50.877,2024
54470156,1664,1100,8,66.587,2024
54470167,392,233,3,60.204,2024
54470178,632,374,3,59.652,2024
54470189,508,311,4,62.008,2024
54470190,562,359,2,64.235,2024
54470202,459,312,12,70.588,2024
54470213,817,567,7,70.257,2024
54100011,1614,924,11,57.931,2024
54100022,1527,946,32,64.047,2024
54100033,2099,1313,15,63.268,2024
54100044,988,575,2,58.401,2024
54100055,113,76,0,67.257,2024
54310014,2228,1279,18,58.214,2024
54310025,709,446,1,63.047,2024
54340017,1936,1319,16,68.957,2024
54340028,1509,771,2,51.226,2024
54340039,997,666,9,67.703,2024
54340040,1704,1032,15,61.444,2024
54340051,2057,1459,11,71.463,2024
54340062,778,535,13,70.437,2024
54340073,2389,1595,2,66.848,2024
54340084,2895,1594,0,55.06,2024
54340095,686,452,2,66.181,2024
54350018,1252,764,11,61.901,2024
54350029,1340,830,7,62.463,2024
54350030,1027,643,13,63.875,2024
54360019,1465,793,4,54.403,2024
54360020,293,172,3,59.727,2024
54360031,362,180,1,50.0,2024
54360042,280,181,3,65.714,2024
54360053,556,275,9,51.079,2024
54360064,1425,754,8,53.474,2024
54360075,644,303,1,47.205,2024
54360086,1202,661,10,55.824,2024
54360097,1703,944,21,56.665,2024
54360109,529,289,5,55.577,2024
54360110,1067,619,9,58.857,2024
54360121,128,86,5,71.094,2024
54410060,95,37,0,38.947,2024
54460010,202,114,6,59.406,2024
54460021,171,102,1,60.234,2024
54460032,145,80,2,56.552,2024
54460043,402,251,1,62.687,2024
54460076,193,93,5,50.777,2024
54460087,156,105,2,68.59,2024
54470011,147,62,2,43.537,2024
54470055,207,100,0,48.309,2024
54470134,370,207,1,56.216,2024
54470145,260,135,1,52.308,2024
54300013,2203,1303,15,59.828,2024
54300024,1693,1288,12,76.787,2024
54330016,2166,1199,1,55.402,2024
54330027,1103,545,8,50.136,2024
54330038,2740,1523,1,55.62,2024
54330049,2201,1416,5,64.562,2024
54330050,1144,628,11,55.857,2024
54330061,1780,966,15,55.112,2024
54330072,2592,1443,9,56.019,2024
54330094,1355,743,9,55.498,2024
54330106,1913,1105,8,58.181,2024
54330117,2094,1244,17,60.22,2024
54330128,1186,659,9,56.324,2024
54330139,2005,1116,14,56.359,2024
54330140,833,505,4,61.104,2024
54330151,2867,1719,29,60.97,2024
54330162,1679,1003,15,60.631,2024
54330173,1146,840,7,73.909,2024
54330184,1440,953,14,67.153,2024
54330195,482,282,2,58.921,2024
54330207,826,467,6,57.264,2024
54330218,886,596,0,67.269,2024
54330229,1051,622,9,60.038,2024
54330230,1695,872,9,51.976,2024
54330241,1128,1025,0,90.869,2024
54380033,229,133,1,58.515,2024
54410059,330,198,1,60.303,2024
54450019,1212,591,7,49.34,2024
54450020,346,192,0,55.491,2024
54450031,376,178,1,47.606,2024
54450053,297,150,1,50.842,2024
54450064,963,466,13,49.74,2024
54450075,2174,1241,15,57.774,2024
54450086,548,354,4,65.328,2024
54450143,261,112,4,44.444,2024
54450154,297,141,1,47.811,2024
54450165,173,39,0,22.543,2024
54450176,208,94,1,45.673,2024
54450187,2449,1387,26,57.697,2024
54450198,106,60,1,57.547,2024
54450200,189,125,0,66.138,2024
54450211,2357,1285,19,55.325,2024
54450222,313,205,4,66.773,2024
54130014,1219,694,20,58.573,2024
54130025,946,499,17,54.545,2024
54130036,1481,857,11,58.609,2024
54130047,1845,938,12,51.491,2024
54130070,1477,824,13,56.669,2024
54130081,948,560,8,59.916,2024
54130092,669,374,3,56.353,2024
54130104,868,519,11,61.06,2024
54130115,545,335,3,62.018,2024
54130126,560,335,8,61.25,2024
54130137,767,466,6,61.538,2024
54130148,563,333,5,60.036,2024
54130159,612,413,3,67.974,2024
54130160,649,394,7,61.787,2024
54130171,100,70,2,72.0,2024
54130182,625,425,3,68.48,2024
54240016,1725,1030,9,60.232,2024
54240027,511,319,6,63.601,2024
54240038,1535,884,16,58.632,2024
54240049,94,59,0,62.766,2024
54250017,728,383,3,53.022,2024
54250028,1565,909,9,58.658,2024
54370021,56,33,2,62.5,2024
54370032,1035,612,5,59.614,2024
54370054,192,91,0,47.396,2024
54370065,86,29,0,33.721,2024
54370076,97,48,2,51.546,2024
54370087,46,31,0,67.391,2024
54370098,99,56,0,56.566,2024
54450042,322,145,1,45.342,2024
54140015,2122,968,6,45.9,2024
54140026,1065,619,4,58.498,2024
54140037,1403,842,18,61.297,2024
54140048,2025,1202,5,59.605,2024
54140059,2177,1326,19,61.782,2024
54140060,1471,895,14,61.795,2024
54140071,1724,1416,17,83.121,2024
54140082,2874,1945,16,68.232,2024
54140093,1945,1091,7,56.452,2024
54140105,3046,2118,3,69.632,2024
54140116,1297,723,10,56.515,2024
54140127,1414,891,11,63.791,2024
54140138,2833,1910,26,68.337,2024
54140149,965,618,5,64.56,2024
54140150,2260,1347,16,60.31,2024
54140161,735,729,7,100.136,2024
54140172,674,449,2,66.914,2024
54140183,179,166,4,94.972,2024
54260018,3463,2620,2,75.715,2024
54260029,2524,1462,4,58.082,2024
54260041,2305,1547,7,67.419,2024
54260052,3719,2649,8,71.444,2024
54260063,3187,2012,16,63.634,2024
54260074,1935,1107,1,57.261,2024
54260085,3497,2137,11,61.424,2024
54260096,2184,1315,6,60.485,2024
54260108,1951,1089,8,56.228,2024
54260119,1549,1009,11,65.849,2024
54260120,1800,947,15,53.444,2024
54260131,1300,627,9,48.923,2024
54260142,1299,739,12,57.814,2024
54260153,2271,1158,23,52.004,2024
54260175,2246,977,16,44.212,2024
54260186,1919,1038,10,54.612,2024
54260197,1771,703,17,40.655,2024
54260209,883,429,9,49.604,2024
54260210,2138,957,10,45.229,2024
54260221,2124,1234,23,59.181,2024
54260232,2411,1262,10,52.758,2024
54260243,1076,631,10,59.572,2024
54260254,1778,1011,6,57.199,2024
54260265,1879,832,2,44.385,2024
54260287,2441,1023,9,42.278,2024
54260298,1784,1010,10,57.175,2024
54260300,3723,1799,26,49.02,2024
54260311,1276,737,6,58.229,2024
54260333,1390,797,22,58.921,2024
54260344,601,360,3,60.399,2024
54260355,1191,648,7,54.996,2024
54260366,952,548,1,57.668,2024
54260377,1490,955,9,64.698,2024
54260388,1570,1203,10,77.261,2024
54260399,2453,938,12,38.728,2024
54260401,1230,677,12,56.016,2024
54260412,1582,874,9,55.815,2024
54260423,636,453,2,71.541,2024
54260434,2460,1486,0,60.407,2024
54260445,2925,2119,2,72.513,2024
54260456,1282,712,7,56.084,2024
54260467,1360,810,7,60.074,2024
54260478,1112,648,2,58.453,2024
54260490,639,369,1,57.903,2024
54260502,459,340,2,74.51,2024
54260513,1710,860,1,50.351,2024
54260524,694,467,2,67.579,2024
54260535,1655,786,20,48.701,2024
54260546,695,519,0,74.676,2024
54260557,312,227,2,73.397,2024
54280010,1486,954,3,64.401,2024
54280021,2117,1250,10,59.518,2024
54280032,2224,1515,23,69.155,2024
54280043,2103,1111,37,54.589,2024
54280065,1002,584,1,58.383,2024
54280076,2765,1253,10,45.678,2024
54280098,551,345,1,62.795,2024
54280100,943,536,2,57.052,2024
54280111,562,345,7,62.633,2024
54280122,275,244,2,89.455,2024
54380011,428,289,3,68.224,2024
54380044,332,188,3,57.53,2024
54380055,282,178,2,63.83,2024
54380066,192,65,1,34.375,2024
54380077,223,132,0,59.193,2024
54420038,326,170,3,53.067,2024
54420049,130,70,0,53.846,2024
54420050,435,212,0,48.736,2024
54420072,1076,754,9,70.911,2024
54420083,284,145,4,52.465,2024
54420106,2322,1471,11,63.824,2024
54420128,217,70,0,32.258,2024
54420139,2203,967,10,44.349,2024
54420140,2177,1013,14,47.175,2024
54420151,534,260,6,49.813,2024
54420162,1347,728,17,55.308,2024
54420173,99,73,0,73.737,2024
54420184,1152,600,17,53.559,2024
54420195,914,543,1,59.519,2024
54420207,128,83,9,71.875,2024
54450097,244,51,0,20.902,2024
54190010,1918,907,12,47.914,2024
54190021,2642,1518,12,57.911,2024
54190032,1524,893,3,58.793,2024
54190043,2455,1326,16,54.664,2024
54190054,2050,1129,16,55.854,2024
54190065,1169,658,5,56.715,2024
54190076,2013,1119,12,56.185,2024
54190087,2375,1292,22,55.326,2024
54190098,1497,961,8,64.729,2024
54190100,1304,728,7,56.365,2024
54190111,1828,994,70,58.206,2024
54190122,1789,1234,0,68.977,2024
54190133,1003,574,20,59.222,2024
54190144,2027,1258,11,62.605,2024
54190155,1346,567,0,42.125,2024
54400014,796,454,2,57.286,2024
54400036,1309,893,1,68.296,2024
54400047,397,216,5,55.668,2024
54400058,219,94,2,43.836,2024
54400069,185,48,0,25.946,2024
54400070,621,315,2,51.047,2024
54400081,273,128,0,46.886,2024
54400092,438,217,0,49.543,2024
54400104,2537,1389,22,55.617,2024
54400126,865,467,7,54.798,2024
54400137,882,519,5,59.41,2024
54400148,492,410,2,83.74,2024
54420016,376,163,0,43.351,2024
54270019,3252,1335,23,41.759,2024
54270020,2259,1312,7,58.389,2024
54270031,3746,2431,28,65.643,2024
54270042,1366,805,26,60.835,2024
54270053,2713,1551,16,57.759,2024
54270064,856,622,0,72.664,2024
54270075,788,559,6,71.701,2024
54270086,380,279,0,73.421,2024
54430028,899,350,14,40.489,2024
54430039,635,300,1,47.402,2024
54430040,234,113,6,50.855,2024
54430051,1904,1058,11,56.145,2024
54430062,1745,1108,13,64.241,2024
54430073,368,162,1,44.293,2024
54430084,490,199,3,41.224,2024
54430095,1438,836,12,58.971,2024
54430107,322,273,7,86.957,2024
54630019,3909,2123,29,55.052,2024
54630020,2352,1421,12,60.927,2024
54630031,2988,2272,7,76.272,2024
54630042,2236,1086,7,48.882,2024
54630053,2035,1237,28,62.162,2024
54630064,1460,642,7,44.452,2024
54630086,602,469,4,78.571,2024
54650011,3959,2533,26,64.638,2024
54650022,2375,1507,3,63.579,2024
54650033,3646,2558,3,70.241,2024
54650044,4076,1541,3,37.88,2024
54650055,2705,1419,16,53.05,2024
54650066,2601,1535,8,59.323,2024
54650077,1838,1279,3,69.75,2024
54650088,2633,1269,9,48.538,2024
54650099,2431,1485,8,61.415,2024
54650101,2889,1825,8,63.448,2024
54650112,2200,1350,22,62.364,2024
54650123,5298,3542,14,67.12,2024
54650145,1950,1299,9,67.077,2024
54650156,3994,2151,32,54.657,2024
54650167,2221,1065,10,48.402,2024
54650178,1989,1200,2,60.432,2024
54650189,1503,818,12,55.223,2024
54650190,2605,1515,20,58.925,2024
54650202,1868,946,0,50.642,2024
54650213,1582,869,5,55.247,2024
54650224,2535,1390,16,55.464,2024
54650235,1861,771,12,42.074,2024
54650246,3487,2154,21,62.375,2024
54650257,2296,1523,23,67.334,2024
54650268,1349,858,6,64.047,2024
54650279,1386,794,7,57.792,2024
54650280,1496,910,9,61.43,2024
54650291,1543,758,4,49.384,2024
54650303,1858,732,8,39.828,2024
54650314,903,484,2,53.821,2024
54650336,2390,1537,9,64.686,2024
54650347,1788,911,21,52.125,2024
54650358,1903,1032,1,54.283,2024
54650369,2401,1803,8,75.427,2024
54650370,1321,604,7,46.253,2024
54650381,2145,726,2,33.939,2024
54650392,2388,1275,10,53.811,2024
54650404,733,470,4,64.666,2024
54650415,1890,1062,0,56.19,2024
54650426,2767,1425,14,52.006,2024
54650437,2077,1301,6,62.927,2024
54650448,4212,2119,33,51.092,2024
54650459,1493,758,5,51.105,2024
54650460,488,457,2,94.057,2024
54650471,1070,589,9,55.888,2024
54650482,3019,1145,17,38.49,2024
54650493,697,345,2,49.785,2024
54650505,1771,997,17,57.256,2024
54650516,3224,1449,5,45.099,2024
54650527,2515,1649,13,66.083,2024
54650538,474,299,5,64.135,2024
54650549,1381,591,10,43.519,2024
54650550,578,409,3,71.28,2024
54650561,1038,589,8,57.514,2024
54650572,706,551,2,78.329,2024
54650583,1402,796,6,57.204,2024
54650594,2186,972,16,45.197,2024
54650606,572,403,1,70.629,2024
54650617,3261,1500,12,46.366,2024
54650628,3276,1520,13,46.795,2024
54650639,1453,1065,0,73.297,2024
54650640,933,612,0,65.595,2024
54650651,996,580,2,58.434,2024
54650662,2474,1578,4,63.945,2024
54650673,1020,556,4,54.902,2024
54650684,1087,589,2,54.37,2024
54650695,993,696,4,70.493,2024
54650718,1099,717,6,65.787,2024
54650729,474,332,0,70.042,2024
54650730,924,642,2,69.697,2024
54650741,687,527,0,76.71,2024
54650752,1090,889,1,81.651,2024
54650763,2548,1328,9,52.473,2024
54650774,1667,1182,4,71.146,2024
54650785,764,453,5,59.948,2024
54650796,1489,893,10,60.645,2024
54650808,771,574,4,74.968,2024
54650819,894,698,2,78.3,2024
54650820,750,479,14,65.733,2024
54650831,712,520,2,73.315,2024
54650842,818,633,14,79.095,2024
54650853,1642,995,8,61.084,2024
54650864,562,349,4,62.811,2024
54650875,24,19,0,79.167,2024
54650886,117,84,2,73.504,2024
54650897,673,797,7,119.465,2024
54700017,441,242,2,55.329,2024
54700028,864,283,3,33.102,2024
54700039,249,90,0,36.145,2024
54700051,2892,1117,23,39.419,2024
54700073,589,310,3,53.141,2024
54700084,965,489,3,50.984,2024
54700095,1100,412,2,37.636,2024
54700118,1030,646,9,63.592,2024
54700129,487,296,2,61.191,2024
54700130,409,265,0,64.792,2024
54530018,1197,518,8,43.943,2024
54530029,2821,1528,8,54.449,2024
54530030,2248,1122,10,50.356,2024
54530041,1578,908,8,58.048,2024
54530052,3439,1910,26,56.295,2024
54600016,1757,1092,9,62.664,2024
54600027,2839,2084,5,73.582,2024
54600038,3194,1818,35,58.015,2024
54600049,1418,974,3,68.9,2024
54600050,2546,1592,1,62.569,2024
54600061,2203,1020,26,47.481,2024
54600072,2596,1389,44,55.2,2024
54600083,1964,1084,11,55.754,2024
54600094,2323,1286,20,56.22,2024
54600106,2858,1546,21,54.829,2024
54600117,674,437,3,65.282,2024
54600128,1819,1057,10,58.659,2024
54600139,1683,913,6,54.605,2024
54600140,5681,3627,13,64.073,2024
54600151,2061,1450,1,70.403,2024
54600162,3461,1735,5,50.274,2024
54600173,1826,1141,2,62.596,2024
54600184,2348,1079,22,46.891,2024
54600195,2723,1398,19,52.038,2024
54600207,2926,1198,17,41.524,2024
54600218,2433,1332,90,58.446,2024
54600229,2466,1324,0,53.69,2024
54600230,1506,1127,0,74.834,2024
54600241,1471,888,12,61.183,2024
54600252,3629,1993,25,55.608,2024
54600263,1186,726,4,61.551,2024
54600274,779,403,6,52.503,2024
54600285,1208,700,3,58.195,2024
54600296,990,646,3,65.556,2024
54600308,999,692,4,69.67,2024
54600319,1915,895,45,49.086,2024
54600320,1751,1304,6,74.814,2024
54600331,664,435,5,66.265,2024
54600342,1104,821,6,74.909,2024
54600353,1259,882,11,70.929,2024
54680025,1468,636,12,44.142,2024
54680058,821,283,7,35.323,2024
54680069,582,196,0,33.677,2024
54680070,2664,1279,7,48.273,2024
54680081,2050,1012,10,49.854,2024
54680092,536,287,5,54.478,2024
54680104,343,227,1,66.472,2024
54680126,433,176,1,40.878,2024
54680148,2686,1260,21,47.692,2024
54680159,545,244,6,45.872,2024
54680238,2076,1557,2,75.096,2024
54680261,2258,1031,19,46.501,2024
54680272,2282,912,12,40.491,2024
54680283,236,147,5,64.407,2024
54680294,387,124,0,32.041,2024
54680306,634,395,4,62.934,2024
54680317,555,554,8,101.261,2024
54680328,975,533,5,55.179,2024
54680395,958,609,9,64.509,2024
54680407,506,344,6,69.17,2024
54680429,1096,751,10,69.434,2024
54680430,1987,1139,26,58.631,2024
54680441,2367,1548,17,66.117,2024
54680452,1937,1413,7,73.309,2024
54680463,355,204,4,58.592,2024
54680474,503,415,2,82.903,2024
54680485,802,634,19,81.421,2024
54490013,1966,1100,14,56.663,2024
54490024,949,547,4,58.061,2024
54490035,802,417,2,52.244,2024
54490046,859,484,10,57.509,2024
54490057,2533,1537,25,61.666,2024
54490068,693,469,1,67.821,2024
54490080,672,416,6,62.798,2024
54490091,508,310,1,61.22,2024
54500015,1954,1220,14,63.153,2024
54500026,655,421,1,64.427,2024
54500037,822,520,5,63.869,2024
54550010,1121,605,6,54.505,2024
54550021,950,596,4,63.158,2024
54550032,1785,1078,3,60.56,2024
54640010,1760,1033,5,58.977,2024
54640021,882,504,0,57.143,2024
54640032,1181,664,7,56.816,2024
54660023,211,125,1,59.716,2024
54660034,95,41,2,45.263,2024
54660045,112,50,0,44.643,2024
54660067,975,553,6,57.333,2024
54660078,199,114,2,58.291,2024
54660090,121,63,1,52.893,2024
54660102,461,250,12,56.833,2024
54660113,413,255,0,61.743,2024
54660124,116,60,3,54.31,2024
54660135,94,43,5,51.064,2024
54660146,128,86,2,68.75,2024
54660157,264,37,1,14.394,2024
54660168,385,287,0,74.545,2024
54660179,360,239,6,68.056,2024
54660180,133,78,0,58.647,2024
54660191,285,179,1,63.158,2024
54660203,404,255,6,64.604,2024
54660214,129,94,1,73.643,2024
54680036,448,214,2,48.214,2024
54680160,146,50,2,35.616,2024
54680171,405,218,9,56.049,2024
54680249,171,89,0,52.047,2024
54680340,197,111,0,56.345,2024
54690015,125,71,0,56.8,2024
54690026,163,50,0,30.675,2024
54690037,326,140,4,44.172,2024
54690048,207,74,0,35.749,2024
54540019,1531,840,12,55.65,2024
54540020,1390,656,11,47.986,2024
54540042,1583,824,14,52.937,2024
54540053,1191,603,13,51.721,2024
54540064,1270,714,12,57.165,2024
54540075,1902,867,6,45.899,2024
54540086,1225,630,8,52.082,2024
54540097,2116,1129,12,53.922,2024
54540109,1355,753,10,56.31,2024
54540110,977,517,3,53.224,2024
54540121,1949,954,14,49.666,2024
54540132,2456,1295,16,53.379,2024
54540143,1199,583,4,48.957,2024
54540154,2974,1640,22,55.884,2024
54540165,1653,954,10,58.318,2024
54540176,204,72,2,36.275,2024
54540187,1429,790,7,55.773,2024
54540198,1118,566,11,51.61,2024
54540200,1867,952,16,51.848,2024
54540211,1694,840,13,50.354,2024
54540222,1491,760,10,51.643,2024
54540233,1142,558,9,49.65,2024
54540299,2594,1470,25,57.633,2024
54540301,1081,490,4,45.698,2024
54540312,637,370,2,58.399,2024
54540334,2297,1141,13,50.239,2024
54540356,1708,865,21,51.874,2024
54540367,472,273,3,58.475,2024
54540378,175,49,0,28.0,2024
54540389,999,508,8,51.652,2024
54540390,2133,1103,13,52.321,2024
54540402,1247,687,8,55.734,2024
54540413,389,260,5,68.123,2024
54540424,1265,756,13,60.791,2024
54540435,1619,878,13,55.034,2024
54540446,1339,768,20,58.85,2024
54540457,1038,570,10,55.877,2024
54540468,854,451,6,53.513,2024
54540479,1127,642,6,57.498,2024
54540491,1155,738,7,64.502,2024
54540503,368,204,2,55.978,2024
54540514,1222,756,8,62.52,2024
54540536,602,359,4,60.299,2024
54540547,787,446,8,57.687,2024
54540558,1330,809,10,61.579,2024
54540569,1284,803,13,63.551,2024
54540570,1034,580,14,57.447,2024
54540581,964,523,7,54.979,2024
54540592,920,551,12,61.196,2024
54540615,669,376,5,56.951,2024
54540626,510,307,2,60.588,2024
54540637,490,264,3,54.49,2024
54540648,1057,593,8,56.859,2024
54540659,673,427,12,65.23,2024
54540660,853,458,4,54.162,2024
54540671,1015,573,6,57.044,2024
54540682,664,338,5,51.657,2024
54540693,966,611,7,63.975,2024
54540705,1929,1247,22,65.785,2024
54540716,1484,809,20,55.863,2024
54540727,776,436,7,57.088,2024
54540738,747,466,3,62.784,2024
54540749,1083,638,4,59.28,2024
54540750,843,446,3,53.262,2024
54540761,1205,654,13,55.353,2024
54540772,1360,861,3,63.529,2024
54540783,1095,640,2,58.63,2024
54540794,1031,611,12,60.427,2024
54540806,2355,1486,17,63.822,2024
54540817,1154,626,11,55.199,2024
54540828,190,67,1,35.789,2024
54540839,1130,802,8,71.681,2024
54540840,918,531,10,58.932,2024
54540862,708,412,4,58.757,2024
54540873,130,55,0,42.308,2024
54540884,1348,761,7,56.973,2024
54540895,721,366,5,51.456,2024
54540907,1185,706,3,59.831,2024
54540918,999,644,16,66.066,2024
54540929,493,294,4,60.446,2024
54540930,867,531,7,62.053,2024
54540941,832,693,2,83.534,2024
54540952,1009,677,4,67.493,2024
54540963,684,454,6,67.251,2024
54540974,490,278,2,57.143,2024
54580181,476,217,7,47.059,2024
54610028,1617,838,6,52.195,2024
54610039,1250,543,13,44.48,2024
54610040,1177,505,8,43.585,2024
54610051,1536,855,12,56.445,2024
54610062,1374,588,12,43.668,2024
54610073,1554,835,30,55.663,2024
54610084,1990,1029,25,52.965,2024
54610095,972,440,7,45.988,2024
54610107,1627,814,7,50.461,2024
54610118,1426,708,8,50.21,2024
54610129,1199,597,11,50.709,2024
54610141,1684,937,6,55.998,2024
54610152,1481,859,17,59.149,2024
54610163,1705,856,16,51.144,2024
54610174,1216,676,8,56.25,2024
54610185,1618,911,14,57.169,2024
54610196,937,505,7,54.642,2024
54610208,1194,708,1,59.38,2024
54610219,1722,933,4,54.413,2024
54610231,1963,996,17,51.605,2024
54610242,1069,534,6,50.514,2024
54610253,1972,945,3,48.073,2024
54610264,1934,987,20,52.068,2024
54610275,1879,968,11,52.102,2024
54610286,1214,719,14,60.379,2024
54610309,1404,752,9,54.202,2024
54610310,730,406,3,56.027,2024
54610321,1511,885,13,59.431,2024
54610332,771,437,9,57.847,2024
54610343,956,580,0,60.669,2024
54610354,623,333,7,54.575,2024
54610365,792,518,7,66.288,2024
54610376,1000,649,9,65.8,2024
54610411,1211,648,11,54.418,2024
54610422,1057,607,9,58.278,2024
54610433,528,321,4,61.553,2024
54610444,1250,759,14,61.84,2024
54610455,573,327,1,57.243,2024
54610466,662,399,4,60.876,2024
54610477,683,396,10,59.444,2024
54610488,781,484,6,62.74,2024
54610499,1367,797,10,59.034,2024
54610501,803,423,6,53.425,2024
54610512,707,444,5,63.508,2024
54610523,452,239,8,54.646,2024
54610545,581,385,2,66.609,2024
54610556,845,502,28,62.722,2024
54610567,274,169,1,62.044,2024
54610578,593,377,8,64.924,2024
54610589,646,386,12,61.61,2024
54610590,617,366,6,60.292,2024
54610602,957,634,4,66.667,2024
54620423,905,532,7,59.558,2024
54700062,158,77,0,48.734,2024
54709139,71,39,3,59.155,2024
54570012,1466,658,38,47.476,2024
54570034,1165,549,6,47.639,2024
54570045,749,298,6,40.587,2024
54570056,580,283,2,49.138,2024
54570067,1022,460,3,45.303,2024
54570089,1060,495,0,46.698,2024
54570090,725,333,1,46.069,2024
54570102,897,414,7,46.934,2024
54570113,1210,488,15,41.57,2024
54570124,1271,566,12,45.476,2024
54570135,1992,868,11,44.127,2024
54570146,1178,538,6,46.18,2024
54570168,471,289,2,61.783,2024
54570179,1333,479,0,35.934,2024
54570180,988,519,1,52.632,2024
54570191,992,499,5,50.806,2024
54570203,590,207,1,35.254,2024
54570214,1023,445,4,43.891,2024
54570225,1133,491,9,44.131,2024
54570236,1521,694,6,46.022,2024
54570247,1183,550,2,46.661,2024
54570258,1522,634,2,41.787,2024
54570269,1129,500,7,44.907,2024
54570270,1059,537,4,51.086,2024
54570281,993,499,2,50.453,2024
54570292,837,399,4,48.148,2024
54570304,545,261,0,47.89,2024
54570315,713,302,4,42.917,2024
54570326,1349,660,4,49.222,2024
54570337,405,195,4,49.136,2024
54570348,428,227,3,53.738,2024
54570359,1271,574,9,45.869,2024
54570360,935,529,8,57.433,2024
54570371,943,433,2,46.129,2024
54570393,298,169,3,57.718,2024
54570405,709,372,12,54.161,2024
54570416,517,297,3,58.027,2024
54570427,663,254,8,39.517,2024
54570438,484,263,1,54.545,2024
54580013,1095,519,4,47.763,2024
54580035,2044,1045,14,51.81,2024
54580046,1447,578,2,40.083,2024
54580057,1073,478,7,45.2,2024
54580068,1653,700,15,43.255,2024
54580079,1693,775,6,46.131,2024
54580080,1861,905,11,49.221,2024
54580091,1410,680,18,49.504,2024
54580103,949,363,8,39.094,2024
54580114,432,239,4,56.25,2024
54580125,731,307,3,42.408,2024
54580136,1554,654,21,43.436,2024
54580158,1330,748,7,56.767,2024
54580169,1330,648,2,48.872,2024
54580192,1300,641,6,49.769,2024
54580204,1151,475,10,42.137,2024
54580215,1248,691,7,55.929,2024
54580226,67,26,0,38.806,2024
54580237,1006,531,5,53.28,2024
54580248,839,495,5,59.595,2024
54580259,821,493,5,60.658,2024
54580260,1225,667,10,55.265,2024
54580271,1295,655,8,51.197,2024
54580282,735,455,9,63.129,2024
54580293,560,327,4,59.107,2024
54580305,697,400,3,57.819,2024
54580316,998,507,3,51.102,2024
54580327,169,117,0,69.231,2024
54590014,1333,688,9,52.288,2024
54590025,1332,701,11,53.453,2024
54590036,1662,957,13,58.363,2024
54590047,1538,804,8,52.796,2024
54590058,1899,955,15,51.08,2024
54590069,1244,688,13,56.35,2024
54590070,1483,758,12,51.922,2024
54590081,1043,608,10,59.252,2024
54590092,1384,611,6,44.581,2024
54590104,1131,557,6,49.779,2024
54590115,1451,773,7,53.756,2024
54590126,1628,794,4,49.017,2024
54590137,1751,906,7,52.142,2024
54590148,1248,608,5,49.119,2024
54590159,1444,763,15,53.878,2024
54590160,1298,670,17,52.928,2024
54590171,2286,1173,16,52.012,2024
54590182,1609,816,6,51.088,2024
54590193,1237,564,10,46.403,2024
54590205,1876,1056,10,56.823,2024
54590216,1223,590,6,48.733,2024
54590227,1800,563,2,31.389,2024
54590238,1853,981,12,53.589,2024
54590250,1284,692,16,55.14,2024
54590261,996,588,9,59.94,2024
54590272,1331,799,5,60.406,2024
54590283,1030,688,13,68.058,2024
54590294,460,256,2,56.087,2024
54590306,1445,738,1,51.142,2024
54590328,1039,553,7,53.898,2024
54590339,696,363,7,53.161,2024
54590340,1900,1073,13,57.158,2024
54590351,1200,638,4,53.5,2024
54590362,935,487,0,52.086,2024
54590373,278,138,1,50.0,2024
54590384,1428,798,8,56.443,2024
54590395,526,292,3,56.084,2024
54590407,722,408,5,57.202,2024
54590418,640,417,5,65.938,2024
54590429,1206,638,10,53.731,2024
54590430,892,510,11,58.408,2024
54590441,926,579,8,63.391,2024
54590452,793,414,7,53.09,2024
54590463,1093,743,4,68.344,2024
54590474,459,229,1,50.109,2024
54590485,604,392,2,65.232,2024
54590496,607,379,5,63.262,2024
54590508,1034,575,10,56.576,2024
54590519,833,535,8,65.186,2024
54590520,550,246,5,45.636,2024
54660012,924,516,2,56.061,2024
54730010,2563,1160,8,45.572,2024
54760013,2473,1169,86,50.748,2024
54760024,1316,591,0,44.909,2024
54760035,892,478,4,54.036,2024
54760046,2276,1226,3,53.998,2024
54760057,1911,818,7,43.171,2024
54760068,820,423,5,52.195,2024
54760079,2603,1635,10,63.196,2024
54760080,1921,1135,0,59.084,2024
54760091,1897,987,5,52.293,2024
54760103,2054,992,8,48.685,2024
54760114,2304,1281,5,55.816,2024
54760125,1890,1296,4,68.783,2024
54800018,3029,1134,33,38.528,2024
54800029,3052,1632,5,53.637,2024
54800030,1085,596,9,55.76,2024
54800041,983,629,4,64.395,2024
54860014,1125,722,10,65.067,2024
54860036,1141,488,1,42.857,2024
54860070,1194,688,4,57.956,2024
54860137,512,295,4,58.398,2024
54860159,189,46,1,24.868,2024
54860193,246,135,2,55.691,2024
54860205,221,150,0,67.873,2024
54860216,176,112,0,63.636,2024
54860317,231,138,3,61.039,2024
54870082,774,368,7,48.45,2024
54900020,2119,1141,18,54.696,2024
54900031,1516,618,48,43.931,2024
54900042,1630,722,5,44.601,2024
54900053,946,492,4,52.431,2024
54900064,1230,605,6,49.675,2024
54900075,260,100,0,38.462,2024
54900086,422,87,1,20.853,2024
54900097,1287,656,10,51.748,2024
54900109,254,95,0,37.402,2024
54900110,295,83,2,28.814,2024
54900121,262,57,0,21.756,2024
54900154,104,38,0,36.538,2024
54900176,385,68,1,17.922,2024
54900187,451,292,8,66.519,2024
54900198,859,474,10,56.345,2024
54900200,619,386,6,63.328,2024
54910010,810,337,0,41.605,2024
54910762,348,119,2,34.77,2024
54750012,2556,1364,19,54.108,2024
54750023,1798,981,14,55.339,2024
54750034,1429,854,8,60.322,2024
54750045,1530,877,12,58.105,2024
54750056,1597,897,5,56.481,2024
54750067,458,299,2,65.721,2024
54750078,828,523,2,63.406,2024
54750089,663,427,7,65.46,2024
54770014,1380,751,3,54.638,2024
54770036,1004,646,6,64.94,2024
54770047,277,130,0,46.931,2024
54770058,255,144,4,58.039,2024
54770069,552,431,0,78.08,2024
54780015,1506,1108,5,73.904,2024
54880016,1076,575,2,53.625,2024
54880027,198,88,3,45.96,2024
54880038,1397,874,7,63.064,2024
54880049,1187,713,7,60.657,2024
54880050,2496,1304,16,52.885,2024
54880061,1048,590,5,56.775,2024
54880083,1968,1124,9,57.571,2024
54880094,2520,1623,11,64.841,2024
54880106,1268,676,6,53.785,2024
54880117,1619,888,12,55.59,2024
54880139,2316,1446,22,63.385,2024
54880162,1735,1069,13,62.363,2024
54880173,636,358,3,56.761,2024
54880184,885,575,5,65.537,2024
54880195,1589,961,6,60.856,2024
54880207,1240,826,10,67.419,2024
54880229,1820,1294,11,71.703,2024
54880230,1585,778,8,49.59,2024
54880241,1615,939,10,58.762,2024
54880252,844,508,8,61.137,2024
54880263,560,355,9,65.0,2024
54880274,836,552,10,67.225,2024
54880285,2277,1279,6,56.434,2024
54880296,784,386,3,49.617,2024
54880308,1951,987,15,51.358,2024
54880319,1256,769,6,61.704,2024
54880342,2672,1468,25,55.876,2024
54880364,844,579,5,69.194,2024
54880375,1131,715,5,63.66,2024
54880386,977,573,5,59.161,2024
54880397,1567,1008,3,64.518,2024
54880409,966,630,3,65.528,2024
54880410,1888,1075,23,58.157,2024
54880421,2156,1202,11,56.262,2024
54880432,786,513,5,65.903,2024
54880443,733,410,6,56.753,2024
54880454,1121,820,10,74.041,2024
54880465,954,583,2,61.321,2024
54880476,601,287,0,47.754,2024
54880487,1488,886,11,60.282,2024
54880498,950,604,8,64.421,2024
54880500,922,623,3,67.896,2024
54880511,837,480,1,57.467,2024
54880522,510,335,2,66.078,2024
54880533,804,540,2,67.413,2024
54880544,1184,706,13,60.726,2024
54880555,854,524,3,61.71,2024
54880566,595,357,5,60.84,2024
54880577,962,603,5,63.202,2024
54880588,601,339,2,56.739,2024
54880599,774,514,1,66.537,2024
54880601,758,537,3,71.24,2024
54880612,686,398,29,62.245,2024
54880623,431,255,0,59.165,2024
54880634,681,356,1,52.423,2024
54880645,606,342,6,57.426,2024
54880656,845,440,5,52.663,2024
54880667,682,435,6,64.663,2024
54880678,508,331,8,66.732,2024
54880689,523,318,1,60.994,2024
54880690,691,501,11,74.096,2024
54880702,128,111,1,87.5,2024
54890017,1228,688,8,56.678,2024
54890040,464,214,3,46.767,2024
54890051,839,480,2,57.449,2024
54890073,310,105,1,34.194,2024
54890084,749,355,6,48.198,2024
54890118,876,567,6,65.411,2024
54890130,746,452,4,61.126,2024
54890141,1141,628,3,55.302,2024
54890152,1122,617,10,55.882,2024
54890163,1571,833,0,53.024,2024
54890174,1251,766,28,63.469,2024
54890185,630,346,7,56.032,2024
54890196,1215,606,6,50.37,2024
54890208,1923,1211,8,63.391,2024
54890219,1224,619,3,50.817,2024
54890220,1617,853,2,52.876,2024
54890231,738,400,5,54.878,2024
54890242,1292,774,24,61.765,2024
54890253,1188,696,6,59.091,2024
54890264,1484,804,21,55.593,2024
54890275,1265,694,3,55.099,2024
54890286,485,238,1,49.278,2024
54890297,567,318,3,56.614,2024
54890309,1184,724,8,61.824,2024
54890310,1751,1031,13,59.623,2024
54890321,1160,748,14,65.69,2024
54890332,1971,1190,5,60.629,2024
54890343,345,202,1,58.841,2024
54890354,425,264,5,63.294,2024
54890365,756,412,7,55.423,2024
54890376,1390,838,28,62.302,2024
54890387,1516,910,11,60.752,2024
54890398,1323,790,4,60.015,2024
54890400,1860,1083,12,58.871,2024
54890411,1898,1046,10,55.638,2024
54890422,901,508,4,56.826,2024
54890433,1374,826,4,60.408,2024
54890444,875,542,8,62.857,2024
54890455,1811,1092,13,61.016,2024
54890466,869,514,5,59.724,2024
54890477,1371,859,12,63.53,2024
54890499,822,445,5,54.745,2024
54890501,883,429,4,49.037,2024
54890512,1191,628,7,53.317,2024
54890523,1008,530,5,53.075,2024
54890534,1678,928,11,55.959,2024
54890556,858,507,2,59.324,2024
54890567,1357,695,7,51.732,2024
54890578,1000,493,4,49.7,2024
54890589,952,516,4,54.622,2024
54890590,1236,688,6,56.149,2024
54890602,461,162,1,35.358,2024
54890613,948,538,5,57.278,2024
54890624,1381,730,9,53.512,2024
54890635,1637,1026,0,62.676,2024
54890646,1123,681,11,61.621,2024
54890657,1940,1091,7,56.598,2024
54890668,927,472,5,51.456,2024
54890679,1519,1023,10,68.005,2024
54890680,1020,507,0,49.706,2024
54890691,1063,636,4,60.207,2024
54890703,182,123,1,68.132,2024
54890725,223,84,4,39.462,2024
54890736,522,348,2,67.05,2024
54890747,1234,719,6,58.752,2024
54890758,886,539,4,61.287,2024
54890769,630,404,2,64.444,2024
54890770,989,638,4,64.914,2024
54890781,1534,931,2,60.821,2024
54890792,1729,934,9,54.54,2024
54890804,811,532,13,67.201,2024
54890815,1370,859,5,63.066,2024
54890826,1567,914,5,58.647,2024
54890837,961,547,0,56.92,2024
54890848,251,104,2,42.231,2024
54890859,1166,804,4,69.297,2024
54890860,699,471,3,67.811,2024
54890871,439,265,4,61.276,2024
54890882,1386,854,3,61.833,2024
54890893,885,592,8,67.797,2024
54890905,448,266,3,60.045,2024
54890916,330,216,2,66.061,2024
54890927,715,427,1,59.86,2024
54890938,389,254,2,65.81,2024
54890949,378,246,0,65.079,2024
54890950,392,273,1,69.898,2024
54890961,511,289,1,56.751,2024
54890972,888,588,10,67.342,2024
54890983,426,275,3,65.258,2024
54890994,440,269,3,61.818,2024
54891007,304,234,3,77.961,2024
54891018,189,144,0,76.19,2024
54891029,176,105,1,60.227,2024
54891030,307,247,0,80.456,2024
54891041,691,698,2,101.302,2024
54891052,224,163,1,73.214,2024
54891063,559,399,5,72.272,2024
54891074,785,712,4,91.21,2024
54891085,508,374,5,74.606,2024
54891096,246,188,1,76.829,2024
54850013,460,253,0,55.0,2024
54850024,379,158,0,41.689,2024
54850035,167,53,1,32.335,2024
54850046,124,92,0,74.194,2024
54850057,182,82,0,45.055,2024
76150010,1189,604,8,51.472,2024
76150021,971,519,0,53.45,2024
76150032,2502,1330,1,53.197,2024
76150043,1414,720,0,50.919,2024
76150054,653,382,3,58.959,2024
76150065,1149,607,1,52.916,2024
76150076,1373,616,5,45.229,2024
76150087,672,318,0,47.321,2024
76150098,709,432,0,60.931,2024
76150100,1075,536,1,49.953,2024
76150122,1069,491,7,46.586,2024
76150133,813,424,5,52.768,2024
76150144,528,383,5,73.485,2024
76150155,1281,702,8,55.425,2024
76150166,1114,587,6,53.232,2024
76150177,1201,664,0,55.287,2024
76150188,876,374,5,43.265,2024
76150199,1042,473,4,45.777,2024
76150201,736,403,3,55.163,2024
76150212,1565,563,5,36.294,2024
76150223,842,448,4,53.682,2024
76150234,1013,505,2,50.049,2024
76150245,1300,539,10,42.231,2024
76150256,1838,808,8,44.396,2024
76150267,506,209,5,42.292,2024
76150278,1894,897,5,47.624,2024
76150289,1352,657,16,49.778,2024
76150290,1170,746,0,63.761,2024
76150302,1349,676,2,50.259,2024
76150313,525,234,5,45.524,2024
76150324,1132,425,8,38.251,2024
76150335,884,418,8,48.19,2024
76150346,1457,780,17,54.701,2024
76150357,898,536,8,60.579,2024
76150368,601,322,0,53.577,2024
76150379,820,389,2,47.683,2024
76150380,1790,838,2,46.927,2024
76150391,1585,710,8,45.3,2024
76150403,655,354,7,55.115,2024
76150414,1773,819,11,46.813,2024
76150425,1522,742,11,49.474,2024
76150436,1371,623,6,45.879,2024
76150447,1392,754,3,54.382,2024
76150458,1207,753,4,62.717,2024
76150469,1104,573,4,52.264,2024
76150470,2234,1011,3,45.389,2024
76150481,1242,664,7,54.026,2024
76150492,1869,842,10,45.586,2024
76150504,1080,613,6,57.315,2024
76150515,761,338,0,44.415,2024
76150526,913,471,2,51.807,2024
76150537,795,423,1,53.333,2024
76150548,1089,553,7,51.423,2024
76150559,939,444,5,47.817,2024
76150560,1306,634,6,49.005,2024
76150571,575,273,5,48.348,2024
76150582,972,515,9,53.909,2024
76150593,1190,707,4,59.748,2024
76150605,1050,593,3,56.762,2024
76150616,991,452,3,45.913,2024
76150627,1097,471,3,43.209,2024
76150649,615,333,1,54.309,2024
76150650,1592,886,4,55.905,2024
76150661,1478,934,1,63.261,2024
76150672,942,449,7,48.408,2024
76150683,758,384,2,50.923,2024
76150694,1032,619,0,59.981,2024
76150706,466,213,4,46.567,2024
76150717,719,417,0,57.997,2024
76150728,342,187,0,54.678,2024
76150739,643,428,1,66.719,2024
76150740,1088,455,0,41.82,2024
76150751,580,331,5,57.931,2024
76150762,446,240,1,54.036,2024
76150773,374,197,5,54.011,2024
76150784,465,250,2,54.194,2024
76150807,616,409,2,66.721,2024
76150818,871,528,11,61.883,2024
76150829,793,478,7,61.16,2024
76150830,872,401,11,47.248,2024
76150841,561,321,6,58.289,2024
76150852,618,434,5,71.036,2024
76150863,675,416,3,62.074,2024
76150874,294,180,0,61.224,2024
76150885,1141,592,4,52.235,2024
76150896,327,155,0,47.401,2024
76150908,504,344,6,69.444,2024
76150919,375,298,1,79.733,2024
76160011,1579,290,3,18.556,2024
76160022,889,355,2,40.157,2024
76160033,564,285,2,50.887,2024
76160044,1177,651,6,55.82,2024
76160055,1366,668,5,49.268,2024
76160066,1162,533,3,46.127,2024
76160077,1262,620,3,49.366,2024
76160088,642,333,8,53.115,2024
76160099,1460,683,12,47.603,2024
76160101,1418,647,13,46.544,2024
76160112,649,336,5,52.542,2024
76160123,1969,783,8,40.173,2024
76160134,573,227,2,39.965,2024
76160145,948,475,3,50.422,2024
76160156,733,389,3,53.479,2024
76160167,1077,470,8,44.383,2024
76160178,1225,615,5,50.612,2024
76160189,982,463,14,48.574,2024
76160190,1092,458,6,42.491,2024
76160202,1548,769,4,49.935,2024
76160213,1114,631,9,57.451,2024
76160224,2106,1050,4,50.047,2024
76160235,1040,485,13,47.885,2024
76160246,1939,783,4,40.588,2024
76160257,355,200,2,56.901,2024
76160268,796,368,3,46.608,2024
76160279,1913,880,13,46.681,2024
76160280,1015,603,9,60.296,2024
76160291,856,447,5,52.804,2024
76160303,853,425,1,49.941,2024
76160314,1004,390,7,39.542,2024
76160325,730,371,0,50.822,2024
76160336,815,520,6,64.54,2024
76160358,1137,496,1,43.712,2024
76160369,798,476,6,60.401,2024
76160370,910,393,8,44.066,2024
76160381,1103,608,2,55.304,2024
76160392,940,482,4,51.702,2024
76160404,611,245,3,40.589,2024
76160415,1879,957,6,51.251,2024
76160426,1791,893,13,50.586,2024
76160437,1538,705,8,46.359,2024
76160448,561,228,11,42.602,2024
76160459,1611,799,12,50.341,2024
76160460,1297,604,9,47.263,2024
76160471,1415,625,3,44.382,2024
76160482,1352,632,10,47.485,2024
76160493,689,272,3,39.913,2024
76160505,818,428,5,52.934,2024
76160516,769,427,4,56.047,2024
76160527,668,274,2,41.317,2024
76160549,773,310,0,40.103,2024
76160550,1225,553,4,45.469,2024
76160561,687,303,11,45.706,2024
76160572,866,404,8,47.575,2024
76160583,1291,648,4,50.503,2024
76160606,656,310,1,47.409,2024
76160628,1043,503,5,48.706,2024
76160639,1488,683,27,47.715,2024
76160640,1101,480,4,43.96,2024
76160651,753,343,9,46.746,2024
76160662,1322,638,7,48.79,2024
76160673,488,273,1,56.148,2024
76160684,1392,703,4,50.79,2024
76160695,317,217,2,69.085,2024
76160707,354,213,2,60.734,2024
76160718,952,526,4,55.672,2024
76160729,293,138,0,47.099,2024
76160730,795,376,4,47.799,2024
76160763,1040,608,2,58.654,2024
76160774,914,456,3,50.219,2024
76160808,670,372,2,55.821,2024
76160820,1347,670,4,50.037,2024
76160831,1120,642,4,57.679,2024
76160842,977,714,4,73.49,2024
76160853,1239,652,7,53.188,2024
76160875,704,392,6,56.534,2024
76160886,406,310,2,76.847,2024
76160897,504,319,5,64.286,2024
76160909,695,409,5,59.568,2024
76160921,142,84,4,61.972,2024
76160932,612,324,4,53.595,2024
76160943,1250,817,4,65.68,2024
76160954,556,286,3,51.978,2024
76160965,610,342,36,61.967,2024
76160976,421,236,1,56.295,2024
76160987,526,256,25,53.422,2024
76160998,605,303,1,50.248,2024
76161001,918,547,30,62.854,2024
76161012,442,198,2,45.249,2024
76161023,485,336,4,70.103,2024
76161034,594,374,0,62.963,2024
76161045,413,237,2,57.869,2024
76161056,558,343,1,61.649,2024
76161067,367,208,2,57.221,2024
76170012,2024,1008,28,51.186,2024
76170023,1874,857,85,50.267,2024
76170034,798,434,3,54.762,2024
76170045,1077,541,9,51.068,2024
76170056,1277,750,7,59.28,2024
76170067,611,312,4,51.718,2024
76170078,376,258,3,69.415,2024
76170089,2385,1275,8,53.795,2024
76170090,1117,482,2,43.33,2024
76170102,1878,1017,12,54.792,2024
76170113,830,415,5,50.602,2024
76170124,1055,573,5,54.787,2024
76170135,1346,707,17,53.789,2024
76170146,960,382,5,40.312,2024
76170157,1486,702,35,49.596,2024
76170168,2678,1297,12,48.88,2024
76170179,1940,1135,7,58.866,2024
76170180,966,371,3,38.716,2024
76170191,1127,515,0,45.697,2024
76170203,1079,590,1,54.773,2024
76170214,1392,580,7,42.17,2024
76170225,672,369,8,56.101,2024
76170236,944,599,15,65.042,2024
76170247,1400,649,7,46.857,2024
76170258,2359,1101,25,47.732,2024
76170269,1560,868,18,56.795,2024
76170270,1090,593,2,54.587,2024
76170281,849,482,3,57.126,2024
76170292,683,372,2,54.758,2024
76170304,498,227,5,46.586,2024
76170315,911,524,8,58.397,2024
76170326,910,479,8,53.516,2024
76170337,1143,572,6,50.569,2024
76170348,1520,833,53,58.289,2024
76170359,948,462,1,48.84,2024
76170360,1525,877,14,58.426,2024
76170371,2107,1016,11,48.742,2024
76170382,1324,624,8,47.734,2024
76170393,1860,846,11,46.075,2024
76170405,1018,583,5,57.76,2024
76170416,881,417,8,48.241,2024
76170427,353,181,3,52.125,2024
76170438,598,341,2,57.358,2024
76170449,907,517,24,59.647,2024
76170450,822,389,4,47.81,2024
76170461,1968,969,4,49.441,2024
76170472,1271,541,6,43.037,2024
76170483,1993,949,2,47.717,2024
76170494,1828,920,10,50.875,2024
76170506,1247,749,5,60.465,2024
76170539,1244,642,6,52.09,2024
76170540,1386,648,5,47.114,2024
76170551,573,274,11,49.738,2024
76170562,952,414,4,43.908,2024
76170573,259,153,0,59.073,2024
76170584,1554,805,5,52.124,2024
76170595,884,469,5,53.62,2024
76170607,1146,665,3,58.29,2024
76170618,976,583,3,60.041,2024
76170629,636,372,3,58.962,2024
76170630,416,227,3,55.288,2024
76170652,505,251,4,50.495,2024
76170663,524,408,3,78.435,2024
76170674,369,187,3,51.491,2024
76170685,1327,743,8,56.594,2024
76170696,669,356,4,53.812,2024
76170708,605,321,5,53.884,2024
76170719,460,288,2,63.043,2024
76170720,588,327,2,55.952,2024
76170731,538,288,3,54.089,2024
76170742,2210,1378,13,62.941,2024
76170764,564,335,0,59.397,2024
76170775,1098,813,9,74.863,2024
54720019,2659,1557,5,58.744,2024
54720020,2310,1287,7,56.017,2024
54720031,1607,1114,15,70.255,2024
54720042,1675,987,0,58.925,2024
54720053,1064,616,4,58.271,2024
54720064,1975,1063,3,53.975,2024
54720075,1034,533,2,51.741,2024
54720086,2384,1469,4,61.787,2024
54720097,2925,1600,20,55.385,2024
54720109,1583,1121,7,71.257,2024
54720110,801,549,2,68.789,2024
54720121,1837,1228,12,67.501,2024
54720132,733,485,4,66.712,2024
54740011,2153,1265,10,59.22,2024
54740022,1613,787,9,49.349,2024
54740033,2015,951,5,47.444,2024
54740044,1753,901,5,51.683,2024
54740055,1648,811,64,53.095,2024
54740066,1555,967,30,64.116,2024
54740077,3202,1574,16,49.656,2024
54740088,1552,846,6,54.897,2024
54740099,1871,942,7,50.722,2024
54740101,758,426,3,56.596,2024
54740112,326,133,1,41.104,2024
54740123,1092,577,5,53.297,2024
54740134,994,613,5,62.173,2024
54740145,971,586,8,61.174,2024
54740156,949,528,2,55.848,2024
54740167,509,294,1,57.957,2024
54740178,839,512,2,61.263,2024
54740189,1158,583,6,50.864,2024
54740190,677,386,8,58.198,2024
54740202,332,201,1,60.843,2024
54740213,900,613,6,68.778,2024
54740224,365,217,5,60.822,2024
54740235,804,493,1,61.443,2024
54740246,580,356,4,62.069,2024
54740257,520,314,3,60.962,2024
54740268,527,352,4,67.552,2024
54740279,223,156,1,70.404,2024
54740280,356,232,1,65.449,2024
54790016,2039,1086,0,53.261,2024
54790027,1624,1127,8,69.889,2024
54790038,1834,998,14,55.18,2024
54790049,2413,1339,18,56.237,2024
54790050,1388,765,66,59.87,2024
54790061,1204,678,1,56.395,2024
54790072,2091,946,4,45.433,2024
54790083,2375,1538,0,64.758,2024
54790094,4809,3407,12,71.096,2024
54790106,1830,1076,15,59.617,2024
54790117,2198,1331,15,61.237,2024
54790139,3458,1773,11,51.591,2024
54790140,2437,1332,7,54.945,2024
54790151,2212,1232,15,56.374,2024
54790162,2152,1113,13,52.323,2024
54790173,1599,864,5,54.346,2024
54790184,1496,877,17,59.759,2024
54790195,868,519,7,60.599,2024
54790207,1905,965,12,51.286,2024
54790218,3093,1683,21,55.092,2024
54790229,1190,690,7,58.571,2024
54790230,3597,2163,159,64.554,2024
54790241,1237,759,6,61.843,2024
54790252,2056,1139,7,55.739,2024
54790274,2784,1770,8,63.865,2024
54790285,2078,1148,8,55.63,2024
54790296,1512,902,2,59.788,2024
54790308,1253,649,6,52.275,2024
54790319,2617,1575,14,60.718,2024
54790320,2271,1135,8,50.33,2024
54790331,2163,1403,47,67.037,2024
54790342,1462,798,9,55.198,2024
54790353,1665,1042,0,62.583,2024
54790364,1228,686,3,56.107,2024
54790375,1742,1070,17,62.4,2024
54790386,1908,1056,14,56.08,2024
54790397,1557,889,4,57.354,2024
54790409,986,524,5,53.651,2024
54790410,2092,1052,9,50.717,2024
54790421,3109,2295,13,74.236,2024
54790432,3986,2766,8,69.594,2024
54790443,2451,1485,5,60.792,2024
54790454,1375,889,9,65.309,2024
54790465,2218,1076,16,49.234,2024
54790487,972,485,3,50.206,2024
54790498,2391,1739,9,73.107,2024
54790500,794,448,5,57.053,2024
54790511,1189,715,2,60.303,2024
54790522,701,449,7,65.05,2024
54790533,1016,586,4,58.071,2024
54790544,2224,1171,9,53.058,2024
54790555,1629,877,4,54.082,2024
54790566,1233,683,9,56.123,2024
54790577,1678,1053,6,63.111,2024
54790588,1287,735,4,57.42,2024
54790599,2194,1163,6,53.282,2024
54790601,687,487,4,71.47,2024
54790612,888,545,9,62.387,2024
54790623,1336,813,5,61.228,2024
54790634,2178,934,11,43.388,2024
54790645,1342,812,5,60.879,2024
54790656,1637,1034,24,64.63,2024
54790667,1492,1079,14,73.257,2024
54790678,796,494,7,62.94,2024
54790690,983,560,3,57.274,2024
54790702,1905,1526,6,80.42,2024
54790713,582,392,1,67.526,2024
54790724,447,303,2,68.233,2024
54790735,718,437,4,61.421,2024
54790746,1533,922,13,60.992,2024
54790757,866,474,7,55.543,2024
54790768,549,339,4,62.477,2024
54790791,689,424,2,61.829,2024
54790803,589,428,0,72.666,2024
54790814,271,166,0,61.255,2024
54790825,1154,760,4,66.205,2024
54790836,883,558,22,65.685,2024
54790847,814,482,8,60.197,2024
54790858,1039,613,13,60.25,2024
54790869,812,507,5,63.054,2024
54790870,885,623,2,70.621,2024
54790881,904,634,5,70.686,2024
54790892,1342,1127,3,84.203,2024
54790904,1756,1299,4,74.203,2024
54790915,370,235,4,64.595,2024
54790926,570,392,4,69.474,2024
54790937,228,169,0,74.123,2024
54830011,2232,1355,8,61.066,2024
54830022,4354,3174,3,72.967,2024
54830033,1773,843,9,48.054,2024
54830044,2480,1486,10,60.323,2024
54830055,1953,1181,17,61.342,2024
54830066,1722,846,3,49.303,2024
54830077,1366,765,4,56.296,2024
54830088,2631,1430,99,58.115,2024
54830099,980,706,2,72.245,2024
54830101,974,630,9,65.606,2024
54830112,676,432,3,64.349,2024
54830134,684,458,7,67.982,2024
54830145,1075,708,4,66.233,2024
54830156,613,405,2,66.395,2024
54830167,745,485,7,66.04,2024
54830178,632,427,3,68.038,2024
54840012,474,198,1,41.983,2024
54840034,292,119,1,41.096,2024
54840045,207,75,0,36.232,2024
54840056,142,26,1,19.014,2024
54840067,540,203,6,38.704,2024
54840078,680,177,3,26.471,2024
54840089,388,168,2,43.814,2024
54840102,207,39,0,18.841,2024
54840113,1040,524,2,50.577,2024
54840135,1091,689,0,63.153,2024
54840146,1998,1086,12,54.955,2024
54840157,1936,999,1,51.653,2024
54840179,221,113,1,51.584,2024
54840180,186,102,0,54.839,2024
54840191,171,30,0,17.544,2024
54840203,918,552,7,60.893,2024
54870015,243,49,0,20.165,2024
54870026,458,244,7,54.803,2024
54870037,846,494,4,58.865,2024
54870048,1052,641,4,61.312,2024
54870059,306,140,0,45.752,2024
54870060,1171,592,2,50.726,2024
54870093,629,545,5,87.44,2024
54870116,1480,966,1,65.338,2024
54870138,497,167,0,33.602,2024
54870149,1711,1220,2,71.42,2024
54870172,529,220,2,41.966,2024
54870183,2330,1440,3,61.931,2024
54870194,1027,493,2,48.199,2024
54870228,377,142,1,37.931,2024
54870239,239,137,1,57.741,2024
54870240,495,354,1,71.717,2024
54870251,323,192,1,59.752,2024
54870262,2970,1553,9,52.593,2024
54870273,1776,1072,15,61.205,2024
54870284,878,844,8,97.039,2024
54870295,868,630,0,72.581,2024
54870307,866,576,9,67.552,2024
54870318,244,161,1,66.393,2024
54890095,1087,585,1,53.91,2024
54910054,917,588,1,64.231,2024
54910065,1683,903,10,54.248,2024
54910076,1795,971,10,54.652,2024
54910087,1493,873,16,59.545,2024
54910100,1654,941,4,57.134,2024
54910111,1453,730,3,50.447,2024
54910144,733,415,10,57.981,2024
54910155,1229,672,7,55.248,2024
54910177,1309,623,8,48.205,2024
54910188,925,439,7,48.216,2024
54910212,810,463,4,57.654,2024
54910223,1116,626,7,56.72,2024
54910234,1375,646,6,47.418,2024
54910245,862,433,2,50.464,2024
54910256,784,474,8,61.48,2024
54910267,1267,701,10,56.117,2024
54910278,1199,681,1,56.881,2024
54910290,824,360,10,44.903,2024
54910313,1186,718,5,60.961,2024
54910324,893,505,6,57.223,2024
54910335,1613,832,15,52.511,2024
54910346,1188,543,7,46.296,2024
54910357,2073,1077,9,52.388,2024
54910368,1479,773,55,55.984,2024
54910379,1482,834,7,56.748,2024
54910380,1568,967,8,62.181,2024
54910391,597,373,1,62.647,2024
54910403,1037,566,6,55.159,2024
54910414,1137,626,3,55.321,2024
54910425,1142,677,4,59.632,2024
54910436,1259,757,14,61.239,2024
54910447,878,431,5,49.658,2024
54910458,946,482,2,51.163,2024
54910470,1199,557,11,47.373,2024
54910481,1521,861,8,57.133,2024
54910504,873,436,8,50.859,2024
54910515,1109,593,3,53.742,2024
54910526,1472,736,7,50.476,2024
54910537,471,240,3,51.592,2024
54910548,1526,696,8,46.134,2024
54910571,1227,586,8,48.411,2024
54910582,398,152,2,38.693,2024
54910593,819,385,3,47.375,2024
54910616,1797,887,4,49.583,2024
54910627,486,297,4,61.934,2024
54910649,735,424,3,58.095,2024
54910650,1007,585,9,58.987,2024
54910661,431,218,1,50.812,2024
54910683,355,191,2,54.366,2024
54910694,751,422,0,56.192,2024
54910706,1275,916,0,71.843,2024
54910717,666,470,0,70.571,2024
54910728,876,509,0,58.105,2024
54910739,1157,702,7,61.279,2024
54910740,804,445,4,55.846,2024
54910751,788,402,12,52.538,2024
54910773,644,388,2,60.559,2024
54910784,927,590,4,64.078,2024
54910795,710,391,4,55.634,2024
54910807,358,198,3,56.145,2024
54910818,502,323,3,64.94,2024
54910829,781,473,5,61.204,2024
54910830,1463,912,7,62.816,2024
54910841,627,362,3,58.214,2024
54910852,634,377,3,59.937,2024
54910863,1314,820,9,63.09,2024
54910874,466,261,2,56.438,2024
54910885,454,300,2,66.52,2024
54910896,870,487,7,56.782,2024
54910908,585,298,2,51.282,2024
54910919,473,266,2,56.66,2024
54910920,426,212,5,50.939,2024
54910931,686,445,5,65.598,2024
54910942,475,310,6,66.526,2024
54910953,710,490,4,69.577,2024
54910964,1250,611,5,49.28,2024
54910975,531,326,2,61.77,2024
54910986,566,349,4,62.367,2024
54910997,550,334,3,61.273,2024
54911000,806,497,4,62.159,2024
54911011,332,222,0,66.867,2024
54911022,462,222,3,48.701,2024
54911033,233,122,1,52.79,2024
54911044,555,346,5,63.243,2024
54911055,763,530,5,70.118,2024
54911066,488,246,1,50.615,2024
54911077,525,349,3,67.048,2024
54911088,749,449,3,60.347,2024
54911099,559,351,4,63.506,2024
54911101,348,235,2,68.103,2024
54911112,556,356,1,64.209,2024
54911123,616,405,21,69.156,2024
54911134,1019,759,7,75.172,2024
54911145,266,145,0,54.511,2024
54911156,618,395,4,64.563,2024
54911167,278,158,1,57.194,2024
54911178,695,526,1,75.827,2024
54911189,334,207,4,63.174,2024
76170641,308,124,2,40.909,2024
54540031,2085,1349,11,65.228,2024
