voting_district,municipality_code_2021,registered_voters,registered_2026_est,turnout_median,turnout_p10,turnout_p90,p_below_25_raw,p_below_25,non_voters_expected
54100011,MP304,1582.0,1865.8359,36.6474,27.2759,46.4623,0.0559,0.0014,1178.2263
54100022,MP304,1505.0,1775.0209,41.1738,31.8259,51.2742,0.0167,0.0,1039.1692
54100033,MP304,2011.0,2371.8054,42.4015,32.9025,52.3478,0.0128,0.0,1362.3663
54100044,MP304,828.0,976.5564,42.2296,32.0575,52.7231,0.0204,0.0014,563.0412
54100055,MP304,101.0,119.121,51.2102,37.1223,68.1215,0.0147,0.0,57.1676
54110012,MP303,1537.0,1744.3104,41.3847,31.6652,51.3142,0.0175,0.0,1020.6193
54110023,MP303,2391.0,2713.4978,37.2073,27.7109,47.0787,0.052,0.0014,1701.219
54110034,MP303,1538.0,1745.4453,37.7457,28.1938,47.5413,0.0448,0.0014,1083.1149
54120013,MP301,171.0,192.0261,36.6195,22.1918,53.8118,0.1439,0.057,120.0082
54120024,MP301,485.0,544.6353,48.832,34.3641,65.6937,0.0248,0.0014,275.2662
54120035,MP301,283.0,317.7975,42.9741,29.011,59.8717,0.0548,0.0014,178.774
54120046,MP301,770.0,864.6787,33.0952,22.8598,44.0298,0.1566,0.057,576.7265
54120057,MP301,152.0,170.6898,41.1929,26.5962,58.0834,0.0791,0.0033,99.2417
54120068,MP301,457.0,513.1924,41.8711,27.0906,59.1445,0.0719,0.0033,294.7529
54120080,MP301,793.0,890.5068,40.739,30.577,51.461,0.0269,0.0014,525.7192
54120091,MP301,289.0,324.5353,42.1525,27.7332,59.1199,0.0664,0.0033,185.6818
54120103,MP301,905.0,1016.2782,46.7017,36.5415,57.3312,0.0061,0.0,540.1058
54120114,MP301,810.0,909.5971,43.3418,33.2557,53.9181,0.0158,0.0,513.8636
54120125,MP301,1255.0,1409.314,38.8372,28.7618,49.4074,0.0423,0.0014,859.423
54120136,MP301,510.0,572.7093,45.661,31.0524,62.4542,0.0386,0.0014,307.611
54120147,MP301,182.0,204.3786,31.3296,16.9457,48.0271,0.2766,0.3333,138.66
54120181,MP301,345.0,387.421,49.9382,35.6407,66.5476,0.0184,0.0,191.5477
54120192,MP301,1118.0,1255.4686,43.3691,33.0822,53.9203,0.0143,0.0,709.3857
54120215,MP301,1054.0,1183.5992,43.5439,33.4303,54.1798,0.0142,0.0,665.9989
54120226,MP301,1252.0,1405.9452,46.1142,36.0732,56.6883,0.0061,0.0,754.6583
54120237,MP301,397.0,445.8149,45.4965,30.9882,62.6768,0.0396,0.0014,240.1992
54120248,MP301,671.0,753.5057,43.9407,33.817,54.673,0.0135,0.0,420.6443
54120259,MP301,431.0,483.9955,48.7696,34.7324,65.4967,0.0229,0.0014,244.5681
54120260,MP301,246.0,276.248,44.1826,29.7118,61.3272,0.0533,0.0014,152.1687
54120271,MP301,510.0,572.7093,49.0208,34.6241,65.8012,0.022,0.0014,288.1086
54120282,MP301,155.0,174.0587,44.2352,30.0235,61.3226,0.0458,0.0014,95.5488
54120293,MP301,192.0,215.6082,47.9197,33.5278,65.0414,0.0276,0.0014,110.8539
54130014,MP306,1230.0,1343.3822,36.5848,26.1724,47.3617,0.0725,0.0033,849.9758
54130025,MP306,989.0,1080.1667,38.2301,28.0137,49.1344,0.05,0.0014,664.8594
54130036,MP306,1439.0,1571.6479,42.2134,32.6475,51.969,0.0113,0.0,905.9082
54130047,MP306,1886.0,2059.8527,37.2391,27.647,47.0506,0.0536,0.0014,1289.805
54130070,MP306,1430.0,1561.8183,41.8261,32.4554,51.5776,0.0122,0.0,906.1973
54130081,MP306,959.0,1047.4012,42.2188,31.9226,52.7854,0.0189,0.0008,604.2036
54130092,MP306,660.0,720.8392,39.936,29.905,50.8149,0.0308,0.0014,430.7463
54130104,MP306,854.0,932.7223,44.4484,34.2773,55.4025,0.0111,0.0,516.074
54130115,MP306,487.0,531.892,48.204,33.7792,65.1542,0.0251,0.0014,271.4928
54130126,MP306,518.0,565.7496,42.9785,28.7686,60.31,0.0589,0.0014,317.8697
54130137,MP306,733.0,800.5684,44.2825,34.0549,54.7621,0.0124,0.0,444.9169
54130148,MP306,546.0,596.3306,47.21,32.9241,64.2985,0.0299,0.0014,310.5536
54130159,MP306,588.0,642.2022,47.2625,33.2279,64.3076,0.0273,0.0014,333.5356
54130160,MP306,606.0,661.8615,44.4276,30.1665,61.4272,0.0474,0.0014,363.1868
54130171,MP306,88.0,96.1119,58.3929,44.0798,75.7503,0.004,0.0,39.2105
54130182,MP306,355.0,387.7241,51.1677,36.767,67.6063,0.0168,0.0,187.4196
54140015,MP307,2374.0,2609.4174,31.3621,21.8573,41.2476,0.1978,0.2381,1786.377
54140026,MP307,1067.0,1172.8089,38.9516,28.6899,49.6464,0.0438,0.0014,714.3533
54140037,MP307,1262.0,1387.1461,39.6429,29.3503,50.3839,0.037,0.0014,835.7413
54140048,MP307,2130.0,2341.2212,34.7316,25.2243,44.6627,0.0952,0.0274,1522.5681
54140059,MP307,2410.0,2648.9874,44.4802,34.9652,54.4229,0.0073,0.0,1466.9624
54140060,MP307,1541.0,1693.8131,33.5735,24.1153,43.5286,0.1213,0.057,1122.1288
54140071,MP307,1608.0,1767.4571,40.0012,30.2989,49.7464,0.0259,0.0014,1059.7633
54140082,MP307,2743.0,3015.0093,38.8551,29.2884,48.6938,0.032,0.0014,1839.9674
54140093,MP307,1896.0,2084.0166,37.5291,27.9439,47.4415,0.049,0.0014,1299.0239
54140105,MP307,2893.0,3179.884,48.5202,38.9449,58.4753,0.0027,0.0,1630.744
54140116,MP307,1225.0,1346.477,41.2295,30.907,52.2248,0.0272,0.0014,788.3022
54140127,MP307,1440.0,1582.7974,38.2287,28.7418,48.0332,0.0395,0.0014,976.5686
54140138,MP307,2498.0,2745.7139,35.6239,26.0312,45.4445,0.0783,0.0033,1763.8647
54140149,MP307,949.0,1043.1075,40.0219,29.7245,50.7111,0.0325,0.0014,623.5894
54140150,MP307,2120.0,2330.2296,40.1768,30.5716,49.7044,0.0239,0.0014,1393.7159
54140161,MP307,395.0,434.1701,49.0111,34.8843,65.9267,0.0232,0.0014,218.3823
54140172,MP307,515.0,566.0699,51.1337,36.9287,67.878,0.0158,0.0,272.1693
54140183,MP307,44.0,48.3633,58.5954,44.1845,75.4817,0.0052,0.0,19.7092
54150016,MP302,2550.0,2818.6099,27.837,18.1903,37.4133,0.3499,0.483,2032.82
54150027,MP302,1372.0,1516.5226,35.369,25.7393,44.8853,0.0851,0.0033,979.9322
54150038,MP302,592.0,654.3596,43.2361,28.8099,59.7843,0.0595,0.0014,367.0667
54160017,MP301,1712.0,1922.5065,36.1215,26.6066,45.9043,0.0652,0.0033,1225.0385
54160028,MP301,843.0,946.6548,34.6402,24.4187,45.0578,0.1134,0.057,618.0301
54160039,MP301,1150.0,1291.4033,39.724,29.5568,50.3623,0.0328,0.0014,775.4496
54160040,MP301,2051.0,2303.1897,39.1747,29.6466,48.9789,0.0301,0.0014,1398.3747
54160051,MP301,514.0,577.2011,46.2588,32.2626,63.2896,0.035,0.0014,305.9913
54160062,MP301,433.0,486.2414,45.1574,31.0505,62.4932,0.0399,0.0014,262.9216
54160073,MP301,197.0,221.223,38.7081,24.237,55.3788,0.1119,0.057,134.3544
54160084,MP301,471.0,528.9139,41.8811,27.386,58.5235,0.0698,0.0033,303.8482
54160095,MP301,1610.0,1807.9646,41.3816,32.0083,50.98,0.0158,0.0,1058.1031
54160107,MP301,662.0,743.3991,42.647,32.392,53.3905,0.0168,0.0,424.8474
54170018,MP302,729.0,805.7908,39.9579,29.5333,50.4471,0.036,0.0014,483.0973
54170029,MP302,968.0,1069.9664,46.2077,35.9862,56.891,0.0093,0.0,574.0221
54180019,MP302,2169.0,2397.4764,44.8036,35.137,54.678,0.0054,0.0,1321.2378
54180020,MP302,496.0,548.2473,45.6319,31.1997,61.9214,0.0399,0.0014,295.3367
54190010,MP311,1909.0,2267.8354,39.8545,30.2754,49.6228,0.0243,0.0014,1359.6532
54190021,MP311,2639.0,3135.0538,40.3906,30.8184,50.1706,0.0212,0.0014,1865.4434
54190032,MP311,1611.0,1913.8203,43.4322,33.8332,53.1824,0.0104,0.0,1081.3486
54190043,MP311,2206.0,2620.6626,41.1362,31.8147,50.9499,0.0151,0.0,1538.1768
54190054,MP311,2026.0,2406.8279,40.3195,30.865,50.0381,0.0227,0.0014,1433.6668
54190065,MP311,1086.0,1290.1358,42.455,32.3149,52.9281,0.0188,0.0003,739.9643
54190076,MP311,2081.0,2472.1663,40.2599,30.5663,49.9665,0.0247,0.0014,1475.7466
54190087,MP311,2204.0,2618.2867,39.6146,30.1389,49.4188,0.0295,0.0014,1578.3107
54190098,MP311,1375.0,1633.4592,44.9347,35.5777,54.8719,0.0055,0.0,895.8766
54190100,MP311,1317.0,1564.557,43.1741,33.776,53.075,0.0089,0.0,886.3778
54190111,MP311,1598.0,1898.3766,44.5614,34.9591,54.306,0.0077,0.0,1051.0605
54190122,MP311,1506.0,1789.0834,48.8216,39.4565,58.6137,0.0015,0.0,912.7821
54190133,MP311,954.0,1133.3237,45.827,35.3858,56.43,0.0082,0.0,612.9688
54190144,MP311,1894.0,2250.0159,44.6973,35.3002,54.6825,0.0073,0.0,1239.7692
54190155,MP311,1176.0,1397.0531,46.9695,36.878,57.4871,0.0067,0.0,738.7589
54200012,MP301,365.0,409.8802,42.138,27.7413,59.2069,0.0677,0.0033,234.0407
54200023,MP301,399.0,448.0608,45.1486,30.9536,62.3332,0.0429,0.0014,242.4064
54200034,MP301,1731.0,1943.8427,41.2592,31.786,51.1109,0.0167,0.0,1138.8588
54200045,MP301,632.0,709.7103,46.5495,36.4015,57.1578,0.0072,0.0,378.4558
54200056,MP301,77.0,86.4679,39.0137,24.4607,55.8992,0.1077,0.0274,52.1736
54200067,MP301,188.0,211.1164,45.4119,31.1785,62.4899,0.0381,0.0014,113.5637
54200078,MP301,702.0,788.3175,48.2388,38.0782,58.9225,0.0046,0.0,406.8626
54200089,MP301,394.0,442.446,48.4455,33.9586,65.8366,0.0266,0.0014,225.1087
54210013,MP301,1753.0,1968.5478,36.1809,26.8016,45.946,0.0644,0.0033,1253.2114
54210024,MP301,1540.0,1729.3575,41.7599,32.4081,51.4391,0.0146,0.0,1004.3013
54210035,MP301,1105.0,1240.8701,34.1905,24.1157,44.9095,0.1188,0.057,814.3952
54210046,MP301,1884.0,2115.6555,40.2696,30.7834,50.0877,0.022,0.0014,1261.031
54210057,MP301,1241.0,1393.5926,37.6968,27.2464,48.0647,0.0603,0.0033,867.7421
54210068,MP301,781.0,877.0313,32.0032,21.8194,42.621,0.1893,0.1667,595.3613
54210079,MP301,1518.0,1704.6523,38.1437,28.6871,48.091,0.0381,0.0014,1050.7764
54210080,MP301,1294.0,1453.1094,37.8515,28.2969,47.7624,0.0424,0.0014,900.5006
54210091,MP301,1640.0,1841.6534,39.7031,30.1943,49.4795,0.0281,0.0014,1108.8727
54210103,MP301,1591.0,1786.6284,34.441,24.8074,44.1219,0.1041,0.0274,1170.0584
54210114,MP301,1622.0,1821.4401,36.1458,26.5672,45.906,0.0684,0.0033,1160.2176
54210125,MP301,458.0,514.3154,42.2956,28.4256,58.9968,0.0597,0.003,292.7822
54210169,MP301,504.0,565.9715,39.5427,25.255,56.2838,0.0966,0.0274,338.1267
54210170,MP301,1014.0,1138.6808,41.4162,31.0652,51.9003,0.0238,0.0014,666.0991
54210192,MP301,761.0,854.5721,42.7339,32.6,53.6765,0.0171,0.0,487.367
54210204,MP301,1247.0,1400.3304,42.702,32.609,53.1885,0.0169,0.0,799.9555
54210215,MP301,122.0,137.001,35.3185,21.1655,51.9188,0.1752,0.057,87.6168
54210226,MP301,939.0,1054.4589,41.5395,31.3348,52.19,0.0231,0.0014,614.9884
54210237,MP301,1263.0,1418.2977,38.2721,27.9511,48.9158,0.0502,0.0014,873.6691
54210248,MP301,1195.0,1341.9365,40.662,30.3055,51.3476,0.0305,0.0014,794.9425
54210259,MP301,917.0,1029.7538,38.6323,28.4475,49.5151,0.047,0.0014,629.3725
54210260,MP301,531.0,596.2914,43.6039,29.167,60.1095,0.0524,0.0014,332.7229
54210271,MP301,592.0,664.792,42.5881,27.9917,59.2255,0.0622,0.0033,377.9471
54210282,MP301,985.0,1106.115,45.4569,35.0747,55.8885,0.01,0.0,602.3299
54210293,MP301,620.0,696.2348,42.5862,28.4481,59.5918,0.0612,0.0033,394.0283
54210305,MP301,351.0,394.1587,45.4413,30.9779,61.8507,0.0407,0.0014,212.7187
54210316,MP301,753.0,845.5884,43.787,33.505,54.2232,0.0143,0.0,474.4167
54210327,MP301,397.0,445.8149,41.4907,27.3855,58.3143,0.0695,0.0033,257.5112
54210338,MP301,434.0,487.3644,43.4566,29.0444,60.4476,0.0556,0.0014,272.3133
54210349,MP301,403.0,452.5526,43.7667,29.584,60.9995,0.0497,0.0014,250.4196
54210350,MP301,323.0,362.7159,46.6876,32.7117,63.5774,0.0301,0.0014,190.4692
54210361,MP301,296.0,332.396,42.0334,27.669,58.8422,0.0674,0.0033,190.334
54220014,MP301,1232.0,1383.486,33.9674,23.5889,44.1786,0.1305,0.057,912.9196
54220025,MP301,1095.0,1229.6405,35.6234,25.33,46.18,0.0929,0.0274,790.406
54220036,MP301,940.0,1055.5818,42.196,32.1128,52.8533,0.0212,0.0014,608.5716
54220047,MP301,1379.0,1548.561,42.326,32.7871,52.1796,0.013,0.0,890.461
54220058,MP301,929.0,1043.2293,34.3604,23.9292,45.2431,0.1253,0.057,682.9475
54220069,MP301,1300.0,1459.8472,35.4925,26.0987,45.1626,0.076,0.0033,939.1309
54220070,MP301,805.0,903.9823,37.0193,26.7786,47.5844,0.0678,0.0033,568.2253
54220081,MP301,875.0,982.5895,37.9581,27.8886,48.782,0.051,0.0014,607.4226
54220092,MP301,1346.0,1511.5033,37.7551,28.2276,47.5722,0.0446,0.0014,938.539
54220104,MP301,1367.0,1535.0855,37.0343,27.4442,46.8611,0.0548,0.0014,965.0003
54220115,MP301,1773.0,1991.007,34.4776,24.8123,44.0776,0.1051,0.0274,1302.9337
54220126,MP301,1102.0,1237.5012,35.0709,24.7294,45.6802,0.1057,0.0274,801.5506
54220137,MP301,926.0,1039.8604,35.9249,25.753,46.4306,0.0856,0.0033,664.8878
54220148,MP301,1017.0,1142.0497,35.5548,25.5307,46.2103,0.0883,0.0033,733.7644
54220159,MP301,1239.0,1391.3467,32.8573,22.653,43.5706,0.1636,0.057,932.6033
54220160,MP301,736.0,826.4981,39.2148,28.885,49.7148,0.0408,0.0014,501.5531
54220171,MP301,670.0,752.3828,43.6172,33.4267,54.274,0.0152,0.0,423.1622
54220182,MP301,258.0,289.7235,40.0215,25.6219,56.5961,0.0917,0.0226,171.9098
54220205,MP301,523.0,587.3078,42.8459,28.3386,59.6914,0.0615,0.0033,331.4353
54220216,MP301,1022.0,1147.6645,40.838,30.6848,51.444,0.0287,0.0014,677.6072
54220227,MP301,514.0,577.2011,40.8926,26.7266,57.5173,0.0802,0.0033,337.4899
54220238,MP301,420.0,471.6429,46.517,32.317,63.6133,0.0316,0.0014,248.4952
54220249,MP301,971.0,1090.3936,41.6142,31.549,52.1308,0.0215,0.0014,634.7595
54220250,MP301,381.0,427.8475,42.4186,27.9553,59.4149,0.063,0.0033,242.9127
54220261,MP301,251.0,281.8628,42.9653,28.6155,59.5038,0.0555,0.0014,158.8157
54220272,MP301,354.0,397.5276,48.9542,34.3807,66.1083,0.0243,0.0014,200.3193
54220283,MP301,1175.0,1319.4773,42.3647,32.3518,53.1919,0.0193,0.0014,757.4718
54220294,MP301,262.0,294.2154,42.241,27.8436,59.3469,0.0671,0.0033,167.4147
54220306,MP301,822.0,923.0726,40.7799,30.8687,51.5017,0.0252,0.0014,544.3798
54220317,MP301,548.0,615.3817,45.4934,31.303,62.2343,0.0384,0.0014,331.309
54220328,MP301,702.0,788.3175,47.2661,36.9273,57.7134,0.0079,0.0,415.7139
54220339,MP301,601.0,674.8986,47.4089,32.8701,64.5903,0.0313,0.0014,350.5222
54220340,MP301,587.0,659.1772,39.6056,25.32,56.4021,0.0959,0.0274,393.467
54220351,MP301,376.0,422.2327,42.805,28.346,59.7618,0.0608,0.0033,238.8183
54220362,MP301,589.0,661.4231,45.1182,30.9005,61.8963,0.0401,0.0014,358.409
54220373,MP301,199.0,223.4689,47.9907,33.5656,64.611,0.0281,0.0014,114.9724
54220384,MP301,518.0,581.693,42.0222,27.2266,58.8903,0.0719,0.0033,334.3171
54220395,MP301,659.0,740.0302,39.5579,29.4738,50.4349,0.0373,0.0014,445.6155
54220407,MP301,702.0,788.3175,41.7818,31.5582,52.5953,0.0238,0.0014,457.6034
54220418,MP301,413.0,463.7822,49.2627,35.0929,66.3406,0.0196,0.0014,231.7097
54220430,MP301,672.0,754.6287,42.2355,32.0986,52.9119,0.02,0.0014,435.135
54220441,MP301,173.0,194.272,48.8843,34.2937,65.8966,0.0212,0.0014,98.0647
54230015,MP302,1791.0,1979.6589,40.1002,30.5817,49.7118,0.022,0.0014,1183.402
54230026,MP302,1572.0,1737.5901,31.1048,21.6458,40.9894,0.206,0.2381,1194.1563
54230037,MP302,1486.0,1642.5311,40.6025,31.1575,50.3793,0.0226,0.0014,973.825
54230048,MP302,1042.0,1151.7614,39.7553,29.4156,50.4463,0.0372,0.0014,692.6578
54230059,MP302,2121.0,2344.4202,38.7976,29.3466,48.7001,0.0341,0.0014,1429.7288
54230060,MP302,1654.0,1828.2277,33.827,24.3618,43.4652,0.1157,0.057,1208.1367
54230071,MP302,1891.0,2090.1926,35.8341,26.4539,45.5097,0.0727,0.0033,1337.7853
54230082,MP302,2138.0,2363.2109,36.8701,27.3807,46.4956,0.0567,0.0014,1488.8371
54230093,MP302,1779.0,1966.3949,33.7238,24.2637,43.6537,0.1189,0.057,1300.06
54230105,MP302,1872.0,2069.1912,35.8119,26.5182,45.6203,0.07,0.0033,1324.0018
54230116,MP302,1768.0,1954.2362,34.3518,24.8889,44.1911,0.1036,0.0274,1279.349
54230127,MP302,1100.0,1215.8709,39.7638,29.609,50.5132,0.0341,0.0014,729.5356
54230138,MP302,680.0,751.6293,37.9458,27.8506,48.7809,0.0546,0.0014,464.6737
54230149,MP302,1037.0,1146.2347,37.5012,27.1555,48.1299,0.0642,0.0033,714.8055
54230150,MP302,1224.0,1352.9327,38.228,28.1083,48.8329,0.0503,0.0014,833.6079
54230161,MP302,2188.0,2418.4778,39.2542,29.6924,49.074,0.03,0.0014,1466.1267
54230172,MP302,811.0,896.4285,42.2234,32.2785,52.7947,0.0188,0.0003,516.0981
54230183,MP302,998.0,1103.1265,35.0996,25.0124,45.6639,0.0998,0.0274,714.5431
54230194,MP302,1215.0,1342.9847,40.0098,29.7373,50.7645,0.0353,0.0014,802.6035
54230206,MP302,1646.0,1819.385,49.8466,40.2391,59.6886,0.003,0.0,910.6272
54230217,MP302,3387.0,3743.7771,38.8852,29.3587,48.9657,0.0332,0.0014,2277.605
54230228,MP302,2505.0,2768.8697,39.4273,29.984,49.0883,0.0277,0.0014,1673.5521
54230239,MP302,578.0,638.8849,36.5063,21.9622,53.1819,0.1549,0.057,402.1125
54230240,MP302,785.0,867.6897,40.1217,29.9669,50.9762,0.0313,0.0014,518.3027
54230251,MP302,597.0,659.8863,42.7579,28.1748,59.5156,0.0627,0.0033,373.0884
54230262,MP302,142.0,156.9579,45.0132,30.3046,61.6696,0.0475,0.0014,85.4789
54240016,MP306,1678.0,1832.6791,40.5617,30.9616,50.2267,0.0216,0.0014,1088.5718
54240027,MP306,504.0,550.459,46.6097,31.9764,63.9166,0.037,0.0014,290.1572
54240038,MP306,1383.0,1510.4858,44.2588,34.9599,54.1955,0.0072,0.0,838.3901
54240049,MP306,92.0,100.4806,51.4536,36.9598,68.0212,0.0146,0.0,48.1923
54250017,MP306,603.0,658.5849,38.34,23.9626,55.4209,0.1154,0.057,401.3411
54250028,MP306,1449.0,1582.5697,43.8689,34.3516,53.5312,0.0073,0.0,886.2536
54260018,MP307,3088.0,3394.2212,50.551,40.9564,60.3917,0.0015,0.0,1673.3562
54260029,MP307,2504.0,2752.3089,41.2033,31.575,50.9758,0.0162,0.0,1614.8573
54260041,MP307,2426.0,2666.574,44.087,34.6054,54.0361,0.0083,0.0,1485.3054
54260052,MP307,3484.0,3829.4905,51.4862,42.0587,61.2802,0.0009,0.0,1851.0378
54260063,MP307,2949.0,3241.4372,31.6776,22.0706,41.5173,0.1883,0.1667,2208.2669
54260074,MP307,1838.0,2020.2651,35.3122,25.9703,45.2377,0.0785,0.0033,1302.4195
54260085,MP307,3497.0,3843.7796,31.6959,22.0704,41.4213,0.1891,0.1667,2620.699
54260096,MP307,2037.0,2238.9989,37.2819,27.6989,47.1819,0.0489,0.0014,1400.9724
54260108,MP307,1891.0,2078.5208,34.5211,24.9638,44.3181,0.1013,0.0274,1358.8019
54260119,MP307,2010.0,2209.3214,37.8641,28.3292,47.6814,0.0443,0.0014,1369.9918
54260120,MP307,1854.0,2037.8517,30.7672,21.2502,40.6002,0.2186,0.2581,1408.2144
54260131,MP307,1427.0,1568.5083,33.1591,23.7462,43.0678,0.1348,0.057,1045.1913
54260142,MP307,1859.0,2043.3475,43.1528,33.7515,52.8083,0.0094,0.0,1157.5121
54260153,MP307,2411.0,2650.0865,32.5807,23.0295,42.522,0.1538,0.057,1781.5414
54260175,MP307,2163.0,2377.4936,31.3389,21.8754,41.2836,0.1958,0.2381,1627.9654
54260186,MP307,2036.0,2237.8997,33.5262,24.0283,43.4582,0.1248,0.057,1482.8789
54260197,MP307,2093.0,2300.5521,30.517,20.9941,40.3986,0.2305,0.2581,1594.8162
54260209,MP307,963.0,1058.4958,36.3267,26.0422,47.113,0.0789,0.0033,673.0229
54260210,MP307,2199.0,2417.0636,31.4255,21.8645,41.2281,0.193,0.2381,1654.8228
54260221,MP307,2111.0,2320.3371,32.3784,22.842,42.3943,0.1566,0.057,1564.5177
54260232,MP307,2185.0,2401.6753,29.9959,20.5962,39.9033,0.2461,0.2581,1676.1242
54260243,MP307,971.0,1067.2891,39.4121,29.3977,50.1328,0.0385,0.0014,643.9591
54260254,MP307,1933.0,2124.6857,32.6208,23.2041,42.5395,0.1525,0.057,1427.1734
54260265,MP307,1896.0,2084.0166,30.3517,20.923,40.309,0.2263,0.2581,1447.068
54260287,MP307,2484.0,2730.3256,33.1173,23.523,42.9674,0.1359,0.057,1820.145
54260298,MP307,1673.0,1838.9028,36.2553,26.7569,46.1204,0.0671,0.0033,1170.0848
54260300,MP307,3524.0,3873.457,35.7901,26.096,45.6865,0.0781,0.0033,2483.0747
54260311,MP307,753.0,827.6712,37.3337,27.0269,47.9434,0.0609,0.0033,517.657
54260333,MP307,1171.0,1287.1221,35.6055,25.4484,46.2103,0.0906,0.0033,826.8925
54260344,MP307,514.0,564.9707,39.3992,24.6788,56.204,0.1049,0.0274,339.1144
54260355,MP307,740.0,813.382,33.4882,23.2497,44.296,0.1433,0.057,539.8272
54260366,MP307,721.0,792.4979,36.8213,26.5358,47.6186,0.0722,0.0033,499.1653
54260377,MP307,1327.0,1458.5918,39.3093,29.9516,49.3287,0.0269,0.0014,881.6641
54260388,MP307,1288.0,1415.7244,53.7555,44.3138,63.8634,0.0006,0.0,651.7671
54260399,MP307,2365.0,2599.5249,38.0139,28.2964,47.8621,0.0426,0.0014,1607.6543
54260401,MP307,1145.0,1258.5438,37.2488,26.9451,47.9747,0.0641,0.0033,787.6768
54260412,MP307,1577.0,1733.383,37.0316,27.5601,46.6114,0.0535,0.0014,1090.808
54260423,MP307,597.0,656.2014,43.5436,29.0908,60.7571,0.0543,0.0014,366.0498
54260434,MP307,2136.0,2347.8162,46.1159,36.6192,55.9823,0.0041,0.0,1260.6026
54260445,MP307,2957.0,3250.2306,50.11,40.4438,60.1132,0.0022,0.0,1615.2599
54260456,MP307,1160.0,1275.0313,35.8226,25.6773,46.9027,0.0859,0.0033,814.8362
54260467,MP307,1273.0,1399.2369,38.3881,28.1348,49.1773,0.0475,0.0014,859.5356
54260478,MP307,834.0,916.7035,50.4029,40.1501,61.182,0.0032,0.0,452.9452
54260490,MP307,626.0,688.0772,38.2878,28.0489,48.9601,0.0503,0.0014,423.728
54260502,MP307,319.0,350.6336,50.489,36.2513,67.6401,0.0161,0.0,170.4574
54260513,MP307,1545.0,1698.2097,33.699,24.2606,43.6107,0.1165,0.057,1122.0251
54260524,MP307,634.0,696.8705,41.623,31.44,52.2081,0.0215,0.0014,405.5782
54260535,MP307,1465.0,1610.2766,37.3004,27.7097,47.3009,0.0537,0.0014,1006.6033
54260546,MP307,162.0,178.0647,59.4623,44.7525,76.621,0.0043,0.0,71.0732
54260557,MP307,130.0,142.8914,48.4239,33.7782,65.3635,0.0248,0.0014,72.7853
54270019,MP312,2953.0,3471.8222,32.7816,23.2126,42.6852,0.1487,0.057,2327.5533
54270020,MP312,2042.0,2400.7656,40.4132,30.8194,49.9908,0.0225,0.0014,1429.2809
54270031,MP312,2677.0,3147.3309,36.2515,26.6657,46.0503,0.0653,0.0033,2002.5505
54270042,MP312,1257.0,1477.8464,40.4469,30.1208,51.0451,0.032,0.0014,878.7384
54270053,MP312,2111.0,2481.8885,43.1565,33.7358,53.1077,0.0097,0.0,1406.161
54270064,MP312,599.0,704.2403,49.5233,35.4153,65.9229,0.0203,0.0014,350.8567
54270075,MP312,642.0,754.7951,49.9121,39.7223,60.713,0.0035,0.0,376.3054
54270086,MP312,112.0,131.6776,46.7253,31.9862,63.6772,0.0341,0.0014,69.3422
54280010,MP307,1490.0,1637.7557,38.8008,29.6206,48.9973,0.0322,0.0014,996.3455
54280021,MP307,2112.0,2321.4362,39.5914,30.3239,49.5024,0.026,0.0014,1396.7292
54280032,MP307,2152.0,2365.4028,39.2055,29.6566,49.1192,0.027,0.0014,1434.4618
54280043,MP307,1479.0,1625.6649,34.5216,24.8755,44.1732,0.1032,0.0274,1063.4289
54280065,MP307,978.0,1074.9833,38.9599,28.6838,49.3094,0.0462,0.0014,655.2569
54280076,MP307,2520.0,2769.8955,35.0198,25.4421,44.9233,0.0892,0.0033,1795.5074
54280087,MP307,673.0,739.738,40.028,29.7129,50.586,0.0354,0.0014,443.0018
54280098,MP307,526.0,578.1607,43.0785,28.5344,60.1192,0.0612,0.0033,325.3323
54280100,MP307,963.0,1058.4958,40.4327,30.2617,51.1412,0.0292,0.0014,628.055
54280111,MP307,492.0,540.7891,44.328,30.0452,60.6927,0.0444,0.0014,297.9172
54280122,MP307,175.0,192.3539,49.0639,34.7213,66.2906,0.0226,0.0014,96.5202
54290011,MP302,1446.0,1598.3176,36.6005,27.3283,46.5451,0.0568,0.0014,1009.4061
54290022,MP302,2264.0,2502.4834,40.6878,31.1767,50.3565,0.0195,0.0014,1481.4681
54300013,MP305,2311.0,2563.6385,40.9804,31.4814,50.5952,0.0195,0.0014,1509.7019
54300024,MP305,1347.0,1494.254,44.5817,35.1144,54.3152,0.0083,0.0,826.5618
54310014,MP304,2083.0,2456.7233,39.1259,29.7481,48.9248,0.0302,0.0014,1491.8311
54310025,MP304,699.0,824.4117,40.1565,29.8672,50.9067,0.0311,0.0014,491.6172
54320015,MP303,1901.0,2157.4067,49.3396,39.7373,59.247,0.0018,0.0,1089.2661
54320026,MP303,2103.0,2386.6524,39.6506,30.2593,49.385,0.0239,0.0014,1437.2261
54320037,MP303,1163.0,1319.8653,37.7902,27.6614,48.3828,0.0538,0.0014,818.767
54320048,MP303,1673.0,1898.6541,39.2119,29.7797,48.9272,0.0287,0.0014,1152.6915
54320059,MP303,1093.0,1240.4237,38.3209,28.1711,49.0538,0.0472,0.0014,762.9198
54320060,MP303,3010.0,3415.9885,32.7939,23.4259,42.5616,0.1453,0.057,2288.4047
54320071,MP303,2355.0,2672.6422,40.1174,30.6444,50.0281,0.0218,0.0014,1596.3083
54320082,MP303,1674.0,1899.7889,37.3766,28.042,47.2231,0.0503,0.0014,1186.3105
54320093,MP303,1014.0,1150.7682,39.568,29.3539,50.1719,0.0389,0.0014,693.3286
54320105,MP303,1858.0,2108.6068,44.6345,35.1146,54.4798,0.0051,0.0,1164.218
54320116,MP303,633.0,718.379,38.8325,28.8584,49.7537,0.0428,0.0014,437.2921
54320127,MP303,1438.0,1631.9573,41.5635,32.1276,51.1383,0.0156,0.0,951.9183
54320138,MP303,1945.0,2207.3414,32.1343,22.656,42.0724,0.1645,0.057,1492.8417
54320149,MP303,866.0,982.806,39.7175,29.5517,50.3514,0.0332,0.0014,591.1196
54320150,MP303,1512.0,1715.9384,42.6228,33.0789,52.3876,0.0127,0.0,982.9181
54320161,MP303,953.0,1081.5405,40.3801,29.9535,51.1242,0.0319,0.0014,643.2061
54320172,MP303,869.0,986.2106,40.5699,30.5073,51.2989,0.029,0.0014,583.9647
54330016,MP305,2512.0,2786.6118,40.9539,31.5121,50.5942,0.0193,0.0014,1641.5816
54330027,MP305,1093.0,1212.4867,35.7949,25.6254,46.3692,0.0873,0.0033,776.6368
54330038,MP305,2796.0,3101.6587,46.5765,37.0889,56.2112,0.0038,0.0,1653.5738
54330049,MP305,1965.0,2179.8138,51.5394,41.9929,61.3779,0.0012,0.0,1054.4475
54330050,MP305,1096.0,1215.8147,38.3845,27.8249,49.0406,0.0493,0.0014,747.9253
54330061,MP305,1791.0,1986.7921,39.3764,29.9134,49.263,0.0294,0.0014,1201.9978
54330072,MP305,2658.0,2948.5725,38.997,29.6143,48.8184,0.0309,0.0014,1792.2918
54330094,MP305,1338.0,1484.2701,39.8968,30.3386,49.6148,0.027,0.0014,890.224
54330106,MP305,1658.0,1839.2525,38.8432,29.3552,48.8409,0.0325,0.0014,1120.5524
54330117,MP305,2006.0,2225.2959,41.1567,31.7219,51.0925,0.0168,0.0,1305.1121
54330128,MP305,1247.0,1383.322,42.5873,32.2231,53.422,0.0174,0.0,791.6369
54330139,MP305,2005.0,2224.1866,38.5617,28.9924,48.4747,0.0383,0.0014,1363.0844
54330140,MP305,757.0,839.7552,38.9691,28.6867,49.7568,0.0443,0.0014,510.871
54330151,MP305,2740.0,3039.5367,38.083,28.5908,47.9971,0.0442,0.0014,1879.2828
54330162,MP305,1710.0,1896.9372,41.8023,32.2225,51.4679,0.0161,0.0,1103.8117
54330173,MP305,737.0,817.5688,42.6377,32.3147,53.4007,0.0199,0.0014,467.5756
54330184,MP305,1314.0,1457.6465,45.5707,36.0172,55.4539,0.0058,0.0,791.0462
54330195,MP305,482.0,534.6922,45.9974,31.6221,62.7051,0.0388,0.0014,285.5058
54330207,MP305,770.0,854.1764,42.5871,32.2225,53.4335,0.0199,0.0014,488.7928
54330218,MP305,818.0,907.4237,46.4917,36.232,57.2233,0.0079,0.0,483.7513
54330229,MP305,1072.0,1189.191,40.8456,30.7453,51.5172,0.0267,0.0014,701.4451
54330230,MP305,1716.0,1903.5931,40.7665,31.1968,50.7412,0.0191,0.0014,1124.1665
54330241,MP305,679.0,753.2283,49.3178,38.9189,59.9373,0.0044,0.0,380.9223
54340017,MP304,1566.0,1846.9653,41.8214,32.3094,51.7219,0.0139,0.0,1071.5788
54340028,MP304,1487.0,1753.7914,32.0237,22.441,41.9629,0.1705,0.057,1189.1598
54340039,MP304,887.0,1046.1419,43.3957,33.1418,54.0577,0.0149,0.0,590.4302
54340040,MP304,1613.0,1902.3978,39.812,30.2822,49.6837,0.0263,0.0014,1141.6156
54340051,MP304,1846.0,2177.2017,43.3791,33.9561,53.3091,0.0078,0.0,1229.1269
54340062,MP304,723.0,852.7177,43.4434,33.119,54.0375,0.0152,0.0,482.1073
54340073,MP304,2277.0,2685.53,43.1003,33.599,52.7935,0.0107,0.0,1522.8665
54340084,MP304,2571.0,3032.2783,39.2982,29.8943,49.0376,0.0272,0.0014,1834.8736
54340095,MP304,636.0,750.1085,40.6566,30.1648,51.1987,0.0295,0.0014,444.4675
54350018,MP304,1119.0,1319.7664,42.7966,32.6162,53.2059,0.0166,0.0,753.1796
54350029,MP304,1308.0,1542.676,40.6972,31.0607,50.4897,0.0211,0.0014,913.2442
54350030,MP304,966.0,1139.3158,41.9495,31.7811,52.5998,0.0206,0.0014,659.4796
54360019,MP304,1500.0,1769.1238,41.4691,31.8195,51.3527,0.0178,0.0,1033.8525
54360020,MP304,309.0,364.4395,42.5757,28.3771,58.9005,0.0614,0.0033,207.087
54360031,MP304,394.0,464.6899,34.2357,20.003,51.0199,0.2021,0.2381,302.3306
54360042,MP304,268.0,316.0835,43.8503,29.6452,60.9928,0.0484,0.0014,174.9095
54360053,MP304,551.0,649.8582,40.6438,26.3531,57.7599,0.0822,0.0033,380.4631
54360064,MP304,1403.0,1654.7205,38.1,28.5743,47.943,0.0428,0.0014,1020.9678
54360075,MP304,653.0,770.1586,37.2803,26.9702,48.0818,0.0647,0.0033,481.9781
54360086,MP304,1103.0,1300.8957,39.5805,29.6704,50.2498,0.0362,0.0014,783.6199
54360097,MP304,1630.0,1922.4479,44.0881,34.5553,53.9129,0.0075,0.0,1071.627
54360109,MP304,532.0,627.4493,40.3964,26.1503,57.3825,0.0838,0.0033,368.8783
54360110,MP304,1097.0,1293.8192,42.1855,31.8125,52.7645,0.0202,0.0014,746.7564
54360121,MP304,104.0,122.6593,46.7539,32.2066,63.4815,0.0342,0.0014,64.521
54370021,MP306,51.0,55.7012,48.3143,34.0188,65.0237,0.027,0.0014,28.4868
54370032,MP306,920.0,1004.8062,36.7812,26.505,47.5656,0.069,0.0033,633.5678
54370054,MP306,205.0,223.897,39.4924,25.1037,56.5921,0.0979,0.0274,133.6637
54370065,MP306,88.0,96.1119,34.1129,19.3927,50.7733,0.212,0.25,62.8
54370076,MP306,101.0,110.3102,34.7096,20.1343,51.6856,0.1969,0.2381,71.29
54370087,MP306,51.0,55.7012,41.3711,26.6948,58.0877,0.0765,0.0033,32.3054
54370098,MP306,108.0,117.9555,41.109,26.4383,57.9277,0.0794,0.0033,68.6593
54380011,MP307,356.0,391.3027,48.697,33.9302,65.7417,0.0269,0.0014,198.4093
54380022,MP302,286.0,316.1264,35.5324,20.9182,52.2029,0.1731,0.057,201.5959
54380033,MP305,234.0,259.5809,42.2367,27.8474,59.2404,0.0655,0.0033,148.177
54380044,MP307,274.0,301.1712,48.7985,34.5027,66.2323,0.0231,0.0014,151.7448
54380055,MP307,282.0,309.9645,40.2462,26.4781,57.2814,0.0795,0.0033,182.3397
54380066,MP307,215.0,236.3204,30.2295,15.9059,47.3818,0.3131,0.3889,162.8127
54380077,MP307,221.0,242.9154,42.6662,27.9914,59.6483,0.063,0.0033,137.6528
54390012,MP301,129.0,144.8618,26.0466,11.6285,42.5126,0.4617,0.8667,106.0965
54390023,MP301,193.0,216.7312,36.8945,22.6867,53.9298,0.1365,0.057,135.0063
54390034,MP301,446.0,500.8399,45.2304,31.1642,62.1902,0.0377,0.0014,270.4338
54390045,MP301,325.0,364.9618,44.4694,30.2131,61.3896,0.0454,0.0014,200.1095
54390056,MP301,232.0,260.5266,45.2756,31.1496,62.4156,0.0401,0.0014,140.5703
54390067,MP301,263.0,295.3383,51.0072,36.5827,67.964,0.0159,0.0,142.5191
54400014,MP311,761.0,904.0454,46.6183,36.7256,57.2143,0.0066,0.0,480.2033
54400036,MP311,1240.0,1473.0832,50.8811,40.4281,61.74,0.0039,0.0,721.7289
54400047,MP311,404.0,479.94,47.2281,32.691,64.2175,0.0321,0.0014,249.8117
54400058,MP311,239.0,283.9249,37.1354,22.6181,54.4615,0.1387,0.057,176.2101
54400069,MP311,196.0,232.8422,39.0932,24.5878,55.8309,0.1072,0.0274,140.3928
54400070,MP311,628.0,746.0454,38.7811,28.5624,49.6304,0.0456,0.0014,455.6475
54400081,MP311,267.0,317.1881,43.7867,29.3981,61.0555,0.0472,0.0014,175.9145
54400092,MP311,455.0,540.5265,41.0569,26.5951,58.2577,0.0781,0.0033,314.4282
54400104,MP311,2365.0,2809.5499,39.8048,30.3184,49.8145,0.0262,0.0014,1685.2648
54400126,MP311,864.0,1026.4064,45.6494,35.6297,56.4655,0.0086,0.0,554.8337
54400137,MP311,769.0,913.5492,44.0966,33.8943,54.8744,0.0133,0.0,509.1897
54400148,MP311,418.0,496.5716,47.2122,33.1201,64.0326,0.029,0.0014,258.6075
54410015,MP301,247.0,277.371,38.7627,24.1578,55.4825,0.1122,0.057,168.1519
54410026,MP302,2179.0,2408.5298,35.4465,26.0957,45.3791,0.077,0.0033,1549.2135
54410037,MP302,147.0,162.4846,42.0935,27.8673,59.1154,0.067,0.0033,92.8154
54410048,MP302,132.0,145.9045,25.7695,11.4501,43.0233,0.4738,0.8667,106.9686
54410059,MP305,320.0,354.9824,40.611,25.9971,57.9082,0.086,0.0033,208.5018
54410060,MP304,99.0,116.7622,29.5956,15.0529,46.4946,0.3414,0.4275,81.427
54410071,MP302,236.0,260.8596,37.291,23.1545,54.0853,0.1312,0.057,161.5281
54410082,MP302,447.0,494.0857,23.0878,8.5203,40.2856,0.5662,0.8667,374.9686
54410093,MP302,1929.0,2132.1955,33.951,24.3974,43.603,0.1125,0.057,1406.5211
54410105,MP302,339.0,374.7093,47.2166,32.7476,63.7281,0.0318,0.0014,195.7056
54410116,MP302,694.0,767.104,38.0247,27.8014,48.6237,0.0524,0.0014,474.231
54410127,MP302,1963.0,2169.7769,35.5879,26.1787,45.3037,0.0775,0.0033,1393.9868
54410138,MP302,333.0,368.0773,44.5907,30.0789,61.2048,0.0451,0.0014,201.4823
54410149,MP301,264.0,296.4613,35.6051,21.3324,52.413,0.1682,0.057,188.6856
54410150,MP302,559.0,617.8835,39.8899,25.5691,57.0861,0.0917,0.0226,367.0032
54410161,MP302,658.0,727.3119,36.4431,25.9524,46.9608,0.0806,0.0033,461.681
54410172,MP303,1085.0,1231.3447,44.8359,34.5444,55.505,0.0088,0.0,677.7493
54410183,MP303,263.0,298.4734,44.4841,30.1803,61.7259,0.0494,0.0014,163.6675
54410194,MP302,1706.0,1885.7053,41.3505,31.7777,51.2153,0.0167,0.0,1102.7154
54410206,MP301,501.0,562.6027,39.6495,25.5608,56.5333,0.0904,0.0033,334.9301
54410217,MP302,660.0,729.5226,28.5361,18.1783,39.2981,0.3297,0.3889,520.5106
54410228,MP301,142.0,159.4602,46.2822,32.0479,62.9835,0.0347,0.0014,84.7419
54410239,MP302,177.0,195.6447,37.26,22.8608,54.1165,0.1322,0.057,121.1932
54410240,MP302,97.0,107.2177,39.0731,24.9184,55.8293,0.1016,0.0274,64.5216
54410251,MP302,157.0,173.5379,45.3732,30.9851,62.9151,0.0384,0.0014,93.48
54410262,MP302,388.0,428.8708,49.0662,34.706,65.9604,0.0221,0.0014,215.5484
54410273,MP302,102.0,112.7444,39.1009,24.5337,56.1655,0.1079,0.0274,67.8678
54410284,MP302,428.0,473.0843,37.3101,23.0583,54.2252,0.1343,0.057,293.5361
54410295,MP303,289.0,327.9803,48.6328,34.3042,65.422,0.0236,0.0014,166.5707
54410307,MP303,291.0,330.25,51.8054,37.2323,68.6491,0.0143,0.0,157.2489
54410318,MP302,1591.0,1758.5915,36.3473,26.7711,46.039,0.0645,0.0033,1118.103
54410330,MP302,297.0,328.2851,45.514,31.2791,62.199,0.0389,0.0014,176.7268
54410341,MP302,92.0,101.691,37.4806,23.2348,54.5647,0.1294,0.057,62.7325
54410352,MP302,122.0,134.8511,42.0265,27.8762,59.2521,0.0657,0.0033,77.0487
54410363,MP302,588.0,649.9383,41.0953,26.7887,58.0512,0.0769,0.0033,377.6762
54410374,MP302,200.0,221.0674,52.8882,38.2105,70.3122,0.0107,0.0,102.6942
54410385,MP302,195.0,215.5408,47.533,32.9359,64.2042,0.0302,0.0014,111.6314
54410396,MP302,123.0,135.9565,41.868,27.7528,59.0461,0.0662,0.0033,77.8787
54410408,MP302,152.0,168.0113,46.7867,32.4964,63.6859,0.0304,0.0014,88.2171
54410419,MP302,275.0,303.9677,40.6264,26.1915,57.5464,0.0838,0.0033,178.3476
54410420,MP302,132.0,145.9045,45.2663,30.9234,62.2114,0.0411,0.0014,78.8922
54410431,MP302,72.0,79.5843,45.6809,30.955,62.2737,0.0438,0.0014,42.8149
54410442,MP302,145.0,160.2739,44.413,29.7666,61.2732,0.0496,0.0014,88.1314
54410453,MP302,73.0,80.6896,43.7066,28.9805,60.8317,0.0585,0.0014,44.878
54410464,MP302,236.0,260.8596,36.2533,21.8543,53.3138,0.1557,0.057,164.2242
54410475,MP302,115.0,127.1138,38.5784,24.2538,55.4829,0.1132,0.057,77.2786
54410486,MP302,178.0,196.75,47.2659,33.2925,64.3885,0.0286,0.0014,102.2116
54410497,MP302,572.0,632.2529,46.0431,31.707,62.6316,0.0369,0.0014,337.154
54410509,MP302,173.0,191.2233,47.8508,33.2793,65.1161,0.028,0.0014,98.3526
54410510,MP302,121.0,133.7458,47.4823,32.8583,64.4036,0.0308,0.0014,69.5038
54420016,MP311,360.0,427.6693,40.7428,26.6163,58.2685,0.0779,0.0033,249.892
54420038,MP307,325.0,357.2286,40.9831,26.403,57.9544,0.0832,0.0033,208.5129
54420049,MP307,119.0,130.8006,47.2787,32.85,64.0816,0.0319,0.0014,68.1213
54420050,MP307,315.0,346.2369,25.7809,11.2452,42.9824,0.4749,0.8667,254.0149
54420072,MP307,749.0,823.2745,43.2022,32.994,53.8156,0.017,0.0,466.1115
54420083,MP307,295.0,324.2536,39.9028,25.6996,57.1095,0.089,0.0033,192.2057
54420106,MP307,2258.0,2481.9143,44.0794,34.5372,53.9405,0.0087,0.0,1384.9631
54420128,MP307,209.0,229.7255,21.8558,7.5331,38.6542,0.6079,0.8667,177.3419
54420139,MP307,1980.0,2176.3465,31.3199,21.6444,41.3921,0.2004,0.2381,1491.4401
54420140,MP307,2029.0,2230.2055,34.9031,25.25,44.5128,0.0945,0.0274,1450.3508
54420151,MP307,430.0,472.6409,33.6815,19.1413,50.7675,0.2171,0.2581,310.3293
54420162,MP307,1192.0,1310.2045,37.6862,27.5261,48.3023,0.0574,0.0014,814.5805
54420173,MP307,63.0,69.2474,44.2777,29.9096,61.7651,0.0468,0.0014,37.9975
54420184,MP307,1088.0,1195.8914,42.8404,32.603,53.3423,0.0154,0.0,682.0622
54420195,MP307,592.0,650.7056,49.7912,35.3799,66.4772,0.0195,0.0014,322.1717
54420207,MP307,90.0,98.9248,50.4062,35.984,67.1705,0.0205,0.0014,48.5216
54430028,MP312,775.0,911.1623,34.7491,24.554,45.314,0.1093,0.057,593.1159
54430039,MP312,639.0,751.268,31.1018,20.8462,41.8031,0.2161,0.2556,516.1565
54430040,MP312,223.0,262.1796,34.8401,20.5211,51.5222,0.1803,0.057,168.7881
54430051,MP312,1556.0,1829.3787,30.7818,21.2768,40.4985,0.2185,0.2581,1262.6472
54430062,MP312,1323.0,1555.4422,42.0341,32.5522,51.6137,0.0129,0.0,899.5354
54430073,MP312,305.0,358.5864,28.769,14.433,45.8227,0.3716,0.6364,252.4497
54430084,MP312,493.0,579.6168,32.9852,18.78,49.9801,0.2345,0.2581,383.6818
54430095,MP312,1120.0,1316.7764,39.8346,29.7039,50.4861,0.0344,0.0014,789.9226
54430107,MP312,110.0,129.3263,51.8268,37.4748,68.6655,0.0143,0.0,61.4655
54440018,MP303,752.0,853.4297,44.2791,33.929,54.9724,0.0126,0.0,474.2226
54440029,MP303,328.0,372.2406,47.9739,33.3785,64.7661,0.0286,0.0014,191.7449
54440030,MP303,1025.0,1163.2519,38.6345,28.4712,49.5112,0.0445,0.0014,711.7279
54440041,MP303,832.0,944.2201,42.0641,31.8619,52.7933,0.0185,0.0,545.6891
54440052,MP303,342.0,388.1289,46.0163,32.1979,63.2974,0.0329,0.0014,205.7465
54440063,MP303,332.0,376.7801,41.6638,27.4181,58.382,0.0686,0.0033,216.9343
54440074,MP303,507.0,575.3841,42.346,27.6866,59.0705,0.066,0.0033,328.0253
54440085,MP303,1632.0,1852.124,34.7096,25.2954,44.5306,0.0919,0.0274,1205.6495
54440096,MP303,1221.0,1385.6884,39.6451,29.3216,50.178,0.0388,0.0014,835.5336
54440119,MP303,858.0,973.727,43.9511,33.5788,54.8026,0.013,0.0,544.4136
54440120,MP303,620.0,703.6255,38.5309,24.1567,55.6689,0.1129,0.057,427.657
54440131,MP303,640.0,726.3231,34.5314,24.0358,45.2542,0.1211,0.057,474.9638
54440142,MP303,2062.0,2340.1223,40.6309,31.154,50.4356,0.0219,0.0014,1385.3965
54440153,MP303,1147.0,1301.7072,45.7057,35.3121,56.162,0.0097,0.0,705.9417
54440164,MP303,556.0,630.9932,42.3189,27.982,59.7279,0.0622,0.0033,358.1535
54440175,MP303,575.0,652.5559,40.4631,25.7506,57.1789,0.0896,0.0033,384.2004
54440186,MP303,806.0,914.7132,37.8594,27.8313,48.6941,0.0541,0.0014,566.5342
54440197,MP303,458.0,519.775,43.371,29.0805,60.263,0.0561,0.0014,290.7565
54440209,MP303,1732.0,1965.612,35.7254,26.3111,45.626,0.0733,0.0033,1258.9818
54440210,MP303,477.0,541.3377,39.625,25.1614,56.179,0.0981,0.0274,323.3423
54440221,MP303,290.0,329.1152,36.8256,22.6351,54.0242,0.1402,0.057,205.3858
54440232,MP303,509.0,577.6539,51.2241,36.8923,67.6243,0.015,0.0,278.7815
54440243,MP303,341.0,386.994,51.9263,37.398,68.5612,0.0146,0.0,183.8135
54440254,MP303,160.0,181.5808,35.5751,20.9941,52.3525,0.1741,0.057,115.8036
54440276,MP303,547.0,620.7793,46.1192,31.5747,62.9074,0.0395,0.0014,330.5322
54440287,MP303,156.0,177.0413,41.8192,27.6497,58.3145,0.0695,0.0033,101.8192
54440298,MP303,342.0,388.1289,39.9449,25.4654,56.9572,0.0939,0.0274,230.4835
54440300,MP303,545.0,618.5095,41.6605,27.4218,58.6384,0.0723,0.0033,356.1118
54440311,MP303,497.0,564.0353,41.495,27.0024,58.4823,0.0756,0.0033,326.2956
54440322,MP303,1601.0,1816.9427,37.839,28.335,47.7836,0.0428,0.0014,1126.0722
54440333,MP303,1092.0,1239.2888,44.6068,34.3624,55.5084,0.01,0.0,683.7341
54440344,MP303,271.0,307.5525,44.6597,30.3568,61.3376,0.0438,0.0014,168.4488
54440355,MP303,1025.0,1163.2519,44.0714,33.7518,54.566,0.0142,0.0,650.1655
54440366,MP303,268.0,304.1478,42.7049,28.4236,59.9204,0.0573,0.0014,171.5257
54440377,MP303,426.0,483.4588,45.9236,31.7219,62.9508,0.0405,0.0014,257.9659
54440388,MP303,354.0,401.7475,43.1963,28.7912,60.0718,0.0553,0.0014,225.8196
54440399,MP303,985.0,1117.8567,38.1833,27.8276,49.0322,0.0549,0.0014,689.0553
54440401,MP303,276.0,313.2269,45.5491,31.3649,62.6203,0.0378,0.0014,168.1041
54440412,MP303,410.0,465.3008,47.3823,33.0256,64.3125,0.0286,0.0014,241.4448
54440423,MP303,213.0,241.7294,52.3652,37.6275,69.0794,0.013,0.0,113.9406
54450019,MP305,1296.0,1437.6787,37.9914,28.275,47.9114,0.045,0.0014,889.2125
54450020,MP305,346.0,383.8247,35.9055,21.1322,52.3957,0.1749,0.057,244.3685
54450031,MP305,391.0,433.7441,40.0197,25.8317,57.1309,0.0888,0.0033,256.0968
54450042,MP306,347.0,378.9867,40.4601,26.3742,58.0043,0.0818,0.0033,222.0752
54450053,MP305,317.0,351.6544,40.5427,26.3245,57.1631,0.0852,0.0033,206.793
54450064,MP305,1007.0,1117.0852,42.6165,32.5188,53.3532,0.0161,0.0,638.2583
54450075,MP305,1993.0,2210.8747,39.1064,29.4333,48.9812,0.0295,0.0014,1343.2758
54450086,MP305,532.0,590.1582,42.0386,27.7487,58.7487,0.0675,0.0033,337.5594
54450097,MP307,361.0,396.7985,27.4753,12.9587,44.4985,0.415,0.6364,284.6555
54450143,MP305,301.0,333.9053,41.4732,27.238,58.2369,0.0702,0.0033,193.1927
54450154,MP305,288.0,319.4842,38.7485,24.264,55.5616,0.11,0.057,193.6511
54450165,MP305,179.0,198.5683,28.5956,14.5016,45.6568,0.3752,0.6364,140.0833
54450176,MP305,209.0,231.8479,42.9677,28.2387,59.7239,0.0616,0.0033,130.9281
54450187,MP305,2499.0,2772.1906,37.1024,27.5157,47.1314,0.0535,0.0014,1739.2077
54450198,MP305,102.0,113.1506,29.9074,15.517,47.0224,0.3249,0.3889,78.3142
54450200,MP305,165.0,183.0378,49.8718,35.8078,66.6028,0.0199,0.0014,90.413
54450211,MP305,1991.0,2208.6561,37.4407,28.0212,47.2086,0.0466,0.0014,1378.2859
54450222,MP305,328.0,363.857,49.1571,34.8328,66.4296,0.022,0.0014,182.3363
54460010,MP304,226.0,266.548,38.9597,24.5045,55.9746,0.1063,0.0274,160.7404
54460021,MP304,182.0,214.6537,39.3358,24.9315,55.9159,0.1014,0.0274,128.7614
54460032,MP304,173.0,204.0389,38.3013,23.9207,55.0686,0.1174,0.057,124.6605
54460043,MP304,389.0,458.7928,46.8474,32.3087,63.8047,0.0317,0.0014,241.1776
54460076,MP304,201.0,237.0626,40.3623,25.8327,57.3917,0.088,0.0033,139.8654
54460087,MP304,166.0,195.783,45.2361,30.771,62.0867,0.0415,0.0014,105.8382
54470011,MP304,160.0,188.7065,34.0328,20.0616,50.9205,0.2009,0.2381,122.9433
54470044,MP303,423.0,480.0542,44.2849,29.6714,61.1932,0.0483,0.0014,264.4727
54470055,MP304,187.0,220.5508,40.3651,25.8417,56.955,0.0878,0.0033,130.3395
54470077,MP303,381.0,432.3892,44.1841,29.3841,61.2587,0.0532,0.0014,238.1382
54470088,MP303,2101.0,2384.3827,36.9993,27.4566,46.9683,0.0529,0.0014,1498.4908
54470099,MP303,1039.0,1179.1402,37.3787,27.0009,48.1091,0.0642,0.0033,736.9246
54470112,MP303,1567.0,1778.3568,35.3263,25.8282,45.0385,0.0817,0.0033,1147.7467
54470134,MP304,394.0,464.6899,43.1377,29.0456,60.2106,0.053,0.0014,260.6854
54470145,MP304,238.0,280.701,41.6427,27.1424,58.5184,0.0739,0.0033,162.0558
54470156,MP303,1411.0,1601.3155,39.7302,30.1233,49.7604,0.029,0.0014,962.7359
54470167,MP303,397.0,450.5473,47.7344,33.312,64.7328,0.0283,0.0014,232.5278
54470178,MP303,514.0,583.3283,48.0794,33.4858,65.0048,0.0287,0.0014,299.3315
54470189,MP303,504.0,571.9795,42.8862,28.7353,59.7946,0.0576,0.0014,322.4494
54470190,MP303,485.0,550.4167,45.1314,30.828,62.1196,0.0407,0.0014,298.1198
54470202,MP303,424.0,481.1891,39.5811,25.3183,56.2693,0.0955,0.0274,287.402
54470213,MP303,612.0,694.5465,51.4615,37.2,68.4839,0.0139,0.0,332.3843
54490013,MP314,1958.0,2054.695,41.7206,32.3211,51.538,0.014,0.0,1194.2417
54490024,MP314,896.0,940.2486,42.3797,32.1971,53.1425,0.0184,0.0,540.362
54490035,MP314,842.0,883.5818,36.3739,26.2108,47.0977,0.0779,0.0033,561.0324
54490046,MP314,993.0,1042.0389,39.052,28.665,49.9152,0.0422,0.0014,633.0572
54490057,MP314,2501.0,2624.5108,40.6074,31.2032,50.501,0.0203,0.0014,1553.672
54490068,MP314,684.0,717.7791,48.1381,38.0068,58.5141,0.0051,0.0,371.8813
54490080,MP314,606.0,635.9271,46.2308,31.5409,63.1431,0.0365,0.0014,337.9288
54490091,MP314,438.0,459.6304,51.8388,37.3244,69.1295,0.0141,0.0,218.1774
54500015,MP314,1906.0,2000.127,44.0345,34.345,53.5637,0.0084,0.0,1118.8755
54500026,MP314,512.0,537.2849,54.5308,39.9896,71.3328,0.0093,0.0,241.1405
54500037,MP314,686.0,719.8778,47.5772,37.0069,58.1745,0.0056,0.0,376.6045
54530018,MP313,1279.0,1440.5327,31.1775,20.9364,41.65,0.2193,0.2581,989.5478
54530029,MP313,2482.0,2795.4669,35.9829,26.4601,45.5513,0.0694,0.0033,1785.691
54530030,MP313,2098.0,2362.9692,37.7698,28.1305,47.5888,0.0459,0.0014,1467.1915
54530041,MP313,1489.0,1677.0549,41.5781,31.9156,51.1561,0.0154,0.0,978.9544
54530052,MP313,3162.0,3561.3483,39.0348,29.6208,48.7864,0.0294,0.0014,2165.1903
54540019,MP315,1425.0,1589.2975,37.2034,27.5423,47.235,0.0532,0.0014,995.8647
54540020,MP315,1458.0,1626.1023,34.2613,24.7368,44.201,0.1079,0.0274,1066.8821
54540042,MP315,1564.0,1744.3237,35.5424,25.7906,45.4407,0.0842,0.0033,1123.4076
54540053,MP315,1140.0,1271.438,36.4844,26.3582,47.0562,0.0746,0.0033,805.7864
54540064,MP315,1321.0,1473.3067,35.6893,26.2662,45.5822,0.0752,0.0033,944.9693
54540075,MP315,2043.0,2278.5508,35.2968,25.7422,45.2571,0.0819,0.0033,1469.9034
54540086,MP315,1245.0,1388.5442,32.7932,22.6029,43.4454,0.1636,0.057,931.0786
54540097,MP315,1983.0,2211.633,35.4334,25.9551,45.5801,0.0773,0.0033,1421.6463
54540109,MP315,1330.0,1483.3444,35.2252,25.697,45.0849,0.0842,0.0033,958.9202
54540110,MP315,922.0,1028.3034,38.9432,28.8139,49.5675,0.0421,0.0014,626.0484
54540121,MP315,1988.0,2217.2095,35.1046,25.463,44.9248,0.0899,0.0033,1437.9421
54540132,MP315,2387.0,2662.2128,33.1729,23.6412,43.1716,0.1366,0.057,1774.6056
54540143,MP315,1234.0,1376.2759,31.8467,21.8198,42.4497,0.193,0.2381,935.6339
54540154,MP315,2910.0,3245.5128,36.5722,27.0716,46.4145,0.0595,0.0014,2052.2725
54540165,MP315,1736.0,1936.1547,35.8097,26.412,45.7842,0.0698,0.0033,1238.3128
54540176,MP315,165.0,184.0239,29.5269,15.1724,46.2929,0.3379,0.4046,128.1316
54540187,MP315,1403.0,1564.761,41.3427,31.6664,51.2082,0.0168,0.0,915.1903
54540198,MP315,1131.0,1261.4004,43.5437,33.3189,54.3543,0.0151,0.0,710.2873
54540200,MP315,1874.0,2090.0657,35.3949,25.7399,45.3185,0.0846,0.0033,1347.0593
54540211,MP315,1513.0,1687.4436,36.199,26.6488,46.1894,0.0691,0.0033,1073.5936
54540222,MP315,1488.0,1659.5612,35.9168,26.4469,45.9138,0.0703,0.0033,1060.2247
54540233,MP315,1223.0,1364.0076,34.1669,23.8837,44.8148,0.124,0.057,895.9438
54540299,MP315,2470.0,2754.7824,36.5032,26.7892,46.4467,0.0645,0.0033,1745.658
54540301,MP315,1121.0,1250.2474,37.1703,26.9912,48.3012,0.0655,0.0033,781.1684
54540312,MP315,626.0,698.1756,39.8226,29.5372,50.7096,0.0375,0.0014,418.9126
54540334,MP315,2196.0,2449.1911,32.8692,23.2806,42.783,0.1466,0.057,1637.7332
54540356,MP315,1599.0,1783.3591,36.2575,26.7096,45.9684,0.0687,0.0033,1134.6279
54540367,MP315,397.0,442.7727,46.1981,31.4762,63.5585,0.038,0.0014,235.3841
54540378,MP315,102.0,113.7602,39.8018,25.2754,56.6852,0.0954,0.0274,67.7521
54540389,MP315,1022.0,1139.833,38.7752,28.5057,49.5537,0.045,0.0014,695.6343
54540390,MP315,2112.0,2355.5062,38.7371,29.1641,48.8314,0.0356,0.0014,1438.3615
54540402,MP315,1212.0,1351.7394,38.2693,27.7944,48.9803,0.0539,0.0014,833.9913
54540413,MP315,323.0,360.2408,42.0387,27.7368,59.0462,0.0646,0.0033,205.9822
54540424,MP315,1096.0,1222.365,40.1473,29.8787,51.2415,0.0351,0.0014,728.5602
54540435,MP315,1503.0,1676.2907,38.9993,29.5041,48.8545,0.0333,0.0014,1020.7133
54540446,MP315,1281.0,1428.6948,36.362,26.0839,47.0323,0.0779,0.0033,906.2691
54540457,MP315,839.0,935.7338,38.9695,28.7637,49.5547,0.0425,0.0014,569.9494
54540468,MP315,866.0,965.8468,37.7276,27.6581,48.5629,0.0566,0.0014,598.8344
54540479,MP315,1094.0,1220.1344,36.7872,26.6973,47.6471,0.069,0.0033,768.4785
54540491,MP315,899.0,1002.6516,38.279,28.0337,49.0599,0.0523,0.0014,617.4278
54540503,MP315,319.0,355.7796,42.1134,27.9985,58.8973,0.0636,0.0033,203.527
54540514,MP315,1126.0,1255.8239,39.2919,28.9082,49.7014,0.0415,0.0014,762.2548
54540536,MP315,560.0,624.566,39.4078,24.9418,56.1804,0.1007,0.0274,373.751
54540547,MP315,776.0,865.4701,40.163,29.8408,51.2656,0.0303,0.0014,515.505
54540558,MP315,1032.0,1150.986,39.636,29.5638,50.5039,0.0361,0.0014,691.658
54540569,MP315,1212.0,1351.7394,41.9649,31.8483,52.5471,0.019,0.0014,782.22
54540570,MP315,986.0,1099.6824,40.3624,29.981,51.3584,0.031,0.0014,653.7358
54540581,MP315,860.0,959.155,36.7536,26.2591,47.7966,0.0721,0.0033,604.511
54540592,MP315,868.0,968.0774,37.7799,27.5448,48.6254,0.0568,0.0014,600.4961
54540615,MP315,628.0,700.4062,41.378,30.9205,51.8917,0.0246,0.0014,409.439
54540626,MP315,476.0,530.8811,40.6207,26.0733,57.4746,0.0849,0.0033,311.9705
54540637,MP315,529.0,589.9919,39.5758,24.8812,56.4508,0.102,0.0274,352.6834
54540648,MP315,1038.0,1157.6778,39.5206,29.3936,50.3696,0.0341,0.0014,697.5566
54540659,MP315,665.0,741.6722,39.5647,29.4503,50.347,0.0369,0.0014,446.7951
54540660,MP315,803.0,895.5831,39.5546,29.0824,50.173,0.0398,0.0014,540.3962
54540671,MP315,1011.0,1127.5648,40.5765,30.344,51.2586,0.0304,0.0014,667.6798
54540682,MP315,643.0,717.1357,34.0862,23.6146,44.5348,0.1295,0.057,472.4899
54540693,MP315,864.0,963.6162,37.3244,27.2278,48.284,0.0615,0.0033,601.5669
54540705,MP315,1748.0,1949.5383,39.2345,29.7104,48.9241,0.0269,0.0014,1181.5163
54540716,MP315,1409.0,1571.4528,36.9369,27.2967,46.9145,0.0576,0.0014,989.2206
54540727,MP315,731.0,815.2817,37.7576,27.4746,48.2728,0.0605,0.0033,506.6484
54540738,MP315,652.0,727.1733,43.7171,33.1891,54.255,0.0152,0.0,409.1762
54540749,MP315,1010.0,1126.4495,43.2518,32.8592,53.9401,0.0168,0.0,637.9939
54540750,MP315,843.0,940.195,38.2239,28.0018,49.0319,0.0524,0.0014,578.7685
54540761,MP315,1131.0,1261.4004,36.7248,26.4039,47.2257,0.0725,0.0033,797.2465
54540772,MP315,1173.0,1308.2428,38.4111,28.1749,49.1964,0.0512,0.0014,803.3906
54540783,MP315,1025.0,1143.1789,42.7662,32.6413,53.5641,0.0184,0.0,651.7442
54540794,MP315,924.0,1030.534,38.8086,28.5008,49.6365,0.043,0.0014,628.7117
54540806,MP315,1976.0,2203.8259,37.3083,27.7115,47.1642,0.051,0.0014,1379.2842
54540817,MP315,986.0,1099.6824,38.2345,27.9978,48.7508,0.051,0.0014,677.4385
54540828,MP315,226.0,252.057,38.2006,23.562,54.8253,0.1214,0.057,154.2981
54540839,MP315,944.0,1052.8399,40.2709,30.1347,50.9331,0.0295,0.0014,626.5093
54540840,MP315,720.0,803.0135,39.3478,28.8474,49.8915,0.0452,0.0014,487.096
54540862,MP315,633.0,705.9827,38.255,28.2859,48.7445,0.0489,0.0014,434.5719
54540873,MP315,140.0,156.1415,26.3426,12.1411,43.6394,0.45,0.8667,113.4662
54540884,MP315,1207.0,1346.1629,37.714,27.5017,48.4679,0.057,0.0014,835.3112
54540895,MP315,691.0,770.6699,36.9697,26.7307,47.8753,0.0662,0.0033,483.941
54540907,MP315,1026.0,1144.2942,36.9635,26.5271,47.8368,0.0714,0.0033,718.9993
54540918,MP315,826.0,921.2349,38.149,27.9011,48.8449,0.0529,0.0014,568.3768
54540929,MP315,483.0,538.6882,43.9379,29.4606,60.9278,0.0506,0.0014,298.6206
54540930,MP315,664.0,740.5569,43.2096,32.9489,53.9095,0.0152,0.0,419.5577
54540941,MP315,413.0,460.6175,45.1408,30.6096,62.33,0.0437,0.0014,249.8005
54540952,MP315,619.0,690.3685,45.0941,30.7397,62.0737,0.0437,0.0014,374.3622
54540963,MP315,382.0,426.0433,40.8619,26.4516,58.1012,0.0785,0.0033,248.6173
54540974,MP315,366.0,408.1985,46.322,32.1728,63.2627,0.0328,0.0014,215.9806
54550010,MP314,1077.0,1130.1872,37.7614,27.5064,48.1412,0.057,0.0014,701.7501
54550021,MP314,984.0,1032.5944,41.9677,32.0671,52.5471,0.0179,0.0,596.6855
54550032,MP314,1525.0,1600.3115,43.8307,34.3272,53.706,0.0094,0.0,896.7256
54570012,MP316,1357.0,1470.7204,35.7121,26.2206,45.4868,0.0733,0.0033,942.1652
54570034,MP316,1018.0,1103.3112,33.2208,22.925,44.0469,0.1519,0.057,734.682
54570045,MP316,743.0,805.2655,34.2369,24.0313,45.2357,0.1226,0.057,527.8991
54570056,MP316,575.0,623.1866,38.4472,24.3218,55.5232,0.1125,0.057,379.1644
54570067,MP316,984.0,1066.4619,36.0463,25.8299,46.6642,0.0853,0.0033,680.4519
54570089,MP316,1069.0,1158.5852,37.9411,27.3927,48.6247,0.0569,0.0014,718.0238
54570090,MP316,778.0,843.1986,36.2214,26.1586,46.7668,0.077,0.0033,536.6407
54570102,MP316,837.0,907.1429,43.2999,33.1269,54.2561,0.0147,0.0,512.0145
54570113,MP316,946.0,1025.2774,36.3496,25.9081,46.909,0.0832,0.0033,651.6123
54570124,MP316,1152.0,1248.5408,39.4571,29.3595,50.2879,0.0363,0.0014,753.7444
54570135,MP316,1919.0,2079.8175,42.452,33.222,52.2532,0.0114,0.0,1192.9543
54570146,MP316,1043.0,1130.4063,39.9302,29.6523,50.5812,0.0326,0.0014,677.6012
54570168,MP316,490.0,531.0634,42.0029,27.701,59.0355,0.067,0.0033,303.7336
54570179,MP316,1307.0,1416.5302,34.4179,25.0618,44.2065,0.0989,0.0274,926.0277
54570180,MP316,1014.0,1098.976,37.731,27.5793,48.4584,0.0549,0.0014,682.1812
54570191,MP316,992.0,1075.1324,35.6882,25.3359,46.2592,0.0934,0.0274,689.5438
54570203,MP316,569.0,616.6838,35.9217,21.2825,53.1367,0.1659,0.057,390.4517
54570214,MP316,925.0,1002.5176,34.1782,23.9948,44.7332,0.1205,0.057,658.7399
54570225,MP316,1134.0,1229.0323,37.5347,27.4842,48.0023,0.0593,0.0014,765.318
54570236,MP316,1410.0,1528.1619,34.6519,25.1571,44.4602,0.0965,0.0274,996.7218
54570247,MP316,1060.0,1148.8309,39.3829,29.3661,50.03,0.0386,0.0014,694.2786
54570258,MP316,1451.0,1572.5978,32.4516,22.9959,42.2661,0.1551,0.057,1059.4452
54570269,MP316,1020.0,1105.4788,41.1579,31.0274,51.4516,0.0228,0.0014,649.8315
54570270,MP316,1057.0,1145.5795,39.5832,29.4719,50.2135,0.0346,0.0014,689.6112
54570281,MP316,953.0,1032.864,38.5666,28.3551,49.035,0.0463,0.0014,632.7508
54570292,MP316,780.0,845.3662,39.8907,29.6661,50.5589,0.0372,0.0014,506.5111
54570304,MP316,499.0,540.8176,40.4479,25.9014,57.0819,0.0885,0.0033,318.9284
54570315,MP316,702.0,760.8295,38.0751,27.8335,48.74,0.0522,0.0014,470.153
54570326,MP316,1443.0,1563.9274,41.2038,31.7801,51.1621,0.0159,0.0,915.9112
54570337,MP316,307.0,332.7275,42.7644,28.1985,59.6712,0.0618,0.0033,188.4143
54570348,MP316,363.0,393.4204,40.8747,26.2684,57.6202,0.0823,0.0033,230.0234
54570359,MP316,1166.0,1263.714,37.1416,27.0541,47.5725,0.062,0.0033,792.4456
54570360,MP316,881.0,954.8302,43.6614,33.4605,54.2272,0.0141,0.0,536.9427
54570371,MP316,865.0,937.4894,38.1204,27.743,48.9664,0.0519,0.0014,577.582
54570393,MP316,272.0,294.7944,37.5992,23.0544,55.0469,0.1327,0.057,181.4029
54570405,MP316,732.0,793.3436,39.7765,29.5043,50.4492,0.033,0.0014,476.0569
54570416,MP316,387.0,419.4317,45.6858,31.5485,62.9371,0.0352,0.0014,223.9735
54570427,MP316,564.0,611.2648,34.4249,19.8287,51.3347,0.2002,0.2381,396.7366
54570438,MP316,449.0,486.6274,47.295,32.5781,64.2643,0.0303,0.0014,253.4442
54580013,MP316,1108.0,1200.8535,41.2614,31.0973,51.8165,0.0225,0.0014,703.1968
54580035,MP316,1997.0,2164.3541,37.8508,28.3593,47.7552,0.0408,0.0014,1341.462
54580046,MP316,1492.0,1617.0337,33.4798,24.2115,43.5308,0.1194,0.057,1070.4113
54580057,MP316,1129.0,1223.6133,36.736,26.544,47.5407,0.07,0.0033,771.3264
54580068,MP316,1503.0,1628.9556,38.907,29.5302,48.7552,0.0302,0.0014,991.7844
54580079,MP316,1658.0,1796.945,35.1591,25.6561,45.0598,0.084,0.0033,1162.0278
54580080,MP316,1752.0,1898.8225,35.0643,25.5019,44.9074,0.0881,0.0033,1229.7932
54580091,MP316,1379.0,1494.564,42.7177,33.1122,52.5,0.0117,0.0,854.9279
54580103,MP316,934.0,1012.2718,40.0484,29.8509,51.069,0.0295,0.0014,604.8292
54580114,MP316,423.0,458.4486,47.4226,33.0003,63.6865,0.0303,0.0014,238.8354
54580125,MP316,717.0,777.0866,38.2352,27.9299,48.8996,0.0527,0.0014,479.2195
54580136,MP316,1664.0,1803.4478,35.7873,26.4333,45.7547,0.072,0.0033,1153.8165
54580158,MP316,1336.0,1447.9605,38.6457,29.1842,48.4055,0.0349,0.0014,886.2186
54580169,MP316,1378.0,1493.4802,42.9825,33.6178,52.8484,0.0101,0.0,849.2162
54580181,MP315,513.0,572.1471,38.142,23.4582,54.9974,0.1222,0.057,350.2855
54580192,MP316,1295.0,1403.5246,38.0439,28.5289,47.6963,0.0392,0.0014,868.2568
54580204,MP316,1095.0,1186.764,39.2066,29.1137,49.9351,0.0381,0.0014,718.8209
54580215,MP316,1168.0,1265.8816,40.1162,29.8219,50.8381,0.0301,0.0014,756.7557
54580226,MP316,81.0,87.788,31.7457,17.603,48.5594,0.2635,0.3333,59.0871
54580237,MP316,929.0,1006.8528,38.0081,27.5883,48.6995,0.0591,0.0014,623.4178
54580248,MP316,745.0,807.4331,39.992,29.7921,50.7248,0.0352,0.0014,482.9119
54580259,MP316,703.0,761.9134,40.4155,30.1613,51.1956,0.0325,0.0014,452.7786
54580260,MP316,1163.0,1260.4626,40.5041,30.4304,51.21,0.026,0.0014,746.5248
54580271,MP316,1211.0,1312.4852,40.9895,30.6428,51.597,0.0276,0.0014,773.1752
54580282,MP316,735.0,796.595,43.0595,32.7836,53.5824,0.0149,0.0,452.5951
54580293,MP316,502.0,544.069,45.4857,30.9139,62.7482,0.0434,0.0014,292.5262
54580305,MP316,561.0,608.0134,44.8737,30.3384,61.9471,0.0449,0.0014,330.4441
54580316,MP316,776.0,841.031,43.7138,33.5263,54.3673,0.0129,0.0,471.72
54580327,MP316,16.0,17.3408,26.2942,11.8064,43.1729,0.454,0.8667,12.6306
54590014,MP316,1382.0,1497.8154,37.6965,28.1581,47.557,0.0468,0.0014,931.3277
54590025,MP316,1536.0,1664.7211,39.551,29.9683,49.2749,0.0286,0.0014,1005.1715
54590036,MP316,1637.0,1774.1851,42.8951,33.4985,52.9796,0.0102,0.0,1009.2855
54590047,MP316,1429.0,1548.7542,37.7691,28.2325,47.6748,0.0427,0.0014,961.6287
54590058,MP316,1960.0,2124.2534,39.9736,30.4902,49.692,0.0229,0.0014,1272.0763
54590069,MP316,1291.0,1399.1894,40.7178,31.206,50.7735,0.0169,0.0,825.9184
54590070,MP316,1490.0,1614.8661,43.0995,33.7451,53.1613,0.0102,0.0,914.1904
54590081,MP316,1050.0,1137.9929,43.4836,33.3067,54.1723,0.0147,0.0,641.3866
54590092,MP316,1492.0,1617.0337,32.102,22.4972,42.1724,0.1713,0.057,1095.7661
54590104,MP316,1058.0,1146.6633,39.8528,29.7792,50.5348,0.0319,0.0014,687.2787
54590115,MP316,1490.0,1614.8661,43.6253,34.324,53.7718,0.0072,0.0,905.6119
54590126,MP316,1640.0,1777.4366,45.9953,36.4192,55.6277,0.0049,0.0,959.0158
54590137,MP316,1663.0,1802.364,42.0598,32.4813,51.731,0.0149,0.0,1042.6182
54590148,MP316,1288.0,1395.938,40.3364,30.8259,50.2559,0.0221,0.0014,830.867
54590159,MP316,1452.0,1573.6816,37.8504,28.2557,47.9496,0.0481,0.0014,975.3866
54590160,MP316,1300.0,1408.9436,43.1094,33.731,52.8076,0.01,0.0,799.4079
54590171,MP316,2281.0,2472.1541,41.7127,31.988,51.3546,0.0161,0.0,1439.6572
54590182,MP316,1639.0,1776.3528,40.7795,31.3501,50.7613,0.0175,0.0,1048.1617
54590193,MP316,1295.0,1403.5246,42.4374,32.9962,52.235,0.0125,0.0,805.4879
54590205,MP316,1859.0,2014.7894,39.8829,30.53,50.0107,0.0245,0.0014,1204.8313
54590216,MP316,1271.0,1377.5133,37.9686,27.9054,48.6912,0.0535,0.0014,851.7036
54590227,MP316,1782.0,1931.3365,33.907,24.4745,43.8387,0.1122,0.057,1272.9355
54590238,MP316,1741.0,1886.9006,36.0832,26.5956,45.9173,0.0686,0.0033,1202.4039
54590250,MP316,1114.0,1207.3563,43.2555,33.1653,53.7993,0.0154,0.0,683.5993
54590261,MP316,997.0,1080.5514,43.0753,32.7211,53.516,0.0154,0.0,613.9693
54590272,MP316,1329.0,1440.3739,45.7225,35.9129,55.5088,0.006,0.0,780.4686
54590283,MP316,972.0,1053.4563,46.5137,36.3218,57.2455,0.0078,0.0,562.0458
54590294,MP316,467.0,506.1359,44.0216,29.3944,61.1792,0.0499,0.0014,279.9577
54590306,MP316,1311.0,1420.8654,38.5496,29.0947,48.2868,0.0335,0.0014,870.5599
54590328,MP316,1047.0,1134.7415,40.3882,30.258,51.1503,0.0305,0.0014,674.4809
54590339,MP316,688.0,745.6563,41.2499,31.1877,52.1836,0.0235,0.0014,436.2243
54590340,MP316,1852.0,2007.2027,39.3774,29.8054,49.4442,0.0283,0.0014,1212.2762
54590351,MP316,1149.0,1245.2894,40.5613,30.1801,51.4468,0.0309,0.0014,737.7091
54590362,MP316,920.0,997.0986,41.0767,30.8285,51.9049,0.0258,0.0014,585.6798
54590373,MP316,258.0,279.6211,33.5916,19.2193,50.8229,0.2159,0.2524,183.3012
54590384,MP316,1268.0,1374.2619,39.3565,29.0529,50.2542,0.0394,0.0014,831.5437
54590395,MP316,513.0,555.9908,42.6141,28.39,59.7502,0.0602,0.0033,314.8669
54590407,MP316,696.0,754.3267,44.3361,34.2159,55.1501,0.0123,0.0,418.3014
54590418,MP316,651.0,705.5556,40.5275,30.2651,51.3256,0.0286,0.0014,417.6366
54590429,MP316,1151.0,1247.457,44.7079,34.5915,55.5999,0.0103,0.0,686.7458
54590430,MP316,923.0,1000.35,43.4449,33.0656,53.962,0.016,0.0,564.8738
54590441,MP316,895.0,970.0035,38.0182,27.7092,48.671,0.0543,0.0014,599.8283
54590452,MP316,755.0,818.2711,39.5152,29.2719,50.1668,0.0376,0.0014,493.5723
54590463,MP316,824.0,893.0535,41.3311,30.9856,51.9532,0.026,0.0014,522.7773
54590474,MP316,438.0,474.7056,42.1666,27.4174,58.9018,0.0725,0.0033,271.7898
54590485,MP316,603.0,653.5331,42.0052,27.0504,58.5815,0.0732,0.0033,376.0728
54590496,MP316,514.0,557.0746,42.8114,28.4418,59.4329,0.058,0.0014,315.1794
54590508,MP316,1042.0,1129.3225,42.4157,32.1182,53.085,0.0183,0.0,649.3188
54590519,MP316,753.0,816.1035,49.4849,39.3397,59.9678,0.0043,0.0,410.678
54590520,MP316,554.0,600.4267,32.0588,17.7501,49.1322,0.2615,0.2957,403.296
54600016,MP313,1574.0,1772.7901,52.7768,43.2457,62.4792,0.0008,0.0,834.7367
54600027,MP313,2452.0,2761.678,50.277,40.7314,59.9568,0.0025,0.0,1371.1615
54600038,MP313,3081.0,3470.1183,38.3925,28.9404,48.3874,0.0358,0.0014,2129.0433
54600049,MP313,1506.0,1696.2019,50.1887,40.6235,60.0639,0.0013,0.0,841.5007
54600050,MP313,2171.0,2445.1888,39.9108,30.4276,49.7816,0.0234,0.0014,1465.9939
54600061,MP313,2550.0,2872.055,34.5582,25.1989,44.1888,0.0956,0.0274,1875.2659
54600072,MP313,2675.0,3012.8421,35.4758,26.0522,45.266,0.0784,0.0033,1940.028
54600083,MP313,2120.0,2387.7477,34.8793,25.4226,44.9062,0.0914,0.0033,1550.9059
54600094,MP313,2243.0,2526.2821,39.7925,30.4517,49.538,0.0231,0.0014,1515.5066
54600106,MP313,2817.0,3172.7761,38.7105,29.1636,48.2811,0.0369,0.0014,1941.846
54600117,MP313,664.0,747.8606,39.939,29.7459,50.8899,0.0339,0.0014,447.4684
54600128,MP313,1879.0,2116.3104,39.7298,30.2471,49.4988,0.0255,0.0014,1270.9649
54600139,MP313,1756.0,1977.7759,40.2778,30.9851,49.9918,0.0212,0.0014,1176.7153
54600140,MP313,4990.0,5620.2175,49.6808,40.1415,59.5451,0.0023,0.0,2819.9632
54600151,MP313,2126.0,2394.5055,50.169,40.6478,60.0265,0.0023,0.0,1188.3829
54600162,MP313,3033.0,3416.0561,37.3008,27.7118,46.9303,0.0527,0.0014,2139.0584
54600173,MP313,1923.0,2165.8674,45.375,35.977,55.1817,0.0048,0.0,1179.0109
54600184,MP313,2234.0,2516.1455,37.8355,28.2622,47.4009,0.0443,0.0014,1562.0574
54600195,MP313,2945.0,3316.942,31.4648,21.7411,41.3839,0.1974,0.2381,2270.1286
54600207,MP313,3009.0,3389.0249,36.0719,26.4551,45.8808,0.0697,0.0033,2162.3917
54600218,MP313,2128.0,2396.7581,39.7297,30.1682,49.4965,0.0292,0.0014,1440.9881
54600229,MP313,2315.0,2607.3755,39.2746,29.7755,49.1212,0.0272,0.0014,1579.9263
54600230,MP313,1394.0,1570.0568,52.8398,43.408,62.6692,0.001,0.0,738.5191
54600241,MP313,1397.0,1573.4356,41.9363,32.82,51.7491,0.0127,0.0,910.7539
54600252,MP313,4416.0,4973.7236,32.2843,23.0847,42.3181,0.1564,0.057,3356.611
54600263,MP313,1154.0,1299.7457,41.0087,30.8638,51.7555,0.0234,0.0014,763.535
54600274,MP313,816.0,919.0576,39.6234,29.3415,50.4557,0.0333,0.0014,553.0438
54600285,MP313,1030.0,1160.085,45.0447,34.8345,55.8195,0.01,0.0,635.5292
54600296,MP313,817.0,920.1839,47.3131,37.077,57.9219,0.0068,0.0,483.7979
54600308,MP313,893.0,1005.7824,46.6709,36.4491,57.4617,0.007,0.0,534.7945
54600319,MP313,1590.0,1790.8108,35.6922,26.3074,45.5199,0.0727,0.0033,1147.9421
54600320,MP313,1588.0,1788.5582,51.4317,41.9031,61.2627,0.0013,0.0,866.2625
54600331,MP313,537.0,604.821,44.0755,29.6786,60.9201,0.0494,0.0014,334.6929
54600342,MP313,925.0,1041.8239,46.105,35.7014,56.4466,0.0088,0.0,561.1771
54600353,MP313,206.0,232.017,64.6922,50.5136,81.7353,0.0017,0.0,80.3354
54610028,MP315,1620.0,1806.7803,35.0052,25.3945,44.9375,0.0907,0.0033,1171.1105
54610039,MP315,1372.0,1530.1868,29.72,20.1878,39.7803,0.2629,0.3333,1071.5814
54610040,MP315,1373.0,1531.3021,35.2744,25.8112,45.4519,0.0834,0.0033,987.4376
54610051,MP315,1463.0,1631.6788,36.2745,26.6172,45.8598,0.067,0.0033,1038.8134
54610062,MP315,1427.0,1591.5281,31.4277,21.7759,41.3025,0.191,0.2381,1088.8242
54610073,MP315,1545.0,1723.1331,34.8482,25.3398,44.6672,0.0935,0.0274,1119.668
54610084,MP315,1951.0,2175.9435,40.7863,31.2383,50.5962,0.016,0.0,1284.6902
54610095,MP315,963.0,1074.0305,32.8292,22.4162,43.5257,0.1696,0.057,720.4608
54610107,MP315,1690.0,1884.8511,35.0001,25.417,44.893,0.0909,0.0033,1222.4814
54610118,MP315,1480.0,1650.6388,33.9016,24.5213,44.0007,0.1124,0.057,1087.2084
54610129,MP315,1187.0,1323.857,36.8751,26.6328,47.7909,0.0705,0.0033,833.5828
54610141,MP315,1673.0,1865.8911,38.3591,28.6797,48.0549,0.0407,0.0014,1149.524
54610152,MP315,1465.0,1633.9094,39.4925,29.952,49.4773,0.0268,0.0014,985.4893
54610163,MP315,1692.0,1887.0817,35.4275,26.166,45.2064,0.0767,0.0033,1213.1418
54610174,MP315,1254.0,1398.5818,39.63,29.1853,50.352,0.0407,0.0014,842.7414
54610185,MP315,1579.0,1761.0532,41.2505,31.6244,51.2747,0.0173,0.0,1030.656
54610196,MP315,958.0,1068.4541,37.7272,27.5798,48.3954,0.0562,0.0014,663.1469
54610208,MP315,1130.0,1260.2851,39.6812,29.3175,50.3508,0.0381,0.0014,759.5533
54610219,MP315,2006.0,2237.2848,41.4353,31.7064,51.1239,0.017,0.0,1308.1603
54610220,MP315,63.0,70.2637,24.1742,9.7824,41.0769,0.5271,0.8667,52.7339
54610231,MP315,1889.0,2106.7951,36.8287,27.184,46.5425,0.0571,0.0014,1329.5578
54610242,MP315,1145.0,1277.0145,35.1754,24.8044,45.7105,0.1042,0.0274,826.9237
54610253,MP315,1871.0,2086.7198,39.2268,29.6218,48.9492,0.0317,0.0014,1267.7309
54610264,MP315,1761.0,1964.0372,39.9411,30.4237,49.9696,0.0211,0.0014,1176.1337
54610275,MP315,1772.0,1976.3054,39.6067,29.9401,49.3959,0.0261,0.0014,1191.0425
54610286,MP315,1094.0,1220.1344,40.6465,30.163,51.646,0.0306,0.0014,722.0319
54610309,MP315,1263.0,1408.6195,44.1122,33.949,54.9325,0.0123,0.0,785.1364
54610310,MP315,700.0,780.7076,37.0232,26.6276,47.406,0.0696,0.0033,491.3009
54610321,MP315,1390.0,1550.2621,42.752,33.228,52.6021,0.0102,0.0,885.214
54610332,MP315,726.0,809.7053,42.0482,31.582,52.6836,0.0205,0.0014,468.5705
54610343,MP315,898.0,1001.5363,47.0854,36.7886,57.987,0.0067,0.0,527.5245
54610354,MP315,584.0,651.3332,39.4985,25.0607,56.5581,0.0991,0.0274,389.0152
54610365,MP315,779.0,868.816,45.8939,35.7749,56.5828,0.0077,0.0,468.4674
54610376,MP315,987.0,1100.7977,41.0645,31.0018,51.8217,0.0248,0.0014,646.431
54610411,MP315,1159.0,1292.6287,37.8292,27.4316,48.4432,0.0581,0.0014,802.4213
54610422,MP315,1038.0,1157.6778,41.3323,30.951,51.8733,0.0263,0.0014,678.8183
54610433,MP315,501.0,558.7636,43.3815,29.212,60.2907,0.0506,0.0014,312.6701
54610444,MP315,1176.0,1311.5887,41.8067,31.4769,52.3551,0.0216,0.0014,761.6618
54610455,MP315,527.0,587.7613,39.547,25.3184,56.7626,0.0944,0.0274,350.8896
54610466,MP315,670.0,747.2487,38.7568,28.5033,49.7061,0.0431,0.0014,455.7595
54610477,MP315,684.0,762.8628,40.6408,30.3528,51.2323,0.0278,0.0014,452.1351
54610488,MP315,740.0,825.3194,43.3833,33.2302,54.1079,0.013,0.0,465.5336
54610499,MP315,1349.0,1504.535,36.7476,27.1844,46.5844,0.0574,0.0014,949.0367
54610501,MP315,791.0,882.1995,39.5178,29.1317,50.3096,0.04,0.0014,532.0358
54610512,MP315,630.0,702.6368,48.0463,37.8025,58.9342,0.0063,0.0,363.4873
54610523,MP315,404.0,450.5798,42.2592,28.2861,59.3919,0.0604,0.0033,256.5024
54610534,MP315,97.0,108.1838,47.8791,33.1966,64.5504,0.0298,0.0014,55.7865
54610545,MP315,547.0,610.0672,49.9371,35.7367,67.2221,0.0186,0.0,300.6487
54610556,MP315,728.0,811.9359,43.4532,33.2257,54.3005,0.0148,0.0,457.7626
54610567,MP315,261.0,291.0924,38.7115,24.3372,55.7488,0.1097,0.057,176.1685
54610578,MP315,569.0,634.6037,42.8558,28.2707,59.7323,0.0601,0.0033,358.7511
54610589,MP315,554.0,617.8743,42.1739,27.5074,58.9788,0.0672,0.0033,353.2393
54610590,MP315,450.0,501.8834,45.1905,31.0414,62.3096,0.0423,0.0014,271.1738
54610602,MP315,720.0,803.0135,45.9481,35.873,56.9784,0.0084,0.0,432.0943
54620423,MP315,820.0,914.5431,44.3553,34.207,55.0849,0.0115,0.0,507.0653
54630019,MP312,3255.0,3826.8816,32.4622,22.6943,42.1748,0.162,0.057,2582.4984
54630020,MP312,2373.0,2789.9201,31.6471,21.8975,41.2615,0.1868,0.1667,1904.4401
54630031,MP312,2887.0,3394.2264,35.0712,25.4013,44.9893,0.091,0.0033,2201.1136
54630042,MP312,1941.0,2282.0206,38.1493,28.7803,48.2728,0.0365,0.0014,1404.059
54630053,MP312,2086.0,2452.4961,36.5591,26.9578,46.403,0.0597,0.003,1551.793
54630064,MP312,1183.0,1390.8451,32.4124,22.0373,42.9427,0.1813,0.057,939.719
54630086,MP312,360.0,423.2496,44.8176,30.1791,61.5717,0.0488,0.0014,231.5134
54640010,MP314,1767.0,1854.2626,42.7774,33.4048,52.6764,0.0107,0.0,1057.2698
54640021,MP314,872.0,915.0634,40.875,30.7256,51.3909,0.0254,0.0014,539.6229
54640032,MP314,1134.0,1190.0021,46.5911,36.4523,57.2609,0.0093,0.0,633.8311
54650011,MP312,3847.0,4522.892,43.7803,34.3572,53.6157,0.0085,0.0,2532.4936
54650022,MP312,2122.0,2494.8211,45.5739,36.0021,55.2742,0.0044,0.0,1354.6292
54650033,MP312,3425.0,4026.7494,49.8684,40.4397,59.5317,0.0022,0.0,2015.2506
54650044,MP312,4321.0,5080.1706,30.8414,21.3101,40.505,0.2134,0.25,3508.4114
54650055,MP312,2565.0,3015.6532,34.8833,25.4446,44.7002,0.0896,0.0033,1958.5514
54650066,MP312,2397.0,2818.1367,39.1809,29.5053,48.9722,0.0317,0.0014,1710.4319
54650077,MP312,1758.0,2066.8687,50.3285,40.8358,60.3095,0.0013,0.0,1023.118
54650088,MP312,2293.0,2695.8646,37.8629,28.4701,47.7357,0.0399,0.0014,1667.6932
54650099,MP312,2499.0,2938.0575,36.7468,27.1715,46.5827,0.0601,0.0033,1854.1655
54650101,MP312,2723.0,3201.4127,35.6482,26.1224,45.5061,0.0778,0.0033,2055.6748
54650112,MP312,2029.0,2385.4816,36.8092,27.2848,46.5771,0.0579,0.0014,1503.2045
54650123,MP312,5290.0,6219.4173,42.9798,33.4364,52.787,0.0117,0.0,3538.7599
54650145,MP312,2079.0,2444.2663,36.2312,26.5075,46.1135,0.0699,0.0033,1555.5406
54650156,MP312,3685.0,4332.4297,35.7803,26.1803,45.6812,0.0766,0.0033,2778.1504
54650167,MP312,2215.0,2604.1606,36.2791,26.7714,46.1215,0.0647,0.0033,1653.5493
54650178,MP312,2048.0,2407.8198,36.3939,26.6734,46.1576,0.067,0.0033,1528.6745
54650189,MP312,1504.0,1768.2427,35.9656,26.3738,45.6733,0.0735,0.0033,1130.0597
54650190,MP312,2574.0,3026.2344,37.092,27.6173,46.9697,0.0534,0.0014,1900.0759
54650202,MP312,1942.0,2283.1963,35.3202,25.938,45.4826,0.0807,0.0033,1469.2407
54650213,MP312,1733.0,2037.4764,35.9868,26.2995,45.6036,0.0746,0.0033,1303.1467
54650224,MP312,2530.0,2974.5039,36.0541,26.4707,46.0531,0.0703,0.0033,1896.0762
54650235,MP312,1948.0,2290.2505,34.7296,25.4278,44.6353,0.0901,0.0033,1491.7995
54650246,MP312,3415.0,4014.9925,34.8539,25.3909,44.4667,0.0915,0.0033,2611.0095
54650257,MP312,2211.0,2599.4578,39.9792,30.5138,50.1519,0.0231,0.0014,1554.5405
54650268,MP312,1313.0,1543.6852,34.1618,24.6444,43.8772,0.1077,0.0274,1014.2243
54650279,MP312,1326.0,1558.9693,38.6816,29.2015,48.4596,0.0343,0.0014,954.0392
54650280,MP312,1418.0,1667.133,38.0882,28.4926,48.0382,0.0419,0.0014,1030.3155
54650291,MP312,1737.0,2042.1792,30.7292,21.3121,40.5326,0.2193,0.2581,1410.6309
54650303,MP312,2008.0,2360.7921,34.2228,24.6142,43.9068,0.1086,0.057,1550.5036
54650314,MP312,989.0,1162.7606,32.9091,22.7635,43.3782,0.1599,0.057,779.2391
54650336,MP312,2552.0,3000.3692,36.5803,27.117,46.4738,0.0603,0.0033,1898.4469
54650347,MP312,1925.0,2263.2095,30.2444,20.6772,40.0339,0.2432,0.2581,1575.9819
54650358,MP312,1664.0,1956.3536,38.3775,28.8108,48.1532,0.0411,0.0014,1203.5922
54650369,MP312,2078.0,2443.0906,48.431,39.1532,58.4132,0.0023,0.0,1256.3169
54650370,MP312,1346.0,1582.4831,34.5217,24.8894,44.2825,0.102,0.0274,1033.5368
54650381,MP312,2480.0,2915.7193,23.6372,14.091,33.4736,0.574,0.8667,2221.7599
54650392,MP312,2330.0,2739.3653,36.5945,26.8858,46.3845,0.0613,0.0033,1735.8103
54650404,MP312,665.0,781.836,39.4961,29.307,49.9494,0.0377,0.0014,472.0096
54650415,MP312,1993.0,2343.1567,35.6535,26.2852,45.1958,0.0738,0.0033,1505.55
54650426,MP312,2560.0,3009.7747,32.1561,22.7002,41.8241,0.1675,0.057,2038.64
54650437,MP312,1902.0,2236.1686,36.8782,27.3486,46.8721,0.0566,0.0014,1406.837
54650448,MP312,3966.0,4662.7995,33.9552,24.5929,43.8951,0.1121,0.057,3068.0069
54650459,MP312,1429.0,1680.0657,36.4344,27.1077,46.294,0.0615,0.0033,1065.0623
54650460,MP312,416.0,489.0884,45.0214,30.47,62.2141,0.0416,0.0014,265.4585
54650471,MP312,1028.0,1208.6127,37.4376,27.3619,48.3767,0.0584,0.0014,752.7379
54650482,MP312,2797.0,3288.414,28.8899,19.5821,38.6361,0.2984,0.3889,2332.7905
54650493,MP312,792.0,931.1491,24.6841,14.2927,35.4701,0.5174,0.8667,700.3372
54650505,MP312,1770.0,2080.9771,36.8097,27.3004,46.5128,0.0577,0.0014,1313.436
54650516,MP312,2889.0,3396.5778,34.7825,25.3523,44.5253,0.0925,0.0274,2208.525
54650527,MP312,2238.0,2631.2015,39.4326,29.874,49.1875,0.0294,0.0014,1592.3409
54650538,MP312,302.0,355.0594,38.5101,24.0936,55.7037,0.1152,0.057,215.9797
54650549,MP312,1522.0,1789.4051,33.5275,23.9673,43.2282,0.1247,0.057,1186.8476
54650550,MP312,503.0,591.3737,49.1119,34.4537,65.9129,0.0233,0.0014,297.424
54650561,MP312,913.0,1073.4079,41.6601,31.5333,52.2115,0.0225,0.0014,624.1042
54650572,MP312,609.0,715.9972,47.6557,33.1866,64.491,0.0275,0.0014,370.466
54650583,MP312,1398.0,1643.6192,38.1337,28.7125,47.8819,0.0385,0.0014,1015.0915
54650594,MP312,1983.0,2331.3997,31.2014,21.6151,40.819,0.2034,0.2381,1603.4968
54650606,MP312,442.0,519.6564,41.5343,26.9286,58.5383,0.077,0.0033,300.2486
54650617,MP312,3020.0,3550.5936,33.7248,24.1757,43.4239,0.1209,0.057,2348.1642
54650628,MP312,3235.0,3803.3677,37.2223,27.5423,46.9708,0.0541,0.0014,2384.6992
54650639,MP312,1300.0,1528.4012,50.5802,40.9504,60.4275,0.0023,0.0,753.3288
54650640,MP312,881.0,1035.7858,40.0485,29.7096,50.7305,0.0338,0.0014,619.5187
54650651,MP312,939.0,1103.976,37.9651,27.6581,48.3958,0.0575,0.0014,684.2012
54650662,MP312,1990.0,2339.6296,36.5308,27.3715,46.1767,0.0563,0.0014,1482.5552
54650673,MP312,976.0,1147.4766,37.1654,27.0715,48.0182,0.0641,0.0033,718.9082
54650684,MP312,1001.0,1176.869,36.5017,26.3485,47.1427,0.0754,0.0033,746.0136
54650695,MP312,607.0,713.6458,53.2299,39.0203,70.0384,0.0115,0.0,328.6606
54650718,MP312,1004.0,1180.396,37.6099,27.5201,48.3037,0.0561,0.0014,734.2385
54650729,MP312,385.0,452.6419,48.5125,34.1864,65.2582,0.0249,0.0014,230.0891
54650730,MP312,593.0,697.1861,45.8526,31.3141,62.8554,0.0383,0.0014,373.0363
54650741,MP312,610.0,717.1729,53.851,39.7072,70.8371,0.0086,0.0,325.5122
54650752,MP312,898.0,1055.7725,53.6379,43.5617,64.0757,0.0016,0.0,487.9954
54650763,MP312,2467.0,2900.4353,35.8932,26.3922,45.9302,0.0726,0.0033,1854.7945
54650774,MP312,1392.0,1636.565,42.6877,33.5421,52.7449,0.0082,0.0,933.4881
54650785,MP312,767.0,901.7567,43.7202,33.5484,54.6228,0.0127,0.0,504.8231
54650796,MP312,960.0,1128.6655,41.7138,31.5805,52.4607,0.0209,0.0014,655.8768
54650808,MP312,562.0,660.7396,46.5996,31.881,63.4078,0.0349,0.0014,349.0168
54650819,MP312,434.0,510.2509,51.3594,36.7327,68.356,0.0172,0.0,244.681
54650820,MP312,627.0,737.1597,42.4517,32.2906,53.1435,0.0197,0.0014,423.2249
54650831,MP312,514.0,604.3063,39.2061,24.6777,56.2448,0.1052,0.0274,363.4366
54650842,MP312,300.0,352.708,48.3327,33.7549,65.9109,0.024,0.0014,179.3719
54650853,MP312,963.0,1132.1926,40.5924,30.388,51.0907,0.0273,0.0014,671.4915
54650864,MP312,300.0,352.708,52.4024,37.8671,69.5264,0.0141,0.0,165.8253
54650875,MP312,11.0,12.9326,48.0556,33.6681,64.9986,0.027,0.0014,6.6385
54650886,MP312,29.0,34.0951,53.238,38.886,70.7634,0.0117,0.0,15.6739
54650897,MP312,218.0,256.3011,50.5722,36.0505,67.373,0.0185,0.0,125.0241
54660012,MP321,861.0,972.9863,44.8189,34.5973,55.2927,0.0106,0.0,535.8868
54660023,MP314,214.0,224.5683,45.8131,31.6319,63.2441,0.0381,0.0014,119.838
54660034,MP314,103.0,108.0866,42.938,28.6502,59.8086,0.0576,0.0014,60.9272
54660045,MP314,102.0,107.0372,43.7075,29.4521,60.6276,0.0507,0.0014,59.505
54660067,MP314,1017.0,1067.2241,42.6132,32.5414,53.2484,0.0192,0.0014,611.5092
54660078,MP314,191.0,200.4325,39.7158,25.5059,56.8651,0.0924,0.0274,119.3047
54660090,MP314,158.0,165.8028,39.3619,25.1282,56.25,0.098,0.0274,99.252
54660102,MP314,455.0,477.47,45.4766,31.0839,62.3393,0.0413,0.0014,257.6598
54660113,MP314,409.0,429.1983,50.4492,36.0117,67.5143,0.0189,0.0008,209.6185
54660124,MP314,121.0,126.9755,36.2791,22.1136,52.7301,0.1559,0.057,80.1355
54660135,MP314,99.0,103.8891,39.7102,25.5447,57.3542,0.0924,0.0274,61.7353
54660146,MP314,119.0,124.8768,51.5548,37.259,68.873,0.0147,0.0,59.484
54660157,MP314,296.0,310.6178,25.2661,10.8559,41.7666,0.4882,0.8667,229.4414
54660168,MP314,234.0,245.556,49.8884,35.058,66.26,0.0228,0.0014,122.1341
54660179,MP314,340.0,356.7908,50.4825,35.9228,67.1713,0.0178,0.0,174.1068
54660180,MP314,137.0,143.7657,47.6086,33.339,64.4053,0.0286,0.0014,74.3869
54660191,MP314,297.0,311.6672,51.4608,36.9465,68.3185,0.0134,0.0,149.0985
54660203,MP314,404.0,423.9514,50.2765,35.6501,67.2104,0.0206,0.0014,208.5184
54660214,MP314,94.0,98.6422,51.5534,37.0312,68.905,0.0141,0.0,47.0548
54680025,MP313,1606.0,1808.8315,31.0763,21.6566,40.9332,0.2054,0.2381,1243.7353
54680036,MP314,479.0,502.6552,36.1429,21.6213,52.85,0.1564,0.057,317.2765
54680058,MP313,912.0,1027.182,30.9064,20.9091,41.3689,0.2245,0.2581,707.6807
54680069,MP313,636.0,716.3243,22.8448,12.681,33.4173,0.6104,0.8667,551.3944
54680070,MP313,2568.0,2892.3284,31.8898,22.2698,41.7757,0.1743,0.057,1965.446
54680081,MP313,1925.0,2168.12,32.2192,22.7478,41.9351,0.1653,0.057,1466.0545
54680092,MP313,590.0,664.5147,42.1191,27.569,59.2581,0.0693,0.0033,380.0369
54680104,MP313,280.0,315.3629,47.1844,32.9802,64.0382,0.03,0.0014,164.4093
54680115,MP313,275.0,309.7314,39.1722,24.8196,56.0875,0.1029,0.0274,185.9181
54680126,MP313,367.0,413.3507,34.9739,21.0895,52.0715,0.1762,0.057,265.2964
54680148,MP313,2045.0,2303.2755,36.7953,27.3743,46.7779,0.0573,0.0014,1451.0353
54680159,MP313,649.0,730.9662,36.7267,26.38,47.4731,0.0725,0.0033,461.2879
54680160,MP314,160.0,167.9015,39.9309,25.6376,56.8648,0.0916,0.013,99.4616
54680171,MP314,441.0,462.7786,44.5875,30.2827,61.3522,0.0437,0.0014,253.3314
54680238,MP313,1898.0,2137.71,52.2611,42.65,62.3064,0.0015,0.0,1017.2584
54680249,MP314,180.0,188.8892,43.0528,28.8666,59.6878,0.0526,0.0014,106.1474
54680261,MP313,2323.0,2616.3858,28.4915,19.0926,38.2985,0.3153,0.3889,1865.7903
54680272,MP313,2197.0,2474.4725,35.4009,25.8958,45.4165,0.0791,0.0033,1593.9432
54680283,MP313,230.0,259.0481,48.8307,34.5567,65.7441,0.023,0.0014,130.8453
54680294,MP313,461.0,519.2225,24.0558,9.7035,40.7854,0.5324,0.8667,389.2632
54680306,MP313,580.0,653.2517,39.2518,25.0171,56.3401,0.0999,0.0274,391.5059
54680317,MP313,542.0,610.4525,28.3752,14.5251,44.9204,0.3786,0.6364,432.3678
54680328,MP313,869.0,978.7513,39.6993,29.5111,50.4061,0.0348,0.0014,588.461
54680339,MP313,176.0,198.2281,22.3911,8.2129,38.9933,0.589,0.8667,151.9964
54680340,MP314,204.0,214.0745,46.8821,32.3551,63.9396,0.0322,0.0014,112.2287
54680395,MP313,621.0,699.4299,52.3451,38.148,69.4079,0.0143,0.0,327.6285
54680407,MP313,396.0,446.0133,35.2056,20.5541,52.2122,0.1809,0.057,286.1768
54680418,MP313,108.0,121.64,48.8462,34.3747,65.9476,0.0253,0.0014,61.3984
54680429,MP313,969.0,1091.3809,46.457,36.5762,57.1634,0.0083,0.0,581.5376
54680430,MP313,1484.0,1671.4234,45.2995,35.7049,54.9717,0.0058,0.0,912.1505
54680441,MP313,1766.0,1989.0389,40.112,30.6153,49.7829,0.0218,0.0014,1187.9012
54680452,MP313,1510.0,1700.7071,39.3646,29.8598,49.0113,0.0286,0.0014,1030.4389
54680463,MP313,269.0,302.9736,40.3966,26.2004,57.6649,0.0857,0.0033,177.6963
54680474,MP313,354.0,398.7088,56.7968,42.1898,73.0354,0.0066,0.0,170.4009
54680485,MP313,429.0,483.181,48.2815,33.9778,65.0431,0.0256,0.0014,246.5152
54690015,MP314,117.0,122.778,46.4199,32.1764,63.5806,0.0333,0.0014,64.8207
54690026,MP314,169.0,177.346,25.0863,10.8458,42.2719,0.4977,0.8667,131.1287
54690037,MP314,320.0,335.8031,32.8417,18.6512,49.9628,0.231,0.2581,222.6499
54690048,MP314,245.0,257.0992,33.9195,19.3175,50.8557,0.2109,0.25,167.8825
54700017,MP312,474.0,557.2786,38.9633,24.2114,56.0893,0.1119,0.057,336.2506
54700028,MP312,667.0,784.1874,23.1524,12.9588,33.8571,0.5925,0.8667,601.3288
54700039,MP312,255.0,299.8018,24.2941,9.9345,41.309,0.5236,0.8667,223.8599
54700051,MP312,2716.0,3193.1829,34.1053,24.4977,43.9327,0.1159,0.057,2099.2788
54700062,MP315,158.0,176.2168,40.1277,25.8625,57.2127,0.0887,0.0033,104.0737
54700073,MP312,632.0,743.0381,37.5734,27.4037,48.2946,0.0567,0.0014,462.7224
54700084,MP312,782.0,919.3921,26.7222,16.3468,37.1405,0.4138,0.6364,672.7374
54700095,MP312,1095.0,1287.3841,31.988,21.9746,42.74,0.1809,0.057,871.9311
54700118,MP312,954.0,1121.6114,40.5618,30.3124,51.3451,0.0303,0.0014,665.1203
54700129,MP312,456.0,536.1161,40.4115,25.8194,57.4223,0.0886,0.0033,315.8511
54700130,MP312,291.0,342.1267,39.9488,25.3339,56.6359,0.0939,0.0274,203.2767
54709139,MP315,58.0,64.6872,40.8384,26.5334,57.8747,0.0804,0.0033,37.8252
54720019,MP326,2639.0,3008.8479,41.1438,31.6397,51.0316,0.0155,0.0,1764.0488
54720020,MP326,2283.0,2602.9556,38.3523,28.8831,48.1977,0.0362,0.0014,1600.783
54720031,MP326,1574.0,1794.5914,43.0399,33.5884,52.9458,0.0096,0.0,1019.1331
54720042,MP326,1635.0,1864.1403,39.7011,30.108,49.5227,0.0273,0.0014,1121.3687
54720053,MP326,1068.0,1217.677,37.3245,27.0742,47.8459,0.0646,0.0033,761.3858
54720064,MP326,1913.0,2181.1012,42.016,32.5143,51.9029,0.0133,0.0,1261.1515
54720075,MP326,978.0,1115.0638,33.9523,23.8128,44.7239,0.129,0.057,734.1698
54720086,MP326,2323.0,2648.5615,38.6113,28.9898,48.2238,0.0361,0.0014,1623.8126
54720097,MP326,2732.0,3114.8816,41.2255,31.8124,51.0613,0.0174,0.0,1825.0563
54720109,MP326,1363.0,1554.0203,49.1077,39.6145,58.9395,0.0022,0.0,789.0743
54720110,MP326,764.0,871.0723,43.7428,33.5908,54.5071,0.014,0.0,488.4223
54720121,MP326,1658.0,1890.3637,40.8355,31.2439,50.4356,0.0193,0.0014,1117.6441
54720132,MP326,534.0,608.8385,40.016,25.4761,56.9143,0.0938,0.0274,360.9587
54730010,MP321,2188.0,2472.583,37.7383,28.2363,47.3349,0.0427,0.0014,1538.2248
54740011,MP326,2155.0,2457.0168,40.7739,31.2465,50.7043,0.0194,0.0014,1450.2073
54740022,MP326,1460.0,1664.6146,37.5579,28.0409,47.3177,0.0467,0.0014,1037.3085
54740033,MP326,1969.0,2244.9494,33.2079,23.6439,43.5019,0.1332,0.057,1494.2841
54740044,MP326,1669.0,1902.9053,33.5619,24.1518,43.4795,0.1193,0.057,1259.4408
54740055,MP326,1572.0,1792.3111,37.0905,27.6085,47.1726,0.0511,0.0014,1124.1741
54740066,MP326,1509.0,1720.4818,38.7341,29.1093,48.3864,0.0331,0.0014,1053.2804
54740077,MP326,3150.0,3591.463,33.7697,24.0904,43.7316,0.121,0.057,2372.678
54740088,MP326,1544.0,1760.387,39.6162,30.0222,49.4469,0.0268,0.0014,1060.9837
54740099,MP326,1819.0,2073.9274,38.245,28.5713,48.0862,0.0397,0.0014,1277.2674
54740101,MP326,784.0,893.8752,27.7735,17.5524,38.2469,0.3667,0.6364,645.2958
54740112,MP326,326.0,371.6879,38.6314,24.1206,55.3939,0.1132,0.057,225.8868
54740123,MP326,1102.0,1256.442,36.6877,26.5763,47.3678,0.0686,0.0033,793.1962
54740134,MP326,895.0,1020.4316,42.3851,32.287,53.1417,0.0187,0.0,585.7526
54740145,MP326,928.0,1058.0564,42.0202,31.7148,52.5662,0.0199,0.0014,612.5474
54740156,MP326,851.0,970.2651,38.1677,28.1118,49.0613,0.0494,0.0014,597.6313
54740167,MP326,430.0,490.2632,40.5926,25.9968,57.587,0.0864,0.0033,287.8613
54740178,MP326,794.0,905.2767,38.482,28.2168,49.3982,0.0489,0.0014,555.0274
54740189,MP326,975.0,1111.6433,39.6182,29.42,50.3476,0.0374,0.0014,669.4066
54740190,MP326,626.0,713.732,39.9518,29.7686,50.8978,0.0312,0.0014,426.7952
54740202,MP326,302.0,344.3244,42.5827,28.417,59.2107,0.0642,0.0033,195.727
54740213,MP326,637.0,726.2736,42.6213,32.3131,53.4538,0.0182,0.0,415.0417
54740224,MP326,344.0,392.2106,42.9668,28.5966,59.749,0.0583,0.0014,220.724
54740235,MP326,623.0,710.3116,40.2247,25.8827,57.3869,0.0859,0.0033,419.1104
54740246,MP326,486.0,554.1114,44.3615,29.6262,61.6033,0.0485,0.0014,304.9954
54740257,MP326,453.0,516.4866,43.0021,28.646,60.1025,0.0594,0.0014,290.2836
54740268,MP326,512.0,583.7553,49.5143,34.9063,66.3256,0.0233,0.0014,291.0688
54740279,MP326,182.0,207.5068,47.1997,32.7018,63.8134,0.0333,0.0014,108.604
54740280,MP326,337.0,384.2295,46.9704,32.612,63.4586,0.0288,0.0014,201.2243
54750012,MP324,2636.0,3089.3969,37.1402,27.489,46.942,0.0526,0.0014,1938.396
54750023,MP324,1727.0,2024.0472,40.1434,30.761,49.9365,0.0229,0.0014,1209.138
54750034,MP324,1358.0,1591.5785,42.2234,32.7189,52.1009,0.0133,0.0,917.1687
54750045,MP324,1279.0,1498.9904,41.7675,31.3341,52.6625,0.0224,0.0014,869.4161
54750056,MP324,1444.0,1692.3707,43.1108,33.6632,53.0102,0.0083,0.0,959.9705
54750067,MP324,411.0,481.6928,45.3868,31.1148,62.511,0.0387,0.0014,259.3667
54750078,MP324,706.0,827.4333,41.6078,31.3655,52.5615,0.0227,0.0014,480.9013
54750089,MP324,409.0,479.3488,42.5389,28.16,59.5939,0.0601,0.0033,271.6649
54760013,MP321,2479.0,2801.432,35.8374,26.3091,45.778,0.0732,0.0033,1790.9665
54760024,MP321,1824.0,2061.2392,32.5915,23.0725,42.4544,0.1526,0.057,1386.8086
54760035,MP321,1173.0,1325.5667,35.248,24.8758,45.791,0.102,0.0274,856.7295
54760046,MP321,2358.0,2664.6941,37.4488,27.9318,47.1147,0.0486,0.0014,1663.3131
54760057,MP321,1788.0,2020.5568,35.9327,26.5281,45.8023,0.065,0.0033,1290.9535
54760068,MP321,816.0,922.1333,39.8824,29.6234,50.9008,0.0358,0.0014,552.7574
54760079,MP321,2170.0,2452.2418,45.2403,35.82,54.9431,0.0052,0.0,1339.3312
54760080,MP321,1804.0,2038.6379,37.4515,28.2118,47.2891,0.0457,0.0014,1270.7992
54760091,MP321,1491.0,1684.9274,39.36,29.7844,49.3054,0.0294,0.0014,1019.8007
54760103,MP321,1596.0,1803.5843,35.4384,25.8557,45.2671,0.0839,0.0033,1162.066
54760114,MP321,1842.0,2081.5804,41.4339,32.0358,51.2373,0.0162,0.0,1215.5301
54760125,MP321,1782.0,2013.7764,47.7285,38.2135,57.3432,0.0033,0.0,1051.4133
54770014,MP324,1422.0,1666.5867,37.2733,27.7404,47.1254,0.0554,0.0014,1042.7004
54770036,MP324,806.0,944.6335,43.0141,32.7169,53.7762,0.0168,0.0,537.1679
54770047,MP324,277.0,324.6445,39.093,24.6294,56.3491,0.1046,0.0274,195.2197
54770058,MP324,249.0,291.8285,50.3473,35.9805,67.6082,0.0197,0.0014,142.6129
54770069,MP324,507.0,594.205,56.3867,42.0282,73.3027,0.0072,0.0,255.0578
54780015,MP324,1199.0,1405.2302,50.5662,40.437,61.1807,0.0035,0.0,692.0115
54790016,MP326,2024.0,2307.6575,33.5159,24.1329,43.4073,0.1231,0.057,1529.2578
54790027,MP326,1493.0,1702.2395,48.9341,39.3167,58.8662,0.0025,0.0,867.7677
54790038,MP326,1819.0,2073.9274,35.6906,26.0794,45.4934,0.0768,0.0033,1331.8737
54790049,MP326,2377.0,2710.1294,36.4472,27.0318,46.2552,0.0603,0.0033,1718.4687
54790050,MP326,1330.0,1516.3955,37.6962,28.0901,47.6399,0.0455,0.0014,942.5875
54790061,MP326,1404.0,1600.7664,37.1114,27.5278,46.8294,0.0541,0.0014,1005.4527
54790072,MP326,1813.0,2067.0865,42.1593,32.7888,52.0117,0.0124,0.0,1192.103
54790083,MP326,1955.0,2228.9874,44.8003,35.2298,54.6885,0.0063,0.0,1227.7537
54790094,MP326,4491.0,5120.4001,44.4836,35.1069,54.4256,0.0057,0.0,2832.9948
54790106,MP326,1796.0,2047.704,38.121,28.4595,47.8323,0.0377,0.0014,1264.3944
54790117,MP326,2362.0,2693.0272,36.0248,26.3671,45.76,0.0718,0.0033,1721.5245
54790139,MP326,3378.0,3851.4165,35.1245,25.6298,44.7848,0.0883,0.0033,2494.2299
54790140,MP326,2333.0,2659.9629,35.6222,25.9804,45.3298,0.078,0.0033,1710.9209
54790151,MP326,2142.0,2442.1949,38.4244,28.8962,48.1053,0.0383,0.0014,1502.0177
54790162,MP326,2090.0,2382.9072,34.875,25.2016,44.5881,0.0966,0.0274,1548.7129
54790173,MP326,1527.0,1741.0045,34.2738,24.8102,44.2498,0.1056,0.0274,1140.5895
54790184,MP326,1419.0,1617.8686,42.6152,33.2218,52.4937,0.0098,0.0,924.4141
54790195,MP326,844.0,962.2841,46.5928,36.3888,57.2584,0.0068,0.0,512.1504
54790207,MP326,1817.0,2071.6471,37.7224,28.2183,47.6344,0.0402,0.0014,1285.3303
54790218,MP326,3038.0,3463.7666,36.2441,26.7692,46.1076,0.0651,0.0033,2203.0275
54790229,MP326,1120.0,1276.9646,38.8591,28.592,49.6061,0.0423,0.0014,777.7839
54790230,MP326,3248.0,3703.1974,41.721,32.1861,51.4457,0.0125,0.0,2151.7002
54790241,MP326,1212.0,1381.8582,39.3118,28.8662,50.097,0.041,0.0014,835.7613
54790252,MP326,1906.0,2173.1202,36.9511,27.7068,46.9332,0.0506,0.0014,1364.3928
54790274,MP326,2643.0,3013.4085,40.3779,31.0585,50.5203,0.0209,0.0014,1788.9192
54790285,MP326,2068.0,2357.824,36.7285,27.3938,46.3146,0.0566,0.0014,1489.1421
54790296,MP326,1573.0,1793.4512,36.6928,27.0847,46.3582,0.0602,0.0033,1132.8385
54790308,MP326,1373.0,1565.4218,36.2762,26.7889,46.0901,0.0648,0.0033,994.6932
54790319,MP326,2661.0,3033.9311,35.439,25.8132,45.34,0.0817,0.0033,1955.1737
54790320,MP326,2119.0,2415.9715,38.1952,28.8221,48.1442,0.0382,0.0014,1488.4667
54790331,MP326,2186.0,2492.3613,36.8049,27.3791,46.7023,0.0581,0.0014,1571.3397
54790342,MP326,1528.0,1742.1446,36.1714,26.5324,46.1368,0.0703,0.0033,1108.7741
54790353,MP326,1711.0,1950.7915,37.0002,27.7948,46.7118,0.0498,0.0014,1226.062
54790364,MP326,1150.0,1311.169,43.8858,33.7158,54.4891,0.0117,0.0,733.285
54790375,MP326,1634.0,1863.0002,41.9021,32.3614,51.5684,0.0142,0.0,1080.733
54790386,MP326,1919.0,2187.9421,39.7936,30.3596,49.6409,0.0248,0.0014,1312.8785
54790397,MP326,1613.0,1839.0571,33.185,23.8882,43.0366,0.1304,0.057,1224.3709
54790409,MP326,937.0,1068.3177,36.7141,26.1665,47.2213,0.0765,0.0033,675.5835
54790410,MP326,2115.0,2411.4109,36.2203,26.6309,45.9943,0.0711,0.0033,1535.4589
54790421,MP326,3146.0,3586.9024,52.2543,42.904,62.1249,0.0009,0.0,1703.7379
54790432,MP326,3542.0,4038.4006,52.2478,42.7915,62.023,0.001,0.0,1923.8766
54790443,MP326,2542.0,2898.2536,38.0554,28.7396,47.7307,0.0374,0.0014,1790.9436
54790454,MP326,1198.0,1365.8961,41.3594,31.1099,52.0446,0.0244,0.0014,799.0761
54790465,MP326,2258.0,2574.4519,34.4656,24.8165,44.192,0.1042,0.0274,1685.3972
54790487,MP326,944.0,1076.2988,43.6156,33.3622,54.2663,0.014,0.0,604.8446
54790498,MP326,2092.0,2385.1875,41.29,31.8745,51.0501,0.0149,0.0,1397.6716
54790500,MP326,722.0,823.1861,39.3618,29.0833,49.8656,0.0401,0.0014,498.4958
54790511,MP326,1147.0,1307.7486,41.4535,31.3349,52.3877,0.0211,0.0014,762.6542
54790522,MP326,625.0,712.5919,41.227,30.9457,51.8044,0.0263,0.0014,418.0102
54790533,MP326,993.0,1132.166,40.8024,30.3511,51.3907,0.0296,0.0014,669.2959
54790544,MP326,2012.0,2293.9757,38.4039,28.7932,48.4375,0.0373,0.0014,1408.8196
54790555,MP326,1635.0,1864.1403,36.436,26.8437,46.0079,0.0658,0.0033,1183.0369
54790566,MP326,1179.0,1344.2333,37.565,27.5622,48.2288,0.0559,0.0014,836.8058
54790577,MP326,1427.0,1626.9898,39.18,29.5644,48.9714,0.0332,0.0014,988.0685
54790588,MP326,1227.0,1398.9604,41.462,31.3,52.0567,0.0217,0.0014,815.5348
54790599,MP326,1905.0,2171.98,35.2711,25.6728,44.993,0.0854,0.0033,1403.1292
54790601,MP326,693.0,790.1219,39.2243,29.0397,49.9176,0.0395,0.0014,478.9116
54790612,MP326,814.0,928.0797,42.3801,32.1903,52.9784,0.0168,0.0,532.4165
54790623,MP326,1335.0,1522.0962,41.5257,31.9348,51.3864,0.0155,0.0,887.5591
54790634,MP326,2148.0,2449.0357,36.1954,26.5951,46.1585,0.069,0.0033,1559.0709
54790645,MP326,1378.0,1571.1226,41.4937,32.0436,51.3055,0.0161,0.0,917.1337
54790656,MP326,1598.0,1821.9549,44.3662,34.9803,54.3125,0.0076,0.0,1010.3263
54790667,MP326,1205.0,1373.8771,41.5112,31.1351,52.0389,0.0244,0.0014,802.9586
54790678,MP326,662.0,754.7773,42.0026,31.8637,52.5096,0.022,0.0014,436.1559
54790690,MP326,854.0,973.6855,43.3474,33.2036,54.0905,0.0147,0.0,549.6857
54790702,MP326,1387.0,1581.3839,53.5176,43.8941,63.3717,0.0012,0.0,734.0653
54790713,MP326,515.0,587.1757,43.6834,29.296,61.0017,0.0535,0.0014,326.6802
54790724,MP326,384.0,437.8164,49.666,35.3464,66.79,0.0195,0.0014,217.3472
54790735,MP326,726.0,827.7467,37.1266,26.9255,47.8577,0.0657,0.0033,518.8675
54790746,MP326,1157.0,1319.1501,40.7738,30.5007,51.3828,0.0289,0.0014,780.4659
54790757,MP326,698.0,795.8226,42.2762,32.1031,53.1253,0.0206,0.0014,457.9719
54790768,MP326,531.0,605.4181,43.1641,28.6923,60.1451,0.0586,0.0014,339.3397
54790791,MP326,655.0,746.7963,42.8158,32.6146,53.4824,0.0178,0.0,425.637
54790803,MP326,653.0,744.516,49.9483,39.9732,60.5326,0.0041,0.0,370.7591
54790814,MP326,201.0,229.1695,47.1162,32.7616,64.1325,0.0329,0.0014,119.3892
54790825,MP326,984.0,1121.9046,44.1472,34.2915,54.7344,0.0109,0.0,623.6079
54790836,MP326,824.0,939.4811,41.6202,31.4541,52.3351,0.0224,0.0014,547.1277
54790847,MP326,742.0,845.9891,41.1975,30.7248,51.887,0.0254,0.0014,496.6724
54790858,MP326,978.0,1115.0638,44.0299,33.9337,54.7844,0.0135,0.0,622.2499
54790869,MP326,659.0,751.3569,43.7835,33.5506,54.4095,0.0134,0.0,421.2434
54790870,MP326,703.0,801.5233,52.295,42.0725,63.1649,0.0031,0.0,381.0007
54790881,MP326,498.0,567.7932,48.6504,34.0774,65.4446,0.0285,0.0014,288.0467
54790892,MP326,942.0,1074.0185,56.1074,45.7759,66.8641,0.0008,0.0,469.8119
54790904,MP326,916.0,1044.3746,46.443,36.1932,57.1898,0.0084,0.0,556.6124
54790915,MP326,343.0,391.0704,48.7914,34.4388,65.984,0.0243,0.0014,197.2757
54790926,MP326,363.0,413.8734,56.0676,41.8719,72.8221,0.0064,0.0,179.3734
54790937,MP326,81.0,92.3519,55.2851,41.0878,72.7755,0.0074,0.0,40.539
54800018,MP321,2533.0,2862.4555,35.6307,26.1275,45.246,0.0769,0.0033,1837.5141
54800029,MP321,2788.0,3150.6222,38.3071,28.8792,48.1477,0.0378,0.0014,1939.2218
54800030,MP321,934.0,1055.481,42.5411,32.517,53.0232,0.0156,0.0,604.5631
54800041,MP321,846.0,956.0353,49.0136,38.9205,59.6165,0.0043,0.0,485.464
54830011,MP326,2482.0,2829.8448,38.2679,28.8705,48.0657,0.0389,0.0014,1741.4837
54830022,MP326,3870.0,4412.3689,51.1398,41.6351,61.111,0.0015,0.0,2149.5013
54830033,MP326,1825.0,2080.7683,33.4206,23.919,43.2211,0.1282,0.057,1383.2991
54830044,MP326,2451.0,2794.5003,38.3773,28.9872,48.3852,0.0384,0.0014,1714.7161
54830055,MP326,2008.0,2289.4152,36.6652,27.3742,46.3591,0.0563,0.0014,1446.4605
54830066,MP326,1734.0,1977.0149,32.825,23.4343,42.7469,0.1409,0.057,1323.6058
54830077,MP326,1261.0,1437.7254,33.6481,23.545,44.3273,0.1338,0.057,950.6597
54830088,MP326,2533.0,2887.9923,37.6718,28.2678,47.3278,0.0424,0.0014,1796.0523
54830099,MP326,859.0,979.3863,51.109,40.681,61.8723,0.0037,0.0,477.8007
54830101,MP326,859.0,979.3863,40.6284,30.2637,51.0893,0.0324,0.0014,580.6376
54830112,MP326,571.0,651.0239,43.6904,29.2756,60.2553,0.0525,0.0014,362.4225
54830134,MP326,571.0,651.0239,43.0264,28.3212,60.0651,0.0611,0.0033,367.1288
54830145,MP326,789.0,899.576,45.5138,35.0978,56.2095,0.0111,0.0,489.4738
54830156,MP326,465.0,530.1684,46.606,31.9807,63.4979,0.0341,0.0014,279.5433
54830167,MP326,579.0,660.1451,42.7382,28.4451,59.4505,0.0595,0.0014,372.9714
54830178,MP326,458.0,522.1873,50.5843,36.3149,67.2496,0.0183,0.0,254.8737
54840012,MP326,489.0,557.5319,34.5456,19.7926,51.5621,0.1963,0.2381,360.182
54840034,MP326,286.0,326.082,38.5688,24.4486,55.7998,0.1087,0.057,197.4197
54840045,MP326,215.0,245.1316,28.6735,14.5922,45.5895,0.3665,0.6364,172.5936
54840056,MP326,156.0,177.8629,24.2635,9.6733,40.7863,0.526,0.8667,133.2706
54840067,MP326,557.0,635.0619,35.9996,21.8539,52.4147,0.1587,0.057,401.9698
54840078,MP326,754.0,859.6708,25.1154,14.7802,35.9157,0.4952,0.8667,642.3638
54840089,MP326,422.0,481.142,33.3773,18.8843,50.1313,0.2239,0.2581,317.6479
54840102,MP326,216.0,246.2717,23.3222,8.9794,40.1909,0.5581,0.8667,186.5293
54840113,MP326,951.0,1084.2798,40.7897,30.559,51.3638,0.0276,0.0014,640.0405
54840135,MP326,1077.0,1227.9383,46.9839,36.6473,57.8532,0.0055,0.0,647.9427
54840146,MP326,1875.0,2137.7756,37.4619,27.913,47.129,0.0473,0.0014,1334.2277
54840157,MP326,1976.0,2252.9305,38.5309,28.88,48.2213,0.0372,0.0014,1382.9965
54840179,MP326,206.0,234.8703,35.0582,20.6805,52.258,0.1842,0.057,150.6641
54840180,MP326,176.0,200.6659,48.1549,33.8959,65.2689,0.0246,0.0014,102.6013
54840191,MP326,177.0,201.806,25.2625,10.8523,42.1955,0.4909,0.8667,149.1961
54840203,MP326,759.0,865.3716,43.2231,33.0833,53.8151,0.0174,0.0,490.3214
54850013,MP325,457.0,546.1953,23.6074,9.4853,40.3796,0.5492,0.8667,412.3248
54850024,MP325,326.0,389.6273,30.8512,16.3145,47.6687,0.3028,0.3889,266.5919
54850035,MP325,130.0,155.3728,44.6314,29.9222,61.8286,0.0478,0.0014,85.0136
54850046,MP325,91.0,108.761,41.3703,27.0406,58.8551,0.073,0.0033,62.7879
54850057,MP325,186.0,222.3027,50.5266,36.1234,67.2232,0.0166,0.0,108.6321
54860014,MP321,1033.0,1167.3575,48.9243,38.5115,59.494,0.0045,0.0,595.2425
54860036,MP321,1135.0,1282.6242,35.1532,24.8968,45.7503,0.1017,0.0274,830.2212
54860070,MP321,1206.0,1362.8588,46.0105,35.5665,56.4528,0.0097,0.0,735.6992
54860137,MP321,500.0,565.0327,46.6759,32.0205,63.6308,0.0338,0.0014,298.0665
54860159,MP321,202.0,228.2732,25.2388,10.6821,41.7946,0.4927,0.8667,168.8266
54860193,MP321,278.0,314.1582,40.3918,26.0561,56.9639,0.0866,0.0033,185.3736
54860205,MP321,187.0,211.3222,48.1554,33.5677,65.2009,0.026,0.0014,108.1913
54860216,MP321,158.0,178.5503,39.8004,25.3277,56.6594,0.0949,0.0274,106.2718
54860317,MP321,210.0,237.3137,47.8944,33.9707,65.1272,0.0271,0.0014,121.4939
54870015,MP326,243.0,277.0557,25.6853,11.2389,42.2597,0.4762,0.8667,203.6618
54870026,MP326,471.0,537.0092,34.7631,20.3765,51.7165,0.1887,0.1667,346.3383
54870037,MP326,893.0,1018.1513,24.6835,14.2994,35.5754,0.5138,0.8667,765.2212
54870048,MP326,1010.0,1151.5485,37.173,26.8932,47.9707,0.0651,0.0033,721.1577
54870059,MP326,324.0,369.4076,34.7063,20.5105,51.6692,0.1838,0.057,238.424
54870060,MP326,1211.0,1380.718,39.1415,28.7808,49.8205,0.0427,0.0014,838.6385
54870082,MP321,781.0,882.581,35.7767,25.3516,46.3109,0.0931,0.0274,565.8629
54870093,MP326,497.0,566.6531,42.7943,28.6629,59.5315,0.059,0.0014,320.5075
54870116,MP326,1291.0,1471.9298,47.6215,38.1004,57.5986,0.0025,0.0,767.7466
54870138,MP326,541.0,616.8195,34.9531,20.6827,51.6273,0.1813,0.057,396.1022
54870149,MP326,1198.0,1365.8961,46.6323,36.2571,57.3925,0.0085,0.0,727.2466
54870172,MP326,560.0,638.4823,32.7771,18.2617,49.9388,0.2435,0.2581,425.0148
54870183,MP326,2107.0,2402.2897,35.9029,26.4806,45.7501,0.0681,0.0033,1534.7724
54870194,MP326,1015.0,1157.2492,33.9203,23.7158,44.5073,0.1301,0.057,763.3849
54870228,MP326,400.0,456.0588,28.0051,13.6553,45.5988,0.3912,0.6364,323.6762
54870239,MP326,241.0,274.7754,43.3229,29.0261,60.3679,0.0559,0.0014,153.5821
54870240,MP326,358.0,408.1726,47.5051,33.0657,64.7028,0.0284,0.0014,211.1902
54870251,MP326,339.0,386.5098,41.7122,27.309,58.8627,0.0709,0.0033,222.3546
54870262,MP326,2532.0,2886.8522,38.1392,28.6344,47.9439,0.0368,0.0014,1781.3387
54870273,MP326,1188.0,1354.4946,47.6627,37.3959,58.4823,0.0067,0.0,706.7024
54870284,MP326,737.0,840.2883,42.3469,31.9569,53.0325,0.0203,0.0014,483.5563
54870295,MP326,739.0,842.5686,39.8665,29.6498,50.7045,0.037,0.0014,504.9123
54870307,MP326,648.0,738.8152,40.8723,30.6691,51.7018,0.0255,0.0014,435.0135
54870318,MP326,106.0,120.8556,45.0055,31.0578,62.0049,0.0415,0.0014,65.5173
54880016,MP324,1126.0,1319.6741,37.0858,26.6626,47.8101,0.0724,0.0033,829.2984
54880027,MP324,212.0,248.4644,30.6883,16.2602,48.3845,0.3044,0.3889,169.8455
54880038,MP324,1320.0,1547.0425,47.1876,37.6015,56.8962,0.0029,0.0,815.1909
54880049,MP324,1187.0,1391.1662,45.7681,35.4402,56.5578,0.0105,0.0,752.408
54880050,MP324,2096.0,2456.5159,38.4309,28.8153,48.362,0.0378,0.0014,1509.2884
54880061,MP324,1044.0,1223.57,37.1023,26.5968,47.8529,0.0672,0.0033,768.4122
54880083,MP324,1869.0,2190.4715,35.8116,26.1291,45.8751,0.078,0.0033,1403.5053
54880094,MP324,2388.0,2798.7405,40.2128,30.7252,49.9933,0.0219,0.0014,1667.9905
54880106,MP324,1340.0,1570.4825,40.1947,30.761,50.041,0.0243,0.0014,936.8768
54880117,MP324,1634.0,1915.0511,40.901,31.373,50.738,0.0204,0.0014,1128.2213
54880139,MP324,2237.0,2621.7682,41.5476,32.2182,51.4731,0.0162,0.0,1528.0325
54880162,MP324,1786.0,2093.1953,41.7925,32.154,51.8347,0.0176,0.0,1216.3406
54880173,MP324,613.0,718.4371,45.8586,31.0407,62.8219,0.0413,0.0014,384.7727
54880184,MP324,804.0,942.2895,42.6465,32.4188,53.2784,0.0184,0.0,539.0838
54880195,MP324,1551.0,1817.7749,42.6061,32.9473,52.569,0.0126,0.0,1041.6788
54880207,MP324,1163.0,1363.0382,45.8842,35.5311,56.7906,0.0083,0.0,735.0887
54880229,MP324,1756.0,2058.0353,43.7887,34.13,53.7124,0.0081,0.0,1154.1917
54880230,MP324,1555.0,1822.4629,41.4221,31.8915,51.1881,0.0141,0.0,1064.8152
54880241,MP324,1442.0,1690.0267,40.3901,30.9069,50.1794,0.0203,0.0014,1004.7948
54880252,MP324,820.0,961.0415,45.9074,35.6227,56.5656,0.0077,0.0,518.3922
54880263,MP324,565.0,662.1811,42.3845,27.8977,58.9091,0.0621,0.0033,377.9469
54880274,MP324,843.0,987.9976,46.6416,36.3564,57.3905,0.0076,0.0,525.4898
54880285,MP324,2355.0,2760.0644,42.0747,32.497,51.9878,0.0121,0.0,1596.0475
54880296,MP324,685.0,802.8213,33.1708,22.9665,43.8894,0.1509,0.057,534.8355
54880308,MP324,1936.0,2268.9956,35.9741,26.3111,45.8257,0.0735,0.0033,1450.2724
54880319,MP324,1220.0,1429.8423,39.4144,29.3566,50.0432,0.0382,0.0014,862.6635
54880342,MP324,2693.0,3156.201,40.0575,30.5283,49.9904,0.0215,0.0014,1885.7126
54880364,MP324,800.0,937.6015,44.8864,34.4993,55.6116,0.0092,0.0,514.8911
54880375,MP324,1057.0,1238.806,46.2398,36.1242,57.0406,0.008,0.0,663.0518
54880386,MP324,928.0,1087.6177,44.6392,34.3891,55.2878,0.0096,0.0,599.9542
54880397,MP324,1541.0,1806.0549,43.6119,34.1309,53.5955,0.0074,0.0,1015.1614
54880409,MP324,900.0,1054.8017,49.5402,39.3677,60.3468,0.0027,0.0,529.4916
54880410,MP324,1891.0,2216.2555,36.2707,26.6092,46.4514,0.066,0.0033,1406.3686
54880421,MP324,2137.0,2504.568,38.2421,28.6901,48.1121,0.0393,0.0014,1542.6355
54880432,MP324,772.0,904.7854,45.8354,35.8681,56.7522,0.0081,0.0,487.6169
54880443,MP324,756.0,886.0334,41.4922,31.1954,52.2504,0.0235,0.0014,516.7116
54880454,MP324,963.0,1128.6378,46.3887,36.0892,57.2184,0.0082,0.0,603.5377
54880465,MP324,946.0,1108.7138,43.5141,33.2392,54.0725,0.0142,0.0,624.626
54880476,MP324,580.0,679.7611,38.8185,24.3723,55.9113,0.1105,0.057,410.4173
54880487,MP324,1390.0,1629.0826,40.5803,30.932,50.3523,0.0218,0.0014,967.4335
54880498,MP324,923.0,1081.7577,39.6465,29.4367,50.3966,0.0375,0.0014,651.3031
54880500,MP324,669.0,784.0693,41.6813,31.4602,52.5953,0.0236,0.0014,455.8921
54880511,MP324,788.0,923.5375,41.3654,30.9535,52.0845,0.0232,0.0014,539.8483
54880522,MP324,524.0,614.129,45.5111,31.0196,62.8207,0.0392,0.0014,330.0574
54880533,MP324,785.0,920.0215,43.9094,33.6387,54.7788,0.0126,0.0,513.9955
54880544,MP324,999.0,1170.8299,39.3931,28.8997,50.2802,0.0417,0.0014,708.3007
54880555,MP324,666.0,780.5532,41.7062,31.2784,52.5515,0.0222,0.0014,453.3356
54880566,MP324,588.0,689.1371,45.7868,31.1997,62.3161,0.0384,0.0014,369.1292
54880577,MP324,800.0,937.6015,48.3302,37.9241,58.9122,0.0047,0.0,483.1941
54880588,MP324,551.0,645.773,45.4464,31.2141,62.376,0.0376,0.0014,347.6286
54880599,MP324,655.0,767.6612,44.4643,34.109,55.484,0.0127,0.0,425.1255
54880601,MP324,621.0,727.8132,48.1729,33.5604,64.884,0.0253,0.0014,372.6753
54880612,MP324,644.0,754.7692,46.4371,36.1951,57.0111,0.0062,0.0,403.072
54880623,MP324,427.0,500.4448,47.5372,33.0852,64.8477,0.0312,0.0014,259.527
54880634,MP324,570.0,668.0411,40.4955,25.988,57.8537,0.0856,0.0033,392.9723
54880645,MP324,552.0,646.945,41.1033,26.8222,57.7784,0.0756,0.0033,376.9009
54880656,MP324,756.0,886.0334,39.325,28.9916,50.0321,0.0412,0.0014,536.4198
54880667,MP324,556.0,651.633,43.6099,29.1576,60.0354,0.0525,0.0014,363.4638
54880678,MP324,475.0,556.7009,48.1602,33.7165,65.0736,0.0268,0.0014,284.841
54880689,MP324,437.0,512.1648,37.8671,23.4258,55.2329,0.1259,0.057,314.2874
54880690,MP324,466.0,546.1529,48.9078,34.1626,66.0485,0.0264,0.0014,275.4168
54880702,MP324,96.0,112.5122,55.5239,41.5501,72.7791,0.0071,0.0,49.0445
54890017,MP324,1225.0,1435.7023,40.7557,30.2366,51.6117,0.0282,0.0014,849.0634
54890039,MP324,91.0,106.6522,34.1901,19.8435,50.7124,0.2052,0.2381,69.557
54890040,MP324,492.0,576.6249,42.1661,27.7648,58.8392,0.0677,0.0033,329.8647
54890051,MP324,779.0,912.9895,41.4902,31.3745,52.2884,0.0211,0.0014,531.8176
54890073,MP324,314.0,368.0086,33.6341,18.9711,50.8498,0.2233,0.2581,241.6515
54890084,MP324,756.0,886.0334,41.404,31.0041,52.2521,0.0243,0.0014,517.9678
54890095,MP326,1072.0,1222.2376,40.7445,30.4338,51.3865,0.0304,0.0014,722.3492
54890118,MP324,855.0,1002.0616,40.3665,29.6698,51.057,0.0336,0.0014,597.2776
54890130,MP324,760.0,890.7214,41.5615,31.3818,52.4448,0.023,0.0014,518.7861
54890141,MP324,1100.0,1289.2021,42.3872,32.2099,53.2213,0.0192,0.0014,740.7338
54890152,MP324,1103.0,1292.7181,39.007,28.7527,49.7753,0.0417,0.0014,785.9468
54890163,MP324,1611.0,1888.095,36.9799,27.5596,46.9932,0.0532,0.0014,1185.331
54890174,MP324,1205.0,1412.2623,44.7215,34.5499,55.3944,0.0115,0.0,778.5154
54890185,MP324,658.0,771.1772,42.6461,32.3825,53.244,0.0186,0.0,441.7844
54890196,MP324,1205.0,1412.2623,40.3692,30.0458,50.8824,0.03,0.0014,840.7675
54890208,MP324,1830.0,2144.7634,41.7044,32.029,51.6051,0.0149,0.0,1247.2928
54890219,MP324,1197.0,1402.8862,36.8515,26.6496,47.3423,0.0692,0.0033,884.4433
54890220,MP324,1718.0,2013.4992,36.8803,27.361,46.8921,0.0592,0.0014,1267.2997
54890231,MP324,742.0,869.6254,36.3019,26.0846,46.9754,0.0809,0.0033,551.9856
54890242,MP324,1248.0,1462.6583,44.4218,34.2333,55.2038,0.0119,0.0,809.7504
54890253,MP324,1155.0,1353.6622,42.4108,32.1255,52.8365,0.0208,0.0014,779.391
54890264,MP324,1542.0,1807.2269,42.8951,33.3096,52.9308,0.0112,0.0,1028.7658
54890275,MP324,1354.0,1586.8905,45.6938,36.133,55.6095,0.0053,0.0,858.7889
54890286,MP324,478.0,560.2169,40.6794,26.3679,57.7904,0.0819,0.0033,328.3585
54890297,MP324,582.0,682.1051,44.9734,30.4999,61.8096,0.0436,0.0014,370.8893
54890309,MP324,1199.0,1405.2302,40.8119,30.653,51.7632,0.0292,0.0014,829.2052
54890310,MP324,1665.0,1951.3831,44.2658,34.751,54.1569,0.0076,0.0,1084.3784
54890321,MP324,1114.0,1305.6101,47.3264,36.9907,58.1746,0.0062,0.0,685.8681
54890332,MP324,1874.0,2196.3315,37.1508,27.7043,47.0601,0.0518,0.0014,1376.7177
54890343,MP324,289.0,338.7085,40.2242,25.9735,57.6267,0.0857,0.0033,199.618
54890354,MP324,435.0,509.8208,42.8643,28.4983,59.77,0.058,0.0014,288.1824
54890365,MP324,729.0,854.3894,43.0742,32.6183,54.0428,0.0162,0.0,485.3129
54890376,MP324,1338.0,1568.1385,44.2318,34.7672,54.0242,0.0075,0.0,872.3301
54890387,MP324,1519.0,1780.2708,43.3874,33.8539,53.2983,0.0115,0.0,1004.7119
54890398,MP324,1424.0,1668.9307,38.6353,29.1273,48.6285,0.0319,0.0014,1020.5689
54890400,MP324,1579.0,1850.591,41.5682,32.1753,51.6158,0.0144,0.0,1077.5052
54890411,MP324,1661.0,1946.6951,42.8894,33.3513,52.6965,0.01,0.0,1108.4741
54890422,MP324,822.0,963.3855,44.5656,34.3384,55.39,0.0123,0.0,532.4136
54890433,MP324,1340.0,1570.4825,40.7668,31.223,50.7062,0.0186,0.0,926.1113
54890444,MP324,851.0,997.3736,46.6074,36.4875,57.664,0.008,0.0,529.8495
54890455,MP324,1739.0,2038.1113,42.7013,33.0756,52.7849,0.0118,0.0,1164.0701
54890466,MP324,868.0,1017.2976,44.0198,33.8678,54.5203,0.0129,0.0,567.7322
54890477,MP324,1349.0,1581.0305,47.4247,37.7546,57.3651,0.0033,0.0,829.2204
54890499,MP324,827.0,969.2456,41.4852,31.191,52.1085,0.0229,0.0014,566.2962
54890501,MP324,798.0,935.2575,36.7485,26.4339,47.5447,0.0734,0.0033,589.6413
54890512,MP324,1279.0,1498.9904,36.7269,26.4283,47.3108,0.0734,0.0033,946.3389
54890523,MP324,988.0,1157.9379,37.3768,27.0503,47.949,0.0633,0.0033,724.283
54890534,MP324,1623.0,1902.159,38.2156,28.7092,48.0814,0.0434,0.0014,1173.2559
54890556,MP324,857.0,1004.4056,44.1481,34.0723,55.2003,0.0138,0.0,557.7989
54890567,MP324,1433.0,1679.4787,38.0001,28.4834,47.9151,0.0401,0.0014,1038.3425
54890578,MP324,924.0,1082.9297,36.7649,26.4989,47.5795,0.0721,0.0033,683.1473
54890589,MP324,877.0,1027.8456,39.8755,29.6819,50.6891,0.0341,0.0014,615.8965
54890590,MP324,1230.0,1441.5623,40.3607,30.2183,51.0284,0.0307,0.0014,857.5318
54890602,MP324,467.0,547.3249,31.6434,17.3542,48.6996,0.2717,0.3333,369.2658
54890613,MP324,892.0,1045.4257,40.5381,30.5217,51.4539,0.0309,0.0014,618.8074
54890624,MP324,1439.0,1686.5107,37.8017,28.1585,47.7413,0.0449,0.0014,1046.364
54890635,MP324,1496.0,1753.3148,40.8205,31.4069,50.7755,0.0185,0.0,1033.5065
54890646,MP324,1076.0,1261.074,40.278,30.096,50.9255,0.0307,0.0014,750.4168
54890657,MP324,1895.0,2220.9436,35.8266,26.3373,45.7925,0.0729,0.0033,1420.6657
54890668,MP324,789.0,924.7095,38.0775,27.8118,49.0928,0.0518,0.0014,570.2941
54890679,MP324,1525.0,1787.3029,47.4535,37.8216,57.377,0.0038,0.0,936.3082
54890680,MP324,1006.0,1179.0339,34.3123,24.2511,45.0484,0.1194,0.057,772.0022
54890691,MP324,1078.0,1263.418,44.3189,34.1277,55.1236,0.011,0.0,700.3119
54890703,MP324,182.0,213.3043,44.7897,30.4453,61.4457,0.0455,0.0014,116.338
54890725,MP324,139.0,162.9083,32.614,18.0476,49.6877,0.2505,0.2581,108.623
54890736,MP324,503.0,589.5169,52.5993,38.2349,69.9346,0.0142,0.0,275.4884
54890747,MP324,1219.0,1428.6703,36.8571,26.6759,47.5777,0.0682,0.0033,899.1695
54890758,MP324,909.0,1065.3497,44.6482,34.4178,55.2914,0.0101,0.0,588.1876
54890769,MP324,613.0,718.4371,42.5919,28.1857,59.5761,0.0602,0.0033,407.0866
54890770,MP324,855.0,1002.0616,45.9619,35.4295,56.4539,0.01,0.0,541.0327
54890781,MP324,1486.0,1741.5948,42.813,33.1342,52.5022,0.0095,0.0,993.5886
54890792,MP324,1734.0,2032.2513,35.9724,26.5189,45.9478,0.0674,0.0033,1297.1069
54890804,MP324,831.0,973.9336,46.0526,35.9678,56.815,0.0086,0.0,523.9501
54890815,MP324,1363.0,1597.4386,41.0237,31.4253,50.97,0.0189,0.0008,939.478
54890826,MP324,1516.0,1776.7548,37.5605,28.0881,47.55,0.047,0.0014,1106.1279
54890837,MP324,1049.0,1229.43,41.0479,30.7852,51.69,0.0253,0.0014,722.8698
54890848,MP324,234.0,274.2484,32.057,18.0166,49.1176,0.2567,0.2581,183.7974
54890859,MP324,1065.0,1248.182,44.4079,34.0992,55.2324,0.0154,0.0,692.6395
54890860,MP324,589.0,690.3091,49.2721,34.849,66.2144,0.0205,0.0014,345.6472
54890871,MP324,398.0,466.4567,50.0801,35.5294,67.4478,0.0184,0.0,229.5055
54890882,MP324,1084.0,1270.45,39.9567,29.7574,50.5717,0.0347,0.0014,761.0989
54890893,MP324,823.0,964.5575,44.884,34.4652,55.7662,0.0124,0.0,530.2733
54890905,MP324,388.0,454.7367,39.2882,25.066,56.2747,0.099,0.0274,272.9342
54890916,MP324,305.0,357.4606,45.3318,31.2755,62.403,0.0369,0.0014,192.7361
54890927,MP324,688.0,806.3373,46.4469,36.2957,57.1697,0.009,0.0,430.2825
54890938,MP324,378.0,443.0167,46.4861,32.2936,63.2627,0.0325,0.0014,233.8322
54890949,MP324,364.0,426.6087,46.7016,32.319,63.6535,0.035,0.0014,224.5845
54890950,MP324,343.0,401.9966,43.1271,28.6073,60.0051,0.0574,0.0014,225.8817
54890961,MP324,461.0,540.2929,39.8158,25.393,56.6195,0.0942,0.0274,321.7314
54890972,MP324,790.0,925.8815,44.3844,34.1505,55.0247,0.0106,0.0,513.6496
54890983,MP324,392.0,459.4247,41.2728,27.1313,58.1962,0.0741,0.0033,266.6394
54890994,MP324,451.0,528.5728,41.5333,27.0348,58.4688,0.0752,0.0033,305.6302
54891007,MP324,265.0,310.5805,52.2195,38.0869,69.1584,0.0139,0.0,146.0383
54891018,MP324,144.0,168.7683,46.7569,32.3612,63.7737,0.0335,0.0014,88.643
54891029,MP324,147.0,172.2843,41.9934,27.9387,59.1956,0.0619,0.0033,98.5231
54891030,MP324,235.0,275.4204,49.1239,34.4221,66.0974,0.0234,0.0014,138.4332
54891041,MP324,385.0,451.2207,47.3847,32.8515,64.6702,0.0292,0.0014,234.0814
54891052,MP324,150.0,175.8003,49.3805,35.0483,66.1167,0.0217,0.0014,87.852
54891063,MP324,409.0,479.3488,51.2974,36.7007,67.9886,0.0164,0.0,231.1485
54891074,MP324,285.0,334.0205,47.6644,33.1213,64.5713,0.0282,0.0014,172.604
54891085,MP324,320.0,375.0406,52.2091,38.0794,69.1335,0.0144,0.0,176.8496
54891096,MP324,118.0,138.2962,48.935,34.441,65.9022,0.0259,0.0014,69.8005
54900019,MP321,531.0,600.0647,30.9117,16.4037,47.9393,0.3005,0.3889,409.6655
54900020,MP321,1959.0,2213.798,41.4071,31.9543,51.0884,0.0148,0.0,1293.8136
54900031,MP321,1341.0,1515.4176,45.0929,35.6676,55.0815,0.0059,0.0,828.2587
54900042,MP321,1587.0,1793.4137,41.8496,32.4444,51.6109,0.0116,0.0,1040.5713
54900053,MP321,870.0,983.1569,45.7147,35.694,56.4135,0.0068,0.0,531.2852
54900064,MP321,1170.0,1322.1765,41.838,31.8738,52.3996,0.0208,0.0014,765.9487
54900075,MP321,254.0,287.0366,27.0935,13.1307,44.3487,0.4255,0.8667,206.7018
54900086,MP321,431.0,487.0582,24.1454,9.3134,40.9973,0.5305,0.8667,366.1762
54900097,MP321,1305.0,1474.7353,39.7385,30.0232,49.2801,0.0265,0.0014,888.2609
54900109,MP321,264.0,298.3373,30.6984,16.2799,47.8558,0.3104,0.3889,204.5111
54900110,MP321,327.0,369.5314,25.4839,11.2963,42.1499,0.484,0.8667,272.2322
54900121,MP321,272.0,307.3778,23.4383,8.6883,39.8929,0.5582,0.8667,232.9039
54900132,MP321,292.0,329.9791,27.5057,13.217,44.5874,0.4091,0.6364,236.1384
54900154,MP321,123.0,138.998,25.6065,11.0314,42.0597,0.4785,0.8667,102.2677
54900176,MP321,369.0,416.9941,24.4604,10.1208,41.8211,0.5177,0.8667,310.9062
54900187,MP321,392.0,442.9856,48.4785,33.6882,65.0071,0.025,0.0014,226.0084
54900198,MP321,723.0,817.0372,45.125,35.068,56.332,0.0102,0.0,445.7608
54900200,MP321,562.0,635.0967,50.4488,36.2612,67.7943,0.0185,0.0,310.3022
54910010,MP321,823.0,930.0438,28.5464,18.228,38.9764,0.3252,0.3889,663.7023
54910054,MP326,773.0,881.3336,44.7198,34.4664,55.3678,0.0111,0.0,485.2191
54910065,MP326,1665.0,1898.3447,33.4634,23.8962,43.3292,0.1282,0.057,1260.726
54910076,MP326,1854.0,2113.8325,34.0839,24.5774,43.8072,0.1126,0.057,1390.3157
54910087,MP326,1599.0,1823.095,36.2141,26.885,46.0306,0.0625,0.0033,1159.3468
54910100,MP326,1619.0,1845.898,37.2914,27.8664,47.3127,0.0481,0.0014,1154.4173
54910111,MP326,1315.0,1499.2933,33.4459,24.1528,43.3878,0.122,0.057,993.3412
54910144,MP326,760.0,866.5117,37.4531,27.1977,48.0825,0.0621,0.0033,540.8735
54910155,MP326,1276.0,1454.8276,38.4355,27.9647,49.0907,0.0505,0.0014,893.441
54910177,MP326,1303.0,1485.6115,37.1738,27.8369,47.0684,0.0482,0.0014,930.8362
54910188,MP326,975.0,1111.6433,36.3963,26.2337,47.131,0.0747,0.0033,704.6938
54910212,MP326,805.0,917.8183,38.7697,28.5897,49.5977,0.0441,0.0014,560.3961
54910223,MP326,1115.0,1271.2639,38.3689,28.0333,49.1612,0.0523,0.0014,781.1891
54910234,MP326,1524.0,1737.584,34.9498,25.4536,44.9592,0.0877,0.0033,1126.9258
54910245,MP326,840.0,957.7235,36.045,25.8667,46.7305,0.082,0.0033,610.3717
54910256,MP326,825.0,940.6213,43.1607,32.7635,53.7496,0.0144,0.0,533.5731
54910267,MP326,1244.0,1418.3429,34.1229,23.9486,44.6602,0.1242,0.057,932.4244
54910278,MP326,1245.0,1419.483,38.9736,28.7518,49.6323,0.0429,0.0014,864.4086
54910290,MP326,816.0,930.3599,37.568,27.2044,48.2983,0.0592,0.0014,579.1182
54910313,MP326,1168.0,1331.6917,41.1631,30.9337,51.9267,0.0251,0.0014,781.1145
54910324,MP326,801.0,913.2577,36.5259,26.1831,47.3609,0.077,0.0033,578.3173
54910335,MP326,1497.0,1706.8,38.5003,28.8617,48.3625,0.0349,0.0014,1047.7001
54910346,MP326,1185.0,1351.0742,34.2504,23.9383,45.0041,0.1242,0.057,885.5416
54910357,MP326,1920.0,2189.0822,33.9325,24.4727,43.7999,0.1128,0.057,1443.0301
54910368,MP326,1327.0,1512.9751,44.9232,35.3519,54.6936,0.0043,0.0,831.8049
54910379,MP326,1434.0,1634.9708,38.7474,28.9623,48.4337,0.0362,0.0014,999.4637
54910380,MP326,1426.0,1625.8496,39.0132,29.4121,48.8505,0.0347,0.0014,988.8868
54910391,MP326,565.0,644.183,42.5384,28.014,59.3152,0.0637,0.0033,366.4213
54910403,MP326,1026.0,1169.7908,44.0961,33.6609,54.8685,0.013,0.0,652.8031
54910414,MP326,1145.0,1305.4683,39.5819,29.5814,50.2362,0.0361,0.0014,786.0736
54910425,MP326,1168.0,1331.6917,43.8328,33.7498,54.4471,0.012,0.0,744.7452
54910436,MP326,1180.0,1345.3734,41.7679,31.5016,52.2379,0.0241,0.0014,781.8432
54910447,MP326,885.0,1009.0301,39.5481,29.3331,50.0597,0.0392,0.0014,609.484
54910458,MP326,970.0,1105.9426,38.9143,28.6867,49.617,0.0411,0.0014,673.6982
54910470,MP326,1242.0,1416.0626,34.1364,24.0962,44.9616,0.1178,0.057,929.233
54910481,MP326,1433.0,1633.8306,39.3105,29.5475,48.8753,0.0295,0.0014,991.0165
54910504,MP326,866.0,987.3673,38.6384,28.4924,49.1874,0.0442,0.0014,604.3159
54910515,MP326,1034.0,1178.912,37.1445,26.9361,47.7144,0.0654,0.0033,740.0922
54910526,MP326,1556.0,1774.0687,36.856,27.35,46.5403,0.0581,0.0014,1118.2368
54910537,MP326,459.0,523.3275,40.2222,25.6312,56.9744,0.0923,0.0274,309.6968
54910548,MP326,1473.0,1679.4365,36.7241,27.1052,46.4711,0.0617,0.0033,1062.1841
54910571,MP326,1177.0,1341.953,40.9272,30.8432,51.7411,0.027,0.0014,790.7015
54910582,MP326,382.0,435.5362,24.8472,10.3894,41.9684,0.5055,0.8667,323.5873
54910593,MP326,847.0,965.7045,29.9823,19.8558,40.5583,0.262,0.3145,674.4567
54910616,MP326,1730.0,1972.4543,33.9531,24.553,43.909,0.1124,0.057,1299.57
54910627,MP326,437.0,498.2442,53.3173,38.84,70.4819,0.0129,0.0,228.6872
54910649,MP326,698.0,795.8226,41.6921,31.555,52.3844,0.0236,0.0014,462.9169
54910650,MP326,879.0,1002.1892,39.9053,29.5315,50.5158,0.0369,0.0014,601.8318
54910661,MP326,405.0,461.7595,33.9144,19.6243,50.4231,0.2111,0.25,302.4337
54910683,MP326,395.0,450.3581,49.0183,34.5585,65.7362,0.0204,0.0014,226.7511
54910694,MP326,763.0,869.9322,37.8219,27.4766,48.5312,0.0563,0.0014,539.5431
54910706,MP326,1035.0,1180.0521,54.0131,43.8975,64.638,0.0019,0.0,540.9087
54910717,MP326,509.0,580.3348,53.0666,38.861,70.4718,0.0127,0.0,268.309
54910728,MP326,896.0,1021.5717,39.0539,28.7583,49.7548,0.0393,0.0014,621.1195
54910739,MP326,1132.0,1290.6464,41.7828,31.2184,52.1987,0.0206,0.0014,750.1342
54910740,MP326,863.0,983.9469,39.7355,29.513,50.323,0.0358,0.0014,591.5256
54910751,MP326,820.0,934.9205,38.5441,28.2089,49.0503,0.0481,0.0014,573.4534
54910762,MP321,401.0,453.1562,30.8019,16.564,47.5601,0.3019,0.3889,310.4278
54910773,MP326,626.0,713.732,37.8276,27.3102,48.6958,0.0602,0.0033,442.4775
54910784,MP326,922.0,1051.2155,41.8301,31.5997,52.496,0.0197,0.0014,610.0097
54910795,MP326,654.0,745.6561,37.5913,27.4732,48.4046,0.06,0.0033,464.2646
54910807,MP326,305.0,347.7448,41.4101,26.9572,58.5201,0.0758,0.0033,200.8903
54910818,MP326,545.0,621.3801,40.1172,26.2189,57.4193,0.0838,0.0033,366.3809
54910829,MP326,726.0,827.7467,42.2931,32.1523,53.0678,0.0181,0.0,475.5409
54910830,MP326,1387.0,1581.3839,40.8437,31.4129,50.6376,0.0192,0.0014,933.0365
54910841,MP326,651.0,742.2357,38.5805,28.2602,49.2496,0.0459,0.0014,454.8759
54910852,MP326,571.0,651.0239,46.8828,32.1597,63.6889,0.034,0.0014,342.1585
54910863,MP326,1218.0,1388.699,41.405,31.2093,52.0076,0.0246,0.0014,811.4368
54910874,MP326,485.0,552.9713,43.6175,29.107,61.0656,0.0538,0.0014,307.7065
54910885,MP326,435.0,495.9639,41.6278,27.5256,58.3526,0.069,0.0033,285.8404
54910896,MP326,834.0,950.8826,37.3052,27.1536,48.0873,0.0591,0.0014,593.6776
54910908,MP326,481.0,548.4107,43.6604,29.305,60.5661,0.0516,0.0014,304.8805
54910919,MP326,353.0,402.4719,42.5925,28.1772,59.3954,0.0642,0.0033,228.3338
54910920,MP326,368.0,419.5741,42.6879,28.6544,59.5142,0.0565,0.0014,236.8426
54910931,MP326,647.0,737.6751,38.7541,28.3173,49.3859,0.0443,0.0014,450.8407
54910942,MP326,416.0,474.3011,46.5165,32.1505,63.0464,0.0334,0.0014,251.1635
54910953,MP326,634.0,722.8532,44.6174,34.4091,55.2516,0.0126,0.0,399.0781
54910964,MP326,1165.0,1328.2712,47.6349,37.277,58.323,0.0051,0.0,693.5914
54910975,MP326,382.0,435.5362,41.778,27.4298,58.8968,0.0685,0.0033,250.4789
54910986,MP326,549.0,625.9407,45.4644,31.0345,62.1167,0.0414,0.0014,337.9053
54910997,MP326,519.0,591.7363,46.0739,31.4635,62.5128,0.0369,0.0014,315.727
54911000,MP326,738.0,841.4285,43.3954,33.4745,53.934,0.0146,0.0,473.8668
54911011,MP326,309.0,352.3054,68.7649,54.5204,85.5038,0.0011,0.0,108.0219
54911022,MP326,455.0,518.7669,41.0778,26.4325,57.7565,0.0834,0.0033,302.973
54911033,MP326,246.0,280.4762,42.2186,28.287,59.3738,0.0609,0.0033,159.6353
54911044,MP326,511.0,582.6151,44.9986,30.8128,61.817,0.044,0.0014,316.1813
54911055,MP326,510.0,581.475,45.7127,31.1762,62.7418,0.0392,0.0014,310.8811
54911066,MP326,436.0,497.1041,37.0733,22.3964,54.1904,0.1425,0.057,309.2813
54911077,MP326,465.0,530.1684,41.0719,26.8677,58.0839,0.0758,0.0033,308.194
54911088,MP326,701.0,799.243,44.2434,34.1303,54.9008,0.0133,0.0,444.3693
54911099,MP326,487.0,555.2516,46.0215,31.7626,63.1557,0.0355,0.0014,295.1345
54911101,MP326,285.0,324.9419,56.0171,41.4956,73.113,0.007,0.0,140.6759
54911112,MP326,540.0,615.6794,41.2541,27.0817,58.47,0.073,0.0033,356.4144
54911123,MP326,622.0,709.1714,42.3222,28.1555,59.2078,0.0613,0.0033,403.6102
54911134,MP326,927.0,1056.9163,38.8734,28.555,49.6451,0.0427,0.0014,644.2714
54911145,MP326,220.0,250.8323,43.2191,28.781,60.2297,0.055,0.0014,140.554
54911156,MP326,586.0,668.1261,48.3039,33.8921,65.2691,0.0254,0.0014,340.6568
54911167,MP326,238.0,271.355,46.5731,32.0487,63.7906,0.0329,0.0014,143.0975
54911178,MP326,505.0,575.7742,46.1384,31.7016,63.4411,0.0364,0.0014,306.5767
54911189,MP326,280.0,319.2412,45.2554,30.879,62.217,0.0393,0.0014,172.4603
76150010,MP325,1095.0,1308.7173,46.2058,36.1376,56.9688,0.0077,0.0,701.4672
76150021,MP325,913.0,1091.1954,40.2756,29.9819,51.2619,0.0338,0.0014,649.4414
76150032,MP325,2386.0,2851.6891,37.4741,28.0801,47.5125,0.0467,0.0014,1776.7713
76150043,MP325,1286.0,1536.9959,40.0491,30.0197,50.863,0.0288,0.0014,917.1071
76150054,MP325,579.0,692.0067,40.0118,25.3157,57.0954,0.0942,0.0274,410.3403
76150065,MP325,1129.0,1349.3533,40.406,30.2465,51.0322,0.0296,0.0014,801.5502
76150076,MP325,1130.0,1350.5485,42.5892,32.5,53.3292,0.016,0.0,771.651
76150087,MP325,648.0,774.4738,40.9082,30.5105,51.7491,0.0262,0.0014,456.671
76150098,MP325,617.0,737.4234,46.5022,32.0677,63.38,0.0334,0.0014,389.6713
76150100,MP325,815.0,974.0681,43.555,33.2792,54.4342,0.015,0.0,548.1939
76150111,MP325,744.0,889.2107,36.7819,26.5011,47.2892,0.0729,0.0033,560.9006
76150122,MP325,1022.0,1221.4695,40.7781,30.6693,51.5465,0.0258,0.0014,720.9395
76150133,MP325,778.0,929.8466,42.504,32.1981,53.5232,0.0192,0.0014,532.1713
76150144,MP325,470.0,561.7325,45.2564,30.8551,61.9657,0.0391,0.0014,304.0972
76150155,MP325,1142.0,1364.8906,41.5959,31.3792,52.5228,0.0218,0.0014,793.3387
76150166,MP325,1074.0,1283.6186,40.5403,30.2914,51.2692,0.0287,0.0014,760.6156
76150177,MP325,1056.0,1262.1055,45.2056,35.0468,55.9145,0.0087,0.0,688.8338
76150188,MP325,966.0,1154.5397,31.5118,21.1554,42.2305,0.2062,0.2381,788.8136
76150199,MP325,967.0,1155.7348,37.6968,27.4713,48.3987,0.0576,0.0014,718.3618
76150201,MP325,703.0,840.2085,45.0382,34.7472,55.8697,0.0127,0.0,460.7198
76150212,MP325,1557.0,1860.8885,31.8582,22.3049,41.721,0.1796,0.057,1265.2024
76150223,MP325,776.0,927.4563,42.3073,31.9742,53.051,0.02,0.0014,534.1015
76150234,MP325,960.0,1147.3686,38.4646,28.1871,49.5479,0.0463,0.0014,703.0202
76150245,MP325,1172.0,1400.7458,37.3913,27.0025,48.1414,0.0633,0.0033,874.9736
76150256,MP325,1769.0,2114.2657,31.867,22.3895,41.8618,0.1748,0.057,1435.8196
76150267,MP325,492.0,588.0264,41.5184,27.1241,58.5543,0.0705,0.0033,339.7173
76150278,MP325,1789.0,2138.1692,36.8379,27.3708,46.5636,0.0584,0.0014,1346.5799
76150289,MP325,1341.0,1602.7305,42.3921,33.0564,52.3626,0.0116,0.0,920.1723
76150290,MP325,1001.0,1196.3708,48.1502,37.8363,58.8187,0.0056,0.0,618.6415
76150302,MP325,1199.0,1433.0156,38.9894,28.851,49.6883,0.0425,0.0014,872.092
76150313,MP325,529.0,632.2479,46.6392,32.3562,63.8113,0.0321,0.0014,332.7317
76150324,MP325,1148.0,1372.0616,31.845,21.6121,42.648,0.1954,0.2381,932.249
76150335,MP325,979.0,1170.0769,37.1647,26.848,48.0777,0.0629,0.0033,732.3296
76150346,MP325,1209.0,1444.9673,39.7215,29.3975,50.404,0.0345,0.0014,869.4012
76150357,MP325,885.0,1057.7304,40.0756,29.7686,50.9034,0.0368,0.0014,631.5456
76150368,MP325,526.0,628.6624,44.1077,29.306,60.8487,0.0538,0.0014,348.1982
76150379,MP325,780.0,932.237,37.3327,27.0971,48.0139,0.0627,0.0033,582.7758
76150380,MP325,1744.0,2084.3863,32.7811,23.3525,42.7209,0.1438,0.057,1395.5992
76150391,MP325,1499.0,1791.5683,33.8423,24.3752,43.8411,0.1148,0.057,1181.8287
76150403,MP325,594.0,709.9343,48.4589,33.861,65.6385,0.0262,0.0014,361.2882
76150414,MP325,1827.0,2183.5859,36.2373,26.7491,46.1026,0.0649,0.0033,1387.1201
76150425,MP325,1365.0,1631.4147,42.8788,33.3854,52.7227,0.0102,0.0,929.8096
76150436,MP325,1295.0,1547.7524,38.8198,29.3743,48.56,0.0324,0.0014,944.5742
76150447,MP325,1324.0,1582.4125,40.7185,31.3354,50.7259,0.0188,0.0003,935.0915
76150458,MP325,1108.0,1324.2546,43.3622,33.1371,54.0406,0.0178,0.0,749.1066
76150469,MP325,1100.0,1314.6932,36.4137,26.0874,47.253,0.0791,0.0033,833.7336
76150470,MP325,2039.0,2436.9631,30.0617,20.4422,39.8995,0.242,0.2581,1700.7872
76150481,MP325,1121.0,1339.7919,41.5204,31.5277,52.3631,0.0218,0.0014,780.6006
76150492,MP325,1799.0,2150.121,36.4477,26.813,46.4282,0.0639,0.0033,1363.9973
76150504,MP325,1028.0,1228.6406,45.826,35.7426,56.1843,0.0093,0.0,663.51
76150515,MP325,663.0,792.4014,38.0991,27.853,48.7448,0.0549,0.0014,489.6644
76150526,MP325,812.0,970.4826,39.337,29.0417,50.3446,0.0391,0.0014,586.0243
76150537,MP325,671.0,801.9629,39.0531,28.7629,49.8791,0.0443,0.0014,488.0758
76150548,MP325,963.0,1150.9541,35.8564,25.7799,46.7011,0.0831,0.0033,734.7621
76150559,MP325,868.0,1037.4125,43.7258,33.4608,54.4348,0.0135,0.0,582.3431
76150560,MP325,1223.0,1461.6998,40.421,30.1432,51.1336,0.0279,0.0014,869.1072
76150571,MP325,533.0,637.0286,44.7336,30.5944,61.639,0.0447,0.0014,347.6606
76150582,MP325,876.0,1046.9739,46.5687,36.0976,57.2159,0.0083,0.0,558.586
76150593,MP325,1028.0,1228.6406,45.453,35.3019,56.1908,0.0091,0.0,667.6199
76150605,MP325,899.0,1074.4629,47.2238,36.944,57.9281,0.0061,0.0,565.4364
76150616,MP325,937.0,1119.8796,36.9927,26.519,47.528,0.0705,0.0033,704.9222
76150627,MP325,1055.0,1260.9103,32.0474,21.8084,42.8089,0.1804,0.057,854.018
76150649,MP325,502.0,599.9782,42.4519,27.8636,59.7824,0.064,0.0033,341.0107
76150650,MP325,1530.0,1828.6187,42.1285,32.5156,52.0232,0.0142,0.0,1056.8912
76150661,MP325,1187.0,1418.6735,43.4129,33.1027,54.0227,0.0175,0.0,801.1405
76150672,MP325,941.0,1124.6603,38.5789,28.3889,49.4375,0.0477,0.0014,688.745
76150683,MP325,673.0,804.3532,37.8359,27.449,48.7685,0.0581,0.0014,498.7624
76150694,MP325,885.0,1057.7304,41.1677,31.0558,52.1906,0.0251,0.0014,620.0048
76150706,MP325,336.0,401.579,44.433,30.0613,61.5342,0.0453,0.0014,220.0167
76150717,MP325,632.0,755.351,40.9871,30.7823,52.1153,0.0286,0.0014,443.9557
76150728,MP325,292.0,348.9913,44.5294,30.3281,61.6759,0.047,0.0014,191.0396
76150739,MP325,525.0,627.4672,45.3668,30.923,62.3343,0.0411,0.0014,338.5038
76150740,MP325,939.0,1122.2699,43.5411,33.4345,54.4116,0.0149,0.0,631.1518
76150751,MP325,494.0,590.4168,40.4626,26.0561,56.9474,0.088,0.0033,347.9823
76150762,MP325,343.0,409.9452,43.7847,29.2038,60.8011,0.0539,0.0014,227.7736
76150773,MP325,366.0,437.4343,47.96,33.4065,65.0609,0.0306,0.0014,224.6006
76150784,MP325,435.0,519.9014,47.3758,32.9021,64.0314,0.0323,0.0014,270.5707
76150807,MP325,527.0,629.8576,50.2187,35.4982,67.128,0.0194,0.0014,309.5792
76150818,MP325,790.0,944.1888,44.0127,33.7577,54.7789,0.0137,0.0,527.1477
76150829,MP325,673.0,804.3532,42.7331,32.3248,53.3662,0.0185,0.0,459.5216
76150830,MP325,799.0,954.9453,37.1847,26.8189,47.9965,0.068,0.0033,598.5852
76150841,MP325,503.0,601.1733,49.0905,34.8712,66.554,0.0222,0.0014,301.4665
76150852,MP325,521.0,622.6865,50.9372,36.5802,67.8593,0.016,0.0,301.6445
76150863,MP325,537.0,641.8093,47.0527,32.2116,63.8431,0.0321,0.0014,336.6189
76150874,MP325,235.0,280.8663,48.7392,34.5073,65.4893,0.022,0.0014,142.1185
76150885,MP325,371.0,443.4102,45.3228,31.1176,62.7062,0.0381,0.0014,238.6722
76150896,MP325,340.0,406.3597,42.4607,27.8341,59.601,0.0654,0.0033,230.7348
76150908,MP325,448.0,535.4387,50.2811,35.6531,67.6302,0.0199,0.0014,262.1191
76150919,MP325,243.0,290.4277,52.6284,38.1064,69.6014,0.011,0.0,135.6551
76160011,MP325,1562.0,1866.8643,39.5532,29.8956,49.4778,0.03,0.0014,1126.8565
76160022,MP325,977.0,1167.6866,42.8895,32.8207,53.5055,0.0178,0.0,665.5543
76160033,MP325,504.0,602.3685,42.8251,28.4496,59.8376,0.0579,0.0014,339.966
76160044,MP325,1142.0,1364.8906,43.6284,33.1657,54.2087,0.0165,0.0,767.8936
76160055,MP325,1336.0,1596.7546,42.8177,33.3079,52.6842,0.0117,0.0,910.7224
76160066,MP325,1158.0,1384.0134,38.6824,28.3804,49.3561,0.046,0.0014,846.7708
76160077,MP325,1156.0,1381.623,35.3173,25.0322,45.9902,0.0998,0.0274,891.9959
76160088,MP325,613.0,732.6427,44.2636,29.6325,61.3449,0.0511,0.0014,403.6948
76160099,MP325,1394.0,1666.0748,38.0252,28.3599,48.1574,0.0401,0.0014,1028.3904
76160101,MP325,1422.0,1699.5398,34.7734,25.3878,44.6771,0.091,0.0033,1104.7215
76160112,MP325,597.0,713.5199,48.9624,34.4846,66.2052,0.0239,0.0014,359.2799
76160123,MP325,1907.0,2279.1999,36.7317,27.0195,46.681,0.0617,0.0033,1438.4266
76160134,MP325,581.0,694.397,42.6531,28.5033,59.6576,0.0594,0.0014,393.1682
76160145,MP325,805.0,962.1164,34.6052,24.411,45.0707,0.1148,0.057,628.3425
76160156,MP325,684.0,817.5001,39.0362,28.8663,49.8706,0.0425,0.0014,496.409
76160167,MP325,1051.0,1256.1296,40.3089,30.0656,51.2055,0.0325,0.0014,747.6084
76160178,MP325,1150.0,1374.452,46.6579,36.3613,57.3833,0.007,0.0,731.0196
76160189,MP325,966.0,1154.5397,39.9521,29.6642,50.5587,0.0363,0.0014,691.3986
76160190,MP325,1082.0,1293.18,33.6433,23.4456,44.2954,0.1385,0.057,855.7534
76160202,MP325,1543.0,1844.156,32.29,22.8592,42.0702,0.1572,0.057,1245.2788
76160213,MP325,984.0,1176.0528,43.1567,32.8646,53.8379,0.0174,0.0,667.1983
76160224,MP325,2043.0,2441.7438,39.145,29.6401,49.2137,0.0294,0.0014,1481.6081
76160246,MP325,1818.0,2172.8293,43.2907,33.7381,53.288,0.008,0.0,1226.6261
76160257,MP325,308.0,368.1141,45.2655,30.9829,62.419,0.0434,0.0014,198.6851
76160268,MP325,689.0,823.476,37.8864,27.7534,48.5499,0.052,0.0014,510.0096
76160279,MP325,1754.0,2096.3381,38.8333,29.3059,48.8448,0.0348,0.0014,1277.4635
76160280,MP325,990.0,1183.2239,40.0389,29.6152,50.8735,0.0349,0.0014,707.3593
76160291,MP325,817.0,976.4585,46.7212,36.349,57.3704,0.0074,0.0,519.0459
76160303,MP325,791.0,945.3839,40.8545,30.6117,51.5661,0.0256,0.0014,558.1494
76160314,MP325,923.0,1103.1471,35.8229,25.4029,46.5328,0.0916,0.013,706.8908
76160325,MP325,628.0,750.5703,41.0599,30.7577,51.6362,0.0264,0.0014,441.327
76160336,MP325,639.0,763.7172,45.7758,35.8531,56.6522,0.0082,0.0,411.8844
76160358,MP325,1147.0,1370.8665,34.3886,24.4182,45.0749,0.1152,0.057,896.6063
76160369,MP325,823.0,983.6295,47.3324,36.7949,58.1334,0.0079,0.0,517.3775
76160370,MP325,904.0,1080.4388,37.3643,26.9642,47.9028,0.0667,0.0033,677.0836
76160381,MP325,1032.0,1233.4213,46.5954,36.1819,57.2052,0.0081,0.0,657.2635
76160392,MP325,886.0,1058.9256,44.3835,34.2813,55.3464,0.0117,0.0,586.0717
76160404,MP325,595.0,711.1295,43.6546,29.4433,60.6303,0.0518,0.0014,395.4362
76160415,MP325,1674.0,2000.724,41.6618,31.9855,51.6574,0.0152,0.0,1163.2892
76160426,MP325,1777.0,2123.8271,41.7173,32.2906,51.7384,0.0142,0.0,1233.455
76160437,MP325,1441.0,1722.2481,31.1501,21.5311,41.1668,0.2066,0.239,1182.5368
76160448,MP325,533.0,637.0286,40.8526,26.2813,57.7052,0.0832,0.0033,372.8633
76160459,MP325,1614.0,1929.0135,39.1532,29.7855,49.1924,0.0307,0.0014,1170.7539
76160460,MP325,1304.0,1558.509,37.7683,28.257,47.6474,0.0442,0.0014,967.3223
76160471,MP325,1180.0,1410.3072,36.5942,26.3036,47.3136,0.0767,0.0033,892.6287
76160482,MP325,1524.0,1821.4477,39.4654,29.9717,49.2847,0.0248,0.0014,1099.5724
76160493,MP325,642.0,767.3028,38.8448,28.4264,49.5129,0.0439,0.0014,467.961
76160505,MP325,807.0,964.5067,37.7613,27.7847,48.4772,0.0544,0.0014,597.7139
76160516,MP325,777.0,928.6515,43.1344,33.0006,54.2854,0.0158,0.0,525.2552
76160527,MP325,732.0,874.8686,40.0635,29.6369,50.9897,0.0342,0.0014,523.542
76160549,MP325,761.0,909.5287,31.5246,21.2573,42.2671,0.2036,0.2381,620.9118
76160550,MP325,1180.0,1410.3072,38.9218,28.548,49.4531,0.0432,0.0014,859.5529
76160561,MP325,669.0,799.5725,41.6565,31.6083,52.3995,0.0228,0.0014,464.9413
76160572,MP325,870.0,1039.8028,40.6578,30.508,51.457,0.0278,0.0014,614.4661
76160583,MP325,1058.0,1264.4958,44.1451,33.9825,54.9421,0.0119,0.0,703.3405
76160606,MP325,573.0,684.8356,48.6926,34.2728,65.6156,0.0255,0.0014,346.7385
76160628,MP325,1033.0,1234.6164,39.1352,28.698,50.0024,0.0447,0.0014,750.0356
76160639,MP325,1490.0,1780.8117,40.1745,30.7084,50.2629,0.021,0.0014,1061.5392
76160640,MP325,1162.0,1388.7941,34.9114,24.8341,45.7299,0.1042,0.0274,901.2659
76160651,MP325,723.0,864.112,40.2063,30.2613,51.0941,0.0326,0.0014,514.4961
76160662,MP325,1281.0,1531.02,44.7575,34.7389,55.4544,0.0119,0.0,842.1195
76160673,MP325,441.0,527.0725,47.7962,33.3135,64.9623,0.0256,0.0014,271.1858
76160684,MP325,1354.0,1618.2678,37.4979,27.7813,47.4037,0.0504,0.0014,1009.1215
76160695,MP325,243.0,290.4277,52.3137,37.5427,69.0968,0.0149,0.0,137.0506
76160707,MP325,325.0,388.4321,47.8973,33.4982,65.164,0.0287,0.0014,199.2737
76160718,MP325,955.0,1141.3927,43.3337,33.0726,54.1564,0.0155,0.0,644.7225
76160729,MP325,272.0,325.0878,46.9126,32.8954,63.9954,0.0277,0.0014,169.7604
76160730,MP325,778.0,929.8466,41.3913,31.2846,51.9393,0.0247,0.0014,544.1901
76160763,MP325,916.0,1094.7809,40.5784,30.4456,51.0779,0.0285,0.0014,649.3432
76160774,MP325,837.0,1000.362,31.6966,21.436,42.6135,0.2019,0.2381,680.7373
76160808,MP325,657.0,785.2304,42.7269,32.6837,53.5921,0.0185,0.0,447.5625
76160820,MP325,1224.0,1462.895,33.9664,23.6531,44.8738,0.1321,0.057,963.905
76160831,MP325,1011.0,1208.3226,45.0208,34.8011,55.8512,0.0108,0.0,662.3015
76160842,MP325,789.0,942.9936,44.9836,34.5736,55.8441,0.0121,0.0,517.3409
76160853,MP325,1131.0,1351.7436,36.5413,26.2966,47.3699,0.0776,0.0033,854.9509
76160875,MP325,679.0,811.5243,37.9357,27.5577,48.6674,0.0558,0.0014,502.8521
76160886,MP325,311.0,371.6996,49.5643,35.3906,66.7723,0.0201,0.0014,184.2475
76160897,MP325,496.0,592.8071,77.8701,63.8487,94.4574,0.0002,0.0,128.7173
76160909,MP325,641.0,766.1076,48.9131,38.4148,59.7476,0.0049,0.0,389.9552
76160921,MP325,121.0,144.6163,45.9286,31.6029,62.6531,0.0364,0.0014,77.2883
76160932,MP325,582.0,695.5922,43.0887,28.7382,59.9293,0.0588,0.0014,391.0692
76160943,MP325,1070.0,1278.8379,42.5202,32.446,52.8552,0.0175,0.0,732.879
76160954,MP325,412.0,492.4124,49.1657,34.6268,66.1062,0.0245,0.0014,247.9385
76160965,MP325,559.0,668.1032,49.7598,35.5026,66.7154,0.0215,0.0014,330.7658
76160976,MP325,390.0,466.1185,48.8331,34.4963,65.6362,0.0242,0.0014,235.3846
76160987,MP325,508.0,607.1492,44.531,30.1082,61.6561,0.045,0.0014,331.9569
76160998,MP325,540.0,645.3948,40.1625,26.2474,57.455,0.0854,0.0033,380.45
76161001,MP325,844.0,1008.7282,47.9789,37.5572,58.8103,0.007,0.0,523.7358
76161012,MP325,341.0,407.5549,41.9734,27.419,59.2121,0.0717,0.0033,233.6659
76161023,MP325,427.0,510.34,47.9221,33.8517,64.8104,0.023,0.0014,261.9894
76161034,MP325,448.0,535.4387,46.9848,32.691,63.8363,0.0301,0.0014,280.0861
76161045,MP325,363.0,433.8488,48.0747,34.1475,65.366,0.026,0.0014,221.538
76161056,MP325,509.0,608.3444,41.0994,26.2344,58.1676,0.085,0.0033,355.1475
76161067,MP325,300.0,358.5527,51.7006,37.4127,69.0031,0.0142,0.0,170.6949
76170012,MP325,1653.0,1975.6253,40.6362,31.2375,50.5807,0.0194,0.0014,1169.1428
76170023,MP325,1783.0,2130.9982,38.4099,28.9799,48.4349,0.0345,0.0014,1307.96
76170034,MP325,616.0,736.2282,44.5785,30.1307,61.5452,0.0458,0.0014,403.0921
76170045,MP325,1090.0,1302.7414,34.5607,24.4046,45.4346,0.1147,0.057,849.831
76170056,MP325,1210.0,1446.1625,47.85,37.6498,58.6919,0.0047,0.0,750.4444
76170067,MP325,581.0,694.397,39.7703,25.279,57.2595,0.0963,0.0274,412.8383
76170078,MP325,325.0,388.4321,50.7578,36.1267,67.2113,0.0185,0.0,189.4421
76170089,MP325,2300.0,2748.904,33.7226,24.3833,43.792,0.1156,0.057,1813.6123
76170090,MP325,927.0,1107.9278,39.9354,29.4067,50.3761,0.0334,0.0014,664.7745
76170102,MP325,1896.0,2266.053,43.5776,34.0238,53.2655,0.0088,0.0,1275.771
76170113,MP325,808.0,965.7019,38.7592,28.5076,49.4242,0.0455,0.0014,590.2861
76170124,MP325,1029.0,1229.8357,38.0413,27.7384,48.8628,0.054,0.0014,760.0638
76170135,MP325,1257.0,1502.3358,40.1652,29.8247,50.9395,0.0304,0.0014,897.1895
76170146,MP325,922.0,1101.9519,35.2898,24.7833,46.0352,0.1044,0.0274,711.6184
76170157,MP325,1537.0,1836.985,34.2692,24.7038,44.0682,0.107,0.0274,1204.8154
76170168,MP325,2427.0,2900.6913,37.3736,27.8861,47.283,0.0473,0.0014,1810.1851
76170179,MP325,1825.0,2181.1955,39.917,30.2676,49.8201,0.0242,0.0014,1307.5899
76170180,MP325,932.0,1113.9037,33.4981,23.1601,44.2972,0.1451,0.057,738.5142
76170191,MP325,1103.0,1318.2787,40.6369,30.5222,51.4285,0.0267,0.0014,779.7489
76170203,MP325,1050.0,1254.9344,39.8753,29.6892,50.6615,0.0349,0.0014,751.9949
76170214,MP325,1349.0,1612.2919,35.2381,25.9233,45.2587,0.081,0.0033,1040.2471
76170225,MP325,643.0,768.4979,46.7728,36.6664,57.7001,0.0067,0.0,407.3521
76170236,MP325,931.0,1112.7085,38.4454,28.165,48.8989,0.0485,0.0014,684.7915
76170247,MP325,1388.0,1658.9038,39.5549,29.948,49.5275,0.0283,0.0014,1000.4646
76170258,MP325,2275.0,2719.0246,34.9749,25.393,45.0058,0.0926,0.0274,1763.2873
76170269,MP325,1436.0,1716.2722,40.7683,31.2699,50.8543,0.0198,0.0014,1013.4043
76170270,MP325,1131.0,1351.7436,40.1797,29.9118,51.1326,0.034,0.0014,805.6475
76170281,MP325,766.0,915.5045,44.0697,33.7605,54.5409,0.0125,0.0,511.1706
76170292,MP325,677.0,809.1339,44.1761,33.8984,54.8702,0.0123,0.0,450.3739
76170304,MP325,310.0,370.5044,41.2466,27.4583,58.6763,0.0698,0.0033,214.1544
76170315,MP325,845.0,1009.9234,40.3262,30.1845,51.1697,0.0297,0.0014,600.6546
76170326,MP325,835.0,997.9717,40.267,30.0198,51.109,0.0302,0.0014,593.5189
76170337,MP325,1164.0,1391.1844,36.8066,26.6492,47.6585,0.069,0.0033,875.8958
76170348,MP325,1280.0,1529.8248,41.467,31.0781,52.1829,0.0241,0.0014,893.8625
76170359,MP325,919.0,1098.3664,44.8911,34.7441,55.6577,0.0114,0.0,603.1771
76170360,MP325,1441.0,1722.2481,36.8443,27.2276,46.458,0.0558,0.0014,1086.9567
76170371,MP325,2173.0,2597.1167,30.0858,20.5543,39.9642,0.2452,0.2581,1812.4532
76170382,MP325,1264.0,1510.702,32.9545,22.5863,43.5573,0.1642,0.057,1011.5853
76170393,MP325,1769.0,2114.2657,42.5922,33.2422,52.4674,0.0098,0.0,1208.6728
76170405,MP325,914.0,1092.3905,39.8684,29.4663,50.4261,0.0337,0.0014,655.8508
76170416,MP325,874.0,1044.5835,38.4611,28.2547,49.3006,0.0487,0.0014,640.8322
76170427,MP325,359.0,429.0681,34.1935,20.1239,51.4233,0.1979,0.2381,278.2323
76170438,MP325,596.0,712.3247,40.9624,26.3873,58.1658,0.0818,0.0033,415.3729
76170449,MP325,892.0,1066.0967,38.3806,28.1394,49.3277,0.0481,0.0014,654.6142
76170450,MP325,822.0,982.4344,35.1803,24.813,45.8621,0.1043,0.0274,635.1358
76170461,MP325,1962.0,2344.9346,34.9015,25.1525,44.7313,0.0955,0.0274,1524.7987
76170472,MP325,1361.0,1626.634,30.9821,21.4065,41.178,0.2165,0.2581,1120.1127
76170483,MP325,1924.0,2299.5179,35.9259,26.3421,45.8962,0.0744,0.0033,1470.0823
76170494,MP325,1808.0,2160.8775,33.7728,24.3668,43.7104,0.1174,0.057,1425.8362
76170506,MP325,1240.0,1482.0178,44.1298,33.9285,55.0252,0.0119,0.0,823.8082
76170539,MP325,1192.0,1424.6494,37.1929,26.9243,48.0171,0.0646,0.0033,892.2084
76170540,MP325,1372.0,1639.781,36.443,26.8163,46.493,0.0641,0.0033,1039.3356
76170551,MP325,553.0,660.9321,41.743,27.0353,58.7514,0.0737,0.0033,380.5609
76170562,MP325,1227.0,1466.4805,32.6403,22.3668,43.525,0.1647,0.057,984.7586
76170573,MP325,223.0,266.5242,48.0573,33.4564,64.7457,0.0257,0.0014,137.055
76170584,MP325,873.0,1043.3883,40.8799,30.6377,51.5806,0.0257,0.0014,614.7031
76170595,MP325,756.0,903.5528,38.0294,27.8462,48.779,0.0546,0.0014,558.5054
76170607,MP325,1055.0,1260.9103,43.4117,33.2163,54.0405,0.0147,0.0,712.0094
76170618,MP325,888.0,1061.316,38.6465,28.3234,49.3644,0.0506,0.0014,649.9744
76170629,MP325,393.0,469.704,40.4494,26.0393,57.3943,0.0871,0.0033,276.3439
76170630,MP325,328.0,392.0176,45.3672,31.0308,62.3945,0.0404,0.0014,211.2177
76170641,MP326,286.0,326.082,37.5334,22.9129,54.613,0.1349,0.057,201.4588
76170652,MP325,381.0,455.3619,36.7496,21.9206,53.9508,0.1525,0.057,285.1259
76170663,MP325,405.0,484.0461,43.2677,28.7145,60.4662,0.0571,0.0014,270.4922
76170674,MP325,335.0,400.3838,41.0061,26.7307,57.5822,0.0798,0.0033,234.0126
76170685,MP325,1125.0,1344.5726,43.2902,33.0728,53.8798,0.0154,0.0,760.9906
76170696,MP325,580.0,693.2019,49.2799,34.8099,66.4202,0.0205,0.0014,346.762
76170708,MP325,520.0,621.4913,48.6046,34.2923,65.6114,0.0226,0.0014,315.1474
76170719,MP325,397.0,474.4847,42.1214,27.6503,58.98,0.0683,0.0033,271.7125
76170720,MP325,523.0,625.0769,49.0902,34.7461,66.2639,0.0207,0.0014,313.6125
76170731,MP325,481.0,574.8795,42.6373,28.1118,59.9464,0.0616,0.0033,325.295
76170742,MP325,1980.0,2366.4478,39.8568,30.378,50.007,0.0266,0.0014,1418.0757
76170753,MP325,358.0,427.8729,44.9132,30.1899,62.1444,0.0433,0.0014,232.7634
76170764,MP325,362.0,432.6536,42.5416,27.9881,59.4148,0.0638,0.0033,245.995
76170775,MP325,472.0,564.1229,53.3044,38.4747,70.3542,0.0112,0.0,260.4995
