province_turnout,ballots,districts_below_25
32.514,705463.472,295
36.613,794395.263,134
45.17,980050.521,28
47.263,1025456.871,21
41.723,905256.387,56
39.205,850628.595,91
31.935,692900.225,376
45.351,983979.616,22
39.964,867095.913,73
44.783,971649.009,27
47.601,1032800.754,23
46.451,1007843.763,31
36.112,783530.885,150
37.896,822220.536,109
40.36,875698.429,77
40.18,871794.226,71
40.092,869871.642,75
37.457,812695.288,120
36.798,798411.593,127
42.428,920551.72,44
39.47,856371.715,103
44.413,963630.774,35
40.208,872390.061,62
34.777,754563.127,201
45.888,995641.424,31
39.132,849036.945,101
41.153,892906.09,53
33.278,722023.542,257
41.38,897826.975,65
41.075,891212.351,64
51.061,1107861.211,10
45.832,994413.437,23
42.785,928305.688,47
35.541,771136.717,169
39.597,859135.735,81
43.974,954105.631,44
38.669,839000.419,91
41.943,910034.069,49
40.009,868076.425,81
44.502,965553.722,36
41.228,894517.403,65
45.324,983398.252,26
32.609,707524.51,320
51.889,1125841.419,7
41.222,894399.078,61
43.585,945653.327,36
38.925,844559.539,95
45.409,985238.742,23
36.284,787252.666,174
41.284,895733.234,70
42.399,919934.379,54
36.744,797227.12,150
42.156,914650.391,53
39.935,866475.944,88
49.635,1076933.193,12
37.579,815351.621,129
43.99,954451.542,33
39.237,851334.183,93
40.218,872600.162,95
47.64,1033637.25,17
31.499,683435.77,346
31.37,680638.068,357
35.776,776223.228,173
36.171,784802.479,152
42.068,912753.755,45
31.585,685299.61,332
33.751,732302.691,239
41.759,906049.406,61
38.219,829240.426,104
40.324,874904.67,78
30.561,663072.624,408
40.906,887538.367,62
47.858,1038364.95,18
42.992,932806.867,56
38.131,827337.888,106
33.395,724566.637,227
35.344,766862.688,195
35.242,764635.814,176
40.527,879311.452,75
45.452,986172.499,30
39.515,857366.156,87
38.513,835625.988,101
40.938,888227.772,80
41.575,902045.45,57
44.51,965738.428,34
49.656,1077375.562,8
41.189,893685.253,55
46.12,1000659.44,24
39.357,853924.239,89
40.971,888946.617,64
40.78,884796.784,61
34.844,756006.408,203
32.322,701285.58,310
33.804,733449.256,230
34.654,751878.249,191
46.701,1013271.329,28
42.761,927791.152,31
31.154,675939.867,386
39.556,858253.908,86
41.047,890593.029,59
41.015,889911.158,60
50.068,1086323.284,13
42.078,912970.001,55
38.275,830453.995,92
44.795,971914.223,43
40.147,871075.216,70
41.313,896376.518,44
45.311,983122.004,31
52.316,1135104.269,11
39.002,846220.476,88
48.017,1041829.868,23
34.001,737726.267,237
40.312,874651.207,82
40.171,871590.061,75
42.515,922445.49,51
47.088,1021666.985,24
44.208,959184.648,34
39.896,865630.95,85
45.239,981544.042,28
34.014,737998.45,221
40.236,873009.852,72
40.222,872696.23,64
41.521,900882.391,68
44.071,956215.762,38
46.825,1015972.427,20
44.846,973026.733,31
30.012,651160.424,474
46.501,1008931.512,24
42.04,912131.677,60
44.218,959408.631,33
30.307,657568.609,425
32.577,706827.208,263
38.734,840414.244,81
43.8,950335.299,32
41.121,892198.109,74
36.795,798351.907,131
31.772,689359.533,343
44.881,973792.75,42
40.55,879819.947,73
34.523,749048.309,213
49.599,1076147.346,14
43.54,944693.214,52
40.967,888867.473,67
40.252,873348.892,67
42.765,927869.765,55
37.999,824468.826,123
38.062,825827.238,105
38.988,845926.453,89
40.133,870768.814,77
40.204,872300.202,82
42.065,912685.949,54
39.105,848452.659,75
34.854,756236.818,198
35.04,760253.116,191
33.866,734783.171,237
39.248,851566.797,99
38.082,826269.845,108
35.926,779478.738,162
35.027,759989.755,174
45.777,993213.245,37
47.152,1023063.201,30
39.447,855880.431,86
42.577,923803.794,43
36.885,800294.399,124
34.695,752782.342,239
43.116,935497.383,38
37.659,817097.322,129
41.223,894407.576,66
40.873,886824.492,60
47.576,1032253.756,16
38.865,843258.821,86
41.877,908595.711,63
39.553,858176.934,80
35.885,778595.105,140
46.255,1003593.059,29
48.361,1049298.374,16
34.621,751172.53,226
41.912,909374.19,54
43.189,937077.251,40
40.226,872775.676,72
51.374,1114664.867,13
39.212,850785.452,106
46.468,1008217.076,22
34.615,751035.566,216
39.519,857434.251,88
39.917,866086.421,92
45.649,990453.306,29
41.287,895811.022,63
43.303,939555.71,39
38.708,839838.862,104
45.795,993623.726,31
43.103,935197.081,47
34.66,752022.129,203
33.159,719455.201,258
28.28,613595.607,576
39.075,847818.839,122
32.205,698762.15,316
35.297,765832.284,170
43.083,934773.144,41
39.214,850823.265,90
38.06,825776.975,110
39.085,848020.342,93
43.146,936134.786,46
34.743,753817.379,220
36.857,799688.184,137
41.358,897354.908,73
39.189,850293.781,88
37.443,812404.778,112
46.582,1010691.409,24
44.257,960241.203,41
41.467,899716.747,61
33.868,734831.932,248
41.597,902538.09,59
39.018,846570.794,95
30.769,667595.906,405
40.338,875204.137,86
36.496,791854.681,149
42.019,911693.855,54
41.162,893088.756,54
42.01,911482.689,48
46.015,998397.951,24
36.51,792152.859,145
36.174,784875.99,161
40.704,883153.783,56
35.879,778470.126,148
44.967,975643.425,38
36.168,784726.973,164
37.672,817377.703,114
33.827,733950.267,226
36.716,796619.505,131
30.269,656755.849,460
33.229,720976.366,278
39.302,852738.425,90
53.681,1164708.432,13
47.606,1032916.194,18
41.851,908033.074,52
37.151,806067.004,144
39.078,847886.116,99
36.766,797718.814,149
38.347,832023.436,109
40.526,879300.561,70
34.892,757043.61,231
32.115,696792.101,309
43.108,935318.634,39
46.176,1001877.283,29
45.075,977986.566,32
35.231,764402.987,171
42.745,927440.673,40
35.53,770885.853,180
36.716,796620.187,138
33.393,724538.765,253
40.737,883875.582,71
35.894,778781.966,155
41.74,905631.608,53
36.838,799271.251,119
46.208,1002585.356,32
41.72,905194.512,50
38.536,836119.605,94
41.754,905942.712,59
39.76,862678.875,73
36.624,794622.797,116
48.729,1057269.935,17
49.472,1073385.795,14
35.551,771359.48,163
43.654,947161.109,40
39.201,850543.041,94
38.804,841934.997,91
35.722,775053.796,182
42.132,914146.542,55
35.301,765925.432,173
45.163,979902.755,33
46.991,1019563.07,33
45.804,993806.011,29
39.909,865913.217,77
41.16,893040.678,51
41.579,902143.305,66
41.588,902341.541,69
42.8,928635.557,40
42.616,924643.332,49
32.204,698720.149,309
38.963,845384.019,77
43.185,936990.052,37
35.565,771655.625,167
40.716,883414.209,71
29.743,645338.663,465
40.352,875519.989,73
36.121,783709.948,163
47.319,1026670.374,23
44.122,957306.237,39
32.789,711424.886,290
46.218,1002799.174,24
32.08,696041.935,335
35.235,764493.904,181
45.608,989558.707,43
39.619,859615.946,79
48.721,1057093.314,15
41.503,900490.466,58
38.718,840072.735,93
27.33,592971.971,655
41.244,894866.13,54
38.572,836888.705,115
43.485,943487.689,58
40.745,884046.038,49
45.659,990666.681,30
43.376,941126.011,35
40.202,872258.177,84
47.297,1026204.28,16
38.42,833607.228,85
41.827,907513.126,57
41.727,905347.001,55
39.018,846570.753,106
36.577,793604.737,130
41.434,898997.633,58
33.066,717440.109,269
42.723,926959.034,34
31.699,687772.677,363
46.562,1010256.727,21
31.628,686226.215,358
40.705,883181.352,86
39.565,858431.947,77
37.059,804064.444,146
43.56,945115.27,39
41.377,897752.802,64
45.578,988911.538,33
33.285,722183.586,269
39.944,866661.222,73
31.869,691451.32,323
33.438,725503.436,289
28.722,623174.818,537
29.285,635401.738,504
32.17,697984.323,324
41.553,901583.192,56
31.714,688101.383,348
40.92,887837.573,67
40.683,882704.473,73
41.3,896088.355,71
35.268,765213.872,184
32.567,706602.236,357
38.111,826898.233,88
33.997,737627.966,232
36.948,801659.623,127
42.897,930731.438,40
36.682,795899.829,154
32.873,713236.832,262
41.11,891961.135,90
32.201,698672.585,294
40.149,871111.617,78
36.761,797593.909,154
45.42,985482.64,24
43.858,951587.272,38
35.706,774710.346,146
37.416,811821.548,128
47.533,1031329.783,22
45.504,987293.093,25
45.18,980266.78,31
53.055,1151134.264,4
45.814,994016.663,37
42.683,926087.927,48
41.358,897352.2,57
31.814,690265.734,347
37.366,810730.323,121
37.422,811939.587,124
38.308,831165.754,94
37.734,818722.854,142
47.136,1022713.985,36
33.416,725030.774,281
41.834,907671.445,45
38.844,842789.303,93
41.926,909670.81,55
39.104,848441.56,79
32.476,704629.492,319
42.017,911653.217,51
42.562,923464.215,50
39.489,856795.462,88
45.534,987957.738,24
37.218,807521.859,129
39.64,860075.545,90
39.77,862897.413,80
41.645,903575.494,62
35.888,778654.354,159
40.177,871726.248,69
42.567,923584.535,41
40.115,870369.917,79
41.537,901230.21,69
35.796,776674.306,163
42.547,923151.049,31
44.415,963679.413,29
41.206,894053.25,67
40.647,881920.751,60
40.546,879721.315,56
39.808,863704.081,70
35.975,780558.68,155
41.898,909063.674,58
41.86,908226.274,38
37.272,808697.56,124
46.992,1019581.151,27
38.12,827097.296,115
40.152,871173.982,60
47.5,1030610.88,17
29.588,641979.26,485
33.458,725944.996,242
40.915,887728.532,75
39.115,848681.511,100
39.5,857026.46,81
39.443,855784.466,88
40.262,873570.895,74
40.344,875336.575,74
41.568,901904.329,56
40.734,883814.575,57
48.611,1054717.242,19
40.274,873814.6,72
38.096,826561.189,98
38.617,837872.979,101
42.328,918380.172,51
42.68,926038.126,45
42.256,916835.391,41
37.5,813632.689,126
39.996,867789.785,73
40.366,875814.587,76
32.823,712170.261,283
42.411,920191.909,53
37.603,815873.094,123
42.77,927989.462,56
39.24,851395.356,101
34.537,749339.677,187
41.576,902077.493,49
40.536,879516.718,79
36.006,781228.456,161
42.415,920286.993,52
41.1,891756.971,59
37.385,811147.035,136
36.733,796993.281,143
41.988,911006.059,59
39.208,850698.612,85
42.949,931864.629,51
29.957,649976.067,476
44.844,972977.087,35
39.678,860902.949,78
40.204,872311.448,78
37.206,807257.407,159
38.164,828051.672,99
40.615,881222.2,62
42.55,923209.814,42
45.767,992997.684,34
49.248,1068543.001,15
47.188,1023827.925,24
41.283,895719.613,66
36.66,795407.951,150
45.116,978888.939,36
29.534,640804.999,473
36.142,784178.44,151
39.349,853764.97,92
35.972,780474.174,163
39.521,857485.569,82
37.86,821449.524,126
38.711,839902.956,102
32.911,714074.854,316
39.414,855172.611,74
37.447,812480.747,114
30.107,653240.099,431
47.131,1022603.179,27
41.444,899211.299,67
39.764,862765.863,99
31.433,682010.94,364
40.077,869542.895,85
37.352,810428.12,120
40.08,869606.989,78
40.645,881882.584,73
42.19,915396.001,48
36.638,794928.172,154
37.593,815646.916,112
43.609,946187.366,40
37.887,822034.049,105
37.137,805761.612,130
39.712,861620.942,82
41.178,893447.116,70
33.906,735664.518,254
41.328,896695.646,61
34.713,753157.374,191
44.558,966779.074,39
44.361,962505.034,46
44.826,972578.991,34
40.825,885776.144,56
40.363,875762.884,75
35.051,760503.837,175
39.333,853406.454,97
53.136,1152882.463,14
40.913,887693.487,68
33.142,719085.023,250
40.013,868166.712,73
38.876,843503.296,78
39.832,864231.205,88
38.673,839097.883,75
24.52,532012.483,910
26.458,574064.062,735
41.406,898376.538,58
41.908,909269.367,60
44.755,971053.951,30
31.765,689214.001,341
40.292,874211.073,64
42.98,932531.49,35
37.126,805528.691,145
38.151,827772.25,114
37.681,817560.8,139
38.32,831427.44,109
40.414,876861.556,68
37.719,818381.998,112
38.102,826690.154,111
29.616,642588.233,489
40.193,872068.739,87
37.047,803811.715,112
43.343,940421.219,47
44.804,972107.066,46
43.642,946894.153,31
36.343,788534.257,156
41.719,905187.62,48
48.337,1048760.057,17
37.281,808888.192,128
43.913,952778.547,52
40.472,878119.499,63
38.113,826947.775,112
34.075,739326.653,206
46.81,1015634.543,31
37.815,820470.584,116
39.383,854492.39,101
44.474,964959.985,41
39.528,857631.028,88
35.718,774967.403,190
46.078,999743.983,28
36.916,800968.298,151
47.915,1039607.156,13
36.236,786214.758,173
29.826,647140.677,470
41.31,896313.34,57
53.017,1150319.047,8
40.492,878544.235,72
38.768,841148.583,82
43.184,936962.741,49
38.394,833038.257,107
40.671,882436.692,61
45.203,980762.55,24
50.337,1092159.385,10
40.282,873996.011,77
46.632,1011783.886,34
39.02,846621.477,76
46.071,999594.737,22
41.887,908829.997,50
42.652,925428.564,58
43.088,934875.565,43
36.8,798453.502,142
36.642,795018.483,146
28.631,621208.66,535
33.939,736381.105,216
44.714,970162.999,38
45.069,977863.823,27
37.473,813047.263,121
34.293,744063.086,234
36.207,785572.736,158
43.799,950310.663,39
47.756,1036164.154,21
38.878,843530.558,83
43.013,933248.524,45
44.647,968710.837,35
44.056,955882.891,41
37.667,817270.045,115
46.259,1003687.277,31
45.695,991434.177,29
48.235,1046553.82,20
38.168,828138.083,94
40.172,871614.073,72
36.383,789404.463,161
40.811,885485.852,82
42.817,928990.536,57
47.75,1036036.371,17
58.314,1265243.727,3
33.805,733474.086,262
37.373,810881.075,108
39.504,857116.035,91
35.307,766048.07,172
39.477,856524.598,69
36.225,785982.174,158
46.485,1008583.5,21
41.052,890695.772,56
34.535,749315.142,206
43.896,952415.425,41
36.438,790594.579,140
46.086,999924.012,16
38.865,843263.288,105
47.279,1025813.803,22
52.107,1130567.215,8
39.549,858092.901,80
38.392,832986.273,116
40.282,874004.666,66
38.051,825583.246,100
36.597,794054.56,135
45.354,984037.639,33
41.24,894790.708,61
41.121,892193.385,62
42.297,917717.387,45
39.287,852414.455,94
27.785,602852.557,603
41.064,890969.012,52
36.017,781462.531,156
43.951,953596.007,44
42.29,917557.167,41
36.461,791095.255,119
27.083,587611.375,674
33.352,723635.848,268
39.052,847314.997,106
47.092,1021748.164,21
37.587,815532.492,129
48.342,1048869.565,16
46.746,1014255.623,27
47.661,1034108.925,27
29.104,631464.186,500
32.815,711987.108,309
47.507,1030756.882,18
36.279,787137.69,143
44.883,973832.945,34
39.507,857193.942,77
37.995,824386.929,93
41.638,903427.182,46
44.25,960089.562,36
37.853,821289.619,105
38.258,830089.445,86
52.928,1148374.937,2
50.203,1089252.706,11
44.427,963928.389,35
40.723,883563.525,75
41.155,892938.968,54
42.154,914604.602,41
28.713,622985.356,535
33.16,719469.136,272
44.104,956928.379,33
42.472,921509.906,43
35.5,770251.147,164
36.591,793916.091,139
32.249,699707.225,336
41.88,908670.152,57
35.845,777728.069,156
39.139,849204.819,81
44.772,971416.037,30
40.562,880069.87,69
34.043,738626.714,216
37.745,818949.007,104
40.96,888704.423,63
47.538,1031442.707,31
37.217,807494.821,130
42.127,914035.474,43
45.404,985133.381,25
31.577,685124.056,331
37.615,816127.83,116
42.337,918589.539,47
44.37,962699.275,41
39.89,865500.059,84
39.366,854113.828,91
23.971,520103.279,928
32.625,707859.992,290
40.537,879534.694,85
29.621,642691.97,501
39.589,858968.717,89
32.873,713235.341,261
37.203,807197.587,129
34.35,745288.068,229
41.547,901450.832,63
44.624,968198.306,36
44.584,967342.284,27
39.992,867703.869,60
37.994,824352.683,106
33.215,720658.233,259
38.842,842748.113,94
43.861,951654.992,48
41.002,889618.262,63
39.331,853357.774,81
43.452,942776.792,49
30.718,666493.059,413
35.373,767487.412,172
37.921,822763.284,127
44.554,966679.298,35
41.97,910613.821,58
45.427,985624.114,23
41.599,902564.186,46
27.901,605375.314,648
33.093,718017.645,276
35.509,770445.008,170
41.232,894601.016,60
34.491,748342.843,209
38.565,836738.412,96
38.44,834026.437,100
35.239,764584.817,161
37.532,814325.682,133
41.186,893608.34,60
40.381,876145.329,64
40.334,875132.006,77
44.46,964646.83,41
36.923,801116.056,108
45.027,976959.741,29
47.737,1035740.33,18
37.633,816528.321,124
44.579,967222.153,37
46.395,1006635.902,26
39.918,866105.664,77
47.327,1026852.259,15
44.394,963206.675,34
33.356,723720.23,227
39.622,859671.687,93
35.9,778919.582,160
38.864,843242.012,97
46.644,1012045.174,23
43.375,941096.863,47
37.78,819705.492,102
35.257,764969.342,178
29.758,645669.953,509
46.763,1014623.012,35
24.849,539151.081,887
43.916,952837.619,39
28.557,619592.877,546
35.124,762089.379,188
39.269,852024.1,96
42.896,930716.265,38
36.496,791854.295,160
25.359,550217.477,806
42.586,923988.212,40
39.763,862747.573,64
39.119,848758.77,84
33.897,735462.938,234
47.414,1028749.374,21
39.581,858783.366,83
46.668,1012563.614,31
40.616,881236.61,71
48.839,1059649.255,14
34.685,752557.601,165
41.028,890189.654,60
37.235,807884.645,112
50.036,1085639.442,9
39.974,867322.655,77
41.969,910593.6,47
46.019,998477.731,20
42.586,923991.884,47
42.335,918541.294,44
39.005,846293.451,102
42.345,918763.345,63
45.11,978745.654,26
34.008,737868.356,231
44.03,955308.419,39
35.289,765663.819,172
35.42,768499.949,179
38.951,845114.607,90
43.608,946164.035,33
43.214,937604.678,30
30.549,662822.039,420
29.246,634539.676,504
38.884,843673.264,69
40.674,882495.024,68
29.943,649669.75,494
42.951,931916.304,60
38.685,839348.623,106
46.343,1005510.589,26
39.607,859359.947,90
31.51,683679.278,367
41.021,890043.282,64
45.046,977352.462,36
40.652,882033.624,72
36.944,801579.016,125
37.829,820765.041,110
39.655,860393.922,79
46.645,1012061.111,25
37.832,820834.9,111
41.437,899064.745,59
41.338,896905.767,60
42.873,930225.411,39
45.292,982697.057,32
40.657,882134.8,79
40.454,877725.762,73
35.639,773249.687,177
49.685,1078019.996,9
34.512,748810.222,206
37.686,817668.298,114
41.518,900814.095,78
33.991,737498.698,230
42.745,927433.171,40
38.237,829617.698,105
41.894,908973.214,62
48.288,1047713.339,24
45.333,983590.782,28
36.56,793251.208,141
40.143,870979.223,69
46.495,1008800.945,16
33.244,721295.189,284
32.769,710985.324,300
38.791,841638.913,79
35.958,780175.954,147
47.572,1032169.914,22
46.648,1012124.235,30
43.764,949540.141,47
42.13,914092.317,37
40.48,878302.001,65
33.759,732479.135,228
42.463,921317.79,50
39.351,853801.785,76
41.266,895340.957,68
34.233,742748.318,206
53.254,1155447.497,6
43.31,939694.505,39
41.345,897070.981,55
34.744,753835.29,209
39.387,854570.898,68
34.306,744327.844,214
43.77,949673.98,38
43.261,938624.911,46
41.411,898486.172,57
41.567,901873.449,56
37.011,803022.309,147
40.699,883056.358,85
39.602,859243.934,89
35.897,778867.809,167
43.58,945553.57,41
43.794,950198.881,38
44.099,956822.54,45
40.559,880016.765,59
27.75,602089.363,642
30.735,666864.758,413
43.999,954646.047,43
40.25,873296.041,85
43.713,948444.023,38
45.433,985759.182,23
39.956,866932.319,80
42.443,920882.379,47
36.77,797807.445,146
48.282,1047565.227,17
40.956,888627.254,51
34.788,754796.635,189
32.906,713955.81,282
45.678,991075.597,27
42.314,918087.648,53
34.987,759122.423,186
41.397,898182.652,60
39.001,846207.856,108
44.793,971881.502,38
39.788,863289.809,86
37.404,811544.108,104
36.615,794437.206,161
34.285,743873.027,254
41.447,899277.829,59
40.138,870864.364,81
38.48,834900.55,115
48.606,1054593.717,13
40.846,886225.43,65
36.817,798821.677,138
43.174,936735.874,38
38.354,832170.938,96
39.762,862712.547,73
41.61,902816.331,66
41.725,905312.873,54
30.03,651567.525,456
34.878,756744.931,204
47.374,1027864.15,26
40.145,871026.05,79
34.625,751252.223,204
41.093,891600.597,62
38.049,825544.558,124
39.143,849290.614,71
44.899,974175.203,37
43.623,946492.908,35
44.89,973985.429,28
41.064,890956.519,51
48.549,1053367.846,21
40.38,876134.783,70
36.514,792253.113,137
52.138,1131234.384,10
43.018,933362.336,55
43.406,941779.639,49
40.254,873391.023,76
47.942,1040207.044,18
37.875,821769.358,122
37.371,810846.57,122
36.952,801745.152,132
43.583,945624.114,43
50.611,1098099.513,12
33.806,733493.131,258
41.76,906072.298,52
44.214,959308.341,35
38.886,843708.675,105
41.52,900858.37,55
46.626,1011641.218,18
38.672,839066.072,100
40.492,878544.281,79
40.563,880094.267,68
29.683,644024.33,483
27.981,607096.77,588
40.798,885198.127,64
42.806,928758.191,54
40.37,875909.68,80
37.117,805337.874,131
36.088,782999.562,141
38.627,838089.264,96
30.371,658963.487,417
42.557,923350.445,49
40.285,874056.221,68
35.851,777860.147,167
43.115,935466.469,56
31.109,674969.433,380
43.045,933947.276,46
33.247,721354.165,283
41.092,891582.261,59
33.119,718574.756,254
37.99,824258.413,125
31.622,686109.285,333
39.564,858413.792,88
46.772,1014815.095,29
39.148,849400.228,86
37.347,810324.695,117
32.805,711761.577,268
35.022,759877.552,215
46.226,1002960.467,33
45.685,991220.854,19
36.61,794320.943,135
35.064,760781.628,157
43.976,954152.936,39
37.871,821690.384,113
35.901,778936.303,151
44.846,973029.889,28
41.8,906944.249,68
39.002,846229.603,87
32.492,704987.114,307
28.498,618319.415,565
42.465,921367.428,51
41.803,907008.423,40
38.711,839905.788,89
34.263,743405.838,221
30.588,663661.6,414
40.384,876202.004,69
40.947,888420.202,58
38.978,845707.786,101
49.287,1069378.519,19
39.758,862638.868,87
43.106,935260.571,56
30.653,665087.715,418
44.457,964582.859,26
42.908,930985.034,52
45.787,993443.035,31
40.417,876923.469,65
47.809,1037318.388,19
45.716,991894.379,39
35.076,761044.189,173
48.404,1050232.16,22
32.601,707337.18,292
44.298,961138.282,38
42.898,930767.906,49
46.214,1002703.749,22
36.783,798090.003,124
44.526,966083.923,36
47.192,1023929.441,16
36.989,802556.992,138
44.385,963027.156,37
34.729,753523.56,181
43.352,940609.047,42
30.66,665235.884,406
40.361,875704.339,89
43.803,950403.998,36
35.392,767902.17,155
30.638,664746.196,425
46.408,1006924.723,23
44.885,973880.024,44
36.18,784998.812,143
33.161,719484.297,307
32.559,706423.006,293
44.413,963636.585,25
42.037,912084.107,56
40.693,882916.883,64
40.04,868744.69,84
42.928,931415.969,54
45.522,987698.156,44
44.323,961673.196,31
36.9,800620.85,123
38.803,841900.102,100
35.519,770647.644,181
40.505,878845.956,60
38.63,838154.54,106
37.598,815760.64,123
37.943,823252.108,117
43.289,939238.646,43
46.546,1009912.846,26
42.956,932006.421,54
43.099,935122.369,42
34.382,745988.862,211
40.148,871100.923,63
23.675,513668.4,969
46.967,1019037.693,17
41.533,901147.388,70
46.819,1015841.262,21
34.517,748920.825,214
31.932,692837.239,338
39.189,850289.44,75
33.746,732188.536,247
45.911,996135.007,24
34.612,750968.241,188
32.934,714571.05,298
40.23,872879.322,67
40.479,878277.258,62
44.242,959923.229,37
44.784,971681.144,30
32.865,713063.63,268
46.739,1014101.64,17
46.217,1002776.151,20
44.543,966450.764,42
36.928,801230.43,127
30.17,654608.569,459
39.587,858908.657,83
31.518,683848.791,342
43.309,939673.139,37
33.461,726003.42,263
44.534,966256.215,35
43.048,934007.875,50
43.324,939993.134,45
38.881,843604.448,97
41.895,909000.623,52
50.55,1096778.134,12
45.49,987004.088,26
41.296,896005.2,64
42.572,923684.276,41
38.331,831658.821,105
44.341,962064.213,40
39.205,850634.325,95
36.061,782413.15,156
35.605,772526.581,174
35.847,777766.477,175
35.973,780505.356,142
37.75,819064.57,109
33.461,726008.227,240
49.989,1084600.663,18
43.892,952333.983,30
36.667,795565.007,143
42.983,932597.732,34
47.802,1037160.629,26
32.895,713714.066,287
38.112,826906.615,107
43.354,940651.919,37
26.168,567771.494,753
39.64,860059.144,73
44.632,968377.756,37
44.56,966821.247,34
38.088,826398.345,111
34.833,755779.125,189
33.108,718343.148,275
37.231,807795.568,142
38.035,825241.048,120
42.639,925136.864,65
30.04,651778.115,461
41.736,905553.96,49
35.662,773755.807,151
32.928,714447.807,266
50.475,1095166.091,17
39.445,855837.985,86
45.061,977682.487,37
42.831,929313.633,57
30.952,671568.784,398
45.911,996139.521,23
28.396,616106.698,575
43.209,937495.467,32
46.285,1004247.36,20
37.829,820769.895,111
51.801,1123933.522,12
41.257,895142.866,56
49.708,1078506.04,17
39.623,859705.823,92
33.95,736610.493,226
42.384,919600.031,48
41.217,894275.672,53
48.129,1044255.655,18
39.832,864242.997,74
41.159,893036.536,68
42.532,922810.771,56
43.996,954589.198,27
39.178,850035.87,76
47.846,1038123.465,17
41.535,901192.791,47
39.626,859774.473,76
36.638,794931.106,149
52.869,1147101.965,7
46.511,1009146.616,15
42.362,919138.735,46
38.97,845540.447,99
41.783,906570.793,58
37.997,824412.394,93
35.278,765432.716,174
34.148,740903.698,214
38.597,837447.985,89
43.036,933751.941,51
50.693,1099881.958,15
40.808,885416.116,71
42.516,922472.696,39
30.78,667835.19,387
34.246,743027.019,215
36.859,799736.378,121
39.733,862076.211,82
30.286,657106.889,440
51.513,1117679.11,7
41.457,899489.577,64
44.452,964466.62,39
40.93,888048.934,63
39.04,847044.167,83
35.687,774305.664,169
37.843,821076.14,102
36.328,788213.621,151
43.94,953375.922,41
44.949,975263.096,25
45.195,980601.431,36
36.282,787203.209,131
32.333,701525.956,304
41.755,905961.967,47
44.698,969820.487,37
45.972,997446.352,22
42.734,927191.031,47
29.965,650157.096,488
36.746,797275.47,121
36.245,786414.317,153
29.89,648518.443,505
34.218,742430.121,243
38.821,842297.37,91
43.205,937408.539,50
37.585,815473.455,110
41.119,892168.238,52
30.675,665562.86,392
46.577,1010580.701,26
37.366,810723.461,126
45.147,979553.883,31
42.704,926559.469,49
35.938,779753.652,175
42.955,932003.812,49
36.277,787091.714,168
38.769,841179.876,90
40.397,876487.399,72
35.818,777134.665,163
39.84,864410.052,84
40.089,869804.26,97
37.997,824414.201,111
46.573,1010499.258,24
41.099,891715.371,63
42.038,912096.102,62
38.102,826692.909,118
42.605,924399.546,41
42.138,914265.638,55
39.199,850493.851,84
38.974,845610.126,76
39.192,850347.05,112
42.353,918937.172,50
36.524,792463.808,148
45.691,991359.415,41
43.301,939494.601,49
28.557,619610.781,569
53.865,1168707.27,3
50.21,1089414.526,11
35.012,759647.328,176
41.269,895406.763,50
37.228,807735.924,130
40.471,878100.347,65
34.876,756709.726,222
40.622,881383.916,72
37.08,804530.646,128
38.568,836804.714,89
39.608,859376.885,86
42.58,923862.535,50
43.175,936757.134,49
30.022,651385.242,458
39.764,862760.787,90
35.711,774829.379,163
44.211,959255.955,35
39.421,855323.302,80
44.832,972724.953,40
29.154,632563.047,524
34.114,740162.903,220
37.994,824360.545,121
39.408,855030.622,87
38.399,833144.353,100
35.229,764354.081,178
41.141,892636.706,68
45.253,981852.191,42
35.354,767082.038,202
39.426,855418.427,75
39.762,862712.428,71
37.578,815324.421,120
37.122,805446.844,127
44.518,965904.151,35
33.784,733019.665,245
49.616,1076515.431,18
37.026,803347.661,130
46.994,1019618.836,28
33.646,730014.809,241
37.502,813682.644,104
46.407,1006899.791,33
39.561,858350.468,66
34.318,744607.323,228
50.658,1099121.257,15
42.187,915329.834,56
33.928,736136.632,224
32.604,707406.463,288
40.587,880625.231,75
39.245,851507.907,89
39.503,857092.075,79
34.265,743455.376,238
40.125,870595.593,72
50.925,1104917.91,16
40.143,870982.831,83
47.699,1034930.005,33
43.801,950354.296,40
39.218,850907.844,98
47.905,1039393.949,19
40.243,873151.649,89
42.601,924312.294,59
50.059,1086127.664,13
39.84,864411.061,72
37.398,811433.562,130
44.763,971218.007,31
46.224,1002922.98,30
39.862,864877.075,73
40.396,876470.8,77
45.567,988671.612,32
33.441,725564.739,307
43.96,953799.635,33
42.03,911930.29,60
40.188,871954.796,74
26.338,571457.007,720
34.18,741600.815,212
34.647,751744.47,212
48.827,1059388.611,22
41.329,896707.196,76
35.957,780165.762,138
47.37,1027791.049,17
36.097,783190.64,165
42.92,931229.724,51
37.077,804457.745,141
37.426,812031.032,125
46.664,1012470.61,22
40.662,882251.55,64
29.104,631471.209,519
36.988,802524.142,135
43.064,934354.001,57
39.237,851330.288,94
43.032,933654.787,46
42.959,932073.936,41
39.535,857798.541,92
33.935,736280.368,233
30.509,661960.938,385
33.323,723017.687,283
44.709,970055.756,22
40.612,881154.105,70
34.893,757078.315,186
43.105,935244.812,37
36.959,801898.176,127
38.082,826271.738,112
37.723,818469.45,104
41.392,898092.302,68
49.008,1063317.697,23
41.866,908370.943,47
47.153,1023077.46,27
40.835,886001.544,64
38.642,838425.865,90
39.342,853602.955,85
43.612,946249.247,36
48.447,1051144.865,20
41.599,902580.734,66
38.378,832680.274,113
44.24,959875.084,36
37.127,805552.565,125
38.795,841743.344,85
38.862,843184.349,101
43.535,944568.674,39
46.934,1018325.06,31
34.744,753834.054,195
35.203,763791.247,191
44.158,958105.834,33
32.539,706006.715,281
45.093,978383.449,24
38.583,837128.206,119
40.905,887516.416,64
37.902,822350.842,88
44.965,975602.619,37
31.226,677506.785,400
47.314,1026561.975,19
42.571,923656.802,48
38.107,826805.505,118
38.908,844192.981,97
38.422,833648.567,113
44.487,965231.981,39
36.779,797994.695,132
44.653,968833.973,36
30.729,666737.402,392
44.027,955248.071,32
51.124,1109234.833,12
37.67,817329.392,116
31.007,672761.402,362
44.194,958886.933,40
40.866,886672.168,63
47.573,1032182.719,18
40.093,869888.483,89
34.94,758103.468,206
36.796,798357.71,150
37.026,803361.648,134
38.924,844543.846,92
39.541,857917.42,88
38.383,832795.999,119
34.202,742070.036,221
37.695,817874.853,116
40.693,882923.824,59
36.37,789119.865,131
28.101,609716.003,608
39.979,867430.363,84
47.161,1023256.24,18
43.131,935812.313,50
43.211,937547.836,46
41.384,897904.117,64
36.315,787924.692,154
39.487,856742.241,72
38.391,832967.388,106
37.856,821365.855,128
28.007,607668.123,602
25.553,554422.927,836
34.193,741877.844,239
38.185,828498.72,110
38.165,828061.104,120
41.914,909404.744,51
44.472,964898.497,36
32.075,695928.33,329
39.185,850206.956,99
37.922,822787.853,115
34.141,740756.467,223
44.213,959297.286,40
44.967,975641.814,37
42.867,930082.132,39
37.845,821126.887,98
39.206,850649.775,85
41.57,901938.139,55
35.484,769896.537,172
41.899,909074.845,56
40.674,882493.495,56
42.747,927478.73,59
39.648,860244.731,74
35.636,773205.053,151
44.06,955960.011,38
42.081,913021.97,52
40.418,876947.389,66
43.283,939105.832,34
40.174,871655.108,75
35.41,768286.745,188
31.151,675879.389,360
39.744,862331.707,89
36.984,802449.4,140
39.495,856928.112,77
44.671,969221.191,32
35.797,776690.699,175
38.879,843564.482,83
35.611,772643.834,196
41.668,904065.267,57
36.853,799602.757,137
44.185,958689.676,41
35.767,776044.728,168
41.266,895353.994,62
40.201,872240.561,81
42.922,931285.492,46
43.908,952678.124,29
44.004,954746.969,36
38.724,840187.663,104
38.433,833878.562,96
38.193,828677.009,101
31.488,683186.026,341
35.84,777629.764,171
39.946,866708.665,72
38.027,825073.752,109
48.53,1052952.904,14
33.474,726284.086,255
40.633,881615.751,67
40.444,877514.795,77
41.389,898013.068,67
41.093,891587.109,69
39.783,863161.849,77
29.102,631426.316,512
41.724,905277.534,56
40.602,880934.04,65
42.185,915283.694,35
46.405,1006849.278,27
45.219,981112.544,30
34.905,757341.839,187
37.193,806976.629,125
41.076,891223.447,61
42.042,912183.108,50
45.116,978882.523,26
33.22,720773.399,252
37.168,806427.165,128
42.523,922615.456,43
34.166,741298.839,237
39.513,857316.864,77
37.244,808083.433,137
42.828,929244.583,35
38.468,834633.756,98
32.307,700954.626,307
40.806,885365.861,71
42.225,916165.764,60
46.696,1013170.979,24
44.804,972118.046,38
43.181,936902.942,38
38.503,835395.158,91
30.23,655904.631,441
43.427,942231.454,41
37.4,811458.166,109
33.963,736897.982,229
41.414,898550.251,53
37.1,804963.464,125
29.289,635489.716,519
34.484,748209.807,192
35.86,778050.789,153
41.945,910075.974,68
33.271,721886.596,257
43.888,952238.243,24
45.216,981049.302,25
45.82,994155.391,22
42.794,928502.341,38
42.516,922467.298,47
34.111,740099.969,233
34.383,746009.023,216
39.253,851674.735,77
40.624,881420.553,70
41.706,904898.024,62
41.883,908731.715,60
47.881,1038865.608,26
37.658,817074.909,116
46.917,1017954.769,28
41.531,901101.734,59
52.106,1130535.747,11
46.364,1005969.68,20
33.71,731406.456,221
43.201,937326.612,34
42.803,928688.562,45
40.247,873245.49,69
43.734,948895.005,37
36.434,790503.629,136
44.86,973334.089,31
46.424,1007270.766,23
38.249,829890.725,116
38.73,840316.979,82
30.825,668801.589,410
45.224,981223.393,33
43.342,940384.882,53
31.334,679861.32,375
43.608,946153.924,50
28.248,612905.158,584
38.858,843093.053,78
46.386,1006431.041,22
41.917,909464.386,64
55.367,1201290.741,9
41.499,900399.28,50
42.529,922759.555,54
33.625,729554.714,259
43.63,946634.526,44
41.728,905376.797,60
41.746,905772.354,52
41.589,902362.368,65
41.586,902300.809,59
33.314,722824.144,246
37.147,805989.252,127
42.819,929045.892,51
45.3,982883.416,40
37.448,812514.845,124
46.469,1008244.596,30
44.48,965088.712,35
52.906,1147897.469,9
33.113,718443.947,253
33.085,717853.56,287
37.334,810026.853,117
42.337,918576.619,52
44.222,959478.737,37
41.442,899166.907,61
35.076,761035.717,174
34.893,757067.698,175
38.158,827919.058,124
33.498,726805.093,267
26.442,573705.757,740
40.873,886828.165,77
43.773,949747.788,38
36.521,792404.286,137
39.082,847972.737,93
37.772,819544.294,102
41.689,904530.905,51
40.091,869849.618,73
50.71,1100249.822,14
42.17,914968.125,46
45.69,991336.953,22
42.068,912753.088,46
45.208,980874.509,28
34.559,749835.84,218
40.479,878281.619,65
45.483,986836.623,24
31.961,693468.288,327
40.455,877743.084,66
43.54,944695.292,48
32.958,715093.759,265
43.131,935821.658,39
29.338,636554.041,467
45.73,992198.362,21
36.49,791726.963,128
38.677,839176.865,113
31.274,678554.287,351
35.814,777053.2,147
47.649,1033843.942,24
42.391,919759.206,48
36.266,786860.815,140
42.94,931670.906,45
31.864,691355.608,343
53.405,1158725.985,3
37.531,814309.465,145
35.918,779309.461,176
38.368,832472.112,92
44.693,969704.363,37
42.579,923845.217,55
41.642,903502.407,50
47.655,1033966.344,19
40.201,872241.949,87
39.306,852828.123,79
43.636,946762.029,37
41.404,898351.916,76
37.893,822166.865,115
32.877,713338.154,291
35.786,776443.158,170
38.047,825502.674,116
39.681,860965.132,86
47.46,1029748.759,24
37.532,814339.028,126
41.163,893105.537,64
45.934,996624.268,31
35.811,776999.99,139
34.438,747205.102,208
38.765,841087.289,105
35.603,772477.691,169
32.32,701250.557,278
31.442,682203.793,368
44.217,959380.641,42
32.651,708438.835,308
37.571,815175.194,150
39.794,863415.563,80
36.98,802361.119,139
31.912,692395.319,335
46.101,1000263.319,24
30.013,651199.099,446
44.029,955293.1,49
35.977,780589.053,155
39.521,857478.12,93
38.85,842923.651,96
39.242,851437.961,69
34.335,744967.16,211
42.8,928621.877,53
43.341,940362.061,50
45.537,988010.487,33
33.187,720061.771,265
45.005,976483.067,44
44.161,958159.096,43
46.329,1005192.527,29
40.486,878418.594,64
40.218,872606.679,74
44.823,972513.989,22
32.319,701226.922,318
36.374,789201.628,137
40.572,880299.112,68
30.233,655966.305,430
47.124,1022459.317,33
43.868,951800.637,45
48.592,1054294.547,16
35.103,761640.278,188
47.162,1023277.995,22
40.493,878583.189,77
41.662,903930.869,44
46.913,1017873.481,16
47.876,1038767.365,11
45.542,988131.562,22
42.239,916465.901,49
40.265,873621.874,72
38.005,824602.385,114
51.565,1118812.404,18
50.384,1093179.746,9
31.466,682717.206,367
30.085,652756.332,451
27.668,600320.617,644
36.208,785610.333,148
32.346,701807.301,287
38.201,828856.902,113
40.201,872230.938,84
33.356,723718.077,243
39.428,855460.686,79
31.789,689729.955,340
38.706,839813.547,96
33.235,721106.597,276
52.602,1141307.117,6
34.197,741977.616,221
33.538,727665.4,258
37.178,806650.721,148
36.496,791860.047,161
38.144,827605.943,103
39.101,848370.603,94
44.991,976162.941,30
39.759,862642.76,88
43.538,944650.908,47
31.479,683003.766,358
42.229,916239.262,62
36.513,792219.966,138
33.729,731827.86,269
50.03,1085502.209,13
35.524,770758.481,162
35.786,776449.545,182
38.311,831240.919,109
38.652,838635.568,92
40.151,871167.04,84
36.908,800795.253,134
39.141,849251.101,96
44.476,965003.681,22
45.192,980523.351,35
34.79,754831.966,216
44.559,966791.855,31
37.122,805433.82,126
43.213,937592.856,47
34.506,748673.591,209
29.066,630637.736,547
46.681,1012846.694,20
38.482,834938.19,88
36.65,795186.831,138
36.355,788788.977,132
39.482,856645.354,68
34.336,744978.781,205
41.282,895692.753,67
36.224,785950.934,161
41.54,901283.625,69
48.041,1042337.606,18
34.581,750301.372,200
41.121,892212.355,72
36.441,790651.322,171
48.245,1046780.854,15
41.809,907130.705,65
48.83,1059465.507,19
40.235,872976.738,55
42.671,925828.548,43
45.059,977652.897,25
30.051,652013.668,479
40.539,879576.862,53
37.171,806502.83,132
47.103,1022000.471,18
34.712,753144.245,209
49.49,1073791.73,18
32.206,698781.989,356
37.039,803644.199,128
44.084,956480.079,37
27.35,593421.721,646
43.557,945053.196,43
37.374,810893.426,137
33.106,718308.527,279
54.093,1173657.564,6
46.576,1010556.341,24
36.306,787723.937,160
33.737,731982.859,244
38.303,831061.891,102
41.519,900828.821,54
41.399,898237.031,56
47.222,1024569.552,26
41.446,899263.868,69
34.862,756405.569,204
43.3,939469.918,39
35.116,761919.238,202
39.29,852479.871,77
41.189,893680.589,52
41.727,905340.098,54
40.836,886017.263,71
33.723,731696.681,236
44.823,972531.319,36
32.235,699410.048,328
32.841,712554.1,263
39.919,866117.634,82
41.028,890182.552,49
51.127,1109310.444,10
37.862,821483.371,101
35.909,779123.646,174
33.002,716050.17,269
37.078,804482.199,119
44.897,974133.064,30
32.511,705383.945,285
34.911,757463.418,235
31.874,691569.353,319
41.892,908926.428,43
44.198,958970.227,31
42.948,931848.241,45
37.46,812774.609,120
31.951,693232.928,315
33.764,732576.082,235
43.916,952844.785,47
46.146,1001234.772,30
41.756,905970.318,48
33.626,729579.693,215
43.512,944080.676,41
41.126,892305.849,81
32.99,715774.294,258
34.855,756255.995,210
44.446,964343.131,43
37.688,817711.564,112
45.732,992237.289,24
34.513,748836.515,210
32.343,701738.077,285
39.095,848236.96,74
44.071,956202.493,42
34.994,759266.357,190
49.361,1070977.548,20
29.68,643967.279,487
33.621,729471.24,231
40.498,878689.718,71
42.919,931221.916,52
37.836,820919.317,110
42.586,923990.197,43
40.085,869720.665,73
37.524,814152.952,108
41.211,894154.896,66
36.779,798000.435,136
42.688,926197.069,52
37.958,823566.377,107
42.092,913276.371,42
42.14,914320.436,63
25.876,561423.923,754
41.381,897851.153,55
32.083,696106.605,330
45.199,980677.036,27
44.558,966773.353,43
40.148,871099.138,65
42.801,928646.795,32
41.55,901507.591,42
39.303,852750.98,95
44.0,954657.527,43
38.81,842062.125,101
32.803,711718.439,273
43.279,939019.446,45
35.733,775303.65,152
36.554,793107.813,153
45.186,980404.554,38
47.817,1037481.847,15
42.154,914611.782,38
36.321,788056.386,139
28.127,610281.918,566
42.949,931864.014,42
38.993,846038.947,92
38.546,836329.71,97
45.521,987673.743,32
40.191,872033.377,63
33.424,725207.305,246
44.698,969819.591,44
36.935,801376.57,122
42.46,921248.773,53
43.967,953959.607,30
43.462,943000.439,40
46.943,1018525.011,24
39.07,847711.396,88
41.162,893083.963,57
32.177,698149.655,294
44.468,964818.39,30
35.558,771505.919,156
39.986,867578.773,80
45.717,991928.614,27
43.754,949333.73,39
39.623,859698.434,64
37.523,814137.114,142
40.934,888145.967,68
35.424,768603.564,176
38.184,828470.03,115
37.53,814287.84,122
42.33,918429.439,59
35.272,765300.09,168
38.91,844221.611,95
38.067,825941.841,99
39.747,862383.164,92
40.484,878372.108,66
34.239,742892.08,221
32.131,697138.313,338
39.624,859714.784,69
37.754,819141.932,118
36.084,782924.536,169
43.534,944558.818,40
37.183,806763.539,141
28.192,611678.16,563
37.348,810348.863,117
42.924,931314.527,49
44.162,958192.487,42
44.498,965467.104,37
42.831,929314.541,45
40.978,889092.131,63
41.322,896569.075,75
50.012,1085114.012,11
39.934,866452.759,81
38.055,825670.9,114
42.672,925849.295,44
47.316,1026616.015,22
48.498,1052266.845,14
35.929,779557.681,141
40.813,885525.338,68
36.881,800209.469,130
40.169,871546.628,81
44.505,965630.662,32
49.808,1080691.507,19
38.912,844280.136,86
34.814,755353.09,180
40.903,887462.685,62
37.944,823263.335,118
42.418,920354.097,48
36.98,802349.381,127
37.734,818724.331,107
40.201,872243.314,71
34.68,752454.486,204
43.886,952197.113,33
43.386,941342.867,43
41.873,908524.274,37
43.95,953573.666,47
36.245,786414.286,157
42.498,922069.191,50
37.162,806311.573,125
37.806,820284.133,119
42.047,912297.313,48
45.377,984544.316,31
41.025,890119.735,51
41.877,908610.858,61
38.944,844975.278,82
43.795,950226.353,32
49.676,1077818.713,13
37.014,803086.184,138
46.135,1000987.142,30
42.097,913369.478,60
40.873,886826.802,78
42.901,930826.858,33
31.613,685903.256,332
37.434,812208.785,121
38.942,844924.6,117
38.458,834426.658,96
33.586,728711.141,241
39.764,862769.559,101
42.09,913227.629,68
45.916,996239.569,25
34.879,756762.072,187
47.085,1021612.775,23
40.519,879147.723,72
40.342,875290.432,71
47.951,1040392.335,18
36.241,786325.988,166
31.947,693162.163,315
37.791,819957.418,98
37.201,807143.557,127
43.904,952593.914,46
45.468,986523.85,28
42.986,932657.354,44
40.635,881659.891,76
44.096,956746.009,41
37.745,818957.37,127
31.746,688803.774,371
36.003,781155.068,166
35.536,771020.564,187
38.231,829498.799,115
39.716,861716.535,74
39.719,861773.489,71
45.733,992262.944,30
37.791,819946.352,116
35.183,763371.801,172
41.174,893348.171,54
39.984,867525.259,67
37.479,813184.713,120
35.591,772209.171,159
42.066,912697.212,55
37.776,819624.834,125
34.081,739458.27,229
36.25,786519.01,123
34.291,744010.138,205
44.275,960627.754,33
41.805,907034.281,52
40.144,871006.091,69
40.122,870526.469,80
41.025,890110.518,66
44.055,955859.348,40
34.185,741703.704,218
44.698,969811.71,36
37.534,814375.068,108
31.643,686553.166,332
41.853,908088.866,55
36.405,789887.51,132
36.673,795704.533,136
43.139,935987.892,44
42.933,931506.913,41
36.217,785805.981,135
39.425,855410.121,95
49.464,1073224.601,15
32.517,705517.886,276
35.839,777589.759,163
46.615,1011397.41,22
40.822,885711.04,69
47.514,1030902.328,13
35.869,778240.658,171
35.648,773448.642,178
36.671,795658.981,124
36.258,786695.827,134
33.545,727823.696,268
42.643,925219.822,51
34.731,753565.121,198
39.539,857888.03,78
48.329,1048604.026,21
33.343,723446.896,265
39.016,846530.194,96
36.282,787206.446,150
43.181,936887.352,52
32.625,707867.084,299
35.953,780081.302,183
38.138,827485.592,121
36.979,802333.161,168
41.432,898944.904,58
31.196,676861.169,348
34.098,739820.328,245
39.014,846479.497,82
38.922,844480.512,98
37.688,817712.48,128
38.004,824571.604,112
36.71,796488.524,151
44.609,967879.023,41
37.961,823635.991,99
36.651,795207.623,146
39.426,855416.728,98
47.67,1034303.166,20
42.365,919191.251,53
42.553,923274.503,55
30.159,654353.043,407
39.726,861928.206,77
35.724,775097.686,164
48.89,1060772.21,19
37.374,810895.098,137
38.283,830636.337,122
36.513,792220.124,132
40.656,882117.268,62
37.467,812915.118,134
46.109,1000421.884,30
49.422,1072310.038,20
36.895,800513.932,130
40.748,884098.59,73
43.917,952858.323,51
35.307,766046.45,173
38.205,828929.674,89
33.728,731803.227,238
42.939,931656.764,37
35.008,759563.944,167
47.752,1036076.548,16
46.93,1018236.077,31
45.471,986573.554,32
46.617,1011447.915,27
43.796,950236.326,50
50.094,1086890.092,14
43.443,942588.946,44
39.366,854124.84,86
40.988,889322.164,64
41.017,889941.416,61
52.889,1147529.289,4
36.543,792864.871,144
39.408,855026.582,89
38.887,843728.997,83
34.115,740193.142,225
32.812,711924.233,275
35.77,776102.542,179
37.559,814924.937,114
42.192,915447.338,56
43.561,945138.508,42
39.608,859373.182,73
45.189,980475.328,27
36.876,800099.962,141
39.984,867541.48,72
40.839,886094.394,60
39.356,853915.209,78
32.876,713315.582,281
38.951,845120.917,95
33.995,737591.768,219
34.113,740147.785,255
36.45,790849.405,143
44.096,956761.69,39
36.516,792285.716,131
40.543,879668.174,69
37.97,823842.246,106
38.759,840957.449,93
37.199,807102.838,137
35.26,765037.352,179
32.81,711878.738,272
32.923,714329.192,278
40.834,885977.703,75
29.669,643721.092,498
42.639,925144.327,43
32.606,707442.408,305
40.519,879143.186,71
44.045,955640.524,46
40.98,889147.33,65
27.533,597377.691,635
41.811,907180.889,70
42.981,932565.357,46
40.837,886048.389,64
33.984,737341.168,236
33.495,726732.906,242
34.009,737887.299,203
38.995,846078.221,111
33.623,729523.787,263
46.504,1008992.886,22
35.487,769971.987,161
41.362,897421.191,50
44.168,958314.011,37
34.574,750147.321,195
37.219,807530.339,149
41.654,903771.032,45
40.697,883011.568,70
38.812,842113.075,79
37.126,805524.138,127
41.217,894284.276,70
47.451,1029541.225,29
41.953,910255.688,62
33.583,728657.692,250
36.625,794652.116,140
35.662,773768.704,196
41.024,890103.665,59
35.029,760015.186,191
33.727,731768.251,235
43.848,951379.157,41
41.299,896055.277,57
37.085,804635.931,124
41.389,898010.572,59
38.287,830721.249,106
39.544,857994.694,90
37.716,818324.336,113
37.152,806096.579,133
41.449,899325.245,66
38.629,838139.412,96
34.274,743633.565,238
40.624,881422.323,64
45.374,984471.521,30
38.003,824556.345,106
42.025,911817.48,54
37.519,814043.292,119
44.838,972843.255,31
41.646,903603.95,57
40.151,871153.942,79
33.435,725446.724,266
42.735,927221.947,36
40.164,871447.003,76
43.285,939158.684,45
42.549,923192.349,54
38.254,830001.186,107
36.073,782677.456,154
40.161,871383.271,76
43.108,935314.461,32
34.051,738803.142,240
35.635,773173.89,173
38.6,837510.191,112
34.847,756074.418,202
39.237,851315.096,93
44.82,972461.708,28
39.675,860834.597,84
36.227,786015.642,155
36.963,801989.897,135
38.18,828390.119,105
44.868,973510.18,27
39.55,858115.606,85
36.469,791267.161,122
36.958,801869.074,129
38.366,832430.924,94
37.146,805962.925,117
38.674,839103.37,90
44.588,967418.139,36
39.966,867132.622,83
41.935,909858.572,61
43.119,935547.038,37
47.546,1031597.654,17
37.146,805966.743,130
43.807,950486.6,32
37.229,807753.037,132
40.976,889058.524,68
47.732,1035632.936,26
34.996,759311.446,186
38.863,843213.553,91
43.581,945582.748,48
47.697,1034886.841,29
39.593,859055.413,86
33.264,721724.572,270
35.222,764210.275,174
39.308,852861.422,84
35.011,759637.429,174
36.131,783936.035,153
33.407,724831.891,264
43.04,933846.81,40
36.621,794575.446,144
37.141,805842.752,115
39.744,862324.576,76
44.965,975605.666,34
39.946,866708.823,71
37.983,824119.123,136
44.868,973499.135,41
38.439,834000.234,116
46.112,1000491.392,28
41.227,894492.59,50
33.759,732460.828,238
46.909,1017775.39,19
44.988,976098.634,32
42.106,913569.39,47
35.081,761163.265,189
39.123,848845.388,87
35.297,765836.27,169
35.732,775270.239,190
39.803,863600.898,68
38.898,843961.729,96
42.543,923047.417,51
46.806,1015559.185,18
38.728,840288.616,88
41.315,896417.256,71
38.387,832885.161,105
39.018,846581.001,92
41.951,910218.987,60
39.112,848611.315,69
39.258,851781.938,72
43.55,944911.261,42
40.41,876770.548,60
37.203,807186.838,132
37.265,808541.238,133
51.977,1127744.413,13
41.183,893543.756,58
30.117,653454.577,434
45.404,985133.196,31
31.528,684053.837,423
37.619,816215.439,135
42.118,913839.872,62
40.045,868861.488,66
42.675,925910.08,43
47.923,1039780.754,22
43.685,947833.996,35
46.678,1012773.977,20
42.029,911900.583,46
36.225,785974.789,152
44.863,973385.412,41
30.046,651905.02,464
44.941,975093.497,35
44.887,973919.452,40
38.438,833984.06,98
42.035,912028.627,49
47.564,1031985.684,25
42.164,914836.43,54
44.88,973753.185,28
46.239,1003252.865,30
41.991,911068.976,51
39.868,865022.648,95
31.765,689208.514,319
37.294,809162.244,120
37.776,819621.53,109
45.789,993487.78,31
38.936,844793.742,82
34.375,745834.207,206
41.433,898981.22,67
31.382,680885.749,353
44.902,974228.56,43
33.458,725942.424,252
46.905,1017694.806,30
35.683,774203.56,166
30.421,660042.338,421
49.218,1067891.428,11
42.1,913435.955,57
42.918,931201.016,45
43.414,941962.643,40
38.572,836905.899,111
40.055,869078.909,80
37.908,822499.805,101
37.415,811784.338,137
35.889,778683.718,153
36.504,792036.867,159
38.552,836466.932,97
31.452,682406.541,342
37.954,823477.513,102
53.946,1170456.047,5
43.33,940123.923,46
38.919,844417.759,87
37.46,812760.507,155
45.377,984539.685,37
44.714,970152.541,27
45.455,986237.281,30
44.05,955747.003,33
34.703,752961.628,209
32.384,702637.84,354
43.733,948865.331,40
40.658,882148.37,68
36.226,785986.361,137
36.39,789551.058,182
30.018,651302.167,452
44.146,957834.604,43
41.592,902419.194,56
52.089,1130172.567,21
40.78,884812.543,60
48.654,1055641.045,25
35.464,769469.095,172
35.471,769608.734,191
42.968,932285.997,44
37.17,806476.27,120
37.594,815679.577,118
43.379,941204.307,44
33.685,730873.165,224
50.454,1094708.795,15
38.275,830456.754,93
47.087,1021644.685,27
43.46,942962.437,35
39.653,860350.082,88
41.924,909633.895,56
40.004,867964.495,77
42.41,920163.842,46
50.091,1086822.894,11
40.09,869824.073,74
40.378,876073.537,92
45.519,987630.231,37
48.748,1057682.75,9
38.173,828243.588,109
43.005,933088.936,44
38.515,835652.187,106
45.633,990101.06,29
33.151,719267.326,267
45.268,982181.859,33
39.53,857680.62,86
28.324,614536.919,556
38.916,844354.622,86
36.948,801661.495,151
39.473,856448.303,73
40.145,871023.821,79
46.776,1014890.369,24
44.628,968297.951,35
31.85,691038.986,325
30.43,660239.495,446
38.538,836151.701,101
32.654,708494.904,311
41.734,905510.528,48
36.269,786923.88,155
45.63,990043.93,31
51.655,1120756.218,17
48.488,1052036.818,12
41.021,890035.199,64
38.982,845782.944,86
37.828,820755.767,100
47.838,1037932.67,23
29.609,642427.903,471
39.571,858563.674,70
42.512,922380.42,46
41.497,900357.827,53
36.737,797077.301,153
35.328,766504.557,189
44.047,955678.757,39
37.578,815340.33,93
51.549,1118468.719,9
49.581,1075752.357,15
34.12,740311.223,216
44.712,970124.728,35
36.932,801315.573,146
49.898,1082637.537,12
32.477,704657.787,305
42.881,930392.693,46
43.753,949303.398,49
36.108,783438.236,160
33.672,730573.011,264
40.821,885688.071,67
50.452,1094651.407,19
46.885,1017268.163,22
35.264,765120.251,178
36.403,789846.255,150
43.126,935711.047,38
44.216,959364.257,38
36.385,789440.058,149
35.766,776005.117,163
39.016,846540.372,67
31.981,693886.779,329
38.212,829077.453,124
39.865,864946.99,56
36.029,781712.775,154
35.066,760835.754,181
41.215,894246.978,64
43.539,944657.091,36
31.654,686788.467,324
44.037,955468.261,44
33.048,717048.722,265
40.927,887994.935,74
49.55,1075078.807,16
37.095,804848.123,135
42.085,913115.929,46
39.131,849034.465,90
39.706,861509.785,85
42.276,917255.239,50
44.644,968630.23,31
38.444,834126.937,113
33.736,731968.642,223
42.186,915309.478,49
37.932,823014.137,121
30.41,659798.492,419
36.626,794676.888,153
41.397,898183.159,59
43.426,942221.845,45
41.18,893492.754,46
48.928,1061593.576,16
40.684,882711.057,74
27.867,604620.101,622
37.682,817583.811,112
45.793,993576.041,30
44.007,954811.738,36
37.913,822603.264,96
33.101,718185.563,282
44.07,956177.657,37
47.201,1024110.779,16
46.625,1011626.666,26
42.389,919724.4,43
37.721,818426.518,115
41.322,896555.126,62
39.389,854631.931,85
41.919,909522.146,55
50.647,1098896.925,15
45.909,996089.083,25
40.616,881249.161,67
33.497,726777.907,269
40.687,882775.295,63
37.262,808470.017,132
36.088,782990.84,176
31.848,691007.673,318
31.723,688293.979,339
39.83,864199.17,80
39.013,846456.556,86
26.011,564359.647,774
49.404,1071914.161,14
37.962,823651.708,126
38.782,841450.05,106
44.626,968257.643,34
46.558,1010169.339,28
37.104,805054.799,128
42.967,932247.781,41
38.493,835180.702,100
36.353,788741.674,147
41.565,901837.48,62
40.204,872302.166,69
43.39,941443.279,38
37.701,818002.839,114
34.806,755182.318,187
39.853,864695.657,72
34.975,758845.555,193
38.613,837781.457,98
38.338,831819.477,114
41.02,890003.912,64
40.901,887434.185,67
33.792,733175.503,251
44.008,954845.374,42
40.066,869322.811,82
39.62,859633.528,81
47.423,1028931.272,18
36.251,786530.612,146
44.163,958203.224,41
44.864,973403.519,30
51.866,1125347.171,8
39.568,858504.859,82
46.028,998675.884,26
38.839,842680.121,83
31.015,672930.867,373
34.766,754318.357,200
39.921,866162.76,87
44.242,959913.565,38
32.091,696274.192,331
46.043,999002.047,29
53.26,1155582.922,5
47.729,1035575.545,18
41.586,902295.806,53
42.398,919902.076,45
37.679,817520.342,118
40.662,882249.079,70
35.467,769525.196,180
38.013,824764.683,97
42.291,917578.472,53
39.824,864071.593,97
28.766,624138.033,546
43.418,942045.78,44
41.181,893506.772,64
31.603,685683.011,335
40.068,869358.395,72
39.807,863692.747,76
34.672,752275.146,181
37.249,808192.602,138
42.472,921515.602,52
47.046,1020751.347,28
48.834,1059541.134,21
42.524,922633.33,46
37.753,819129.122,107
37.462,812812.511,126
42.924,931315.421,56
39.976,867361.46,88
32.889,713590.533,279
42.457,921183.707,50
31.953,693280.063,341
37.766,819405.393,105
42.007,911415.974,63
35.92,779363.202,159
37.256,808352.517,110
35.986,780787.949,155
35.208,763907.811,182
40.77,884593.263,75
29.095,631280.951,517
46.038,998886.202,29
36.292,787418.419,157
36.646,795113.883,150
42.33,918438.576,40
40.312,874658.317,73
44.636,968461.725,40
40.017,868253.004,90
37.794,820017.44,103
29.602,642276.804,497
48.94,1061850.268,14
36.721,796744.822,132
33.789,733122.566,217
42.62,924730.813,47
43.383,941279.942,41
30.602,663969.54,418
47.013,1020033.622,21
42.858,929881.617,44
33.305,722617.769,318
47.013,1020035.048,33
42.145,914426.025,43
41.995,911176.043,59
41.31,896313.411,64
43.8,950318.521,34
44.963,975571.817,25
33.144,719132.019,287
44.84,972901.632,39
30.313,657699.482,430
45.733,992266.327,28
47.087,1021646.803,22
41.963,910468.677,59
36.615,794435.422,139
38.686,839370.005,94
47.112,1022179.807,26
36.225,785979.308,162
33.09,717962.959,254
35.005,759508.385,199
46.29,1004343.938,24
41.347,897115.332,68
39.468,856327.901,72
34.835,755811.907,190
42.764,927850.37,51
48.064,1042834.748,27
32.653,708471.98,290
38.293,830841.124,105
45.485,986881.124,25
39.766,862793.473,80
43.473,943228.165,42
33.912,735789.008,228
37.268,808606.505,130
41.631,903267.545,56
43.05,934065.262,34
40.51,878946.489,75
36.328,788205.246,138
46.372,1006127.768,24
42.263,916991.044,47
45.368,984356.302,36
34.265,743456.46,216
42.693,926313.36,43
31.807,690113.036,370
37.319,809719.686,128
42.535,922878.456,51
26.541,575861.579,704
42.21,915824.408,49
40.598,880863.835,73
36.227,786025.964,156
49.931,1083361.538,11
37.312,809550.05,121
48.413,1050414.362,16
37.98,824059.559,106
41.012,889836.357,51
32.929,714455.224,268
48.741,1057542.498,20
40.293,874243.157,69
41.092,891573.164,54
38.959,845290.909,102
39.023,846683.859,76
42.147,914469.162,42
38.887,843722.706,94
44.764,971236.836,38
42.315,918117.011,55
37.438,812300.419,106
37.967,823763.453,92
42.627,924879.443,46
44.118,957221.113,40
51.111,1108965.24,17
43.015,933289.168,37
44.205,959117.377,28
42.26,916904.913,47
38.787,841566.721,91
31.175,676395.178,369
35.761,775896.265,165
37.314,809591.786,121
32.063,695669.533,339
39.931,866383.222,99
40.275,873853.436,70
47.257,1025344.321,36
38.526,835899.737,104
42.89,930584.078,52
40.706,883207.224,67
46.946,1018588.296,15
41.958,910364.001,41
34.779,754594.162,202
41.453,899413.272,61
54.188,1175725.522,6
39.701,861399.922,83
37.499,813604.982,137
32.969,715332.2,260
42.534,922867.033,49
43.061,934300.594,43
43.897,952427.861,48
43.144,936095.057,46
37.84,821009.568,122
40.096,869958.046,76
26.513,575251.61,740
35.42,768514.56,214
39.519,857446.708,86
40.616,881246.707,76
42.736,927248.138,58
38.136,827438.063,102
37.794,820022.931,128
40.043,868807.243,64
45.472,986608.239,33
43.133,935849.233,27
35.258,764986.254,176
32.803,711737.144,270
42.088,913172.605,53
41.789,906694.827,56
41.324,896615.691,59
41.386,897946.167,72
35.635,773178.52,181
44.347,962202.779,37
48.731,1057317.761,22
36.701,796312.359,147
31.04,673483.037,367
38.782,841446.198,78
37.683,817616.656,118
42.104,913524.079,57
34.552,749666.721,213
34.341,745096.254,235
45.303,982939.49,33
37.36,810608.622,108
38.753,840818.742,90
47.717,1035312.543,16
51.935,1126835.51,10
39.151,849458.594,88
37.365,810715.703,115
39.174,849952.045,102
32.852,712779.694,278
35.046,760401.275,177
39.171,849904.016,70
42.366,919224.162,43
40.694,882943.978,62
38.407,833324.561,126
32.56,706452.361,296
39.2,850522.947,85
41.741,905659.04,60
46.473,1008323.801,32
38.063,825856.157,100
36.023,781585.086,163
36.838,799277.589,147
39.645,860173.825,88
40.506,878860.529,68
32.407,703139.606,304
36.52,792365.834,148
48.763,1058012.386,17
47.4,1028440.738,23
39.336,853483.66,94
41.47,899772.009,53
42.709,926650.588,53
43.801,950358.349,37
35.329,766529.547,176
49.803,1080578.112,15
30.81,668485.072,382
46.571,1010457.07,20
37.199,807101.838,114
39.749,862434.318,78
32.605,707431.622,286
39.836,864327.237,75
47.584,1032434.169,18
39.836,864331.136,85
42.009,911474.948,54
43.47,943166.99,41
44.835,972783.796,29
42.623,924791.068,50
37.012,803055.33,128
34.715,753209.332,208
33.909,735731.263,240
37.887,822034.83,96
42.7,926458.681,61
43.677,947666.591,50
36.365,789001.399,140
38.959,845299.29,97
37.354,810461.604,126
42.337,918593.823,50
47.838,1037942.052,20
42.261,916929.172,34
42.73,927102.038,53
44.612,967945.555,29
37.041,803683.633,124
33.054,717173.623,289
42.077,912942.381,40
52.017,1128618.145,5
33.117,718535.255,255
31.73,688438.728,342
42.642,925208.804,53
31.949,693199.693,343
42.206,915732.893,60
41.892,908930.861,65
36.205,785545.305,148
43.461,942965.231,39
36.775,797909.271,150
41.254,895082.701,55
37.244,808073.237,159
44.271,960548.824,31
38.479,834882.192,98
46.721,1013703.657,21
40.621,881359.758,62
37.882,821921.599,112
34.856,756264.543,201
48.779,1058360.797,16
36.798,798411.061,133
42.952,931940.081,47
39.459,856134.326,75
33.191,720145.983,257
40.829,885859.004,60
41.825,907475.917,53
33.654,730198.311,237
45.16,979830.782,37
45.408,985212.66,26
39.979,867414.297,70
39.835,864302.809,76
33.664,730418.092,254
42.378,919484.742,52
37.949,823375.138,112
40.205,872323.313,76
41.26,895227.748,53
33.679,730739.728,257
38.47,834693.972,100
37.175,806589.059,132
38.589,837275.025,102
43.569,945323.153,38
36.689,796048.34,187
42.212,915866.392,57
37.971,823865.686,109
50.391,1093333.66,12
31.795,689846.831,335
44.537,966315.848,30
44.469,964834.449,34
50.862,1103546.974,12
46.118,1000618.325,27
40.16,871356.815,72
46.698,1013203.822,28
39.129,848976.833,78
37.894,822194.137,143
48.346,1048952.936,18
34.192,741863.452,236
44.749,970923.228,27
47.761,1036262.914,18
33.18,719906.872,273
37.663,817167.827,110
38.359,832274.144,102
46.837,1016228.145,33
44.374,962776.245,38
37.352,810420.203,123
44.128,957442.57,36
35.92,779355.878,164
34.732,753578.874,194
40.135,870816.101,82
46.924,1018112.918,27
35.598,772360.274,173
44.206,959136.635,37
30.326,657974.823,424
40.158,871316.024,62
46.925,1018134.96,22
45.448,986084.165,33
43.361,940813.691,52
40.955,888600.466,79
41.121,892209.982,65
33.543,727793.117,234
44.811,972262.749,28
37.651,816903.721,120
37.746,818976.502,110
45.073,977952.386,31
33.42,725117.118,248
38.384,832820.208,101
40.809,885422.977,70
39.275,852147.91,80
32.653,708482.164,278
36.942,801528.057,123
42.991,932782.955,47
32.337,701619.004,300
43.316,939820.213,42
35.946,779917.311,161
47.773,1036520.031,20
28.962,628382.071,518
41.972,910658.48,48
32.632,708012.842,261
48.06,1042763.016,21
42.083,913078.349,61
42.788,928372.884,51
47.5,1030602.417,12
49.417,1072201.391,15
42.136,914221.497,58
42.653,925438.541,40
38.127,827239.465,115
35.284,765553.596,182
36.369,789104.967,140
45.982,997666.344,22
45.717,991912.653,32
35.936,779712.891,164
39.209,850725.817,94
38.321,831450.454,96
40.193,872074.283,74
41.111,891977.548,70
36.77,797798.514,136
39.551,858133.455,86
39.591,859013.819,90
38.906,844148.359,101
33.624,729540.608,234
38.704,839751.713,95
40.114,870358.648,81
42.509,922307.656,50
41.251,895028.683,59
39.136,849142.516,93
33.711,731417.551,245
34.579,750249.739,226
39.969,867217.86,91
41.199,893904.281,72
44.131,957518.252,39
40.071,869430.999,72
42.537,922925.61,39
38.063,825845.059,117
38.294,830857.434,109
36.993,802628.942,146
41.65,903672.613,60
36.884,800272.443,123
43.481,943402.217,52
39.974,867309.736,81
38.361,832316.262,100
53.61,1163180.251,11
48.784,1058460.419,14
39.68,860939.082,74
44.599,967656.88,40
40.663,882257.781,71
37.882,821922.795,99
33.104,718246.681,269
44.029,955305.96,33
33.345,723490.05,266
42.053,912417.569,44
43.537,944617.586,42
43.71,948376.666,42
43.382,941260.098,50
45.618,989783.618,38
41.311,896319.14,66
33.337,723312.942,250
45.246,981705.64,30
40.868,886713.953,61
38.128,827267.572,91
43.321,939946.562,35
46.735,1014009.12,19
36.696,796192.759,150
40.254,873400.606,96
43.065,934388.891,51
38.814,842157.117,93
44.148,957881.225,33
37.786,819838.988,110
45.251,981811.929,29
38.039,825333.055,100
35.794,776630.492,172
38.073,826080.314,107
45.621,989837.209,31
44.71,970066.169,32
42.81,928857.673,59
42.151,914554.761,57
32.313,701086.154,299
48.629,1055109.173,18
46.864,1016806.355,17
38.186,828514.646,97
43.97,954022.523,39
40.367,875844.94,62
33.616,729364.175,244
42.186,915309.541,60
48.048,1042490.252,12
35.935,779686.221,167
33.767,732651.38,253
35.454,769243.161,163
40.785,884921.914,57
40.521,879181.894,70
44.431,964010.281,39
38.231,829496.091,103
28.371,615558.545,560
33.517,727227.576,219
35.904,778999.379,172
45.083,978168.485,40
41.448,899294.943,49
43.219,937730.093,47
36.822,798921.384,135
35.759,775862.961,162
43.077,934649.606,46
35.311,766151.331,179
40.181,871814.703,77
31.83,690619.706,352
31.016,672948.421,388
47.889,1039043.004,24
44.536,966290.129,30
40.463,877933.092,71
36.894,800498.053,146
39.452,855984.93,91
37.889,822067.01,118
39.647,860230.926,73
42.077,912940.54,54
35.614,772727.627,204
36.043,782032.934,167
42.23,916264.35,62
41.227,894507.796,68
31.094,674641.038,370
46.221,1002863.385,18
34.914,757522.055,190
34.204,742117.623,210
42.429,920591.871,58
42.283,917416.147,67
36.288,787346.282,179
36.231,786098.199,166
34.658,751969.94,198
37.093,804799.241,140
46.373,1006156.889,21
36.89,800399.026,108
37.189,806897.211,116
44.253,960158.958,42
35.343,766846.088,172
35.681,774169.392,162
40.636,881682.445,84
41.063,890933.814,67
42.544,923080.096,53
42.569,923618.057,38
42.042,912184.807,54
42.821,929096.293,37
25.664,556840.032,810
36.539,792787.056,156
34.948,758271.111,163
38.125,827195.389,91
36.927,801199.9,142
37.715,818294.988,120
45.305,982976.406,36
35.382,767679.021,174
43.562,945160.204,35
44.227,959588.151,33
42.98,932534.138,46
44.781,971607.679,35
33.756,732406.893,255
43.395,941533.754,43
40.328,874994.458,62
38.584,837156.859,85
45.707,991699.677,25
33.271,721875.8,264
41.204,893993.499,63
42.104,913533.965,54
33.178,719867.273,268
37.144,805912.11,125
44.479,965061.191,37
38.445,834148.606,91
35.056,760617.81,195
40.707,883214.924,75
42.009,911472.426,51
40.458,877825.712,75
42.778,928148.244,46
38.66,838816.372,101
40.804,885323.292,69
46.839,1016267.433,20
41.167,893199.802,72
26.86,582790.935,714
37.393,811321.79,138
36.984,802441.844,140
33.277,722017.859,310
43.222,937779.878,37
43.032,933675.373,41
45.543,988140.033,36
48.435,1050897.634,14
41.577,902091.04,56
31.509,683660.418,340
37.445,812453.519,127
37.601,815823.186,116
34.833,755770.942,194
35.264,765130.04,196
38.18,828397.342,119
36.974,802229.547,131
42.49,921909.072,48
47.465,1029850.883,17
42.053,912432.582,48
37.608,815970.832,104
46.035,998813.992,29
43.296,939391.868,42
39.346,853699.106,82
29.25,634645.661,522
43.577,945485.247,36
37.083,804590.229,125
45.234,981439.997,34
48.859,1060093.194,22
41.129,892367.095,67
41.234,894647.869,61
37.169,806462.795,113
32.772,711063.184,287
38.584,837163.759,100
38.153,827801.512,87
43.286,939165.831,47
30.573,663335.973,415
37.93,822975.835,98
47.969,1040776.549,20
49.145,1066296.842,28
33.776,732845.705,222
39.576,858674.77,75
47.028,1020358.155,15
44.108,957012.435,46
36.258,786679.934,118
44.292,961011.296,38
38.95,845102.972,84
37.429,812092.587,107
36.032,781790.456,156
38.393,833003.477,119
50.691,1099834.832,15
30.772,667652.677,381
41.126,892303.602,56
34.487,748271.933,224
48.06,1042766.003,17
49.294,1069533.794,16
41.255,895119.307,55
30.326,657992.94,431
41.073,891164.387,58
28.954,628225.347,516
41.533,901131.362,72
39.866,864967.447,68
38.798,841810.319,111
35.166,762996.787,170
37.281,808884.852,132
38.661,838825.323,95
41.555,901622.55,62
45.467,986487.466,29
45.009,976552.238,27
44.019,955072.329,43
41.935,909855.012,60
45.676,991025.572,21
39.192,850347.286,93
33.897,735457.806,240
46.543,1009835.329,17
47.808,1037279.46,16
40.471,878100.3,80
33.484,726501.457,238
33.312,722762.04,281
39.281,852286.692,80
37.067,804243.846,137
38.151,827756.044,112
37.968,823783.315,93
41.082,891347.814,65
26.103,566357.564,775
45.793,993567.529,34
45.908,996065.848,19
42.104,913520.775,45
32.932,714524.295,276
41.222,894389.823,63
36.547,792969.377,178
35.316,766240.803,192
43.434,942383.091,41
41.574,902027.957,53
47.149,1022984.161,26
47.984,1041103.206,23
46.044,999008.179,38
40.845,886217.188,65
40.843,886162.165,57
35.663,773772.547,177
38.937,844808.71,86
41.907,909253.348,58
37.145,805944.107,126
43.869,951824.217,49
36.421,790220.697,155
31.379,680821.182,387
41.031,890240.751,61
44.966,975628.59,37
37.322,809769.734,149
30.727,666690.463,414
37.349,810363.171,108
37.497,813572.078,112
39.17,849880.553,83
45.195,980590.692,30
41.141,892636.448,59
37.224,807640.339,123
39.076,847824.888,97
35.952,780060.187,148
36.181,785018.928,157
34.405,746485.67,221
34.073,739271.294,241
41.794,906813.794,46
39.197,850468.088,81
39.091,848163.509,84
35.025,759928.044,204
33.176,719810.785,240
39.091,848146.841,90
35.11,761783.656,192
41.912,909364.256,61
45.676,991040.477,33
42.941,931686.878,44
38.857,843071.248,98
31.163,676134.824,383
35.85,777829.906,168
35.329,766533.362,203
41.19,893695.054,68
33.225,720873.097,280
43.008,933151.522,34
40.398,876509.917,72
46.603,1011148.161,22
32.609,707522.933,289
42.438,920787.031,47
36.835,799203.139,131
27.75,602086.976,590
36.954,801800.497,144
34.728,753500.783,194
37.386,811174.44,139
33.991,737499.998,208
40.343,875319.169,71
39.375,854328.554,81
37.442,812372.452,143
39.447,855876.346,76
43.053,934112.885,54
47.563,1031984.819,23
37.356,810502.799,120
48.031,1042119.569,15
36.424,790297.027,159
39.42,855287.574,86
44.666,969128.376,41
43.899,952482.934,36
40.841,886118.342,69
31.928,692741.618,346
32.063,695668.436,332
33.148,719220.069,252
43.707,948311.031,51
41.299,896063.836,54
41.309,896282.487,60
36.741,797173.925,131
36.322,788071.093,168
40.079,869603.234,85
36.503,792003.516,150
37.799,820119.309,115
49.298,1069621.959,14
31.746,688789.841,320
50.796,1102113.838,14
38.841,842724.31,94
40.876,886882.124,67
41.734,905513.384,63
40.703,883127.496,72
43.086,934844.425,46
40.109,870238.764,80
38.148,827698.8,119
36.308,787780.081,152
47.22,1024531.158,25
39.134,849096.868,84
49.645,1077156.762,12
46.286,1004260.016,33
33.857,734600.469,211
40.492,878552.588,80
37.885,821989.317,124
37.525,814174.798,121
43.914,952808.521,40
44.209,959196.359,28
39.252,851660.405,80
39.423,855370.191,91
35.895,778818.511,149
48.042,1042358.922,22
41.836,907710.062,54
33.527,727437.772,249
38.966,845456.066,87
38.258,830089.254,104
52.126,1130977.084,11
37.923,822814.276,104
50.671,1099411.009,14
36.196,785338.75,133
43.304,939562.29,45
41.549,901486.734,55
40.965,888808.603,65
39.558,858280.554,87
38.602,837539.772,84
49.793,1080364.168,12
28.915,627378.665,516
39.155,849538.859,92
39.874,865149.308,68
33.303,722585.39,228
35.145,762531.531,196
42.768,927927.576,55
41.075,891194.85,53
45.366,984302.807,25
48.82,1059249.785,23
46.491,1008723.212,27
43.565,945231.789,32
34.836,755842.485,207
34.365,745607.359,248
40.94,888278.074,64
44.281,960772.409,32
37.908,822479.666,112
40.494,878588.175,82
43.173,936734.771,45
40.875,886874.757,75
43.619,946391.166,43
39.279,852232.558,92
42.597,924227.57,47
40.531,879399.874,68
36.272,786995.364,157
43.405,941748.694,47
25.714,557910.002,819
37.709,818174.319,114
38.372,832565.084,102
38.215,829155.579,130
31.916,692480.743,332
39.965,867125.435,72
38.294,830873.153,101
35.608,772594.189,188
45.369,984377.421,25
41.701,904796.674,56
39.678,860894.266,76
35.244,764681.567,178
40.86,886531.266,59
43.465,943063.403,38
33.651,730129.707,232
39.475,856490.213,88
39.566,858473.934,68
41.576,902068.737,52
41.308,896260.849,65
37.306,809422.014,120
49.1,1065330.654,9
35.841,777632.025,188
38.752,840794.197,96
37.947,823344.946,100
44.117,957200.3,39
44.159,958113.148,35
46.323,1005062.724,26
48.485,1051969.53,11
38.783,841470.36,90
42.023,911774.802,50
36.676,795754.187,132
45.141,979423.773,27
45.187,980421.434,26
49.333,1070384.702,18
37.456,812692.611,129
38.315,831312.678,98
36.885,800294.234,141
42.093,913300.113,49
37.431,812135.772,146
42.635,925057.244,55
40.441,877443.36,70
42.717,926832.523,39
36.218,785829.179,129
42.934,931538.705,47
42.701,926493.259,49
37.642,816707.693,114
41.208,894079.996,44
40.934,888143.522,75
37.404,811544.07,121
37.427,812053.602,106
44.769,971350.139,33
28.244,612810.239,626
34.132,740557.983,208
35.308,766079.44,166
48.209,1045988.604,22
40.074,869493.373,80
42.461,921275.085,56
49.173,1066896.874,13
37.127,805543.196,140
40.878,886932.601,64
43.177,936806.643,39
44.91,974406.069,30
39.768,862839.055,74
37.581,815396.607,140
36.529,792575.858,130
41.864,908315.687,61
39.536,857812.784,98
30.441,660483.667,443
37.292,809134.589,122
37.057,804034.29,133
42.004,911354.167,53
29.868,648035.356,472
47.939,1040141.591,15
38.868,843313.232,109
37.901,822327.889,123
42.958,932058.186,44
40.55,879806.982,70
35.942,779839.532,168
40.599,880882.61,78
43.506,943944.363,54
41.593,902449.597,51
34.065,739103.781,232
44.137,957640.456,45
43.458,942908.847,50
35.873,778326.694,176
35.542,771162.394,179
36.52,792385.128,141
43.698,948124.886,32
47.174,1023544.938,26
37.072,804356.643,116
33.755,732389.303,251
48.491,1052106.672,25
45.613,989654.504,28
40.8,885245.778,66
39.519,857453.99,78
43.872,951899.952,38
39.443,855795.166,93
37.379,811008.73,110
36.582,793711.182,141
35.257,764976.242,172
42.113,913730.06,49
47.841,1037997.702,24
38.974,845621.709,104
43.993,954512.849,34
39.77,862885.507,84
41.779,906482.802,52
47.831,1037780.343,23
42.72,926888.373,33
37.752,819097.457,131
41.084,891393.245,64
54.578,1184179.813,10
33.548,727887.192,284
36.954,801798.17,160
42.794,928504.011,54
44.812,972286.067,38
45.189,980465.187,41
45.027,976958.244,26
44.965,975595.816,31
31.266,678377.961,376
39.287,852407.873,79
39.966,867143.106,73
34.407,746531.138,222
47.01,1019973.549,22
40.142,870960.251,70
39.485,856699.642,89
41.627,903177.029,60
38.555,836536.102,93
43.229,937935.437,50
42.331,918459.161,57
38.491,835131.201,93
38.147,827672.118,124
40.563,880095.398,68
29.028,629821.182,525
43.936,953268.908,34
45.864,995119.685,26
45.242,981609.001,37
37.624,816332.197,111
26.199,568430.978,757
31.878,691659.646,318
43.233,938017.798,40
39.054,847353.404,90
39.997,867820.428,80
44.598,967634.282,39
37.349,810355.22,117
42.485,921787.397,53
38.866,843279.246,87
43.37,941006.489,43
46.358,1005820.381,26
40.544,879683.498,64
48.37,1049476.545,19
44.959,975482.167,35
38.751,840774.008,97
43.369,940984.641,41
46.278,1004100.741,24
40.168,871519.226,88
30.47,661103.547,405
57.461,1246736.005,5
39.774,862972.449,78
41.246,894922.046,67
28.692,622524.941,622
44.901,974218.548,38
24.828,538687.642,848
41.325,896625.367,59
44.091,956649.647,46
43.801,950354.4,38
39.551,858134.338,86
35.581,771990.612,171
46.662,1012432.576,22
43.521,944271.076,42
35.258,764984.744,193
43.665,947400.892,43
37.475,813105.905,119
38.237,829633.239,94
33.053,717152.412,261
40.499,878714.917,79
40.717,883437.409,72
38.255,830024.987,114
53.891,1169269.934,6
47.265,1025516.787,18
42.199,915600.558,59
36.885,800287.216,144
37.006,802924.933,122
40.144,870994.562,63
43.659,947272.224,41
46.282,1004186.623,24
45.256,981929.184,26
40.564,880119.148,60
35.55,771328.159,196
41.624,903110.906,39
39.93,866355.559,79
33.46,725988.275,258
49.822,1080992.562,13
45.923,996383.444,32
45.737,992352.257,25
34.678,752406.445,209
41.254,895087.337,69
30.798,668230.401,380
48.199,1045766.027,18
39.163,849721.7,90
38.868,843317.918,99
37.987,824212.968,122
40.032,868568.671,93
39.122,848829.584,86
44.482,965134.748,42
50.127,1087605.875,10
37.254,808290.218,148
38.59,837286.754,100
40.558,879984.127,60
34.198,741987.174,223
41.749,905831.21,48
46.014,998372.473,17
38.339,831835.276,106
39.436,855650.916,74
37.086,804663.563,142
43.836,951101.715,41
39.418,855244.539,100
27.046,586807.303,685
36.453,790918.185,149
41.189,893679.572,64
42.749,927531.078,51
31.195,676836.827,369
48.165,1045030.636,23
34.855,756253.964,198
34.591,750512.812,186
50.557,1096943.062,18
26.272,570025.595,734
36.481,791536.444,149
38.876,843498.363,80
43.153,936292.387,38
50.257,1090419.813,18
33.88,735095.424,230
32.92,714255.882,282
30.681,665685.43,403
45.141,979427.086,35
48.743,1057582.872,14
44.652,968804.301,34
43.525,944357.556,36
40.298,874346.642,77
41.961,910435.374,54
37.334,810025.932,119
39.952,866838.217,74
39.179,850076.605,98
36.663,795484.69,143
44.878,973709.232,40
41.739,905618.01,69
43.591,945785.859,46
42.742,927372.832,45
42.529,922756.668,38
42.114,913753.344,48
40.908,887577.479,73
46.212,1002658.672,22
35.617,772789.949,168
40.168,871518.245,92
32.606,707447.699,275
38.792,841659.896,85
38.661,838824.576,91
39.386,854556.172,92
32.831,712341.024,302
42.492,921955.547,53
38.47,834686.333,85
36.592,793935.691,150
43.271,938851.993,43
47.604,1032862.025,21
41.707,904922.784,51
34.538,749378.299,222
45.954,997064.842,24
34.272,743605.244,197
37.545,814604.296,139
41.423,898751.984,49
42.021,911738.795,56
33.21,720568.201,244
49.03,1063806.257,15
32.802,711706.081,259
38.465,834583.68,109
39.9,865713.596,58
50.564,1097079.157,14
42.835,929387.924,38
39.31,852919.295,85
42.012,911532.466,61
42.358,919030.714,50
39.735,862132.286,83
42.169,914938.787,46
38.96,845309.49,106
38.371,832545.981,110
45.202,980754.773,19
39.142,849266.223,95
42.813,928906.288,33
34.868,756538.52,161
39.301,852709.159,81
44.48,965081.534,20
43.98,954227.864,51
36.812,798699.32,138
31.789,689721.36,348
43.898,952455.27,31
35.036,760175.932,184
36.442,790685.07,154
39.643,860136.331,72
36.032,781782.827,152
37.31,809521.433,115
40.353,875534.006,74
42.052,912396.82,59
48.414,1050447.142,16
36.504,792018.299,184
40.537,879525.454,74
47.993,1041305.484,15
33.015,716334.502,280
47.228,1024698.165,22
34.388,746124.237,214
40.444,877510.873,70
36.059,782373.456,181
46.917,1017947.539,29
38.884,843656.875,81
45.989,997822.046,35
43.327,940060.749,43
46.069,999553.596,27
35.144,762512.207,188
37.457,812707.768,122
40.492,878562.066,81
36.529,792566.536,149
45.375,984505.729,27
35.356,767124.366,178
44.433,964065.563,34
41.258,895180.855,57
45.709,991739.26,30
27.596,598759.016,660
31.887,691852.549,351
40.383,876183.319,63
43.941,953395.666,34
42.942,931714.721,48
45.771,993084.674,26
42.049,912330.748,56
41.811,907179.311,49
33.7,731194.291,287
37.662,817151.318,123
39.063,847548.762,90
46.411,1006974.991,25
40.326,874961.763,79
38.618,837901.004,85
37.677,817482.002,133
55.763,1209894.449,5
40.476,878207.867,74
36.595,794002.199,134
41.239,894756.57,59
36.958,801878.785,127
40.864,886617.886,52
34.874,756659.326,166
38.946,845008.898,99
45.978,997592.227,28
37.344,810261.093,131
45.363,984244.546,34
34.923,757722.813,195
43.431,942318.604,41
35.815,777070.19,134
44.115,957169.276,35
45.146,979531.99,26
36.819,798866.174,137
42.602,924339.445,40
40.929,888027.122,51
38.793,841682.168,81
41.127,892338.129,73
45.9,995893.521,22
42.197,915558.314,56
33.237,721149.19,251
41.713,905036.635,57
42.489,921883.473,50
42.128,914041.806,54
32.72,709928.822,293
40.936,888194.637,66
41.574,902036.476,55
35.369,767404.893,179
40.95,888493.336,76
43.383,941277.771,45
38.01,824699.897,101
37.8,820144.522,119
29.972,650300.734,460
35.369,767399.148,162
39.313,852967.287,100
38.573,836912.315,113
39.748,862406.308,88
38.858,843098.969,68
44.625,968231.242,38
39.007,846341.632,99
34.406,746506.473,225
47.603,1032847.08,14
38.94,844871.246,84
36.817,798816.078,119
40.343,875326.091,61
37.905,822426.704,112
52.243,1133511.043,15
48.347,1048986.12,26
45.618,989769.669,39
34.841,755950.302,203
43.078,934659.831,45
36.83,799110.4,165
42.047,912291.148,48
49.421,1072292.526,13
34.915,757554.333,196
42.405,920069.219,49
40.7,883066.259,74
41.625,903140.797,58
44.583,967312.717,35
41.285,895768.634,51
37.432,812166.908,110
46.639,1011918.563,22
37.953,823459.356,113
36.521,792398.676,137
37.821,820611.898,111
43.057,934216.309,52
36.32,788044.769,159
40.34,875250.513,75
29.608,642408.119,493
40.578,880421.348,73
32.143,697402.742,317
48.952,1062111.497,14
43.105,935239.768,40
38.635,838257.273,86
40.427,877138.381,72
32.901,713853.373,307
49.379,1071377.149,15
43.26,938614.289,45
41.435,899024.142,53
40.732,883755.749,76
36.111,783507.013,157
35.477,769748.282,178
38.447,834185.981,89
42.251,916722.455,60
39.466,856295.064,85
45.603,989452.933,26
31.604,685715.369,328
32.238,699467.977,297
44.268,960488.51,29
37.279,808831.781,158
38.824,842355.375,82
32.331,701478.833,318
40.316,874729.958,69
37.756,819193.567,114
34.646,751705.545,208
46.126,1000790.225,22
46.258,1003669.734,30
34.28,743775.452,206
40.501,878745.845,87
36.405,789878.523,149
40.314,874684.106,58
37.295,809187.437,115
36.73,796926.069,139
35.748,775633.425,159
39.102,848404.987,85
40.445,877524.849,79
45.009,976568.247,21
37.925,822866.387,97
39.559,858303.823,85
31.715,688123.075,367
42.611,924523.312,55
35.29,765676.59,188
43.578,945503.672,36
40.536,879503.672,76
35.69,774372.555,177
43.349,940538.186,53
46.784,1015076.325,20
37.565,815046.509,116
40.798,885193.44,75
43.86,951634.254,41
36.781,798038.945,146
40.415,876876.581,57
44.298,961141.302,31
35.54,771101.31,153
41.775,906395.67,40
36.713,796562.794,140
38.562,836678.276,83
40.263,873589.491,73
43.562,945166.842,42
43.145,936125.52,44
42.74,927333.806,38
40.913,887691.172,73
45.061,977680.297,22
30.983,672236.95,405
39.418,855247.097,77
42.178,915125.95,53
36.658,795362.33,114
38.151,827758.174,106
41.758,906018.951,47
37.277,808790.564,130
40.542,879634.623,58
39.846,864543.474,73
34.846,756063.127,245
29.031,629890.834,535
35.517,770623.08,183
33.131,718843.08,255
41.63,903253.95,59
34.476,748018.164,222
38.317,831367.211,104
42.106,913569.995,49
42.619,924698.795,46
36.931,801293.411,130
47.536,1031392.603,22
44.343,962106.811,50
46.646,1012067.949,19
44.67,969197.214,41
30.938,671254.422,394
35.838,777580.867,194
44.634,968415.522,27
41.131,892426.249,67
45.488,986955.559,35
29.584,641888.972,507
40.01,868105.545,80
33.897,735452.965,246
38.66,838807.369,103
32.622,707799.29,311
31.066,674047.068,396
44.449,964419.139,33
35.773,776173.773,145
45.494,987088.911,33
36.873,800044.318,147
33.455,725867.47,255
39.771,862909.02,68
32.429,703606.271,291
34.741,753784.703,188
28.495,618259.101,555
46.279,1004116.077,22
52.437,1137724.343,8
43.299,939457.532,58
33.973,737104.305,267
40.774,884668.212,62
32.336,701594.275,279
27.382,594116.803,654
31.301,679131.588,365
34.438,747192.963,206
37.939,823162.134,124
45.247,981715.08,31
39.582,858821.368,80
41.375,897705.839,73
38.945,844989.405,85
46.197,1002327.956,33
40.739,883909.227,71
44.594,967548.566,36
38.159,827936.608,105
38.574,836950.11,106
38.878,843529.425,103
35.704,774678.002,165
40.773,884650.085,81
49.248,1068530.93,19
39.199,850506.966,92
39.0,846191.373,91
44.417,963710.908,31
43.212,937565.836,39
40.313,874678.144,69
39.045,847158.99,90
38.708,839853.641,98
36.25,786516.951,148
48.043,1042384.524,24
36.015,781427.431,158
35.645,773392.923,163
55.273,1199261.182,7
38.862,843192.527,91
45.882,995494.822,26
45.271,982249.31,30
40.969,888897.234,66
39.133,849059.516,98
42.785,928306.347,48
47.933,1039992.77,20
41.91,909314.706,56
30.117,653446.466,437
33.574,728463.466,242
31.417,681661.558,380
30.825,668805.435,405
33.721,731648.559,251
39.845,864508.029,80
43.211,937549.83,48
33.08,717742.255,278
36.977,802284.008,108
35.378,767604.21,182
41.439,899108.614,54
51.95,1127149.084,9
35.521,770707.125,163
40.043,868812.508,73
25.294,548812.281,844
34.777,754552.073,213
45.164,979922.571,36
35.125,762116.92,194
41.66,903899.558,55
41.708,904928.139,50
43.166,936572.993,51
42.895,930693.13,48
41.01,889793.633,51
36.76,797575.608,142
42.612,924549.523,36
42.025,911822.134,52
43.375,941102.06,44
42.538,922938.7,47
35.898,778873.067,150
43.194,937171.33,39
38.119,827062.946,89
33.064,717392.571,267
41.479,899976.328,52
46.805,1015523.317,21
47.776,1036598.606,22
36.225,785980.663,159
39.815,863864.585,71
27.896,605254.56,586
35.561,771574.36,158
30.182,654858.677,441
37.384,811127.49,118
46.687,1012969.025,27
39.215,850837.416,114
39.525,857572.331,89
39.793,863386.71,76
39.953,866857.95,71
43.714,948459.306,41
41.554,901605.887,54
39.96,867018.193,70
33.967,736988.405,230
35.631,773076.657,161
40.002,867923.19,64
44.851,973141.101,26
42.279,917333.431,49
31.453,682437.732,368
43.327,940058.576,34
41.889,908873.677,53
47.922,1039771.733,10
40.091,869860.825,70
37.352,810430.67,123
41.846,907930.541,62
32.754,710667.379,277
32.199,698611.155,312
42.351,918885.518,61
34.842,755969.451,218
46.997,1019697.242,28
49.418,1072221.959,8
41.959,910387.091,51
40.286,874087.783,82
37.627,816385.263,101
33.424,725193.629,251
32.731,710169.355,303
36.918,801004.199,148
38.041,825366.544,102
43.156,936345.59,36
49.242,1068404.566,16
44.563,966889.646,38
34.018,738096.532,223
31.85,691055.309,320
38.677,839173.878,81
44.068,956144.084,46
36.213,785721.444,159
40.911,887655.986,66
38.834,842571.064,96
37.856,821358.04,93
41.625,903138.007,61
46.913,1017864.633,18
41.853,908094.616,48
40.371,875930.412,71
40.942,888325.99,76
35.432,768777.982,156
37.754,819146.114,94
35.435,768832.874,181
44.093,956688.343,40
42.114,913742.773,47
42.452,921088.198,48
31.652,686756.503,354
36.642,795021.889,153
41.254,895091.163,63
33.19,720113.666,233
44.396,963259.131,38
40.724,883596.354,66
43.034,933703.454,47
30.417,659967.43,426
37.339,810139.803,113
37.037,803586.348,129
29.264,634942.166,476
42.867,930078.813,60
42.591,924086.179,43
40.968,888872.17,80
42.12,913871.181,58
41.252,895039.305,60
39.495,856933.168,82
41.07,891086.907,57
46.93,1018247.402,26
39.401,854884.065,90
38.591,837309.372,99
46.194,1002273.823,24
28.077,609194.129,584
44.967,975656.167,37
40.872,886798.173,64
40.199,872199.603,69
35.165,762979.498,178
39.573,858610.602,86
43.435,942403.873,41
52.508,1139260.723,7
38.685,839352.395,97
35.368,767389.068,166
39.693,861222.312,99
45.057,977595.799,31
41.598,902548.98,56
36.61,794328.56,145
37.129,805580.224,123
37.874,821746.342,115
43.141,936027.611,38
33.888,735269.477,217
36.851,799565.983,144
37.083,804579.502,147
43.106,935265.95,43
40.661,882230.191,61
36.125,783804.632,153
40.751,884183.327,66
27.996,607434.025,632
33.724,731714.257,241
37.847,821176.203,118
35.491,770044.629,189
35.616,772765.99,187
44.793,971872.228,27
32.543,706083.22,312
33.918,735924.027,232
43.464,943048.13,63
41.514,900733.228,67
36.171,784808.286,153
42.235,916371.723,42
36.349,788659.494,148
47.18,1023660.569,18
34.84,755914.517,218
44.541,966401.595,34
40.29,874175.987,74
40.754,884247.737,65
37.635,816563.432,124
43.262,938663.84,37
40.592,880713.915,66
42.762,927796.598,40
41.678,904282.536,53
35.96,780218.996,149
41.929,909743.538,52
43.594,945851.745,32
43.606,946124.081,46
46.781,1015017.68,27
41.514,900723.931,56
36.923,801126.665,128
34.049,738755.88,199
53.452,1159756.195,6
48.259,1047067.386,22
46.746,1014242.329,21
34.929,757852.037,188
36.611,794342.973,138
45.482,986818.989,30
37.94,823177.817,127
36.504,792035.937,141
35.627,772999.966,153
41.794,906807.904,54
38.121,827116.724,95
37.487,813365.383,132
36.851,799559.883,150
47.45,1029532.534,25
43.989,954427.4,38
37.963,823683.516,127
41.538,901239.162,50
34.499,748520.194,188
41.771,906301.969,47
40.344,875345.776,71
35.32,766340.887,178
49.363,1071026.062,19
42.642,925209.214,56
46.166,1001672.699,24
41.446,899262.785,57
32.035,695059.556,324
38.796,841752.112,101
39.921,866168.528,83
34.165,741270.28,227
49.948,1083718.601,21
45.131,979198.054,24
31.463,682642.464,387
42.962,932141.301,46
44.737,970649.27,28
36.804,798533.1,139
46.373,1006153.727,25
35.769,776084.216,147
33.663,730386.905,241
38.834,842586.407,90
44.421,963803.554,39
45.805,993822.966,34
32.438,703813.595,313
39.353,853836.164,83
35.453,769215.389,161
44.586,967372.312,27
38.7,839678.03,102
43.309,939664.979,41
32.017,694681.312,339
41.653,903736.489,48
35.056,760611.602,183
44.369,962669.419,34
29.826,647125.766,474
42.1,913441.56,54
34.37,745724.983,218
49.987,1084575.02,16
32.261,699959.266,318
41.464,899652.019,50
45.42,985479.212,28
41.465,899660.189,45
42.332,918476.737,53
45.217,981079.226,28
40.237,873030.484,82
36.781,798029.863,135
37.562,814979.096,116
39.647,860210.665,78
42.814,928937.804,58
49.219,1067895.757,9
43.514,944132.578,41
39.935,866475.572,72
37.197,807065.276,118
48.044,1042399.922,20
37.206,807268.324,132
39.435,855627.028,94
46.369,1006070.703,24
42.982,932582.061,47
38.733,840399.781,89
43.132,935843.983,51
36.063,782468.577,140
38.34,831856.754,89
47.975,1040914.098,22
46.85,1016509.998,24
41.945,910077.635,56
37.195,807029.526,115
41.681,904358.17,51
41.219,894333.966,74
49.398,1071791.14,13
32.464,704374.908,295
42.105,913557.855,53
38.941,844906.965,87
33.19,720134.198,280
38.715,839998.853,87
35.438,768905.483,202
42.037,912082.212,60
30.732,666790.874,404
38.196,828745.531,95
41.424,898767.93,54
34.589,750473.103,213
33.413,724971.063,237
39.674,860797.254,67
44.199,958983.547,37
41.208,894099.383,54
38.261,830142.321,117
46.684,1012909.293,28
43.514,944118.268,36
46.676,1012722.93,23
53.254,1155441.446,16
42.67,925803.638,47
45.213,980982.112,38
43.313,939759.588,50
45.49,987004.511,28
44.193,958866.301,39
41.818,907324.408,59
38.566,836776.481,122
33.216,720685.696,267
44.523,966014.507,26
44.227,959600.783,28
36.675,795742.914,142
42.138,914261.131,58
59.413,1289083.471,0
33.523,727341.668,247
42.662,925640.614,59
47.393,1028284.373,19
35.307,766054.715,178
41.724,905287.057,41
38.614,837801.994,114
32.811,711909.434,288
38.563,836691.504,97
40.183,871843.52,76
43.132,935824.898,44
38.126,827223.225,109
45.819,994141.209,37
40.148,871092.818,69
36.999,802766.847,134
43.95,953583.638,42
41.206,894054.51,69
38.819,842265.504,83
46.33,1005211.352,26
42.494,921998.492,39
30.24,656121.675,442
39.896,865624.154,91
39.119,848764.946,110
47.632,1033464.519,25
46.805,1015527.564,29
42.157,914682.947,36
38.969,845510.683,94
45.256,981918.593,30
46.303,1004639.701,23
32.611,707559.63,286
40.993,889434.184,63
39.087,848065.837,100
38.817,842217.977,83
40.637,881706.678,79
42.193,915469.935,59
44.814,972318.668,39
49.685,1078024.405,14
32.925,714374.383,307
43.753,949299.081,38
46.066,999500.94,31
42.223,916108.17,55
39.809,863736.089,70
37.011,803019.624,136
46.089,999993.712,25
47.298,1026235.1,28
46.639,1011919.666,30
38.34,831857.214,100
41.665,904008.591,59
42.697,926394.315,48
41.988,911020.138,65
40.294,874253.678,71
40.903,887478.492,64
37.706,818101.599,118
36.176,784915.876,182
48.184,1045451.293,37
37.707,818125.186,108
41.882,908705.052,48
42.287,917504.281,56
40.858,886501.887,76
36.829,799079.96,131
31.981,693894.163,335
37.448,812519.0,130
34.376,745862.134,209
35.871,778296.782,153
39.84,864399.201,71
37.366,810727.7,122
35.185,763409.457,172
41.88,908662.256,52
35.297,765836.007,182
36.77,797802.15,133
31.377,680784.462,374
36.41,789998.438,146
46.524,1009424.921,32
32.71,709698.904,316
37.236,807919.293,143
36.942,801532.204,141
45.902,995933.988,23
41.259,895196.536,55
42.339,918618.999,57
45.213,980996.869,33
38.31,831221.237,106
43.698,948121.27,37
45.942,996811.738,29
37.898,822269.926,110
46.842,1016336.576,30
32.069,695790.737,321
45.288,982622.539,31
37.047,803812.246,141
50.918,1104757.08,14
36.415,790098.374,143
33.724,731717.104,213
44.664,969085.322,33
39.078,847885.238,73
42.695,926349.422,50
46.278,1004084.543,32
37.572,815197.976,121
43.988,954414.15,35
23.551,510992.485,986
41.183,893556.204,69
37.986,824176.445,128
37.663,817182.459,112
36.472,791327.801,132
31.909,692338.688,327
39.66,860503.032,78
53.646,1163959.38,7
34.204,742131.178,217
34.283,743848.308,210
36.315,787926.276,151
25.752,558747.373,818
35.929,779546.32,155
41.79,906727.44,50
47.21,1024315.346,27
42.589,924044.389,55
37.543,814566.394,137
41.405,898374.747,57
45.175,980155.137,30
44.017,955040.51,35
39.059,847454.834,102
34.591,750528.362,199
31.605,685726.879,343
46.661,1012400.216,24
43.587,945717.281,41
37.691,817788.763,135
32.721,709954.89,268
35.584,772056.219,195
36.421,790233.711,149
41.551,901532.033,69
27.208,590328.239,652
41.466,899693.079,53
30.463,660947.473,420
41.459,899538.27,47
39.073,847760.473,89
39.968,867196.284,71
46.202,1002439.25,28
38.799,841822.635,90
30.052,652042.035,439
38.404,833249.335,112
27.704,601089.378,621
33.256,721548.137,248
51.909,1126269.286,7
40.976,889050.92,63
37.35,810378.984,107
43.193,937159.81,46
41.893,908947.943,41
40.78,884797.187,67
31.566,684891.702,336
52.231,1133263.923,12
43.165,936543.506,45
45.448,986081.727,31
35.624,772938.52,164
30.814,668577.828,379
36.175,784894.871,160
40.299,874362.142,70
43.365,940895.363,38
38.902,844046.943,88
41.279,895623.378,67
50.564,1097086.213,9
40.204,872315.175,92
40.991,889391.321,51
38.521,835782.091,94
28.3,614035.539,569
37.973,823892.566,111
46.533,1009633.192,27
40.303,874464.606,72
41.834,907671.504,57
37.79,819919.53,139
38.614,837804.189,109
48.563,1053668.195,14
37.903,822371.437,109
44.494,965391.487,35
36.64,794981.247,130
41.572,901993.363,60
38.359,832277.834,106
35.534,770989.592,169
43.903,952558.665,32
46.656,1012286.527,25
37.326,809856.483,120
40.047,868897.226,73
43.573,945414.208,38
40.983,889201.374,73
37.598,815772.08,107
45.089,978291.88,26
50.011,1085092.265,17
33.041,716901.263,251
32.576,706809.513,301
42.443,920888.882,35
35.125,762110.055,180
32.578,706840.938,288
43.348,940510.8,43
48.73,1057294.949,16
39.006,846320.884,86
45.798,993679.02,29
34.01,737908.288,240
38.906,844145.051,89
39.513,857313.192,87
36.372,789164.003,146
39.743,862301.187,85
27.285,592009.306,638
28.821,625323.574,558
35.023,759898.513,201
36.381,789350.038,141
43.728,948757.811,40
37.071,804327.011,157
39.93,866359.083,83
41.501,900436.587,50
53.552,1161909.813,4
37.896,822222.681,109
38.173,828232.438,103
41.135,892501.896,71
42.344,918727.009,51
36.565,793351.795,136
33.15,719266.245,262
36.146,784269.846,173
43.13,935780.832,47
51.587,1119272.34,9
40.176,871690.928,74
42.827,929207.464,42
38.253,829970.78,114
48.512,1052554.259,14
43.219,937715.183,36
40.221,872668.302,84
37.5,813646.743,115
36.772,797832.952,165
32.591,707136.524,308
35.89,778709.677,153
38.726,840227.631,96
38.919,844414.958,82
39.616,859537.588,70
38.768,841152.899,96
41.71,904971.357,60
34.29,743991.676,233
41.695,904645.704,68
39.991,867693.564,69
37.32,809739.038,144
41.934,909837.8,53
34.491,748341.286,193
36.077,782768.161,152
37.104,805036.508,119
37.72,818410.942,127
43.695,948056.842,34
42.32,918219.27,57
44.217,959368.736,44
40.019,868298.939,77
40.092,869882.422,67
37.046,803793.783,157
32.323,701309.608,286
43.139,935982.036,40
37.374,810913.871,110
38.92,844457.748,97
37.398,811422.853,124
41.921,909567.925,54
38.061,825800.76,122
33.959,736817.809,216
35.937,779734.545,145
47.298,1026224.785,21
29.695,644287.862,480
33.468,726160.275,253
41.906,909236.771,52
33.951,736638.312,230
33.562,728198.334,268
40.839,886091.165,56
44.431,964021.337,36
44.88,973765.494,36
48.356,1049173.6,14
43.89,952271.665,30
35.249,764806.455,173
39.68,860927.944,91
46.444,1007694.731,30
42.871,930167.492,47
35.282,765505.92,175
48.371,1049505.506,18
36.926,801173.127,134
32.599,707300.321,289
42.38,919513.922,49
44.796,971938.212,32
44.375,962800.211,28
35.578,771928.692,186
38.142,827575.694,103
41.386,897941.686,53
33.198,720298.422,262
36.791,798247.32,128
47.629,1033405.231,25
43.325,940018.405,53
38.149,827709.401,103
47.501,1030630.841,20
39.76,862677.146,73
35.386,767775.591,187
45.377,984555.069,29
35.763,775949.016,167
34.348,745239.444,203
30.771,667638.802,393
43.056,934194.006,54
45.014,976675.117,35
34.731,753552.365,185
48.137,1044426.041,16
35.476,769727.662,163
45.299,982859.755,31
37.682,817587.371,128
43.415,941978.427,39
38.186,828531.605,114
36.337,788411.026,148
42.388,919697.503,53
40.284,874047.163,67
33.393,724524.383,269
40.029,868501.426,77
47.169,1023427.114,21
39.937,866522.056,72
40.702,883103.695,59
42.239,916457.175,46
40.307,874548.622,73
43.528,944427.111,47
37.335,810065.641,124
31.559,684727.616,386
37.715,818308.501,114
41.982,910883.442,61
38.412,833428.678,109
42.483,921748.979,49
47.664,1034163.374,18
40.254,873389.966,77
31.315,679433.067,374
41.707,904913.044,69
47.38,1028012.417,25
38.576,836977.483,97
35.082,761183.153,202
41.074,891176.83,55
43.081,934738.778,48
41.611,902841.016,56
38.342,831911.928,104
41.8,906940.663,63
41.326,896660.701,70
31.409,681476.379,334
42.165,914859.291,58
53.331,1157120.719,7
34.112,740129.485,216
30.103,653137.906,465
57.749,1252975.884,4
41.303,896155.835,65
39.079,847904.602,107
44.375,962814.442,24
42.939,931638.907,37
38.493,835174.866,96
36.971,802162.498,106
42.782,928237.765,42
42.941,931700.408,51
33.337,723312.06,265
45.68,991121.699,31
32.195,698528.377,313
41.628,903212.565,57
43.873,951910.829,43
47.384,1028082.246,17
39.223,851017.778,68
39.102,848390.99,93
37.309,809494.503,124
30.436,660363.381,406
35.756,775800.92,154
46.164,1001616.186,21
39.134,849096.05,96
34.942,758142.331,201
33.257,721574.377,266
37.352,810421.255,139
40.601,880914.491,64
36.139,784113.869,138
35.268,765208.492,180
45.168,980003.733,35
36.29,787384.467,145
43.227,937904.82,46
48.477,1051805.659,17
33.777,732867.931,250
44.807,972177.781,33
42.158,914691.73,67
40.679,882621.577,73
37.37,810806.495,132
36.97,802147.215,134
35.538,771060.962,188
40.982,889182.411,70
34.115,740185.97,221
28.311,614256.082,546
50.101,1087046.94,12
39.892,865529.65,80
46.693,1013094.029,27
45.076,978013.984,35
34.648,751755.571,186
38.354,832169.529,107
46.029,998698.711,25
47.686,1034651.093,26
45.22,981145.421,35
47.407,1028596.356,28
39.48,856601.033,90
39.249,851582.47,83
40.336,875177.532,69
40.09,869837.027,76
33.539,727702.582,270
41.476,899906.164,58
39.799,863518.183,84
38.802,841879.406,108
34.228,742634.901,206
50.215,1089505.366,16
42.272,917178.265,57
37.817,820519.637,105
37.834,820884.866,110
38.64,838365.572,107
27.508,596832.592,649
38.711,839906.634,95
39.604,859282.171,72
43.523,944314.786,37
39.032,846874.239,91
41.497,900360.141,59
38.626,838071.666,91
32.026,694859.348,338
37.349,810361.202,138
40.535,879484.578,64
41.295,895970.462,64
37.42,811910.463,126
38.204,828901.969,95
36.749,797342.601,146
31.225,677486.552,355
47.136,1022699.089,25
45.615,989706.162,23
38.848,842880.226,103
37.11,805172.734,133
38.007,824646.022,106
43.573,945414.091,35
34.337,745004.028,219
38.21,829042.614,88
49.981,1084444.593,19
45.843,994650.24,37
42.773,928051.367,47
37.022,803275.623,137
38.291,830794.269,93
40.561,880041.572,59
43.751,949273.416,34
43.427,942228.688,39
31.598,685585.926,338
33.608,729195.57,257
38.026,825048.242,99
33.546,727840.006,235
35.731,775251.78,175
41.186,893620.718,56
41.139,892588.231,54
35.745,775565.089,175
49.519,1074412.801,12
50.154,1088191.512,13
38.865,843243.24,94
40.683,882707.895,67
37.486,813324.164,121
41.691,904572.572,67
46.276,1004056.756,27
36.26,786732.633,156
56.971,1236107.909,6
38.18,828397.796,93
42.201,915639.67,59
42.983,932606.476,48
37.543,814569.34,115
41.382,897875.866,60
44.336,961955.472,36
42.023,911766.737,57
47.901,1039307.34,23
43.418,942034.327,43
39.098,848320.133,84
36.277,787095.37,147
44.035,955425.014,45
39.299,852674.846,83
42.31,918001.174,54
38.602,837552.274,97
36.144,784213.705,154
37.471,813019.049,117
31.447,682308.061,372
36.888,800366.105,128
40.48,878300.82,90
37.553,814791.357,132
35.872,778317.211,167
37.033,803513.307,151
41.139,892583.548,56
42.101,913460.611,47
29.347,636746.458,496
40.672,882467.653,67
42.189,915374.935,50
34.062,739036.276,288
45.344,983825.846,30
41.703,904837.731,61
38.881,843598.647,86
37.1,804952.648,138
37.991,824283.484,122
39.064,847579.942,92
36.708,796451.178,148
46.008,998234.68,26
45.221,981153.718,32
40.792,885068.9,74
38.128,827266.127,96
39.57,858546.868,90
39.296,852614.172,80
43.277,938971.364,40
47.397,1028372.922,25
43.606,946120.038,53
37.933,823033.24,105
42.825,929177.081,49
41.397,898200.784,51
46.0,998056.516,27
35.373,767497.115,198
46.708,1013426.056,28
32.965,715250.398,266
40.689,882830.253,74
43.782,949946.264,41
44.041,955565.137,41
40.903,887479.458,75
43.103,935212.978,46
38.742,840593.471,94
43.073,934558.278,48
34.769,754373.58,211
44.391,963152.472,29
41.813,907217.076,61
42.24,916486.937,44
40.361,875722.676,82
44.558,966778.35,28
41.658,903847.522,62
31.515,683777.026,356
38.885,843678.531,119
42.794,928495.059,43
43.144,936095.931,39
38.145,827626.22,90
40.237,873022.286,62
50.533,1096423.503,9
46.049,999121.474,29
32.051,695414.729,318
34.849,756114.35,213
42.238,916436.152,51
44.503,965588.331,38
45.392,984871.375,32
38.681,839266.36,104
41.025,890116.563,69
47.761,1036269.297,23
41.412,898526.106,61
39.189,850288.902,82
41.984,910928.657,59
38.319,831400.696,118
38.769,841166.057,85
43.319,939885.571,28
39.195,850422.966,87
40.912,887672.301,77
42.106,913570.407,65
45.379,984596.026,35
33.926,736085.647,235
36.845,799423.838,159
40.291,874193.631,75
37.118,805342.313,131
43.62,946414.221,44
41.935,909864.49,58
37.117,805326.097,121
39.597,859129.705,68
42.809,928832.118,38
44.723,970359.777,33
36.057,782336.829,172
47.079,1021462.582,16
41.255,895111.64,59
42.798,928592.057,36
43.136,935924.598,50
41.004,889670.037,71
29.67,643749.994,502
31.708,687965.091,343
36.979,802324.493,117
39.447,855876.228,86
40.07,869393.824,71
31.485,683121.492,344
46.62,1011521.069,35
40.522,879203.8,72
35.007,759555.109,211
30.646,664917.145,416
32.228,699245.798,360
44.111,957076.938,39
32.171,698011.207,319
51.956,1127278.72,6
46.257,1003633.073,26
38.744,840617.742,103
45.568,988694.39,37
47.449,1029491.348,22
34.632,751402.31,214
42.314,918089.127,49
37.917,822690.31,118
45.157,979771.549,27
33.305,722627.16,281
50.476,1095178.293,13
49.639,1077024.495,18
46.71,1013463.03,25
37.972,823873.069,115
41.504,900511.672,44
34.929,757851.693,210
47.723,1035451.919,19
39.689,861139.639,79
36.712,796532.526,140
36.547,792969.782,150
39.53,857674.5,76
36.378,789300.659,138
38.611,837750.634,125
36.438,790605.57,151
38.09,826435.009,108
42.832,929327.281,43
38.05,825570.81,105
50.534,1096434.866,16
39.676,860849.96,73
31.257,678176.463,353
42.961,932133.014,54
35.733,775298.089,156
30.48,661333.388,406
34.804,755135.534,216
50.023,1085340.71,17
42.627,924885.758,55
41.604,902677.693,61
32.511,705389.238,281
39.847,864564.087,77
39.704,861451.833,71
37.801,820178.685,120
42.471,921496.208,71
36.4,789763.38,152
30.821,668714.016,403
41.034,890316.254,60
40.187,871937.394,68
39.484,856684.656,83
38.333,831704.235,113
34.844,756004.894,207
40.375,876012.467,75
42.271,917158.768,52
35.64,773270.741,164
34.871,756602.475,188
45.227,981282.1,35
39.042,847090.604,94
39.881,865306.898,88
39.203,850580.92,93
33.421,725134.617,266
42.798,928596.547,62
37.883,821955.303,99
45.204,980798.945,30
42.516,922467.183,54
34.992,759210.665,188
33.576,728502.233,270
34.979,758948.339,185
38.624,838022.861,96
36.837,799256.491,143
32.546,706146.012,297
41.596,902509.765,48
34.763,754245.432,210
37.89,822102.444,121
46.139,1001081.132,33
36.025,781636.999,146
45.608,989548.742,31
43.468,943119.519,51
37.247,808149.98,112
32.239,699493.237,289
37.422,811955.612,127
44.629,968318.454,32
45.606,989517.871,31
43.746,949161.946,43
38.005,824590.577,96
39.37,854209.35,99
33.537,727642.324,271
47.451,1029541.845,24
40.617,881272.357,59
41.632,903287.646,61
40.812,885489.744,78
46.569,1010397.643,27
33.182,719951.834,265
32.004,694384.334,336
42.478,921640.191,57
25.756,558821.605,752
37.266,808550.983,141
39.99,867671.625,71
42.238,916430.834,60
41.817,907294.586,62
34.567,750008.791,193
38.296,830897.636,99
35.019,759807.626,198
40.465,877977.323,77
33.183,719965.241,243
43.821,950773.403,45
41.597,902535.937,63
32.232,699345.082,312
33.032,716689.105,291
39.958,866957.976,68
43.582,945608.729,50
32.657,708551.653,334
42.087,913165.588,44
40.151,871148.987,73
37.699,817965.491,145
31.81,690179.793,351
39.101,848374.458,94
48.801,1058838.591,13
33.157,719410.666,309
43.225,937844.259,38
42.886,930491.405,45
37.779,819693.987,116
34.11,740076.169,218
41.53,901077.177,55
42.838,929447.293,42
34.977,758903.726,187
44.313,961469.444,25
37.403,811531.899,109
37.372,810866.11,122
25.795,559673.191,802
41.691,904570.287,63
45.135,979292.143,39
44.861,973359.642,43
45.04,977239.769,35
32.628,707924.699,278
38.718,840062.969,102
35.392,767904.387,193
41.061,890891.983,68
33.245,721310.832,269
32.576,706801.235,298
37.165,806372.956,145
39.643,860136.142,82
39.092,848189.733,79
45.897,995831.543,33
38.011,824733.811,108
47.982,1041072.39,17
39.1,848345.59,86
40.492,878558.413,66
38.439,834004.02,117
44.227,959595.108,37
35.356,767118.393,172
28.552,619502.672,571
31.569,684946.141,343
36.121,783725.768,144
44.873,973618.538,42
51.607,1119708.235,11
37.981,824066.371,111
43.784,949980.57,37
43.738,948977.349,40
48.871,1060362.113,25
37.341,810181.971,120
38.142,827567.14,96
44.691,969668.042,39
40.796,885161.642,72
36.069,782587.02,155
43.963,953873.32,44
44.317,961543.217,36
41.91,909312.803,45
40.605,880999.25,58
36.099,783248.123,142
33.895,735427.362,239
33.301,722533.2,241
36.49,791727.617,151
36.817,798826.949,131
42.36,919077.591,48
44.077,956337.066,36
45.864,995114.394,33
42.765,927861.735,42
41.707,904914.871,57
39.534,857775.478,85
40.378,876076.17,67
30.44,660462.893,420
41.008,889748.869,48
46.604,1011163.112,32
44.568,967002.13,29
38.841,842738.848,79
52.558,1140343.09,7
46.267,1003859.024,23
40.346,875376.399,82
36.723,796789.423,133
40.222,872692.376,76
49.202,1067527.645,20
34.804,755149.646,189
45.249,981762.484,47
37.047,803799.797,135
41.429,898889.361,60
39.573,858609.371,79
32.2,698637.387,332
38.762,841019.85,79
42.752,927598.852,43
43.465,943058.733,52
42.323,918277.188,47
44.295,961077.056,49
29.353,636874.589,481
39.524,857556.712,91
42.683,926094.188,60
35.729,775220.614,160
35.678,774100.285,143
45.149,979591.563,32
39.431,855527.226,92
34.717,753263.491,191
29.47,639404.261,501
35.214,764039.867,158
43.371,941016.043,37
40.119,870453.822,72
36.856,799656.305,119
37.277,808799.654,121
45.514,987509.224,23
35.255,764919.828,202
36.92,801056.993,139
26.987,585539.019,675
41.862,908290.135,50
39.733,862080.666,82
44.866,973457.626,32
36.79,798223.037,126
32.107,696630.386,326
40.279,873928.915,56
39.468,856326.401,82
38.816,842189.416,114
31.681,687381.248,320
46.107,1000374.532,27
35.003,759457.347,187
41.055,890773.547,65
34.468,747855.511,211
34.8,755062.745,193
44.038,955490.44,32
36.463,791136.716,138
48.958,1062235.992,13
51.402,1115273.885,17
41.871,908474.707,54
49.985,1084528.002,15
31.283,678749.512,372
38.626,838058.77,102
35.363,767279.844,190
42.601,924314.343,44
40.945,888382.589,73
41.142,892653.096,67
51.415,1115542.453,9
42.169,914932.737,47
43.366,940902.734,35
37.957,823562.021,102
40.147,871071.204,81
44.557,966744.574,33
44.52,965944.242,31
34.279,743757.744,209
40.614,881193.178,63
37.275,808758.112,112
39.111,848595.333,95
46.181,1001986.453,30
39.63,859857.416,77
40.341,875269.394,63
40.352,875509.638,63
47.303,1026340.549,26
40.202,872256.481,81
41.467,899718.847,50
43.456,942869.383,39
37.467,812925.439,123
38.163,828017.165,117
41.096,891669.921,67
42.617,924653.499,33
46.764,1014632.668,22
41.932,909804.717,53
33.131,718851.77,279
38.531,836017.859,90
47.264,1025482.937,23
43.286,939169.942,47
39.557,858263.024,81
41.904,909193.237,56
43.417,942026.518,46
27.989,607280.932,618
43.599,945957.015,35
39.688,861109.528,82
40.007,868029.734,77
43.374,941086.705,48
34.256,743254.438,223
47.152,1023047.898,24
28.898,626989.747,523
32.526,705717.746,295
38.729,840294.305,91
45.633,990109.958,26
39.65,860293.932,79
34.793,754913.051,185
39.926,866283.281,85
32.226,699213.192,291
49.614,1076464.254,22
37.403,811542.939,126
43.718,948546.538,40
43.464,943031.241,51
40.464,877945.136,55
35.143,762500.34,205
41.174,893359.743,52
38.299,830975.693,103
27.885,605012.496,646
30.654,665091.3,408
35.008,759563.445,179
42.975,932423.911,39
40.42,876999.296,76
41.04,890448.191,84
33.087,717881.72,252
43.228,937915.739,40
38.451,834274.441,103
32.074,695913.069,351
40.782,884845.568,58
38.412,833435.201,103
34.281,743787.399,198
32.547,706178.117,303
51.917,1126437.828,13
43.036,933757.013,50
35.003,759458.362,180
39.107,848500.657,94
37.515,813969.119,111
43.019,933391.928,46
33.683,730816.267,223
50.608,1098045.165,18
37.896,822229.528,102
39.525,857568.974,97
34.138,740683.616,210
43.713,948449.376,29
40.679,882606.001,54
42.178,915132.29,55
37.127,805541.461,137
41.567,901878.412,55
43.178,936823.145,44
37.685,817655.209,125
37.327,809885.153,123
38.752,840803.271,79
37.771,819507.793,110
37.577,815308.038,128
38.705,839789.533,97
37.822,820620.889,121
33.9,735537.444,215
43.904,952578.752,29
32.517,705521.421,310
38.768,841143.068,97
32.43,703637.102,293
40.545,879710.133,66
43.297,939417.374,54
42.249,916669.267,36
47.879,1038824.397,14
41.035,890330.411,69
40.378,876074.417,89
37.95,823405.78,105
39.771,862901.375,81
44.232,959704.806,25
50.603,1097942.057,9
37.977,823980.543,108
29.693,644251.6,455
39.898,865670.981,72
34.027,738281.701,224
35.445,769057.324,170
38.016,824832.918,102
41.011,889821.792,61
37.715,818293.642,116
37.484,813289.225,141
43.016,933321.246,59
44.062,956004.409,35
43.458,942915.04,40
39.892,865541.871,65
38.904,844098.272,99
42.154,914612.118,49
36.111,783494.073,156
34.522,749024.902,191
35.67,773933.934,162
38.954,845190.467,85
33.445,725647.497,262
34.786,754755.896,198
33.445,725662.119,263
40.591,880697.877,74
36.701,796307.15,160
42.6,924295.927,45
34.123,740368.212,240
45.136,979310.078,30
38.74,840535.222,86
43.421,942099.372,35
34.632,751414.294,225
40.959,888690.055,60
37.561,814963.643,101
41.654,903768.348,54
40.912,887662.29,60
33.284,722168.629,233
37.78,819710.638,125
33.087,717892.69,283
47.451,1029552.79,20
37.863,821521.425,127
36.605,794214.805,141
41.62,903020.171,50
30.057,652153.395,475
38.976,845651.784,97
40.717,883440.571,55
38.93,844666.773,85
33.723,731677.574,244
47.011,1019992.987,25
36.058,782352.807,144
41.17,893267.488,53
34.444,747336.126,241
47.957,1040513.44,26
44.769,971358.723,31
44.32,961610.652,35
40.106,870171.758,71
35.369,767392.49,172
32.918,714221.707,293
44.895,974080.266,25
27.876,604822.912,618
37.257,808366.352,134
47.606,1032916.21,26
44.737,970668.661,37
44.954,975367.812,29
44.012,954924.922,38
47.513,1030888.43,21
40.551,879832.83,71
34.791,754856.472,208
39.828,864139.623,72
32.981,715583.738,280
43.618,946389.438,39
41.445,899232.858,63
43.203,937372.167,54
40.974,889020.349,64
39.964,867103.29,75
45.834,994458.233,24
38.122,827138.877,106
33.852,734483.399,243
37.262,808480.228,119
36.104,783344.942,168
51.192,1110715.179,10
37.869,821643.609,116
35.942,779839.06,160
43.066,934406.087,41
40.578,880425.072,67
43.203,937384.09,54
37.003,802854.001,118
43.008,933135.709,52
37.823,820636.365,129
43.308,939652.675,34
38.178,828337.789,109
33.229,720966.462,283
36.027,781688.003,150
38.143,827586.261,104
51.908,1126246.817,4
33.831,734029.115,236
31.875,691586.202,328
45.992,997880.52,34
48.09,1043407.052,20
40.62,881325.109,73
49.333,1070387.185,11
39.145,849325.555,85
48.915,1061313.913,15
37.349,810366.649,123
36.014,781395.728,150
40.394,876426.055,73
34.525,749079.83,239
32.584,706972.964,300
38.181,828421.275,103
47.062,1021096.055,17
42.25,916698.35,49
34.294,744070.851,220
40.701,883089.794,67
33.814,733665.412,261
42.945,931785.238,42
38.698,839632.411,92
41.438,899075.846,57
37.901,822342.335,94
33.347,723519.839,265
39.197,850446.685,93
44.056,955893.43,34
38.647,838520.838,91
39.87,865062.298,90
39.381,854459.239,82
47.049,1020829.11,18
46.479,1008457.068,28
35.294,765775.977,171
40.875,886863.991,74
35.976,780566.4,165
30.989,672366.67,387
46.765,1014659.733,20
36.278,787122.769,142
39.871,865084.852,62
31.635,686382.599,365
31.809,690153.856,322
32.268,700124.168,303
42.004,911352.567,60
44.642,968593.861,34
42.372,919334.529,43
42.895,930693.876,42
29.576,641714.875,481
39.226,851090.318,94
49.846,1081503.295,18
44.688,969595.169,32
41.114,892058.766,75
41.836,907705.6,49
45.89,995666.693,32
41.646,903594.502,51
37.418,811848.878,128
37.124,805475.544,132
49.613,1076451.476,21
45.848,994774.501,20
35.574,771843.689,175
36.97,802140.347,112
40.748,884119.631,70
41.752,905885.012,54
36.404,789862.543,145
40.356,875600.012,81
45.748,992596.03,25
35.988,780827.371,158
35.812,777014.017,153
42.74,927320.264,41
42.14,914316.716,59
31.831,690635.492,310
41.569,901930.094,63
33.198,720306.411,278
44.478,965029.574,35
47.876,1038763.741,20
34.093,739715.037,215
28.142,610595.534,604
43.891,952308.779,44
39.878,865223.235,78
35.39,767852.076,172
43.744,949110.914,35
41.701,904778.055,61
42.545,923094.411,58
39.052,847307.537,96
34.672,752271.653,211
48.797,1058742.627,15
42.817,928992.73,46
38.363,832353.282,113
52.461,1138255.155,8
42.582,923911.057,45
43.411,941885.716,49
37.055,803982.719,109
42.604,924387.646,48
37.64,816680.882,124
43.833,951048.749,37
42.622,924772.678,49
39.467,856320.716,86
46.392,1006570.547,25
36.937,801426.424,127
44.797,971959.46,35
44.332,961864.781,34
43.778,949859.899,33
36.597,794037.934,153
45.172,980091.149,31
39.143,849291.626,90
41.339,896925.666,68
46.277,1004079.432,26
36.866,799873.189,141
41.589,902351.376,55
44.057,955899.184,45
38.423,833658.573,89
48.086,1043328.349,26
46.136,1001013.339,32
39.064,847580.851,89
41.11,891955.31,66
49.962,1084033.332,14
38.538,836153.364,89
40.529,879355.56,64
35.605,772519.438,204
45.623,989891.433,39
45.067,977815.581,29
34.988,759129.502,200
32.876,713320.857,286
36.178,784950.147,157
45.015,976692.89,29
42.764,927842.046,46
46.001,998080.068,36
43.806,950459.737,43
41.349,897140.295,65
34.445,747353.379,199
43.847,951343.948,42
44.941,975084.217,41
39.435,855614.998,81
45.99,997848.778,34
39.912,865967.289,80
43.695,948058.14,46
43.82,950752.752,34
45.894,995756.62,35
43.784,949988.716,51
40.0,867888.649,86
39.671,860745.324,77
34.296,744122.931,224
42.297,917722.983,57
50.052,1085977.394,12
32.777,711171.588,299
43.739,949014.796,28
41.873,908525.433,65
46.727,1013841.395,25
36.421,790221.813,128
38.58,837067.245,110
39.68,860927.331,100
42.308,917956.795,41
47.415,1028770.344,16
34.048,738745.301,263
34.806,755190.061,198
40.457,877787.621,68
34.931,757906.183,203
35.455,769273.035,193
40.333,875111.385,71
41.632,903282.868,57
39.432,855554.718,89
35.86,778055.458,160
37.097,804895.509,121
30.476,661237.9,406
42.618,924685.003,50
34.785,754726.56,180
34.393,746231.448,205
44.027,955243.331,40
42.149,914503.507,42
39.256,851727.416,101
48.359,1049249.022,29
39.636,859983.745,85
40.292,874216.695,72
33.85,734451.384,244
37.898,822279.84,128
36.811,798682.708,118
43.297,939412.827,51
43.272,938864.065,47
43.396,941553.486,43
40.647,881928.041,71
27.437,595309.627,681
31.708,687967.24,339
36.268,786906.753,157
31.368,680585.739,378
40.115,870375.136,72
38.911,844247.615,81
40.633,881608.183,70
41.345,897053.407,59
32.678,709007.369,279
32.505,705264.75,317
39.043,847111.643,76
35.491,770037.638,193
30.454,660757.442,454
46.967,1019049.224,26
34.364,745599.404,217
39.605,859311.746,80
45.19,980496.781,29
41.285,895767.593,70
40.504,878810.984,59
43.998,954624.882,27
41.362,897433.839,48
40.254,873383.094,73
43.554,944988.936,33
46.55,1009991.094,25
37.872,821719.235,105
31.68,687368.333,338
44.078,956366.52,33
44.814,972328.555,36
35.587,772120.614,171
31.78,689527.244,342
42.275,917240.953,49
34.977,758886.581,182
38.691,839488.848,122
48.626,1055043.778,16
40.989,889331.797,57
35.477,769745.293,195
43.291,939280.503,49
41.76,906056.538,70
41.412,898520.664,51
42.416,920297.896,51
45.977,997554.709,28
43.909,952700.377,39
35.38,767637.602,182
32.23,699298.843,301
39.99,867653.762,85
37.372,810865.307,113
37.306,809423.482,127
41.461,899581.217,71
41.239,894771.14,64
39.137,849144.713,98
45.36,984168.888,25
47.15,1023007.988,23
44.519,965934.302,44
40.167,871513.633,74
29.994,650784.506,434
31.564,684844.833,332
32.497,705095.431,308
43.614,946289.627,43
45.613,989670.928,38
34.764,754268.269,223
39.549,858095.246,76
38.487,835062.438,125
34.049,738754.719,217
33.873,734931.826,210
41.539,901273.459,60
38.835,842606.634,99
48.316,1048315.277,20
38.984,845839.056,83
44.554,966687.375,49
31.567,684903.409,362
38.02,824922.637,100
44.061,955984.969,40
33.515,727183.827,231
36.802,798497.544,143
42.235,916377.938,47
43.539,944665.611,32
45.337,983676.745,24
33.729,731816.029,223
38.613,837778.576,89
41.561,901750.585,75
37.068,804255.164,118
37.382,811074.09,105
50.139,1087866.243,11
32.413,703261.35,318
36.301,787623.744,154
32.56,706456.697,293
41.198,893863.509,66
39.205,850632.269,87
38.781,841433.011,88
37.395,811365.287,121
37.1,804968.01,126
29.548,641103.393,486
34.198,741984.381,216
39.935,866477.019,72
39.522,857517.949,73
40.43,877200.46,65
33.904,735620.596,227
43.925,953043.037,49
31.634,686362.356,374
44.621,968141.855,30
47.551,1031706.847,18
39.363,854056.819,102
39.484,856694.228,84
35.358,767166.462,163
45.243,981628.563,27
34.443,747319.075,199
43.35,940556.462,50
44.492,965337.183,36
43.511,944067.637,37
43.852,951463.487,29
33.042,716919.695,267
31.777,689470.191,339
38.487,835058.704,79
33.312,722768.434,255
33.713,731481.527,287
33.114,718477.121,242
45.158,979791.251,33
39.487,856758.284,85
40.321,874836.497,61
38.073,826074.396,116
40.091,869861.397,83
29.163,632742.937,541
44.027,955250.969,37
36.767,797733.15,144
39.852,864675.997,84
42.836,929403.104,49
40.294,874266.737,71
40.43,877216.625,76
38.906,844138.722,89
36.431,790453.998,160
38.134,827382.572,107
34.372,745762.218,218
39.155,849547.067,93
41.476,899896.671,55
42.479,921677.319,46
41.542,901329.701,67
39.106,848490.685,106
48.189,1045561.621,20
40.001,867908.406,72
37.1,804959.028,130
35.633,773136.463,174
45.066,977794.411,31
38.196,828742.518,106
43.087,934858.938,39
37.644,816762.91,107
36.328,788217.869,158
37.957,823561.984,114
39.501,857055.527,72
37.861,821476.463,113
32.487,704864.377,299
33.938,736344.029,224
39.846,864542.379,79
33.095,718059.377,276
38.7,839681.835,99
38.817,842205.612,95
41.878,908625.628,60
37.248,808168.289,121
31.256,678156.791,371
33.901,735549.395,217
43.25,938405.676,48
40.099,870026.149,65
40.719,883489.928,78
48.224,1046322.211,12
34.324,744727.03,223
37.453,812625.115,128
40.452,877685.197,74
33.945,736497.11,215
41.312,896336.845,55
41.399,898230.879,61
34.733,753609.351,194
51.094,1108579.354,18
31.07,674122.31,402
33.442,725601.187,260
36.833,799171.145,141
44.173,958424.08,32
31.486,683141.166,398
42.07,912798.288,60
40.119,870467.91,67
37.624,816317.894,108
46.914,1017903.131,26
42.758,927710.192,52
45.613,989663.152,23
47.231,1024777.861,23
38.805,841949.097,107
38.813,842126.535,92
45.767,993005.344,35
36.683,795900.41,164
33.34,723370.506,256
32.347,701835.8,318
41.267,895379.77,67
44.249,960076.712,39
34.128,740484.279,231
31.0,672612.321,386
41.883,908737.083,45
38.204,828921.026,105
35.788,776485.019,179
41.717,905137.509,48
37.86,821446.08,104
38.761,840987.103,106
35.166,762994.936,200
40.537,879540.164,71
43.812,950590.285,41
24.828,538697.443,860
46.847,1016445.042,15
34.118,740258.157,230
39.238,851350.737,100
31.397,681230.8,346
45.452,986174.543,33
38.818,842235.219,107
51.81,1124122.065,17
44.541,966404.345,39
41.672,904157.406,55
42.23,916271.619,48
42.306,917921.586,54
42.987,932685.118,41
37.491,813445.252,117
41.163,893111.682,60
32.704,709571.737,297
52.899,1147746.713,13
43.658,947240.251,44
39.998,867843.17,91
34.749,753948.476,211
47.795,1037017.13,24
39.33,853353.349,83
42.789,928397.859,44
44.839,972864.33,29
43.127,935723.33,43
43.532,944504.067,44
45.87,995236.096,23
39.733,862079.643,73
48.704,1056740.71,15
36.877,800130.22,129
34.954,758402.429,180
37.683,817616.813,115
40.963,888772.776,59
31.003,672669.418,389
40.919,887820.803,60
29.599,642203.684,505
36.858,799711.811,122
32.616,707672.367,325
39.985,867544.696,74
39.021,846643.182,83
33.909,735713.854,207
39.39,854645.248,94
40.749,884135.506,64
33.389,724448.124,249
41.84,907804.234,67
33.88,735095.43,272
49.268,1068965.057,18
33.627,729610.615,253
35.572,771814.027,159
41.471,899797.029,72
44.712,970121.718,34
37.965,823716.294,115
42.243,916540.115,51
42.527,922697.647,51
39.965,867119.764,83
37.885,821991.674,99
42.06,912582.4,45
33.873,734952.242,243
40.219,872627.236,76
39.064,847580.61,85
37.441,812355.299,122
50.256,1090411.754,12
41.149,892820.622,69
42.53,922782.591,34
45.041,977248.67,39
40.335,875152.56,83
35.371,767437.857,196
38.466,834589.287,104
32.022,694773.752,334
43.113,935425.396,38
40.508,878900.716,64
38.42,833588.29,95
35.28,765480.524,178
43.697,948083.393,46
48.793,1058651.769,10
43.141,936027.333,48
40.758,884317.578,73
44.695,969753.301,28
37.272,808699.12,130
39.762,862710.741,79
33.282,722130.152,248
30.74,666958.158,412
50.48,1095273.024,16
42.209,915806.369,53
39.714,861667.424,90
46.006,998202.828,35
42.429,920575.318,46
36.65,795196.39,153
48.406,1050258.394,23
39.237,851335.067,81
38.041,825366.648,106
39.228,851120.674,101
37.949,823375.335,144
43.771,949694.213,38
38.448,834209.581,110
49.977,1084352.405,17
44.659,968976.705,36
31.036,673389.666,346
38.085,826337.725,121
44.935,974957.784,40
32.467,704431.936,282
48.035,1042216.374,20
35.961,780252.53,167
29.929,649374.154,487
45.496,987126.131,34
47.151,1023024.493,23
43.172,936697.681,51
38.141,827546.636,117
32.303,700886.971,303
44.399,963320.337,36
35.538,771060.527,179
45.391,984844.564,42
39.588,858932.556,81
30.746,667101.205,426
42.699,926447.487,43
35.814,777056.072,160
42.636,925062.614,41
43.147,936170.183,58
36.866,799878.878,127
45.87,995240.518,27
36.305,787719.077,165
43.065,934384.958,45
39.346,853679.438,93
48.185,1045463.005,21
38.687,839393.36,91
41.186,893604.78,59
49.577,1075670.261,11
37.054,803967.911,128
35.215,764061.72,186
38.858,843094.755,110
40.06,869174.233,75
49.997,1084788.47,9
31.234,677677.757,365
41.602,902645.367,67
31.398,681248.914,360
36.839,799284.986,136
38.211,829070.934,111
34.367,745656.414,218
29.711,644646.861,485
43.269,938801.158,34
44.207,959151.087,38
37.612,816064.622,112
39.273,852111.042,86
30.785,667938.003,391
37.744,818924.068,101
40.208,872393.261,60
45.34,983751.724,31
47.635,1033534.665,18
33.223,720833.178,297
34.002,737735.05,228
35.134,762292.497,197
33.795,733250.88,262
45.188,980450.72,33
32.691,709287.803,288
30.771,667645.224,421
46.656,1012300.838,25
36.916,800962.309,125
40.895,887302.24,61
35.209,763922.421,186
39.595,859102.165,79
45.457,986290.634,26
49.041,1064047.829,18
26.308,570799.658,730
36.245,786414.525,140
37.815,820474.358,126
42.808,928801.671,58
46.774,1014864.122,19
44.094,956712.708,40
36.141,784148.598,151
47.315,1026583.27,20
44.92,974640.07,30
38.829,842472.965,95
42.335,918544.348,46
35.983,780717.435,162
37.493,813476.718,132
39.683,860994.32,100
39.333,853413.3,105
38.59,837286.042,96
32.922,714300.396,273
43.488,943557.779,46
36.389,789540.372,157
34.31,744414.154,227
38.541,836234.069,99
40.118,870434.474,74
44.005,954766.953,34
43.6,945989.032,44
50.047,1085879.389,11
48.557,1053535.436,15
42.135,914212.845,56
44.036,955447.446,34
43.583,945616.365,32
40.753,884211.26,59
45.691,991347.434,34
35.281,765482.416,186
43.056,934181.717,48
43.853,951488.126,37
32.167,697938.222,325
48.995,1063054.889,16
44.413,963630.786,27
43.441,942546.602,40
28.893,626889.101,547
38.106,826792.367,98
38.46,834461.242,101
37.738,818807.036,119
37.401,811486.893,112
45.769,993051.236,37
46.797,1015349.74,24
35.83,777407.733,153
34.164,741262.129,218
35.272,765285.979,184
38.682,839286.985,102
39.229,851147.517,89
40.579,880443.258,75
38.465,834583.29,114
46.601,1011108.172,27
42.755,927665.446,44
49.747,1079356.73,14
41.712,905029.687,50
45.738,992385.479,30
35.016,759740.785,183
39.921,866160.556,81
37.082,804560.132,124
40.034,868613.817,72
38.718,840056.767,104
30.669,665432.832,422
47.116,1022281.517,21
42.295,917666.258,52
44.145,957812.723,28
42.046,912274.75,52
39.184,850179.456,95
43.175,936767.99,52
33.398,724634.082,244
32.426,703552.25,338
40.503,878788.583,66
45.99,997841.511,25
33.073,717586.249,282
35.005,759498.316,186
42.975,932424.58,46
41.302,896135.062,64
41.845,907908.525,44
33.615,729345.226,243
45.703,991627.905,29
42.699,926435.406,46
41.741,905654.081,58
38.846,842846.721,104
40.466,877989.636,71
48.219,1046207.752,21
46.875,1017047.577,22
33.452,725811.45,260
42.815,928959.758,47
38.593,837359.548,103
36.714,796585.386,125
41.459,899542.685,68
41.113,892032.098,55
43.119,935543.524,43
50.135,1087768.632,13
34.268,743509.824,219
33.875,734993.588,221
42.052,912404.749,60
40.844,886187.364,69
27.071,587352.234,667
38.836,842619.581,96
38.037,825291.494,107
31.902,692171.98,351
43.311,939715.265,36
38.825,842388.585,106
46.877,1017085.833,17
38.111,826896.054,97
43.659,947271.373,38
36.542,792855.245,146
36.977,802299.671,131
43.012,933225.495,41
42.832,929322.195,39
39.92,866142.01,92
40.157,871288.546,72
35.775,776219.033,153
44.169,958343.82,34
36.683,795907.439,141
42.168,914915.479,53
46.753,1014406.529,30
38.626,838075.446,107
41.095,891631.75,62
34.459,747655.488,217
40.737,883877.541,80
41.281,895667.551,49
38.571,836864.544,110
43.826,950894.409,42
26.618,577530.347,707
35.361,767226.134,173
34.541,749432.65,242
42.773,928055.355,38
44.124,957350.604,40
41.671,904132.808,57
45.473,986626.894,25
38.996,846100.467,76
41.449,899322.819,57
43.875,951960.631,36
36.486,791637.106,149
43.299,939464.467,45
40.484,878371.521,67
37.774,819575.681,105
41.131,892409.14,56
35.358,767167.997,185
49.442,1072735.332,23
37.751,819076.327,103
38.779,841396.177,86
34.87,756575.613,197
36.659,795394.16,140
49.675,1077798.717,20
42.586,923981.92,50
40.683,882707.116,77
51.103,1108786.716,11
43.508,943987.332,41
36.965,802019.89,140
47.358,1027530.789,19
42.836,929408.867,49
32.811,711900.289,263
40.323,874880.897,75
36.782,798062.008,139
44.505,965631.981,37
36.792,798268.345,136
49.106,1065454.067,5
41.202,893957.017,58
36.602,794143.842,144
35.724,775109.592,174
36.239,786288.35,135
37.464,812860.888,114
36.233,786155.306,124
34.96,758530.25,207
41.517,900792.828,70
44.57,967036.105,35
43.949,953560.725,39
40.942,888325.798,69
45.661,990697.628,36
40.863,886597.213,77
35.769,776076.732,172
46.142,1001147.116,27
45.867,995185.859,27
34.643,751648.521,201
35.746,775588.699,160
36.889,800371.833,133
33.723,731695.825,270
38.789,841597.171,97
50.566,1097137.54,15
40.371,875919.655,69
44.96,975487.282,36
47.045,1020743.474,33
35.871,778283.304,198
36.663,795487.564,151
40.363,875758.587,73
38.077,826160.386,100
46.691,1013049.513,31
31.21,677162.939,393
42.007,911426.574,51
40.737,883879.162,79
44.366,962605.56,38
45.023,976863.135,27
38.989,845954.528,68
44.492,965344.128,36
34.866,756484.074,199
40.215,872544.915,99
38.108,826839.57,113
40.57,880255.837,65
45.31,983088.63,37
43.744,949105.908,49
34.355,745402.335,210
40.808,885413.467,63
39.064,847561.359,109
42.743,927387.711,52
46.128,1000829.69,22
35.169,763052.241,170
39.899,865679.606,74
33.954,736697.014,241
40.314,874686.152,62
36.413,790045.538,163
39.368,854166.417,93
41.711,905000.289,64
35.173,763150.834,194
41.155,892943.54,69
49.488,1073744.105,12
41.571,901958.236,71
42.298,917741.63,51
46.431,1007423.921,22
41.134,892494.227,53
37.633,816522.367,110
45.969,997399.788,27
41.859,908219.559,49
28.873,626453.401,561
36.983,802421.304,135
38.814,842146.035,96
35.927,779502.972,168
37.806,820273.628,117
36.07,782615.967,160
42.821,929079.373,40
36.667,795571.36,134
47.517,1030976.432,23
42.443,920878.938,57
48.625,1055015.968,11
37.535,814397.557,113
42.621,924754.245,46
39.958,866967.635,75
37.633,816521.746,114
35.067,760850.145,188
42.124,913957.519,61
37.852,821283.704,129
34.365,745620.901,210
46.521,1009375.872,30
31.991,694107.233,312
42.973,932393.385,59
36.124,783789.431,142
34.229,742658.419,223
42.341,918675.9,54
38.363,832372.036,105
47.647,1033794.088,21
43.725,948705.872,43
44.535,966267.442,23
46.99,1019531.712,22
43.401,941669.802,36
39.616,859546.654,72
34.403,746434.957,235
39.734,862104.069,84
38.139,827503.907,109
44.734,970597.346,31
40.961,888741.161,56
46.237,1003208.395,25
35.13,762225.112,204
40.876,886877.526,71
42.165,914844.381,59
36.229,786065.928,161
35.208,763901.208,193
36.112,783523.577,177
41.42,898694.821,61
35.891,778730.608,172
34.685,752559.438,202
35.741,775482.694,167
40.336,875165.622,73
47.012,1020019.658,19
33.483,726472.576,247
36.848,799485.99,145
44.06,955968.663,38
35.285,765584.79,184
42.477,921625.951,54
42.84,929495.692,47
32.894,713706.755,295
41.018,889974.544,64
40.868,886702.373,78
32.623,707814.778,285
37.562,814976.438,107
34.48,748112.115,202
38.455,834358.088,104
36.319,788002.749,178
34.681,752477.348,208
35.641,773302.872,181
43.003,933027.01,37
30.207,655393.28,423
29.691,644200.477,525
42.418,920337.043,52
31.986,694003.101,338
45.077,978042.086,30
36.613,794389.242,144
39.9,865699.817,71
40.533,879452.914,84
38.526,835904.85,86
42.702,926505.054,48
40.271,873760.324,65
46.822,1015902.281,29
37.847,821167.086,106
46.392,1006564.253,25
48.459,1051410.833,17
41.436,899032.26,60
46.559,1010195.682,22
30.993,672459.524,384
39.197,850456.842,111
30.679,665633.999,427
35.137,762370.744,188
33.134,718914.393,265
46.248,1003451.502,20
34.243,742978.475,203
38.554,836507.636,107
43.374,941077.241,38
39.735,862137.448,82
40.85,886332.101,66
36.414,790071.952,153
40.897,887336.805,74
34.347,745223.369,211
37.439,812311.171,116
37.378,810983.472,110
44.1,956827.608,37
37.854,821319.313,113
39.724,861891.557,80
31.609,685816.925,374
45.819,994136.076,23
34.732,753572.816,194
37.396,811388.785,128
42.148,914481.814,58
37.885,821996.155,112
37.265,808546.156,139
47.424,1028965.223,28
44.546,966522.075,32
35.862,778090.887,130
37.839,820997.308,109
48.0,1041454.285,19
41.41,898463.709,48
43.544,944769.841,42
35.606,772550.556,154
44.311,961419.837,27
35.933,779632.866,167
47.2,1024097.226,13
41.497,900356.229,72
43.036,933750.891,55
35.845,777723.626,155
43.331,940162.479,43
52.268,1134051.351,8
39.428,855463.81,78
41.953,910256.889,57
38.009,824677.989,81
33.252,721472.109,269
52.605,1141377.393,6
50.783,1101839.6,16
38.147,827669.819,104
45.406,985181.349,33
43.742,949080.658,39
42.418,920337.368,48
25.963,563308.992,774
39.738,862185.223,76
39.542,857934.994,91
45.515,987542.809,23
38.069,825989.123,101
46.452,1007878.834,23
34.988,759137.549,183
40.237,873020.2,88
43.673,947578.91,27
52.146,1131416.829,12
30.079,652625.939,454
47.073,1021342.607,22
42.002,911318.996,56
35.894,778785.09,171
36.747,797304.558,139
35.031,760058.399,196
48.143,1044561.488,15
42.526,922679.248,43
40.626,881457.822,58
36.442,790688.909,138
26.707,579459.483,706
35.314,766200.536,192
44.765,971262.825,29
32.729,710124.545,276
45.36,984167.033,26
46.215,1002717.599,20
37.857,821393.88,110
34.348,745239.315,230
44.333,961901.266,46
41.658,903853.189,72
39.733,862090.315,107
39.653,860355.156,69
42.701,926481.502,42
44.599,967654.993,41
40.64,881758.46,67
39.319,853103.545,72
44.253,960149.671,36
39.256,851729.592,92
49.242,1068408.311,15
35.332,766608.295,218
44.07,956183.962,40
43.481,943417.414,36
41.088,891484.708,65
39.788,863274.978,77
45.826,994286.434,34
37.362,810650.755,106
33.784,733001.264,247
45.794,993594.866,29
31.826,690528.673,315
47.932,1039972.009,18
38.948,845055.098,91
43.28,939046.537,35
35.596,772326.836,154
45.113,978814.688,30
43.241,938190.452,40
33.604,729107.534,244
42.305,917897.706,48
37.226,807693.611,121
40.1,870040.923,65
41.62,903039.968,61
30.945,671409.296,372
37.433,812175.055,131
43.294,939342.506,42
35.072,760967.643,169
45.228,981317.275,36
30.22,655689.871,437
42.281,917378.75,42
43.422,942125.631,35
40.271,873757.622,69
39.718,861756.731,80
46.134,1000960.054,22
42.139,914294.07,43
45.55,988292.403,27
38.249,829895.054,107
40.256,873443.094,89
41.476,899903.17,51
39.021,846644.0,102
31.68,687367.421,347
41.57,901938.431,56
40.75,884142.503,69
44.504,965599.527,34
45.074,977962.935,30
50.346,1092353.175,10
37.953,823469.815,106
38.32,831424.751,105
46.314,1004864.151,34
46.595,1010965.303,28
39.619,859616.517,68
37.79,819940.213,109
53.114,1152411.771,10
40.169,871537.637,81
33.049,717053.342,240
35.265,765135.389,184
43.856,951538.886,42
37.655,816996.949,120
44.771,971400.496,34
38.66,838796.543,83
38.347,832018.838,87
37.755,819173.822,104
33.111,718419.581,286
34.099,739841.974,206
40.731,883748.599,85
35.351,767006.501,177
37.138,805777.872,126
32.527,705743.496,300
33.378,724197.186,262
41.094,891616.726,61
42.01,911489.349,57
36.42,790195.08,145
38.915,844329.109,104
42.252,916751.13,48
43.889,952257.175,31
42.946,931790.307,36
41.25,894998.635,51
39.19,850297.541,83
37.081,804541.433,110
41.141,892626.89,61
41.755,905959.39,49
44.518,965904.136,43
30.747,667127.201,423
32.836,712432.236,300
48.83,1059454.535,11
42.685,926129.609,49
45.825,994273.01,29
45.378,984568.195,32
39.614,859495.348,71
42.494,921993.956,69
35.091,761361.005,186
40.661,882224.271,57
39.366,854122.29,87
33.965,736947.267,228
36.76,797571.13,139
32.478,704685.608,310
37.744,818924.587,113
29.902,648779.021,447
46.954,1018760.661,25
38.458,834424.503,106
34.92,757652.583,181
34.589,750480.167,217
31.601,685643.057,370
33.374,724118.738,267
41.343,897025.349,55
39.614,859506.016,74
33.439,725536.485,247
36.092,783081.567,135
45.353,984021.458,27
45.053,977510.508,31
45.332,983575.061,27
38.519,835753.462,114
45.18,980271.96,35
42.909,930993.782,47
38.368,832472.816,96
44.002,954713.701,36
52.751,1144528.685,15
35.015,759711.434,193
42.713,926746.636,44
43.127,935735.82,47
39.064,847579.371,90
45.859,994992.513,20
30.692,665914.411,417
35.456,769284.261,156
45.984,997712.904,19
34.916,757579.116,187
38.767,841118.14,103
42.571,923654.56,51
45.811,993970.346,28
36.349,788655.68,162
39.53,857675.962,79
40.778,884768.865,55
39.033,846890.003,96
39.591,858995.081,73
35.065,760800.759,189
29.602,642271.392,448
35.206,763871.658,172
31.354,680278.827,355
39.402,854913.572,82
34.212,742302.519,229
35.284,765556.947,183
40.13,870707.865,76
40.061,869202.512,78
43.601,946014.457,31
30.94,671299.444,373
39.552,858163.024,101
36.394,789637.34,150
33.429,725307.625,263
43.274,938926.54,49
41.954,910271.612,59
42.169,914936.069,51
44.872,973589.629,27
34.992,759228.809,186
35.874,778365.348,151
44.337,961971.018,49
41.672,904167.992,48
39.461,856174.912,86
38.933,844738.038,85
43.866,951761.186,34
42.724,926979.197,48
38.372,832548.964,124
31.123,675276.954,358
35.575,771871.967,163
44.124,957363.465,34
37.494,813512.787,165
46.882,1017192.869,32
43.409,941853.506,38
36.813,798738.823,123
38.375,832626.781,103
38.286,830693.54,116
34.457,747621.119,200
33.876,735009.915,230
44.049,955721.029,53
40.996,889480.668,62
34.311,744438.807,211
42.002,911306.709,51
45.006,976489.526,42
40.474,878159.247,77
43.285,939154.811,47
30.76,667397.256,388
38.358,832255.103,100
48.689,1056397.819,19
38.571,836879.265,84
46.136,1001018.806,21
38.123,827152.618,86
43.892,952335.38,37
34.276,743690.406,203
35.407,768231.135,173
37.417,811832.481,110
39.987,867587.78,82
44.107,956992.492,45
42.668,925775.514,40
32.653,708472.998,316
45.226,981270.925,37
35.493,770083.725,181
40.483,878361.078,72
44.519,965928.082,35
37.917,822694.497,113
51.207,1111034.155,10
39.36,853999.66,85
43.881,952095.273,36
34.709,753077.841,214
39.669,860690.777,82
33.516,727204.934,233
38.076,826140.152,107
41.525,900971.675,64
38.315,831325.383,107
37.634,816539.151,109
38.673,839085.59,103
41.956,910320.21,61
33.657,730252.134,237
36.131,783942.974,145
34.986,759085.614,189
38.509,835530.725,101
33.658,730273.839,265
38.917,844371.853,94
43.673,947575.027,45
43.343,940409.262,49
37.579,815346.287,137
40.219,872639.902,69
44.917,974564.043,31
35.253,764890.185,209
38.81,842054.547,90
41.65,903688.311,52
43.668,947468.932,32
39.812,863797.008,70
32.597,707261.486,293
40.077,869547.754,81
42.963,932162.828,43
27.526,597236.947,647
42.311,918014.167,42
44.702,969893.981,40
39.993,867733.332,66
41.467,899712.648,68
46.806,1015555.614,30
38.564,836713.298,97
35.14,762427.67,178
42.168,914915.266,53
44.916,974547.947,33
33.899,735504.161,222
29.121,631838.933,514
33.537,727644.642,265
30.908,670611.166,381
42.226,916169.522,31
31.371,680646.384,400
43.416,941994.012,50
43.979,954216.023,42
45.861,995043.197,32
38.427,833749.003,116
34.697,752831.161,197
41.307,896236.319,57
39.929,866341.321,85
42.796,928534.24,45
45.848,994766.288,29
37.636,816582.035,136
39.914,866023.381,76
42.625,924836.262,42
37.634,816540.715,110
39.222,850993.474,90
32.438,703802.78,319
41.977,910777.67,46
38.622,837973.455,92
40.698,883028.635,62
35.23,764382.723,192
36.039,781947.806,163
44.486,965207.955,30
46.57,1010422.817,23
51.648,1120611.393,8
37.736,818749.107,119
41.08,891312.662,69
43.327,940057.436,47
44.688,969587.717,40
28.533,619076.394,574
37.908,822496.78,116
45.019,976777.754,32
40.961,888735.882,68
36.836,799240.572,130
34.667,752175.378,215
40.987,889299.798,57
40.236,873007.955,66
32.495,705035.658,304
45.884,995540.426,41
37.552,814762.241,92
37.882,821936.486,99
39.237,851335.79,87
40.061,869194.651,79
32.734,710235.311,291
39.285,852367.066,76
36.786,798143.563,135
40.011,868111.774,90
42.845,929614.992,34
40.482,878340.394,80
45.123,979023.58,25
39.704,861462.869,89
40.224,872747.152,93
31.604,685718.633,372
32.192,698472.834,321
46.72,1013675.198,25
47.819,1037518.318,27
47.18,1023656.273,31
41.211,894147.858,59
43.379,941187.767,42
38.042,825404.135,101
47.172,1023493.377,20
41.374,897687.571,50
46.839,1016259.282,23
33.991,737493.381,224
35.096,761477.016,181
37.675,817443.708,120
41.506,900555.948,50
34.938,758054.142,198
34.415,746701.554,224
37.835,820901.876,106
38.924,844530.561,98
47.577,1032267.789,18
40.156,871259.169,76
37.333,810011.886,126
36.247,786461.553,171
30.72,666525.963,436
39.421,855325.937,81
36.689,796035.616,167
48.886,1060672.319,17
44.679,969399.087,42
33.244,721285.293,271
47.964,1040669.014,25
44.101,956852.036,48
41.257,895142.932,63
39.902,865761.384,79
35.383,767704.711,167
36.589,793866.679,135
43.198,937257.316,41
39.572,858597.437,89
40.676,882549.315,65
35.771,776130.576,160
42.603,924358.869,48
32.647,708336.291,295
37.524,814168.42,128
30.507,661905.536,418
42.575,923742.04,42
37.649,816872.178,107
48.655,1055658.024,11
36.33,788253.186,122
42.786,928333.529,46
41.382,897857.245,65
35.787,776460.742,152
36.106,783398.97,183
31.472,682842.536,387
47.33,1026925.918,21
37.559,814927.66,112
45.322,983358.224,29
40.242,873125.302,79
43.84,951187.189,41
33.938,736342.134,265
38.111,826887.017,109
46.305,1004678.65,30
31.118,675172.124,401
33.97,737048.168,240
36.675,795743.713,163
45.827,994312.223,29
38.042,825388.914,100
37.654,816980.64,124
35.211,763970.256,173
35.32,766330.214,190
36.59,793891.47,136
44.313,961456.851,33
38.131,827334.07,115
34.355,745391.923,210
44.274,960604.796,31
39.648,860233.629,73
42.699,926434.489,60
42.181,915196.566,59
28.989,628967.547,528
32.302,700859.507,286
40.676,882548.26,78
35.582,772023.768,162
38.767,841122.15,93
42.933,931527.682,44
47.307,1026428.053,20
40.493,878575.071,68
35.215,764065.043,179
42.538,922946.389,45
35.503,770318.494,173
38.511,835575.319,104
47.279,1025820.243,26
39.851,864655.922,88
41.271,895465.209,67
47.518,1031004.678,15
43.336,940256.367,45
30.763,667469.276,393
37.575,815272.578,139
39.508,857206.009,80
32.582,706924.633,313
38.634,838231.432,89
36.732,796965.76,145
36.2,785436.53,166
38.524,835854.802,115
48.867,1060261.665,23
33.958,736789.756,212
40.217,872582.936,64
38.626,838074.326,110
39.612,859450.996,74
41.326,896647.623,59
46.948,1018620.032,23
45.065,977767.698,44
33.105,718272.691,265
38.522,835808.055,91
46.726,1013824.153,27
33.41,724904.804,270
36.313,787884.775,132
31.837,690770.591,322
36.382,789389.594,152
43.922,952984.369,34
27.266,591596.363,662
42.041,912156.787,51
38.102,826693.49,96
41.025,890118.628,60
48.155,1044824.512,18
41.548,901476.687,52
36.938,801453.568,152
39.009,846388.662,86
43.462,942993.34,50
32.72,709934.83,338
34.58,750292.441,196
35.073,760974.38,192
38.433,833879.159,104
44.005,954775.244,36
29.658,643483.243,472
34.766,754320.523,188
54.435,1181077.337,3
42.879,930337.188,46
39.24,851392.102,94
40.937,888202.263,61
40.195,872106.61,81
40.417,876917.94,68
46.388,1006471.009,27
38.595,837395.082,107
33.789,733127.288,226
26.533,575688.062,735
41.061,890904.634,47
30.114,653389.109,475
45.707,991712.178,28
42.602,924336.169,42
39.368,854159.323,99
40.05,868960.774,72
27.691,600807.657,639
36.708,796453.383,148
39.342,853604.259,90
38.962,845364.931,96
46.365,1005984.327,25
39.156,849571.097,84
39.252,851649.243,95
51.29,1112845.981,4
38.032,825183.417,104
41.695,904654.172,45
38.29,830767.989,109
42.324,918300.996,51
43.234,938048.437,44
32.06,695597.792,330
40.732,883752.54,60
39.742,862290.925,81
46.998,1019717.187,14
30.554,662940.517,439
44.139,957685.341,42
45.302,982922.529,24
37.819,820565.255,98
40.881,886987.724,59
43.615,946316.652,50
36.561,793260.778,136
45.664,990774.405,33
39.456,856071.496,93
41.252,895034.222,54
40.183,871860.182,76
31.089,674533.802,376
46.591,1010895.546,26
38.202,828860.288,120
37.346,810291.072,117
38.923,844513.556,101
40.278,873916.876,79
35.11,761786.569,213
38.22,829264.948,97
37.811,820379.344,120
29.903,648799.412,465
37.932,823015.205,105
39.452,855989.111,78
47.283,1025896.939,29
39.241,851406.478,92
37.13,805610.755,122
47.021,1020204.498,24
35.096,761474.861,165
45.421,985508.518,34
35.537,771044.004,182
42.072,912841.624,46
38.026,825043.682,116
45.642,990295.301,35
45.382,984648.878,22
43.861,951653.413,33
34.7,752893.056,199
43.53,944479.71,44
43.064,934354.961,53
36.455,790959.779,144
42.036,912062.399,52
38.701,839689.568,99
37.56,814938.046,106
37.265,808539.201,133
43.328,940097.847,58
49.475,1073463.611,10
41.09,891538.424,64
38.411,833401.54,101
39.85,864626.348,80
38.676,839148.06,86
34.981,758987.524,177
43.97,954010.587,37
39.29,852485.075,73
35.943,779846.277,157
35.39,767855.961,179
36.216,785769.457,176
45.631,990057.4,25
31.321,679567.233,372
45.214,981010.279,29
37.746,818968.69,132
32.258,699908.244,320
33.091,717979.684,263
37.784,819793.753,150
38.543,836275.417,112
31.92,692560.689,334
34.161,741198.749,228
38.707,839816.72,98
44.336,961956.245,31
35.425,768617.693,193
46.658,1012332.805,29
36.464,791160.709,140
33.028,716618.995,272
45.629,990003.754,25
47.767,1036407.949,22
42.016,911620.63,51
45.286,982561.015,36
43.822,950800.984,45
43.11,935364.783,46
28.353,615181.311,558
37.036,803567.12,131
38.349,832068.89,106
47.52,1031040.269,25
39.698,861321.291,82
46.497,1008845.485,27
35.873,778346.834,156
42.007,911426.178,57
34.917,757592.002,193
38.979,845729.744,92
43.789,950088.186,38
34.57,750064.213,221
35.648,773457.235,169
44.935,974964.926,36
37.999,824473.236,118
36.98,802345.841,121
31.259,678221.146,392
35.327,766499.392,161
36.509,792129.224,140
41.805,907041.69,60
43.813,950609.315,38
43.264,938691.77,40
40.04,868746.185,72
42.191,915409.31,63
49.399,1071801.149,18
32.369,702307.08,305
38.516,835688.978,87
43.399,941626.625,35
37.004,802864.99,144
45.654,990547.879,33
40.961,888725.876,69
42.237,916415.609,52
31.774,689402.998,318
42.53,922783.76,42
41.971,910640.637,50
37.071,804327.029,141
40.244,873166.709,63
35.984,780743.963,169
35.822,777223.336,161
42.903,930868.538,61
41.62,903026.693,56
37.35,810376.603,125
50.146,1088024.975,22
40.035,868635.934,84
37.27,808652.49,132
34.885,756907.91,196
39.734,862119.029,73
41.354,897249.032,70
40.958,888661.955,59
41.73,905425.623,44
44.63,968341.22,40
32.399,702958.362,319
34.542,749452.89,215
41.62,903031.413,61
36.987,802496.716,110
45.038,977197.323,36
39.085,848021.239,99
32.247,699657.166,300
45.299,982842.057,42
39.011,846422.041,91
43.396,941552.874,39
37.6,815803.334,120
40.197,872159.357,81
33.798,733321.721,228
37.931,822996.869,108
39.554,858210.12,74
41.637,903391.96,70
44.547,966535.88,50
45.476,986695.746,35
42.256,916839.195,51
43.908,952673.967,39
45.989,997827.879,28
38.975,845633.839,94
45.608,989560.576,36
31.666,687055.801,332
44.416,963699.841,43
36.954,801785.725,118
39.212,850784.224,74
38.236,829597.235,110
31.153,675928.274,367
44.897,974134.885,28
40.118,870437.161,90
41.733,905472.98,49
45.632,990067.276,25
41.521,900886.028,58
41.768,906233.469,52
41.962,910454.933,54
40.74,883940.32,54
33.391,724494.094,253
31.252,678082.589,361
36.709,796477.804,146
38.923,844514.386,98
43.494,943690.826,54
31.946,693129.141,333
50.399,1093509.264,11
44.176,958485.105,43
39.669,860691.154,66
40.82,885671.616,73
32.438,703802.047,311
43.552,944958.063,45
46.63,1011731.638,30
48.911,1061211.326,18
42.437,920756.351,56
33.605,729121.175,267
47.602,1032822.002,27
40.268,873704.178,60
31.69,687569.97,340
44.375,962808.861,29
41.133,892454.007,68
45.188,980440.215,33
44.851,973133.186,36
42.681,926049.226,60
36.014,781401.644,166
40.457,877802.702,77
42.626,924855.969,53
28.099,609661.736,600
38.98,845758.237,103
41.569,901924.346,57
39.489,856782.53,91
50.854,1103376.407,18
40.402,876609.672,71
48.621,1054940.075,10
32.444,703947.34,307
43.452,942783.108,48
36.704,796377.156,147
49.979,1084403.807,15
44.586,967372.744,29
40.375,876011.547,63
43.143,936066.525,42
52.47,1138434.391,13
37.38,811043.784,141
43.879,952040.009,46
36.04,781952.01,162
47.002,1019799.864,32
43.459,942928.216,42
38.905,844116.46,96
43.827,950915.703,32
43.984,954310.171,59
34.659,751996.887,194
38.664,838883.481,92
29.557,641307.242,501
40.533,879454.508,66
41.436,899036.629,64
40.622,881379.202,55
39.579,858742.634,64
42.95,931889.041,48
40.987,889305.123,63
51.537,1118200.372,18
41.131,892411.689,59
38.527,835910.453,112
35.186,763437.932,169
48.156,1044840.119,18
36.234,786160.521,142
29.374,637317.134,533
40.34,875260.325,73
37.683,817614.435,119
35.761,775899.236,198
34.35,745281.988,246
32.013,694593.064,334
42.214,915920.734,43
38.177,828324.207,113
34.863,756425.224,215
39.158,849606.074,85
37.635,816576.679,113
34.279,743746.792,215
28.4,616192.942,570
48.398,1050089.52,19
38.758,840926.996,92
42.88,930365.669,42
38.629,838130.576,98
38.85,842936.288,96
50.972,1105941.648,11
38.782,841456.576,108
44.179,958553.569,48
37.569,815135.393,125
40.989,889347.346,68
34.153,741022.118,221
43.86,951620.133,42
41.43,898906.765,55
38.076,826136.82,104
35.704,774660.743,160
53.931,1170141.998,9
39.811,863768.51,65
44.183,958640.746,39
25.352,550060.746,831
43.881,952087.065,38
38.43,833819.966,108
43.926,953063.006,36
39.261,851849.845,74
39.957,866942.464,78
39.671,860748.024,88
33.553,727993.299,251
40.364,875774.385,75
34.626,751275.04,204
48.135,1044388.596,18
41.902,909142.032,62
41.752,905895.112,50
45.061,977686.152,38
43.326,940051.483,41
41.972,910672.258,56
46.551,1010006.483,30
36.637,794922.365,129
31.875,691594.213,317
32.158,697741.907,331
31.003,672672.185,396
50.472,1095101.104,12
40.541,879628.491,69
34.085,739539.238,238
43.954,953670.847,43
38.482,834952.072,107
36.043,782033.838,177
40.216,872565.998,76
42.777,928123.917,53
34.456,747594.437,256
40.902,887445.769,63
38.917,844372.544,91
38.242,829741.404,114
26.577,576630.833,691
32.644,708268.269,289
44.199,958988.605,36
44.76,971156.985,32
38.178,828350.971,102
42.669,925778.567,48
39.183,850152.529,71
41.506,900549.582,70
36.854,799620.956,127
43.516,944172.291,42
40.012,868142.046,70
46.882,1017206.894,28
46.692,1013082.487,30
32.712,709759.869,278
39.207,850666.183,85
48.286,1047662.328,23
43.819,950744.641,33
44.632,968373.41,29
40.038,868706.774,89
41.413,898536.835,60
46.315,1004894.205,25
40.338,875208.942,60
34.87,756575.77,186
41.777,906444.993,53
38.352,832123.166,88
38.924,844532.715,86
34.483,748184.012,235
46.327,1005146.506,28
41.022,890044.821,59
36.721,796726.66,115
39.839,864385.099,77
43.546,944824.11,45
39.113,848632.385,99
38.065,825899.935,97
32.519,705572.085,273
35.391,767883.113,168
38.234,829566.167,106
37.8,820141.964,107
34.625,751258.233,215
30.939,671285.056,415
40.588,880634.648,71
39.367,854149.854,95
47.353,1027423.538,24
33.728,731801.099,235
40.702,883113.394,68
34.145,740838.315,244
42.046,912282.568,49
41.047,890604.673,55
38.087,826367.577,107
33.899,735508.981,230
30.615,664257.502,414
42.755,927660.432,49
35.093,761409.843,170
39.496,856940.634,71
45.947,996912.735,36
42.178,915135.042,49
39.602,859244.359,88
42.383,919590.41,52
42.313,918074.436,58
45.562,988551.058,29
31.192,676777.459,386
42.287,917494.713,54
32.841,712543.507,280
38.708,839849.349,111
35.41,768288.06,189
44.382,962964.05,29
30.759,667384.34,398
42.4,919956.664,59
35.722,775069.934,173
47.305,1026369.232,24
32.766,710922.339,324
52.559,1140380.448,8
35.79,776536.154,161
34.761,754209.289,213
37.137,805765.246,123
42.224,916135.433,71
38.792,841661.0,98
37.503,813700.02,109
32.433,703698.136,296
34.643,751642.38,197
28.263,613217.004,561
38.108,826821.151,100
46.613,1011357.042,20
40.698,883017.926,59
38.629,838142.222,99
37.466,812902.307,123
36.045,782064.742,169
34.871,756602.876,211
43.892,952314.652,34
39.401,854875.433,101
42.476,921604.04,44
42.739,927301.323,48
38.372,832548.539,109
39.866,864979.313,64
45.189,980462.424,39
46.393,1006581.893,25
30.668,665395.632,423
44.37,962704.086,33
47.433,1029152.303,19
38.315,831321.578,116
45.358,984130.687,39
50.457,1094772.556,9
43.063,934334.893,39
41.96,910410.923,42
39.65,860275.506,82
35.21,763952.806,182
35.132,762250.02,193
33.827,733933.947,210
39.285,852359.989,83
35.234,764466.866,181
34.159,741139.128,195
34.387,746099.268,195
45.731,992223.388,37
35.978,780605.012,179
33.698,731155.739,290
39.437,855657.856,92
41.087,891472.714,72
34.708,753063.663,211
37.51,813859.479,139
39.228,851125.415,93
38.648,838550.391,100
38.879,843549.803,96
37.358,810550.374,108
46.272,1003972.466,27
47.033,1020480.038,24
35.228,764349.254,176
34.688,752630.407,212
37.115,805290.999,127
47.432,1029137.044,22
33.052,717129.889,256
33.677,730692.425,249
42.417,920312.092,50
43.116,935486.665,49
39.898,865656.175,93
40.006,868005.717,70
45.092,978357.522,23
37.294,809162.886,110
42.289,917541.744,48
45.547,988223.148,26
33.003,716076.33,288
44.114,957147.558,43
35.935,779689.729,187
38.944,844967.525,94
39.247,851541.986,82
41.361,897408.682,68
44.616,968026.544,47
38.435,833915.078,105
33.825,733900.608,251
44.5,965522.752,38
36.535,792689.827,141
46.47,1008254.547,28
38.613,837779.665,102
45.109,978735.383,34
39.446,855849.781,81
42.876,930274.889,45
33.821,733824.834,244
36.383,789402.233,146
35.914,779223.918,170
38.769,841175.14,87
39.312,852942.799,73
32.856,712878.003,279
40.921,887863.803,77
47.165,1023343.322,19
35.921,779377.577,192
32.536,705925.163,302
36.914,800926.228,119
40.854,886405.873,66
45.18,980277.334,34
46.265,1003813.091,27
42.731,927133.938,48
36.48,791507.628,149
39.134,849085.04,70
47.678,1034473.434,23
40.083,869671.987,73
40.385,876233.267,68
37.648,816850.42,124
40.553,879879.299,71
41.554,901589.044,56
51.621,1120015.748,20
41.236,894707.765,68
42.772,928031.58,56
33.667,730462.543,253
49.105,1065428.824,9
39.111,848581.169,87
45.225,981254.324,24
42.154,914614.746,67
42.454,921134.226,55
35.873,778330.054,178
45.217,981074.993,29
34.994,759266.196,189
43.592,945813.272,33
38.303,831062.541,95
52.151,1131528.032,16
35.115,761881.829,191
43.371,941027.79,57
38.478,834854.503,94
41.066,890999.742,70
42.877,930295.242,52
37.412,811735.45,139
42.538,922944.818,57
43.488,943555.083,45
33.752,732308.909,249
32.129,697108.987,339
44.52,965951.581,28
42.267,917072.493,44
39.331,853371.589,78
27.398,594443.89,653
38.517,835713.368,106
33.367,723960.652,258
31.262,678297.93,389
41.971,910644.18,49
39.229,851156.416,88
39.882,865323.588,85
37.047,803818.769,130
38.416,833505.994,100
35.107,761727.138,180
37.307,809448.733,119
35.673,773999.204,187
36.818,798842.868,132
32.182,698243.933,293
43.592,945821.1,49
37.664,817188.982,114
34.686,752574.008,214
27.059,587102.544,730
46.017,998432.883,29
38.977,845681.415,91
45.14,979399.201,31
42.223,916106.141,50
44.251,960123.019,35
43.305,939582.6,43
33.954,736691.702,221
40.009,868070.921,88
44.896,974114.403,30
38.507,835482.517,91
39.079,847894.517,98
39.238,851346.421,79
37.039,803634.051,131
33.046,716990.279,259
42.422,920431.137,37
43.016,933309.802,41
38.498,835290.151,131
39.729,862005.864,73
40.714,883372.094,66
26.843,582412.259,683
47.549,1031666.448,11
39.448,855896.544,73
42.399,919941.178,57
45.677,991063.184,34
31.324,679639.836,363
48.262,1047142.703,12
35.815,777084.698,166
46.853,1016576.078,24
35.66,773716.051,156
35.496,770148.249,152
42.516,922476.934,42
37.616,816151.54,109
36.206,785567.706,162
45.01,976573.573,40
45.465,986452.342,34
35.484,769891.333,174
43.901,952516.144,31
40.21,872427.648,80
45.783,993343.043,27
34.739,753728.358,190
45.204,980800.184,31
46.457,1007975.886,26
40.049,868943.314,70
36.514,792233.834,143
36.68,795845.416,144
37.973,823908.651,99
54.12,1174236.176,4
44.759,971142.039,47
45.148,979573.267,34
44.168,958303.873,43
50.416,1093880.652,10
35.478,769760.477,194
39.196,850444.315,90
44.8,972019.527,36
40.332,875073.11,60
36.013,781381.738,169
39.733,862081.424,95
38.398,833124.319,100
44.049,955729.022,24
36.205,785550.001,133
41.971,910641.168,61
45.941,996774.846,27
46.621,1011529.958,29
34.875,756680.155,203
41.51,900645.82,47
37.787,819873.267,111
34.399,746363.105,229
42.47,921480.285,56
36.433,790483.97,133
35.839,777601.125,162
34.922,757697.202,245
42.514,922434.892,48
45.895,995773.732,27
35.424,768590.898,185
35.455,769277.876,191
42.942,931714.694,43
43.58,945551.167,35
41.327,896664.656,67
32.199,698627.056,337
45.603,989455.476,26
34.064,739095.13,224
50.068,1086333.265,11
35.213,764015.148,173
33.055,717187.953,277
47.907,1039435.875,13
47.29,1026046.621,21
38.457,834412.329,95
40.801,885250.401,67
39.707,861518.846,87
39.445,855848.155,75
36.359,788882.802,145
43.586,945696.08,36
40.701,883089.8,67
39.627,859789.558,86
36.393,789623.239,159
41.003,889632.265,55
40.631,881579.857,74
39.575,858654.425,81
45.099,978505.099,25
40.272,873785.975,75
38.817,842214.961,108
42.444,920907.716,46
43.166,936576.297,45
37.791,819941.263,108
42.124,913966.956,54
43.16,936443.491,55
34.109,740057.601,222
35.021,759849.31,200
54.621,1185121.664,3
40.129,870668.845,59
47.427,1029032.368,19
41.215,894252.176,64
43.569,945320.178,46
37.993,824329.422,112
45.299,982842.422,39
41.1,891740.458,73
45.702,991601.347,39
34.733,753604.743,209
30.141,653963.177,431
39.637,860009.172,74
37.976,823968.112,90
38.603,837563.472,91
36.762,797621.961,146
42.231,916277.105,55
32.344,701771.833,320
38.939,844863.333,98
44.611,967928.507,31
39.533,857752.01,84
34.062,739038.289,236
44.966,975636.097,27
30.997,672544.209,385
45.564,988598.398,21
48.072,1043028.934,18
36.722,796754.549,141
37.528,814248.027,137
34.317,744572.645,203
31.7,687790.499,390
42.032,911979.131,57
40.233,872925.618,66
35.115,761900.177,187
43.096,935060.913,41
41.229,894539.546,59
34.428,746990.189,188
34.707,753037.972,206
40.975,889037.068,72
32.014,694611.348,305
42.47,921474.639,51
37.345,810276.529,110
49.103,1065381.99,13
32.474,704595.239,331
45.435,985810.613,32
49.789,1080279.983,17
42.706,926599.687,44
36.992,802608.194,133
37.262,808465.712,115
30.854,669449.776,392
39.213,850801.356,87
50.384,1093186.567,12
45.924,996406.829,31
42.592,924109.398,51
48.387,1049845.72,22
29.54,640930.433,452
39.396,854771.25,83
36.482,791542.625,152
38.345,831962.742,110
48.694,1056508.294,14
36.649,795183.328,156
38.943,844956.949,92
39.044,847127.501,101
41.18,893479.446,63
39.216,850880.348,85
45.242,981623.721,35
40.537,879528.697,66
44.631,968364.45,31
36.594,793977.806,154
36.877,800129.405,114
41.261,895249.213,54
37.197,807053.985,120
41.076,891231.987,53
39.909,865913.039,73
38.896,843921.68,85
38.885,843697.048,87
40.102,870082.262,72
35.669,773910.871,169
39.272,852091.264,89
39.096,848272.673,89
47.907,1039448.109,15
39.758,862637.224,87
47.568,1032084.306,25
45.162,979877.272,32
35.825,777301.17,161
39.697,861306.037,72
49.376,1071315.391,18
42.065,912694.533,60
47.026,1020329.448,22
32.8,711667.185,276
36.323,788098.949,157
43.129,935771.434,39
33.136,718958.006,243
35.496,770156.568,167
42.806,928769.032,63
45.691,991354.71,37
36.924,801129.722,114
39.708,861534.816,54
35.337,766701.154,155
39.75,862448.536,70
49.077,1064831.049,20
33.388,724420.101,264
41.149,892805.52,70
42.1,913440.828,62
42.015,911592.082,53
34.135,740636.474,254
33.693,731042.609,242
35.408,768243.757,174
31.202,676997.241,351
42.958,932062.513,50
40.594,880778.185,54
39.522,857513.594,73
41.149,892800.961,55
30.313,657711.121,416
36.12,783703.078,158
49.203,1067559.948,12
39.467,856323.198,85
32.382,702589.409,297
40.152,871186.669,85
38.981,845766.545,82
34.663,752083.32,198
35.749,775639.405,167
40.99,889351.435,60
44.863,973398.69,32
36.063,782467.981,136
40.816,885574.68,72
47.023,1020261.358,32
42.594,924153.921,43
40.283,874025.57,68
37.361,810624.751,118
37.982,824096.403,118
33.829,733995.418,253
41.318,896470.909,55
38.068,825955.659,114
43.929,953127.599,38
44.723,970348.448,36
34.137,740671.137,233
33.194,720216.419,297
40.355,875576.943,58
40.431,877240.152,61
30.411,659820.407,451
36.542,792854.683,147
46.291,1004368.377,28
43.412,941916.79,48
42.163,914805.204,54
39.993,867719.527,76
36.678,795807.085,139
44.145,957821.34,44
44.788,971771.123,40
44.122,957305.007,39
45.661,990709.575,20
38.146,827659.215,123
37.274,808740.23,141
41.951,910205.203,53
33.298,722470.48,256
37.153,806118.578,124
34.894,757095.094,226
42.051,912385.443,45
40.99,889364.458,69
36.226,785987.073,158
27.926,605920.591,618
39.146,849357.01,75
34.743,753823.213,227
40.045,868865.093,75
45.932,996579.842,28
39.986,867566.814,89
33.359,723780.722,257
37.478,813168.769,131
41.605,902695.412,59
39.81,863767.835,76
32.715,709825.86,324
37.939,823171.107,100
45.757,992786.308,27
46.183,1002031.371,34
43.214,937610.675,45
42.766,927901.739,53
33.596,728936.544,249
35.209,763938.996,195
44.831,972707.984,32
42.835,929399.108,48
34.782,754654.97,204
30.76,667402.519,426
35.804,776835.426,165
40.841,886137.912,69
40.216,872567.307,70
31.351,680216.666,373
35.707,774730.807,165
47.693,1034803.492,23
29.555,641255.391,517
43.514,944125.062,48
41.493,900274.357,56
39.162,849698.462,103
40.415,876882.205,70
45.074,977965.331,33
53.565,1162204.389,14
46.134,1000971.519,19
42.969,932302.91,47
34.061,739025.118,224
40.713,883346.224,75
39.388,854604.02,92
30.243,656190.385,394
34.0,737700.454,218
43.307,939626.469,49
37.892,822148.595,110
41.299,896062.914,56
42.394,919818.03,49
44.731,970523.952,46
35.176,763222.89,182
36.335,788367.224,150
43.398,941616.717,40
44.412,963606.695,29
39.037,846995.336,79
42.923,931294.322,50
44.034,955408.325,35
35.935,779682.587,170
32.126,697034.002,328
38.537,836131.42,106
42.558,923384.877,58
45.896,995812.853,26
38.135,827404.379,118
38.938,844842.582,101
40.837,886030.801,65
38.962,845349.665,81
36.262,786776.214,160
48.102,1043659.904,26
35.845,777731.022,173
40.198,872173.923,75
43.361,940794.339,41
42.252,916750.158,73
42.626,924859.408,35
39.789,863296.39,75
37.284,808949.238,143
41.068,891062.639,79
40.111,870291.462,69
47.231,1024775.303,25
32.078,695989.087,300
42.095,913333.869,57
37.386,811166.607,118
38.055,825680.112,108
42.213,915892.461,50
41.472,899820.104,41
49.799,1080486.874,8
51.448,1116261.037,12
36.625,794662.341,142
38.433,833877.026,108
45.173,980118.931,32
36.908,800798.823,129
43.001,932995.604,45
53.623,1163448.429,8
37.362,810652.848,117
39.428,855470.399,80
42.038,912102.326,60
46.404,1006822.318,27
33.482,726450.302,249
34.897,757150.423,214
41.011,889818.908,66
37.296,809218.03,140
41.336,896877.661,59
42.067,912716.851,47
40.553,879876.878,62
39.135,849119.169,102
43.915,952826.361,43
35.094,761439.998,185
39.986,867570.531,59
49.183,1067121.386,19
37.262,808467.729,124
41.804,907030.373,39
45.688,991293.261,21
32.331,701488.528,303
36.919,801041.047,120
41.797,906865.51,57
42.782,928246.509,45
46.903,1017643.781,14
40.24,873083.176,65
32.178,698176.222,313
48.081,1043210.16,20
41.452,899374.749,64
41.297,896010.829,61
41.055,890774.857,50
36.891,800429.508,131
36.234,786176.831,151
33.023,716509.195,262
41.602,902640.964,58
43.405,941766.597,43
33.403,724753.54,239
41.958,910371.261,52
38.595,837393.479,97
36.223,785921.349,190
33.71,731400.229,245
42.479,921676.851,44
35.279,765450.105,202
37.079,804501.965,138
45.236,981481.255,29
46.896,1017506.955,24
38.988,845928.198,97
42.588,924039.842,50
36.424,790288.574,141
41.734,905498.057,46
43.044,933932.682,47
42.831,929311.447,48
37.465,812871.962,127
39.656,860422.958,93
41.179,893464.7,70
35.982,780697.138,171
37.49,813431.286,119
37.433,812177.923,120
33.424,725197.838,237
38.355,832196.46,94
36.825,798988.823,158
40.571,880277.077,76
37.688,817707.819,107
33.399,724653.066,268
44.259,960295.853,42
40.074,869495.648,61
39.3,852689.819,68
35.732,775274.881,158
32.84,712539.593,291
35.563,771620.338,166
43.361,940809.094,35
37.021,803234.494,130
40.404,876640.487,80
34.554,749715.55,206
39.263,851888.931,91
32.64,708196.893,307
43.206,937446.231,33
41.404,898342.137,56
39.793,863381.023,85
35.635,773176.711,152
38.268,830310.998,120
40.985,889241.485,71
46.55,1010005.016,23
43.944,953450.861,38
46.281,1004156.709,23
39.952,866831.626,82
42.819,929045.305,52
32.511,705397.883,334
45.359,984161.391,31
40.326,874946.015,67
40.038,868713.823,71
43.896,952417.848,34
49.718,1078723.657,23
33.052,717124.19,283
35.5,770242.923,157
36.043,782030.463,188
28.766,624131.012,567
44.497,965442.075,39
39.401,854883.802,87
34.19,741812.856,236
38.66,838799.741,90
37.671,817338.354,112
49.791,1080314.073,17
40.024,868400.963,70
53.248,1155320.925,11
37.087,804675.91,110
44.116,957193.62,49
29.965,650140.734,451
40.776,884707.25,72
36.201,785461.683,184
37.528,814251.904,114
42.046,912273.326,60
39.76,862681.638,93
37.911,822552.438,112
35.447,769082.83,168
33.24,721214.737,322
40.846,886225.508,62
39.085,848016.906,91
47.758,1036206.156,21
44.44,964204.505,40
42.573,923695.633,58
42.935,931568.689,46
42.072,912836.158,52
41.094,891615.558,58
41.87,908450.868,57
36.491,791745.978,149
35.693,774440.286,189
33.291,722308.273,261
36.292,787435.371,128
42.887,930514.084,50
35.356,767110.445,206
30.427,660174.122,429
44.897,974140.313,35
41.826,907495.269,53
38.272,830379.988,111
42.179,915150.488,51
43.285,939160.51,50
38.254,830007.012,114
36.369,789106.862,154
29.71,644612.103,498
40.056,869090.996,81
37.984,824146.381,116
34.074,739306.303,211
42.569,923618.217,61
29.698,644359.301,466
39.893,865563.411,78
35.07,760922.78,199
39.981,867474.801,73
44.143,957779.284,42
45.366,984313.463,25
45.125,979074.606,28
36.814,798754.13,147
32.006,694425.658,340
43.855,951511.459,38
41.249,894973.576,72
34.807,755197.731,188
42.674,925897.989,50
42.869,930128.984,43
43.525,944371.436,42
34.923,757732.524,182
40.766,884509.249,65
35.278,765419.334,184
45.576,988872.8,28
41.58,902153.787,54
37.554,814807.637,123
35.995,780991.468,174
40.247,873249.142,80
38.844,842798.556,117
38.358,832249.122,90
33.116,718522.051,284
29.492,639896.048,484
38.112,826915.945,117
32.304,700909.328,312
41.415,898572.453,63
51.682,1121338.205,11
35.469,769580.383,179
40.688,882802.916,59
40.886,887101.24,88
36.483,791574.641,152
42.732,927155.125,34
32.338,701634.255,343
39.334,853435.834,74
42.766,927892.568,43
40.967,888858.096,59
42.445,920923.025,52
34.819,755474.646,190
44.394,963221.017,30
46.413,1007025.664,29
31.527,684034.78,361
35.206,763855.738,175
45.49,986994.037,29
32.687,709212.355,298
44.316,961525.736,39
34.325,744752.803,232
39.694,861241.258,79
44.083,956474.129,42
39.49,856806.484,90
39.358,853944.063,88
34.882,756843.642,190
48.105,1043727.086,20
46.695,1013147.423,26
45.755,992743.271,28
45.036,977150.672,33
33.041,716894.749,270
40.705,883171.264,56
40.226,872778.058,68
51.093,1108560.459,20
30.941,671336.513,377
39.261,851856.594,80
41.969,910608.046,50
38.19,828600.825,102
43.114,935435.111,37
37.483,813263.313,126
29.734,645146.495,468
36.193,785269.772,158
44.954,975369.19,41
36.814,798763.215,150
37.522,814124.649,125
37.776,819617.819,122
42.463,921323.354,56
48.187,1045521.335,25
36.632,794804.399,154
50.4,1093536.548,16
30.776,667749.146,406
47.939,1040133.658,24
36.502,791992.775,168
48.685,1056318.248,21
46.637,1011891.192,26
32.398,702940.362,309
42.447,920979.324,54
43.539,944669.398,47
42.231,916291.764,52
38.088,826397.603,105
31.705,687912.54,409
34.429,747016.007,186
45.886,995594.471,23
47.216,1024448.572,27
34.899,757207.489,210
38.407,833308.088,114
37.773,819565.036,109
51.639,1120411.467,5
43.227,937894.693,52
39.832,864233.261,71
24.062,522075.468,940
47.394,1028315.796,21
50.029,1085472.1,13
32.067,695752.893,322
43.368,940948.976,38
29.742,645314.385,453
39.845,864510.907,85
43.735,948916.668,35
34.42,746820.591,225
36.64,794981.839,154
42.652,925420.819,40
35.88,778483.125,195
39.724,861899.004,86
34.553,749701.923,211
33.625,729556.161,248
34.168,741345.987,221
47.231,1024765.17,13
31.609,685825.08,376
42.062,912628.296,47
35.118,761954.208,211
40.46,877866.513,62
39.835,864295.778,84
37.266,808571.055,136
30.377,659100.331,432
38.754,840838.879,95
35.909,779124.932,157
42.186,915300.234,48
44.915,974521.907,43
48.923,1061482.889,21
44.287,960904.225,45
37.783,819770.304,114
40.006,868012.536,74
39.872,865111.151,67
40.676,882549.157,79
32.205,698758.322,306
32.165,697875.585,327
42.483,921761.896,45
45.119,978955.032,30
44.433,964059.943,32
44.114,957151.146,34
35.286,765599.552,164
46.869,1016926.641,24
42.717,926821.045,47
42.668,925757.696,44
47.36,1027563.917,24
48.064,1042852.729,18
34.845,756022.623,193
43.561,945145.181,37
39.292,852514.846,81
49.386,1071537.901,12
37.179,806671.339,113
38.16,827948.201,96
37.149,806012.768,129
29.914,649053.984,466
43.95,953588.836,40
49.684,1077999.346,23
37.715,818304.169,108
46.553,1010052.418,28
45.213,980981.021,44
47.052,1020892.855,24
35.081,761158.571,197
39.936,866491.199,90
38.276,830473.155,102
45.004,976458.571,37
38.904,844102.732,109
43.093,934985.188,55
41.377,897760.428,62
35.455,769264.908,183
36.858,799714.514,150
39.272,852087.952,94
39.763,862735.383,82
42.646,925288.325,45
33.176,719826.85,250
50.406,1093664.614,25
33.582,728623.798,259
37.289,809067.272,126
43.428,942266.228,38
31.443,682218.252,358
44.645,968672.004,36
44.138,957655.8,38
37.898,822265.921,101
40.083,869683.236,68
43.468,943134.649,43
40.438,877383.828,84
41.177,893410.41,59
48.242,1046701.39,16
44.109,957036.133,37
34.696,752791.747,194
41.54,901298.417,49
39.887,865433.477,79
41.712,905023.955,54
43.802,950373.953,45
35.982,780705.123,166
35.161,762893.918,192
34.248,743087.792,221
34.746,753878.752,224
39.247,851549.429,75
44.654,968854.176,24
37.032,803487.904,119
47.306,1026407.764,24
38.422,833641.941,108
39.346,853690.659,73
47.472,1030007.666,25
48.695,1056532.227,17
39.553,858191.948,88
31.936,692923.909,329
37.964,823712.385,159
45.828,994331.285,27
45.726,992127.119,29
35.569,771738.605,170
38.279,830533.475,92
34.675,752335.624,188
34.732,753586.625,192
36.503,792007.309,158
40.597,880835.773,62
47.314,1026568.853,25
34.206,742174.434,232
43.807,950477.47,41
33.47,726195.327,239
41.749,905825.262,59
39.215,850852.997,100
43.427,942228.774,44
41.758,906024.34,62
33.449,725739.343,300
34.692,752720.729,193
43.867,951791.401,35
39.264,851916.438,92
49.781,1080094.347,14
37.431,812143.637,120
41.583,902237.05,54
39.91,865921.686,67
33.666,730451.621,251
28.12,610111.945,622
39.06,847493.376,92
36.073,782673.21,165
37.275,808758.241,132
39.162,849689.233,88
52.398,1136870.797,7
43.065,934392.089,69
42.712,926730.941,38
35.269,765231.696,178
34.441,747263.663,203
34.195,741939.495,213
37.77,819502.253,106
44.931,974861.66,22
32.2,698637.88,309
41.277,895582.816,63
33.844,734315.899,232
42.389,919712.752,51
40.936,888185.786,55
42.867,930080.225,43
37.702,818031.029,103
41.138,892571.763,67
38.348,832031.036,98
34.833,755773.065,200
37.975,823943.016,116
31.274,678548.546,410
36.957,801861.588,145
41.617,902963.977,50
36.249,786495.032,155
38.889,843785.321,98
41.122,892223.678,68
38.797,841789.314,106
42.922,931282.473,45
46.723,1013738.228,24
41.003,889631.242,83
45.506,987354.503,27
29.237,634354.598,531
41.417,898633.963,76
37.442,812368.713,125
37.062,804131.489,110
36.637,794914.428,145
30.359,658708.344,434
43.397,941577.198,41
46.736,1014038.301,24
44.194,958873.288,39
35.828,777362.198,183
35.806,776891.655,155
34.419,746795.431,227
42.354,918958.486,50
39.641,860100.514,97
31.648,686665.747,335
42.177,915113.698,38
36.535,792696.787,142
48.642,1055385.539,21
37.734,818720.95,123
35.47,769594.425,162
35.7,774578.349,149
42.044,912230.725,63
43.047,933997.237,40
46.072,999623.63,33
37.197,807058.297,126
31.366,680554.779,351
35.629,773048.311,160
33.84,734226.385,242
41.076,891216.035,65
37.396,811385.903,157
35.197,763675.796,192
42.038,912088.909,55
32.42,703417.258,289
32.109,696659.243,322
35.687,774290.929,184
39.883,865336.71,62
34.251,743136.582,222
49.377,1071337.149,17
36.206,785568.368,158
43.799,950312.443,41
32.537,705950.655,299
33.157,719402.501,267
42.705,926567.735,46
36.244,786381.516,164
35.24,764594.133,172
41.872,908500.583,51
40.678,882592.724,67
39.369,854194.559,88
38.959,845282.781,93
42.255,916809.973,52
35.556,771453.998,185
46.969,1019086.001,26
45.661,990705.949,33
36.123,783764.666,162
39.513,857308.036,80
38.789,841599.704,78
38.244,829774.226,92
43.717,948538.01,31
30.421,660035.684,439
44.806,972162.91,28
32.941,714726.198,271
45.43,985701.356,35
36.312,787867.071,149
36.054,782266.288,174
41.241,894803.144,75
38.784,841501.166,77
41.047,890597.422,62
33.583,728655.806,232
37.834,820884.529,106
39.468,856331.014,81
32.117,696850.468,326
38.923,844501.554,102
46.05,999155.837,20
43.275,938947.594,43
40.673,882487.807,66
45.793,993575.768,31
37.105,805071.563,132
35.326,766462.17,217
40.355,875578.604,70
39.677,860875.227,91
38.806,841977.73,108
38.535,836097.382,116
48.172,1045191.975,19
40.321,874842.644,72
42.068,912742.603,63
36.38,789341.437,135
33.48,726419.786,282
40.348,875438.037,66
43.813,950612.493,39
33.176,719817.047,252
44.253,960164.564,38
45.402,985079.54,31
34.226,742602.897,258
33.585,728691.077,228
35.474,769690.165,180
32.071,695853.116,309
38.327,831585.159,96
28.982,628829.456,534
44.105,956938.159,25
49.333,1070378.204,19
36.25,786516.267,155
37.841,821046.555,98
40.08,869625.84,68
38.847,842857.841,84
46.719,1013662.596,25
34.683,752512.064,220
48.623,1054970.292,20
33.595,728900.61,228
44.198,958974.184,35
39.964,867101.633,73
41.704,904844.846,55
42.815,928955.323,38
41.305,896199.567,59
36.774,797884.614,141
41.509,900623.425,57
36.469,791270.237,159
36.71,796495.287,135
33.9,735533.992,216
30.895,670339.423,403
44.388,963093.118,33
43.075,934608.173,55
30.516,662101.943,415
30.381,659168.166,419
31.057,673852.041,390
35.334,766640.314,185
40.755,884254.779,67
40.925,887960.217,69
43.105,935243.922,38
41.607,902747.686,66
47.133,1022649.826,27
31.051,673718.338,390
34.522,749029.725,194
39.219,850937.543,96
37.146,805950.778,126
39.025,846716.723,95
34.58,750276.696,207
42.979,932523.832,34
42.833,929354.52,43
40.492,878565.545,93
32.523,705660.255,329
36.075,782728.257,158
35.392,767896.391,188
38.423,833654.352,98
40.275,873856.978,77
42.782,928241.633,53
36.643,795040.292,135
39.83,864183.686,72
36.763,797651.281,142
43.605,946099.744,44
39.383,854494.061,86
44.982,975983.387,37
38.536,836123.515,92
47.664,1034156.499,22
46.557,1010150.274,21
41.721,905226.151,55
30.796,668171.96,385
42.021,911723.738,56
37.437,812265.618,145
35.403,768128.439,190
41.283,895727.122,61
36.965,802023.617,129
38.725,840226.766,87
42.297,917716.63,54
40.722,883551.938,59
34.872,756613.546,201
42.869,930127.136,43
42.24,916484.718,45
38.762,841019.092,110
46.457,1007983.928,23
51.239,1111724.676,13
39.608,859382.479,86
43.286,939170.829,34
38.345,831971.206,104
35.27,765256.172,197
42.765,927875.959,62
45.099,978513.238,30
37.048,803837.232,160
47.505,1030715.103,28
40.172,871620.123,79
42.554,923301.729,41
34.319,744624.737,205
39.203,850596.097,85
48.203,1045858.3,14
49.08,1064882.189,17
44.059,955945.132,43
35.968,780387.793,171
45.482,986824.412,38
33.584,728669.409,246
44.374,962786.916,29
37.271,808661.986,140
39.551,858128.839,90
52.295,1134654.731,11
35.456,769289.611,236
42.545,923099.54,48
40.375,876006.452,84
32.877,713340.719,267
39.703,861437.68,63
43.141,936030.841,37
39.589,858961.911,89
46.093,1000070.014,30
46.433,1007456.661,22
40.34,875261.423,59
31.483,683079.914,361
36.277,787110.76,141
41.37,897601.995,52
38.755,840867.483,102
39.233,851230.778,81
45.795,993606.094,35
34.515,748868.946,203
40.591,880708.383,72
43.65,947067.165,52
32.724,710003.528,257
35.679,774135.008,166
40.824,885760.926,60
44.861,973348.488,30
33.134,718905.997,274
39.853,864689.011,84
40.115,870377.136,62
38.641,838387.56,107
42.769,927948.868,40
35.684,774240.462,180
46.473,1008323.332,31
38.052,825611.288,127
54.689,1186593.033,6
39.355,853877.161,71
44.346,962177.585,31
36.682,795894.717,171
37.27,808647.983,114
38.505,835435.849,105
40.331,875061.484,56
45.744,992509.443,33
38.269,830315.089,108
43.191,937116.638,45
38.993,846031.516,92
43.442,942559.534,51
41.911,909339.778,54
47.127,1022514.603,30
43.885,952177.897,33
42.517,922500.099,46
48.923,1061490.684,14
39.129,848992.301,85
49.704,1078427.431,12
34.608,750886.054,187
39.539,857881.498,88
30.302,657464.462,431
39.844,864497.952,76
45.087,978247.339,30
33.51,727061.69,241
37.781,819734.676,113
36.204,785515.268,137
46.514,1009214.345,29
48.418,1050534.369,21
45.413,985318.403,34
34.338,745036.386,198
37.442,812373.78,122
44.409,963532.956,39
33.977,737208.951,233
32.655,708514.006,283
41.043,890520.176,63
33.474,726295.487,247
39.879,865256.002,67
37.802,820179.147,116
34.813,755333.85,194
39.576,858670.359,86
36.046,782091.742,151
35.694,774442.407,148
44.532,966217.108,31
42.068,912759.453,48
41.279,895626.956,66
40.624,881422.62,81
36.905,800732.523,132
37.748,819011.415,95
38.785,841508.892,98
37.847,821161.778,110
40.215,872548.048,72
41.586,902292.194,69
43.086,934843.178,56
43.757,949385.708,41
38.047,825514.047,95
33.041,716896.312,273
42.38,919518.332,58
47.853,1038256.123,19
43.837,951141.933,33
37.714,818285.692,115
44.621,968133.841,31
44.091,956650.476,48
41.38,897829.182,61
36.531,792612.027,149
39.313,852982.939,76
35.658,773671.107,167
35.624,772935.572,164
33.324,723027.494,270
34.679,752429.043,213
44.16,958147.333,40
36.499,791910.864,153
42.608,924460.699,52
44.371,962721.356,31
36.726,796840.206,139
32.318,701211.027,368
40.002,867913.436,80
36.53,792581.155,130
39.654,860369.969,83
35.446,769078.08,168
36.136,784049.845,162
35.487,769958.084,180
47.042,1020671.974,26
43.169,936638.098,56
41.671,904140.407,64
46.078,999753.099,26
44.904,974282.007,22
47.052,1020882.07,24
47.385,1028114.118,18
35.703,774653.339,179
37.46,812765.43,123
41.314,896394.758,58
39.696,861277.303,78
36.247,786459.817,144
38.883,843646.707,82
45.412,985302.565,23
49.113,1065600.824,13
29.711,644640.074,501
42.296,917703.69,43
39.558,858280.667,93
38.521,835781.666,108
44.941,975087.303,30
40.639,881733.808,57
46.365,1005986.04,27
37.899,822292.016,99
35.648,773458.073,178
40.101,870073.648,74
39.701,861394.484,81
32.993,715858.961,290
45.452,986170.103,26
48.379,1049671.782,16
36.508,792104.851,130
40.662,882235.835,70
41.97,910624.326,65
41.887,908828.421,54
46.089,999995.04,31
30.538,662578.25,425
39.873,865133.978,64
38.686,839370.89,87
46.146,1001219.702,31
42.761,927775.99,55
34.265,743440.212,232
36.889,800377.776,123
44.795,971906.505,32
31.803,690032.823,359
32.485,704833.317,325
36.93,801276.344,134
41.338,896914.147,69
32.903,713902.253,307
46.648,1012113.779,32
46.476,1008394.73,22
44.69,969640.088,43
39.705,861481.446,73
41.633,903316.517,47
45.278,982403.5,35
43.295,939378.86,40
33.565,728258.431,236
43.214,937615.846,39
40.462,877906.163,76
31.764,689192.559,347
43.335,940239.905,33
32.184,698289.966,340
54.085,1173490.707,8
47.539,1031450.604,21
40.168,871524.802,74
43.4,941657.048,39
37.67,817315.764,124
43.639,946839.918,45
42.575,923754.977,58
48.686,1056348.087,9
45.337,983687.052,37
40.871,886784.282,82
44.943,975119.246,28
43.474,943249.198,50
43.676,947643.673,30
33.847,734384.316,244
45.626,989944.604,26
33.825,733906.46,251
52.644,1142210.041,16
38.768,841151.119,85
33.844,734318.073,226
34.161,741195.393,220
49.682,1077944.854,11
40.959,888681.114,75
31.532,684158.863,389
54.118,1174207.644,6
42.025,911810.313,61
39.976,867358.382,79
40.023,868372.71,76
44.811,972272.311,34
50.794,1102077.359,13
52.376,1136404.917,5
40.342,875300.28,80
42.561,923446.407,50
43.513,944101.962,36
32.935,714583.642,292
29.739,645246.945,498
41.069,891072.009,56
36.843,799381.986,130
41.448,899306.279,64
39.781,863117.806,76
42.42,920393.145,50
42.356,919007.653,52
39.145,849335.517,88
36.215,785746.855,147
49.746,1079346.36,25
40.029,868500.303,72
41.259,895195.021,54
37.991,824294.56,104
41.395,898147.304,67
45.096,978447.209,24
36.118,783660.257,156
44.894,974073.595,34
37.131,805632.254,123
40.971,888952.669,53
40.559,880002.956,72
31.645,686609.198,394
42.988,932716.013,44
30.999,672579.726,368
39.247,851532.096,82
45.5,987210.117,27
40.267,873669.186,88
36.066,782514.148,153
40.44,877426.125,65
48.143,1044548.499,23
42.095,913340.931,60
38.941,844903.188,97
46.599,1011051.746,33
40.3,874398.257,57
37.117,805333.913,135
40.433,877266.662,62
35.154,762726.449,187
35.506,770363.334,182
45.785,993393.535,32
40.18,871776.494,77
38.693,839532.187,87
39.236,851304.355,82
31.039,673456.763,369
47.772,1036511.098,24
39.945,866690.546,75
40.474,878163.738,61
37.822,820632.706,104
39.658,860451.319,84
41.408,898426.363,50
40.03,868524.023,74
38.865,843253.384,103
42.634,925039.476,42
33.826,733926.107,228
41.619,903014.179,67
45.493,987051.58,24
33.877,735037.754,224
37.237,807941.937,125
40.651,882000.112,73
44.491,965315.932,41
38.144,827600.313,102
43.945,953467.053,38
43.068,934441.173,48
36.342,788506.472,152
43.462,942991.743,38
44.616,968042.734,31
43.324,940003.868,36
41.5,900419.538,64
41.704,904856.977,73
37.29,809085.627,143
33.645,730001.28,233
40.902,887454.383,53
33.439,725520.948,251
39.481,856612.606,78
38.861,843168.178,120
43.055,934161.574,40
36.941,801517.573,139
44.512,965787.088,37
40.106,870188.644,75
37.66,817106.031,99
40.231,872894.572,66
33.795,733253.769,231
41.024,890106.687,64
37.964,823715.039,105
40.504,878804.981,65
44.109,957032.245,26
40.574,880334.44,60
33.922,735999.458,215
41.284,895741.668,68
36.103,783320.935,157
35.941,779808.73,167
50.222,1089676.462,11
29.804,646654.104,485
41.563,901793.14,71
29.725,644944.014,455
32.442,703897.919,309
39.202,850569.561,84
42.249,916675.579,40
34.92,757657.48,180
46.61,1011289.539,25
45.562,988547.874,28
38.803,841917.739,92
31.129,675408.159,369
44.545,966493.404,45
44.884,973842.155,29
39.615,859518.433,72
28.736,623484.302,565
47.025,1020298.393,19
42.461,921284.282,40
39.186,850220.26,95
43.48,943389.162,50
44.557,966754.09,43
42.066,912699.091,65
39.81,863755.22,62
41.725,905305.676,62
39.367,854136.81,91
33.896,735432.553,236
38.421,833625.66,101
35.698,774543.548,163
46.44,1007608.754,32
48.414,1050432.17,19
41.352,897213.955,55
37.599,815775.354,121
37.805,820245.0,118
43.192,937128.308,45
39.619,859604.447,49
38.84,842710.384,99
47.959,1040560.889,20
46.245,1003373.651,29
33.539,727697.854,242
40.356,875594.689,67
39.834,864275.068,81
42.208,915778.641,54
47.94,1040159.094,17
47.729,1035582.856,23
49.27,1069014.354,17
44.886,973882.816,30
39.65,860293.609,81
44.798,971974.931,33
41.674,904199.043,64
37.506,813758.913,125
33.973,737122.31,219
39.04,847054.662,81
41.478,899951.515,66
41.32,896522.443,56
45.209,980893.727,32
43.088,934874.604,42
34.938,758044.057,192
41.578,902127.847,61
42.287,917496.442,43
39.62,859638.471,81
36.459,791060.225,135
45.889,995656.283,35
38.978,845698.649,101
36.46,791065.268,130
45.335,983635.705,30
44.469,964840.199,31
43.09,934914.872,47
38.666,838936.841,97
38.996,846096.371,107
37.134,805686.089,122
42.076,912924.774,52
43.64,946853.647,35
41.011,889819.273,64
41.679,904304.659,56
44.659,968960.353,18
41.882,908713.455,49
44.244,959972.097,33
41.654,903776.522,69
31.796,689882.572,357
44.364,962563.022,34
32.314,701126.844,317
43.452,942782.613,53
37.373,810887.362,125
39.942,866612.814,82
41.349,897144.16,55
41.402,898290.306,66
33.862,734698.143,245
43.498,943779.122,51
40.91,887627.663,72
41.265,895331.615,74
41.258,895181.524,61
31.108,674945.708,361
37.603,815881.269,114
38.171,828204.032,114
42.717,926838.584,53
42.142,914364.182,50
35.81,776961.972,159
33.499,726825.993,253
29.053,630356.517,541
41.329,896723.974,53
32.889,713592.612,298
38.166,828096.486,101
44.308,961351.817,38
38.078,826181.039,103
36.695,796166.578,150
40.851,886337.484,66
38.974,845623.362,104
34.215,742371.795,236
34.568,750019.106,223
42.357,919011.017,51
38.134,827391.307,119
37.818,820530.891,104
40.934,888145.839,51
38.576,836990.408,91
37.698,817929.663,133
47.221,1024560.381,38
32.813,711941.944,316
41.148,892791.91,67
29.227,634144.339,517
39.512,857284.278,104
33.625,729554.486,240
42.943,931733.115,51
33.179,719890.698,270
44.311,961406.568,31
40.908,887581.276,61
39.86,864834.023,76
37.582,815423.189,131
43.73,948799.964,31
45.987,997772.354,26
40.007,868024.66,66
46.444,1007702.344,28
39.371,854225.38,82
39.782,863140.053,90
40.637,881710.776,54
31.42,681726.277,354
44.303,961235.996,30
36.77,797789.15,149
31.34,679982.19,364
36.225,785971.551,150
39.289,852452.272,95
37.079,804502.517,139
39.546,858030.655,91
45.195,980602.188,35
47.22,1024528.671,33
44.153,957977.996,39
38.602,837540.374,91
40.771,884604.898,67
33.533,727556.434,259
39.571,858576.796,81
40.644,881852.26,69
40.46,877858.916,68
44.692,969689.115,30
34.426,746938.941,227
31.916,692470.974,342
41.937,909912.634,51
40.166,871470.906,65
41.852,908068.016,62
47.261,1025414.831,23
42.09,913233.253,60
42.707,926603.481,53
37.626,816377.518,104
42.22,916046.301,54
36.519,792343.963,119
39.103,848422.148,84
43.254,938485.326,43
44.703,969912.71,40
41.939,909952.826,54
37.04,803648.115,124
40.412,876823.566,71
46.716,1013593.257,35
40.993,889425.496,63
33.606,729151.079,252
34.64,751579.349,202
46.297,1004502.594,19
36.444,790729.483,135
27.817,603554.834,656
38.422,833636.963,98
31.988,694053.017,353
40.915,887728.845,66
37.398,811415.524,127
33.572,728415.843,228
34.394,746254.435,234
44.541,966412.343,46
39.205,850620.539,87
47.445,1029416.312,28
39.543,857957.828,86
40.492,878553.974,67
39.464,856255.714,92
45.803,993791.909,25
41.992,911099.833,54
43.27,938824.559,33
40.968,888872.811,44
41.722,905242.479,61
44.232,959703.939,32
41.839,907781.164,52
39.971,867241.443,73
35.395,767973.614,197
35.463,769433.976,174
35.01,759611.08,190
40.651,882010.658,60
35.109,761765.773,193
36.698,796229.729,136
35.836,777543.63,191
37.996,824402.557,112
47.353,1027414.539,23
43.775,949778.694,45
40.022,868359.705,68
36.093,783119.033,158
44.542,966417.253,38
41.783,906561.247,65
36.762,797616.903,157
33.622,729487.319,215
45.347,983897.935,27
39.393,854714.774,80
45.677,991049.592,35
40.598,880859.769,73
41.184,893572.87,74
44.621,968144.414,33
40.389,876316.746,75
41.381,897836.162,73
39.322,853173.379,88
37.896,822225.655,103
43.883,952135.083,37
36.503,792005.237,149
35.742,775502.196,163
37.421,811927.052,115
40.128,870666.548,75
45.484,986861.365,25
40.948,888445.464,69
43.393,941505.728,43
47.422,1028924.897,27
44.734,970595.372,35
38.202,828860.329,133
27.929,605968.891,637
37.074,804399.247,135
35.185,763418.841,195
45.664,990766.035,36
36.436,790555.114,134
43.3,939482.763,46
36.183,785071.873,165
38.891,843815.263,110
39.868,865013.045,87
47.035,1020511.958,15
39.281,852269.306,83
49.735,1079093.029,15
39.666,860643.482,89
48.321,1048426.337,19
43.264,938704.978,49
38.081,826245.308,97
35.767,776041.062,154
47.087,1021654.761,21
40.669,882398.601,65
42.303,917845.078,45
36.493,791790.692,135
40.247,873235.976,76
44.592,967514.999,34
34.794,754934.73,229
37.042,803709.396,114
47.402,1028487.833,19
33.339,723354.813,246
27.448,595532.971,635
40.677,882570.641,55
40.547,879748.368,76
43.227,937886.408,50
39.364,854081.738,82
36.467,791227.607,129
43.775,949779.984,31
41.509,900615.522,65
32.972,715393.89,282
38.01,824697.667,96
27.81,603388.2,626
43.481,943411.574,36
40.824,885760.296,71
34.088,739605.379,253
38.678,839196.557,97
37.612,816069.264,108
34.458,747641.265,192
39.901,865735.96,73
38.29,830773.152,95
33.556,728074.298,251
45.538,988046.467,31
38.563,836699.158,94
48.219,1046203.218,17
33.574,728457.845,311
40.522,879207.558,75
49.654,1077334.412,12
35.073,760989.675,193
40.184,871862.316,56
40.505,878841.18,72
44.052,955798.818,49
38.757,840908.017,97
43.043,933897.707,40
36.902,800659.674,139
29.997,650853.412,457
31.036,673379.406,381
38.545,836303.974,95
37.922,822802.142,120
33.623,729515.263,238
37.386,811168.624,126
34.724,753416.907,201
29.479,639603.193,467
43.186,937003.26,49
44.875,973642.479,45
35.688,774311.741,164
43.28,939036.55,46
41.252,895035.007,65
40.747,884087.58,73
36.501,791962.111,131
42.453,921110.79,61
44.006,954799.449,36
50.422,1094008.239,20
39.85,864617.368,63
39.689,861123.943,77
37.321,809763.207,123
36.114,783557.309,142
36.124,783779.338,154
40.008,868058.838,72
50.531,1096368.687,16
43.558,945077.281,47
40.201,872234.632,78
32.59,707103.834,313
32.21,698870.142,311
38.278,830526.229,105
40.682,882673.203,65
35.233,764452.836,189
32.034,695048.709,318
42.257,916855.652,45
34.177,741535.197,224
40.159,871335.042,54
47.643,1033717.099,28
25.817,560146.117,815
40.132,870751.247,75
41.515,900748.692,61
52.405,1137020.699,8
34.64,751583.435,219
45.059,977643.757,32
47.643,1033711.968,18
35.523,770738.146,169
36.322,788067.763,141
39.312,852947.624,76
40.575,880354.648,62
38.841,842739.64,106
37.302,809352.015,146
41.938,909922.115,56
43.315,939803.591,49
32.988,715740.848,328
42.401,919973.967,59
33.213,720615.548,246
37.324,809827.717,124
41.009,889766.878,70
44.29,960961.515,43
41.264,895303.63,61
37.576,815277.836,121
36.406,789905.52,161
30.095,652963.083,445
39.911,865955.068,83
40.293,874230.386,70
32.74,710356.842,293
41.69,904539.547,67
38.359,832278.52,100
47.257,1025343.709,23
51.135,1109474.326,15
37.709,818171.813,118
39.906,865843.636,82
43.571,945357.868,46
45.685,991217.473,21
44.533,966241.218,35
34.159,741140.359,207
38.286,830696.863,102
39.56,858330.512,78
37.127,805553.982,123
44.647,968695.473,36
37.789,819903.354,129
36.253,786582.16,165
44.715,970176.478,35
34.46,747677.755,214
39.263,851885.896,86
39.229,851150.169,112
44.473,964938.81,36
40.555,879931.808,76
45.001,976392.825,38
39.541,857914.389,73
46.865,1016829.003,24
35.533,770958.257,206
35.17,763084.461,177
35.917,779294.265,158
37.59,815585.719,108
32.31,701029.983,269
40.632,881589.059,66
43.742,949077.029,49
42.078,912973.258,60
35.222,764212.308,163
43.128,935748.683,41
36.061,782410.745,150
46.548,1009958.036,23
48.078,1043143.408,21
37.636,816583.176,128
35.579,771965.64,152
41.387,897966.826,61
37.692,817801.673,111
39.204,850604.271,89
42.322,918267.257,51
40.883,887039.37,68
38.186,828510.817,112
41.349,897148.497,46
35.34,766768.784,179
42.062,912614.105,54
34.157,741098.071,228
41.546,901422.014,53
38.915,844336.904,80
33.939,736369.863,220
40.562,880072.857,71
45.472,986616.146,35
40.9,887415.371,66
38.407,833306.291,81
40.158,871301.964,79
37.455,812667.316,123
34.635,751468.853,222
42.714,926769.559,51
40.288,874133.866,72
39.106,848481.982,79
34.868,756528.999,213
40.61,881107.933,76
40.64,881756.025,82
37.554,814815.517,121
41.652,903716.645,52
31.758,689053.236,326
38.001,824499.809,90
35.557,771489.522,185
35.851,777863.911,154
42.427,920538.739,60
40.473,878141.429,76
52.514,1139402.595,9
37.756,819183.337,110
44.253,960164.598,48
41.917,909469.797,49
36.921,801077.927,121
44.061,955992.764,45
39.423,855363.36,96
41.415,898576.832,48
47.204,1024192.604,26
37.219,807549.482,124
47.224,1024629.891,18
36.932,801313.347,111
42.493,921971.766,54
38.459,834442.324,110
34.689,752646.965,186
38.137,827448.803,102
32.68,709067.374,291
44.089,956602.175,36
43.434,942382.55,39
42.494,921995.229,54
38.76,840965.326,90
40.763,884435.524,58
30.818,668664.876,385
39.792,863370.358,63
53.035,1150700.057,14
43.622,946464.056,39
40.684,882710.945,76
48.029,1042084.119,15
45.612,989646.922,31
43.239,938149.897,41
42.724,926973.52,54
34.125,740416.555,239
43.24,938181.426,43
43.259,938581.498,45
45.926,996454.719,28
36.316,787938.201,145
33.709,731388.872,263
46.194,1002263.913,30
36.833,799175.221,123
38.178,828351.237,119
46.05,999148.377,26
42.978,932502.592,52
44.395,963238.717,36
40.967,888861.313,58
43.471,943181.497,39
44.437,964157.427,33
50.981,1106135.385,6
33.695,731085.655,285
38.266,830253.934,108
40.253,873376.921,80
40.109,870249.268,79
35.84,777621.247,179
39.833,864266.416,87
40.378,876090.92,65
34.919,757644.797,175
44.212,959266.643,34
43.434,942389.525,38
41.223,894423.063,52
38.098,826606.147,115
48.524,1052831.139,21
32.525,705687.392,304
45.584,989026.746,22
33.33,723156.994,240
50.186,1088884.824,19
37.381,811054.983,120
34.389,746141.326,187
38.125,827190.174,128
36.04,781956.411,151
33.616,729365.801,252
43.019,933386.275,41
41.147,892761.581,54
41.086,891440.733,67
38.175,828278.166,98
38.283,830636.319,121
38.314,831308.052,96
46.155,1001421.791,24
42.076,912928.01,73
42.058,912534.657,59
37.331,809959.92,137
43.769,949657.415,26
44.446,964354.269,41
32.527,705736.395,313
29.786,646276.349,471
36.156,784471.273,163
36.49,791714.327,154
45.592,989208.482,35
42.701,926487.749,52
41.907,909254.173,53
38.43,833818.29,100
31.214,677255.87,387
36.927,801195.203,134
48.102,1043674.268,26
42.023,911771.734,46
39.475,856499.032,92
32.03,694961.26,353
43.287,939206.189,33
44.794,971897.583,37
31.565,684873.738,345
47.019,1020175.047,28
39.649,860275.006,83
38.97,845540.327,97
34.79,754827.904,205
44.174,958443.616,41
45.126,979090.421,27
42.751,927572.306,51
47.537,1031413.343,29
49.853,1081669.284,17
43.632,946684.322,37
43.488,943568.075,46
37.568,815108.205,121
34.032,738392.367,248
36.511,792186.074,138
47.038,1020592.808,21
35.487,769961.15,154
44.892,974025.771,37
39.189,850282.128,78
34.952,758348.223,185
42.973,932375.45,50
41.59,902369.363,70
37.698,817923.765,110
45.686,991257.752,28
39.512,857282.325,79
31.803,690022.583,341
40.256,873443.655,85
40.331,875054.593,67
51.158,1109968.902,21
46.374,1006185.473,23
44.878,973720.553,27
39.501,857056.692,101
34.736,753665.39,202
34.876,756704.274,194
36.221,785882.411,169
39.63,859855.254,81
43.907,952646.136,39
33.828,733976.82,243
33.52,727279.821,258
38.894,843876.201,99
30.39,659367.744,442
42.773,928040.424,46
42.146,914436.82,46
39.241,851409.934,89
35.872,778320.409,143
33.584,728670.26,254
44.949,975259.122,38
42.609,924488.485,53
34.949,758290.533,190
38.299,830976.388,101
34.361,745530.75,231
49.736,1079111.865,13
34.914,757529.496,199
39.81,863760.749,75
41.539,901265.569,61
34.244,742986.351,207
45.224,981224.939,24
37.957,823555.502,111
37.625,816351.093,121
49.925,1083226.509,7
36.604,794203.894,144
43.931,953175.804,53
44.991,976177.726,24
33.629,729652.372,262
36.675,795732.549,156
37.574,815248.799,119
46.76,1014561.761,24
37.033,803508.308,137
36.097,783198.343,148
35.646,773420.25,162
40.464,877952.069,71
42.376,919442.344,55
41.03,890231.539,61
39.589,858971.99,72
42.317,918161.105,64
35.858,778010.862,174
41.598,902549.292,65
34.855,756240.901,176
44.774,971465.606,38
36.564,793334.514,127
37.372,810855.378,129
41.209,894108.445,66
35.202,763778.89,169
47.701,1034962.809,20
36.661,795425.214,148
39.641,860080.752,74
45.302,982912.996,29
40.645,881864.673,71
34.492,748367.303,213
39.646,860191.389,83
40.857,886471.67,63
31.28,678671.937,385
39.223,851014.585,87
40.889,887166.259,65
34.242,742939.339,205
42.974,932413.053,59
44.889,973961.706,33
37.784,819801.174,113
38.445,834146.784,104
44.595,967571.235,54
45.676,991026.061,26
33.104,718259.85,263
48.738,1057463.785,15
42.106,913567.114,60
31.545,684425.251,375
35.86,778056.706,195
40.866,886672.828,60
44.424,963876.776,36
34.893,757062.674,177
35.763,775951.853,170
42.755,927650.729,44
37.413,811740.968,119
41.754,905945.406,67
33.823,733867.465,234
36.679,795820.719,129
41.983,910906.243,47
30.482,661368.201,414
29.344,636672.048,478
42.22,916046.592,46
41.948,910152.955,60
47.914,1039596.014,25
42.721,926916.86,45
45.706,991686.606,26
38.114,826956.246,110
38.527,835926.979,127
46.787,1015140.288,28
32.244,699589.829,329
35.212,764001.223,188
37.918,822715.882,107
44.63,968330.583,42
39.523,857531.838,98
43.995,954553.125,38
35.745,775568.866,153
37.634,816547.893,104
46.323,1005066.971,28
38.891,843828.596,85
44.698,969803.342,27
37.478,813168.653,126
27.946,606353.619,573
37.931,822996.046,116
40.238,873037.635,75
40.351,875496.318,67
43.317,939848.496,55
32.621,707782.041,277
47.401,1028469.808,17
45.06,977669.45,38
46.993,1019609.279,33
35.336,766682.549,184
32.377,702482.833,321
35.986,780788.304,160
33.211,720581.504,264
48.619,1054884.578,22
38.027,825071.12,96
45.729,992186.664,32
44.82,972459.707,33
37.821,820601.509,107
31.629,686244.459,394
40.829,885871.182,74
30.982,672223.153,387
51.908,1126257.824,10
39.865,864955.291,69
45.612,989643.491,25
41.469,899757.806,62
33.148,719210.547,268
39.109,848556.364,108
41.314,896396.598,70
45.374,984477.957,32
35.584,772061.934,146
37.683,817618.459,120
39.094,848215.334,84
33.209,720528.894,268
43.128,935751.899,40
45.312,983129.186,28
41.914,909412.129,70
25.202,546799.389,837
37.842,821050.637,140
38.675,839129.994,104
36.553,793081.871,135
39.719,861772.542,81
36.416,790116.81,147
42.364,919170.144,38
40.163,871423.944,79
37.72,818420.649,119
32.902,713871.615,284
49.642,1077087.872,21
40.228,872821.857,70
36.838,799275.949,137
36.797,798373.864,117
47.856,1038323.773,18
42.245,916588.546,62
39.732,862073.842,81
37.006,802911.174,126
45.036,977154.457,23
41.435,899005.995,66
42.747,927478.509,49
32.743,710415.083,254
42.554,923295.338,49
39.57,858549.973,81
39.92,866144.466,73
40.7,883059.888,60
38.08,826224.876,96
34.808,755224.951,190
32.799,711641.443,293
47.064,1021139.471,27
36.855,799644.72,137
39.96,867002.487,71
33.543,727787.696,296
39.232,851208.63,98
40.809,885441.092,68
43.195,937198.006,49
47.193,1023948.928,20
40.648,881949.564,76
43.83,950982.372,36
46.296,1004494.333,30
34.735,753644.016,206
36.997,802730.635,140
38.503,835389.108,101
39.426,855419.483,96
42.287,917495.356,60
34.608,750898.979,217
43.886,952184.513,45
45.158,979783.133,30
40.562,880072.351,75
31.957,693362.516,315
36.35,788678.563,167
38.371,832536.274,114
40.731,883750.159,67
39.56,858342.515,71
37.966,823739.483,118
50.449,1094587.005,9
45.726,992123.932,39
49.815,1080831.314,11
41.859,908213.065,53
35.75,775677.465,166
39.177,850030.125,83
40.342,875299.72,83
39.544,857988.184,75
45.24,981570.99,42
47.002,1019797.124,21
37.969,823802.639,107
44.288,960911.147,32
43.075,934603.715,53
39.257,851756.202,84
44.817,972383.652,35
43.762,949514.359,44
45.683,991191.407,23
41.56,901718.347,68
40.413,876848.212,76
31.558,684712.435,344
42.919,931205.89,40
39.33,853342.138,78
33.334,723245.483,241
36.053,782250.317,140
38.948,845059.691,86
42.227,916194.283,54
42.462,921307.039,59
40.71,883295.633,64
43.115,935462.545,42
36.71,796505.076,124
43.795,950222.474,50
39.819,863951.774,79
33.797,733290.63,232
34.623,751212.58,211
46.798,1015373.265,18
32.853,712808.243,268
32.498,705119.32,297
50.904,1104458.696,11
42.076,912926.683,50
38.193,828662.845,113
34.138,740685.029,223
37.623,816307.925,116
36.652,795244.344,127
38.565,836747.045,85
37.104,805035.342,121
37.545,814620.32,122
39.96,867004.617,73
42.068,912750.585,70
44.807,972167.377,47
43.299,939447.879,30
37.479,813171.931,129
41.76,906074.152,62
40.596,880803.451,84
46.113,1000516.88,23
39.729,862000.129,96
38.126,827224.575,87
43.153,936300.021,40
37.417,811836.939,134
53.775,1166765.998,11
42.809,928836.029,44
38.005,824602.078,93
45.21,980913.72,23
33.591,728833.08,235
40.932,888111.981,56
31.556,684681.059,372
42.094,913318.029,55
42.143,914379.435,60
43.557,945045.973,40
46.761,1014580.716,28
40.103,870119.917,75
36.534,792680.059,152
42.225,916160.194,47
31.59,685407.847,353
35.262,765072.318,185
39.458,856116.486,74
43.91,952721.213,45
36.739,797125.599,134
28.55,619455.474,541
45.299,982846.554,24
43.774,949773.047,42
49.117,1065691.297,17
35.355,767103.566,189
38.722,840145.161,84
37.858,821397.154,105
41.939,909961.075,64
38.376,832634.283,102
39.496,856945.925,85
41.84,907796.911,48
42.791,928426.58,45
40.267,873674.159,71
39.576,858679.587,91
43.364,940861.613,40
36.82,798893.314,144
48.232,1046484.041,14
35.599,772388.594,182
40.488,878472.057,77
41.862,908278.146,42
39.141,849251.523,93
36.418,790154.088,148
42.674,925908.157,49
30.811,668516.628,391
43.931,953178.509,25
34.748,753936.46,217
27.827,603767.48,598
39.868,865019.757,84
33.921,735975.106,224
35.97,780445.755,151
38.511,835576.306,96
39.923,866205.057,100
47.539,1031457.893,27
46.88,1017165.754,20
44.495,965408.584,30
38.228,829442.934,102
47.509,1030792.415,17
41.622,903076.203,45
36.164,784652.451,170
33.877,735028.534,221
35.417,768453.496,179
33.134,718902.148,260
38.789,841614.294,100
45.274,982308.093,32
39.326,853249.398,109
33.68,730744.82,237
39.053,847335.215,91
43.998,954629.642,41
42.027,911869.324,46
34.457,747610.044,198
40.5,878720.784,64
42.745,927430.036,42
28.153,610832.841,596
40.228,872816.787,73
46.138,1001048.109,29
44.83,972675.146,39
38.542,836253.456,93
38.87,843372.292,124
46.025,998604.405,27
42.625,924823.856,49
37.923,822823.449,110
44.45,964438.111,41
32.321,701269.614,324
53.871,1168841.938,7
36.282,787212.374,192
35.804,776836.48,158
49.97,1084191.117,14
43.925,953046.329,34
43.528,944421.981,38
43.828,950945.549,44
38.583,837134.123,95
41.369,897578.475,64
44.009,954855.924,44
41.388,897986.717,61
38.249,829886.592,103
42.227,916191.737,48
44.231,959689.987,39
43.135,935890.502,42
47.068,1021230.123,20
42.883,930433.112,45
35.805,776850.686,174
39.26,851818.34,86
38.14,827522.509,92
38.791,841650.252,106
39.347,853703.361,68
31.829,690589.727,328
33.617,729386.462,228
33.249,721408.883,293
40.132,870751.815,75
37.996,824402.675,98
41.232,894620.397,58
40.33,875041.255,76
33.177,719849.419,258
33.37,724021.511,260
46.945,1018573.555,19
39.506,857152.749,77
42.658,925540.385,52
34.597,750651.596,195
39.732,862071.74,77
44.656,968904.504,28
34.349,745263.494,196
40.648,881939.577,71
47.379,1027988.829,24
40.657,882145.677,68
38.771,841217.495,96
38.486,835024.212,112
42.457,921190.872,49
36.92,801042.999,135
45.563,988583.089,43
36.331,788269.227,148
38.589,837271.854,95
38.252,829956.117,109
36.356,788815.069,140
36.205,785539.733,160
41.192,893738.446,57
36.906,800743.79,147
50.876,1103851.675,8
38.534,836065.348,90
43.313,939762.525,45
29.348,636767.54,488
49.743,1079279.559,13
37.859,821431.514,123
38.488,835075.766,105
42.301,917802.488,41
37.851,821249.689,108
43.433,942373.213,51
45.516,987554.971,26
37.479,813172.381,113
43.854,951489.516,41
42.503,922182.88,43
36.566,793377.765,158
33.598,728983.857,254
43.034,933713.109,51
47.805,1037224.132,20
38.772,841226.932,108
42.152,914566.755,51
36.796,798352.088,155
33.26,721646.955,278
36.103,783321.063,175
35.023,759893.232,185
41.286,895780.274,55
39.507,857191.5,86
41.63,903243.072,56
33.99,737476.553,215
36.53,792581.408,141
43.181,936889.531,47
46.822,1015891.613,21
28.196,611767.336,574
41.558,901688.814,65
50.04,1085709.582,20
37.714,818289.718,135
42.689,926226.072,42
35.771,776128.419,157
43.248,938345.467,39
37.806,820269.759,116
38.108,826823.617,108
39.903,865776.702,80
48.534,1053032.642,13
33.574,728451.131,257
44.158,958099.631,45
37.163,806327.194,141
32.018,694694.984,320
42.521,922577.495,41
47.69,1034725.48,16
31.803,690038.98,353
40.008,868060.616,68
34.233,742743.168,219
38.271,830363.783,103
39.473,856444.885,74
32.704,709589.111,279
40.557,879964.556,59
40.914,887705.56,61
43.034,933701.768,43
28.278,613551.617,578
39.161,849676.117,98
34.945,758208.005,192
52.051,1129342.468,7
34.919,757642.513,195
35.597,772352.15,176
35.094,761434.055,188
43.083,934764.086,45
38.595,837395.293,106
48.609,1054662.585,26
36.789,798210.706,133
38.933,844722.588,72
33.872,734918.811,244
27.706,601146.252,612
41.813,907211.138,55
36.769,797779.046,145
43.357,940723.832,50
40.191,872028.738,77
41.182,893516.455,75
36.399,789750.06,138
41.534,901168.51,52
40.538,879556.883,67
31.058,673869.277,403
35.201,763750.353,210
39.382,854461.303,79
41.932,909806.925,62
42.491,921918.063,55
34.291,744016.54,204
42.665,925711.718,39
40.127,870637.096,66
40.147,871061.204,95
40.439,877401.865,68
33.815,733691.89,247
38.982,845795.916,85
46.928,1018189.491,25
47.772,1036514.534,20
39.424,855372.61,75
43.903,952554.71,43
33.211,720586.032,274
41.93,909752.542,58
40.123,870542.641,68
35.634,773151.078,197
36.154,784423.641,165
38.841,842736.914,101
41.839,907788.265,62
50.216,1089541.935,15
46.109,1000419.384,36
37.771,819519.603,128
33.976,737176.382,220
34.174,741481.805,224
29.663,643599.0,470
30.43,660230.235,438
42.197,915554.554,50
47.372,1027840.78,27
39.116,848696.502,77
34.127,740457.561,235
37.72,818405.451,122
38.419,833584.214,105
36.283,787240.87,139
43.384,941296.065,34
37.702,818014.114,121
39.331,853360.385,99
44.634,968427.355,31
39.399,854839.329,66
35.289,765663.28,195
32.793,711506.972,303
33.954,736695.981,246
40.123,870558.56,71
40.93,888065.274,64
42.202,915646.636,50
33.21,720564.569,275
32.609,707510.689,326
49.889,1082441.058,15
34.202,742083.508,227
49.878,1082213.061,13
31.541,684337.559,329
44.163,958214.535,31
40.676,882547.771,67
38.73,840326.587,95
36.103,783325.065,151
40.596,880810.816,69
37.431,812145.243,108
36.65,795195.218,159
39.418,855254.996,91
32.339,701651.518,288
48.345,1048945.36,15
51.079,1108263.277,11
25.569,554760.359,808
39.011,846411.124,111
38.191,828628.778,91
42.118,913824.068,51
40.395,876441.479,70
29.444,638855.241,522
38.681,839259.2,92
46.354,1005746.401,24
47.242,1025013.913,23
39.125,848901.401,85
35.333,766622.838,192
37.656,817029.889,128
42.304,917871.585,31
46.33,1005223.78,17
42.463,921316.68,45
39.776,863028.804,78
30.211,655486.945,431
40.2,872222.25,77
46.404,1006831.192,33
42.993,932828.938,48
37.088,804697.359,115
41.457,899492.487,45
31.825,690516.377,368
38.5,835342.468,107
36.654,795276.708,150
32.969,715318.469,267
47.76,1036242.39,18
44.065,956084.672,33
40.849,886298.049,71
41.108,891926.916,60
37.321,809754.943,127
43.862,951669.315,43
44.811,972269.239,37
32.138,697302.495,299
33.801,733380.646,267
24.72,536353.514,900
45.165,979941.311,31
45.615,989714.268,35
35.375,767528.829,176
50.81,1102422.471,11
43.872,951883.682,33
40.576,880378.563,87
48.775,1058270.57,16
36.094,783138.761,157
35.331,766573.459,168
37.269,808621.684,137
43.443,942574.427,55
39.747,862396.947,78
48.139,1044463.148,19
47.581,1032360.214,22
40.486,878417.109,75
47.746,1035953.001,12
31.947,693162.726,356
38.51,835541.865,99
37.418,811862.773,114
37.872,821718.724,91
38.643,838429.678,99
31.261,678262.202,361
37.868,821619.574,121
43.803,950396.787,46
42.48,921682.278,51
42.342,918700.763,56
37.092,804778.796,130
50.063,1086208.07,13
41.95,910193.773,43
38.543,836267.469,102
38.452,834283.018,112
32.79,711434.845,259
37.26,808421.85,120
38.137,827465.826,113
39.898,865657.494,82
37.703,818048.059,115
39.069,847689.908,83
39.716,861720.743,69
35.317,766271.082,170
30.95,671530.829,405
44.404,963443.371,29
40.508,878892.325,67
45.217,981071.172,38
37.527,814228.407,119
33.534,727594.599,251
44.531,966182.255,27
44.678,969374.032,49
29.159,632662.947,501
35.454,769239.144,182
43.724,948672.234,40
42.381,919548.961,54
34.755,754073.998,208
39.173,849934.958,82
50.377,1093035.513,15
35.524,770764.273,195
34.771,754430.636,209
40.197,872152.748,78
45.142,979450.482,37
42.137,914249.417,43
47.455,1029626.529,24
39.449,855935.548,106
40.994,889442.054,49
44.727,970431.315,26
43.017,933348.091,39
45.275,982327.279,31
37.794,820025.777,113
34.757,754128.278,213
47.978,1040970.203,20
44.303,961244.211,44
44.646,968678.355,31
46.11,1000456.346,35
43.933,953211.63,45
41.616,902948.235,71
43.119,935558.057,43
43.703,948224.457,48
34.288,743950.89,207
35.387,767781.046,189
38.133,827371.463,108
48.561,1053619.063,20
46.055,999263.341,29
44.341,962066.181,36
27.956,606570.859,602
43.262,938650.964,46
36.064,782484.173,142
35.491,770056.463,198
43.045,933945.234,41
48.784,1058473.793,11
36.011,781325.364,173
35.265,765154.771,173
45.319,983280.913,30
44.72,970291.538,37
36.86,799744.552,123
33.279,722059.135,267
40.942,888324.127,51
36.853,799602.946,154
41.359,897371.123,56
41.753,905916.217,42
49.204,1067583.384,24
44.716,970211.91,38
42.377,919453.229,48
38.94,844879.889,76
48.591,1054286.626,7
30.075,652529.983,462
33.555,728043.151,253
44.443,964275.91,36
34.029,738333.902,217
45.026,976935.326,33
50.016,1085198.263,16
37.56,814943.308,132
41.616,902936.787,51
47.104,1022012.575,23
40.591,880709.332,59
39.849,864600.297,83
42.573,923701.423,52
44.127,957429.069,33
28.421,616643.06,574
30.472,661151.094,425
36.422,790246.999,146
34.765,754302.887,195
35.383,767712.446,187
37.654,816971.298,103
39.017,846544.344,86
36.774,797885.744,153
33.703,731244.504,233
44.382,962953.289,32
36.413,790048.066,149
41.867,908383.884,53
34.975,758860.226,206
34.658,751984.604,206
38.202,828863.677,99
39.194,850397.879,91
40.527,879317.653,66
33.009,716192.915,253
45.823,994221.17,29
44.84,972893.496,27
36.223,785936.703,148
35.866,778183.809,131
41.814,907247.788,48
49.827,1081094.575,14
41.275,895545.135,65
34.683,752507.881,224
35.152,762694.494,212
41.271,895463.931,58
42.195,915494.532,64
42.854,929804.04,40
38.633,838218.035,101
48.042,1042365.32,19
29.767,645857.697,457
30.389,659357.605,426
47.283,1025894.157,22
38.203,828900.415,94
44.37,962691.059,45
40.806,885365.518,66
36.954,801798.522,142
34.552,749677.064,220
38.737,840468.297,87
39.686,861076.118,86
40.976,889054.643,59
35.17,763091.85,180
35.761,775901.962,171
42.938,931628.094,54
37.127,805542.751,148
39.391,854664.049,76
42.558,923374.133,44
38.368,832465.471,101
36.286,787293.541,147
30.463,660961.152,428
36.871,799984.361,139
40.307,874535.962,77
38.458,834420.743,103
37.689,817732.388,117
45.924,996403.64,32
45.85,994803.458,19
39.886,865414.375,75
38.727,840262.004,93
39.466,856284.063,87
36.549,793001.892,160
29.274,635152.197,484
43.949,953558.993,37
34.186,741739.426,232
44.169,958330.566,40
47.656,1034000.182,15
34.784,754697.696,193
39.855,864731.283,85
33.204,720432.379,241
42.735,927229.335,46
39.283,852324.191,90
43.011,933205.942,35
43.984,954329.724,34
33.862,734713.634,220
47.271,1025647.98,23
38.214,829126.138,102
37.081,804555.585,127
42.664,925674.271,36
38.026,825045.707,104
37.977,823994.446,105
31.054,673780.383,375
38.88,843582.382,87
37.014,803085.324,140
34.174,741475.121,228
40.504,878806.586,54
41.668,904072.585,57
45.822,994190.697,37
47.612,1033038.718,30
35.086,761251.963,184
43.315,939796.057,47
35.946,779912.496,154
40.386,876253.431,69
38.851,842953.511,96
42.391,919762.536,52
41.862,908271.917,51
51.681,1121327.625,7
35.432,768773.5,173
45.895,995773.908,25
32.632,708011.963,288
42.376,919428.866,59
29.875,648202.961,463
40.943,888329.747,56
41.426,898825.796,62
34.444,747339.146,205
36.555,793128.176,152
47.958,1040553.444,23
36.245,786401.764,174
40.027,868475.723,73
39.889,865468.528,73
34.183,741672.283,206
39.943,866644.654,79
29.812,646823.169,498
36.97,802147.096,141
43.61,946213.257,48
43.127,935731.636,44
37.273,808720.37,120
42.976,932458.555,50
40.908,887574.628,61
43.072,934543.308,50
41.74,905626.61,61
40.554,879898.256,78
37.336,810071.045,113
38.48,834894.004,83
35.686,774289.07,165
44.781,971604.643,29
36.736,797051.701,127
33.349,723583.651,257
47.306,1026392.254,23
35.225,764276.923,176
34.706,753006.185,197
34.605,750818.345,201
41.995,911157.489,49
38.814,842145.256,87
37.009,802984.09,131
38.673,839087.598,109
39.69,861163.132,84
38.685,839357.125,98
46.088,999975.273,38
39.762,862707.238,84
32.286,700519.066,299
38.166,828078.048,98
48.485,1051981.64,16
34.029,738317.885,220
42.405,920066.129,51
40.988,889316.744,70
33.538,727678.456,259
34.247,743046.369,223
41.9,909104.916,62
41.706,904892.632,77
37.766,819401.714,103
37.771,819513.119,123
47.61,1032986.708,25
37.459,812757.618,138
42.179,915161.487,50
46.981,1019353.725,22
35.105,761675.882,165
46.879,1017130.795,25
37.374,810907.622,126
39.673,860781.779,81
39.435,855617.29,79
36.878,800136.306,135
33.818,733741.93,234
38.458,834421.692,113
34.893,757072.486,194
38.068,825971.096,107
50.149,1088086.349,17
35.219,764140.043,208
33.403,724746.188,238
28.986,628909.89,534
43.051,934075.061,54
44.754,971021.712,38
31.92,692568.345,338
44.124,957360.91,40
43.48,943381.193,39
44.853,973173.231,43
46.352,1005705.415,32
44.616,968042.996,31
40.298,874345.117,73
43.372,941047.97,52
41.237,894718.714,52
42.378,919470.568,32
34.173,741448.96,276
48.715,1056964.145,21
33.633,729732.759,243
44.509,965715.856,37
39.376,854343.108,84
44.232,959694.514,31
33.736,731962.058,245
41.121,892197.747,50
42.384,919606.753,52
31.792,689800.676,315
35.852,777881.013,150
36.302,787635.484,139
37.207,807289.659,117
47.514,1030911.239,23
40.075,869514.673,63
37.203,807197.622,125
45.831,994401.429,28
47.945,1040253.764,11
38.234,829554.349,101
45.578,988895.37,42
43.984,954331.448,35
39.23,851165.187,92
34.305,744319.726,193
43.104,935237.184,46
44.152,957956.478,41
36.239,786272.159,156
36.349,788673.207,143
49.764,1079732.715,11
47.261,1025418.194,19
40.418,876946.622,81
34.324,744729.75,252
43.98,954242.458,33
39.295,852578.932,87
35.987,780802.877,130
35.881,778507.404,142
32.067,695761.343,323
39.94,866569.26,69
47.855,1038319.136,23
32.437,703785.103,289
41.226,894472.102,67
35.868,778227.63,188
37.613,816098.159,116
40.974,889007.378,60
45.296,982781.747,29
42.237,916408.512,52
40.855,886440.141,72
45.772,993104.901,28
39.173,849944.132,88
45.859,994992.667,30
31.262,678299.433,383
40.277,873887.666,67
44.11,957060.302,39
33.324,723020.179,244
42.812,928893.636,43
49.792,1080343.297,13
40.549,879801.014,85
32.589,707092.236,289
41.228,894524.894,61
38.806,841984.536,75
36.889,800387.464,123
46.903,1017652.858,22
44.052,955798.446,48
33.958,736790.531,246
31.772,689356.469,340
41.052,890703.368,68
40.413,876841.357,68
35.242,764655.603,191
44.76,971156.712,34
39.175,849969.218,84
43.975,954134.868,45
37.269,808615.483,119
43.184,936956.803,44
40.594,880760.399,74
39.33,853338.141,107
36.426,790330.698,126
40.953,888553.481,62
33.867,734822.666,234
47.807,1037263.769,19
33.139,719026.634,269
48.307,1048122.273,16
40.99,889351.684,70
35.953,780067.515,181
38.54,836192.379,101
43.506,943953.294,47
39.876,865185.18,80
45.466,986481.203,25
42.719,926883.398,43
39.883,865349.554,72
38.936,844792.343,81
35.07,760904.508,192
33.506,726977.051,258
41.261,895243.562,58
46.676,1012727.909,28
35.229,764370.198,186
37.937,823128.024,99
45.16,979828.722,29
44.367,962638.097,35
46.591,1010882.355,25
39.224,851041.473,75
36.274,787035.655,150
34.836,755845.426,202
34.624,751230.28,213
37.106,805091.001,139
36.96,801919.022,143
33.29,722301.532,242
32.01,694528.183,314
44.164,958235.041,35
46.321,1005017.385,24
43.593,945847.841,47
38.391,832964.825,108
32.187,698366.948,324
41.937,909902.637,42
42.851,929746.429,38
36.27,786954.726,161
42.834,929361.215,45
40.953,888559.537,55
37.068,804266.43,122
41.35,897169.191,66
40.339,875246.001,72
45.058,977623.401,27
47.238,1024931.908,26
38.478,834853.021,104
42.052,912406.601,61
34.79,754830.635,204
32.114,696781.061,372
41.847,907959.433,62
47.741,1035840.047,23
31.402,681338.259,354
33.819,733762.095,247
31.962,693473.833,348
37.712,818240.788,129
36.517,792319.341,124
41.903,909172.5,53
49.371,1071211.526,19
41.54,901286.8,57
48.971,1062525.934,20
40.401,876571.636,71
38.164,828051.255,101
37.924,822830.815,121
36.661,795431.711,139
42.91,931013.762,52
41.207,894062.499,57
44.978,975883.152,31
39.491,856833.055,78
31.757,689041.214,366
39.845,864509.648,78
30.072,652481.916,453
43.013,933243.171,42
44.742,970762.077,22
36.385,789442.407,123
34.821,755502.399,190
38.021,824949.352,108
30.428,660191.748,413
41.958,910367.55,44
39.629,859826.719,86
43.285,939152.174,46
49.978,1084375.18,13
39.767,862829.185,60
33.054,717179.634,258
39.929,866330.038,98
44.653,968835.386,34
39.459,856148.884,79
45.35,983967.909,33
34.901,757246.269,185
38.532,836023.549,101
29.278,635241.129,520
31.019,673012.592,380
44.318,961567.043,48
42.865,930049.469,46
44.104,956933.856,46
40.316,874739.56,65
35.844,777708.115,176
33.153,719325.312,264
51.821,1124370.562,13
23.645,513017.969,987
32.624,707846.957,310
39.959,866982.749,74
40.648,881937.03,58
36.661,795441.667,141
42.039,912124.97,45
41.362,897441.709,60
41.774,906367.003,52
40.682,882680.843,56
36.302,787636.148,172
36.686,795976.936,140
40.168,871528.817,80
44.591,967485.909,30
46.206,1002540.614,23
36.452,790895.804,138
37.711,818215.933,114
33.727,731768.67,245
45.013,976649.832,41
33.492,726685.966,250
44.698,969813.813,41
39.526,857600.01,90
39.951,866823.27,85
41.144,892706.862,64
41.936,909884.779,51
39.395,854762.517,84
44.171,958378.108,39
53.039,1150795.374,9
24.51,531795.91,912
39.243,851448.161,79
41.339,896936.928,64
42.095,913331.328,46
30.225,655796.355,444
42.34,918659.531,54
34.899,757209.415,187
40.112,870304.15,67
44.964,975587.833,34
45.487,986931.139,26
38.982,845789.489,106
39.954,866872.813,67
46.427,1007323.81,26
34.097,739809.534,212
41.536,901202.706,57
44.57,967036.666,29
39.554,858205.258,83
40.446,877565.367,86
35.466,769506.647,177
33.503,726918.487,254
38.301,831019.668,96
43.06,934272.578,41
39.258,851773.632,86
45.08,978090.372,29
43.944,953461.602,39
37.915,822631.449,94
40.633,881615.515,51
34.072,739261.283,221
34.735,753647.654,205
37.549,814694.352,104
40.971,888947.283,60
43.764,949550.439,32
41.233,894639.659,76
43.143,936067.713,53
42.583,923931.055,55
45.898,995850.827,20
45.19,980495.735,33
39.558,858281.413,86
42.96,932107.722,47
36.754,797456.226,145
40.449,877614.736,69
40.503,878789.592,67
33.823,733846.899,265
25.111,544826.04,840
32.476,704621.019,297
34.034,738437.298,258
40.21,872428.573,55
31.03,673265.503,395
34.91,757438.037,213
29.987,650638.348,481
35.391,767880.519,178
34.455,747580.806,199
33.496,726768.091,243
46.109,1000421.768,31
38.286,830696.389,97
41.612,902854.09,45
37.593,815665.957,123
42.292,917604.457,57
42.644,925246.451,50
38.971,845545.429,89
42.067,912719.998,49
30.299,657401.185,417
43.557,945049.538,44
48.399,1050108.96,21
39.674,860802.815,83
39.126,848927.652,91
46.634,1011822.52,35
37.239,807964.185,139
29.088,631112.207,499
38.131,827322.013,115
28.729,623343.521,531
46.01,998287.104,37
41.154,892914.57,69
40.602,880938.022,73
36.243,786356.136,172
41.88,908661.695,48
42.306,917905.912,42
35.6,772414.477,160
34.442,747279.266,210
34.793,754897.962,207
34.707,753047.709,221
46.939,1018433.76,27
35.821,777213.446,174
34.337,745002.884,220
44.54,966383.664,38
41.9,909115.056,56
40.013,868154.706,75
39.156,849567.289,87
45.251,981821.788,35
36.764,797674.073,141
44.245,959981.521,41
39.372,854254.475,91
41.441,899137.738,61
40.618,881289.148,64
44.006,954808.615,45
43.984,954317.152,43
50.299,1091331.338,11
48.127,1044205.396,19
38.354,832166.513,115
33.226,720914.534,262
34.682,752503.897,202
40.355,875576.04,64
35.675,774033.747,157
36.124,783778.027,151
36.82,798880.437,127
43.375,941097.876,27
45.228,981318.55,42
45.668,990858.539,23
34.292,744024.448,213
39.312,852956.002,78
37.138,805785.821,120
43.898,952447.448,44
40.616,881244.964,65
45.931,996575.551,26
40.196,872140.195,73
40.432,877260.92,63
42.67,925820.501,44
42.134,914178.371,50
43.031,933642.071,43
38.776,841332.194,115
45.894,995751.906,38
42.358,919043.301,55
46.035,998811.717,17
33.3,722508.373,255
36.564,793320.927,133
39.629,859831.719,69
39.466,856295.729,86
40.102,870101.68,78
44.561,966842.186,32
42.897,930725.758,47
40.045,868852.981,61
37.58,815366.365,116
36.831,799121.413,131
42.877,930292.381,38
37.822,820626.291,129
50.716,1100392.5,8
35.374,767516.041,179
42.073,912854.229,48
37.952,823443.586,107
44.656,968898.063,51
44.485,965190.279,32
40.212,872481.949,73
41.177,893419.119,53
38.606,837625.223,86
36.346,788597.193,178
44.355,962367.452,43
39.093,848204.332,82
33.906,735657.878,235
41.251,895022.606,69
39.196,850428.795,96
36.147,784279.108,153
42.518,922506.499,54
39.35,853773.109,80
41.49,900219.176,51
39.328,853294.365,76
34.739,753742.471,199
41.357,897317.504,68
35.085,761249.13,182
45.045,977340.206,39
41.821,907393.155,56
35.365,767309.453,161
45.704,991649.808,31
44.124,957358.934,25
41.656,903817.078,59
41.815,907266.965,49
43.847,951354.557,35
40.299,874371.536,65
34.594,750579.22,214
38.188,828574.443,116
43.741,949045.882,49
37.476,813106.131,125
36.553,793080.011,143
33.397,724621.553,273
32.554,706330.285,288
40.777,884739.205,61
44.136,957609.594,51
35.483,769877.734,143
44.32,961600.72,35
44.634,968416.46,28
37.057,804029.535,132
31.708,687967.203,366
39.347,853709.088,80
28.521,618820.071,566
32.045,695280.108,311
38.531,835998.599,99
36.825,799001.826,142
39.814,863846.486,83
43.029,933599.932,40
47.282,1025878.226,23
37.442,812370.044,114
39.49,856813.591,85
39.127,848938.815,79
42.323,918283.164,49
34.991,759210.461,194
41.304,896176.453,71
40.615,881217.5,66
39.412,855121.297,82
38.737,840476.434,91
41.324,896609.006,60
38.722,840156.567,80
34.111,740100.89,217
44.836,972804.391,34
39.043,847109.169,91
40.81,885444.595,55
32.166,697896.16,349
38.334,831737.828,100
38.08,826219.242,99
38.94,844883.203,97
34.763,754261.721,193
42.819,929052.775,56
34.884,756871.984,178
42.242,916519.999,46
39.506,857168.779,93
27.864,604555.456,583
42.991,932782.207,51
39.832,864245.455,72
38.072,826042.063,95
45.612,989644.11,25
38.212,829086.909,128
38.285,830665.22,95
27.788,602911.208,599
47.858,1038379.851,17
45.795,993611.678,22
33.992,737531.77,216
52.561,1140423.421,7
46.458,1007991.158,31
43.242,938229.133,45
45.437,985853.172,31
35.498,770210.812,183
40.897,887341.583,58
39.235,851282.093,87
37.227,807722.417,125
