election_year,voting_district,municipality_code,municipality_source,province,registered_voters,municipality_code_2021,municipality_name_2021,province_2021,boundary_method
2000,54100011,MP304,MP304 - Seme [Volksrust],Mpumalanga,2159,MP304,MP304 - Dr Pixley Ka Isaka Seme,Mpumalanga,vd_code_match
2000,54100022,MP304,MP304 - Seme [Volksrust],Mpumalanga,1794,MP304,MP304 - Dr Pixley Ka Isaka Seme,Mpumalanga,vd_code_match
2000,54100033,MP304,MP304 - Seme [Volksrust],Mpumalanga,1384,MP304,MP304 - Dr Pixley Ka Isaka Seme,Mpumalanga,vd_code_match
2000,54110012,MP303,MP303 - Mkhondo [Piet Retief],Mpumalanga,1042,MP303,MP303 - Mkhondo,Mpumalanga,vd_code_match
2000,54110023,MP303,MP303 - Mkhondo [Piet Retief],Mpumalanga,2264,MP303,MP303 - Mkhondo,Mpumalanga,vd_code_match
2000,54120013,MP301,MP301 - Albert Luthuli [Elukwatini/Carolina],Mpumalanga,62,MP301,MP301 - Chief Albert Luthuli,Mpumalanga,vd_code_match
2000,54120024,MP301,MP301 - Albert Luthuli [Elukwatini/Carolina],Mpumalanga,624,MP301,MP301 - Chief Albert Luthuli,Mpumalanga,vd_code_match
2000,54120035,MP301,MP301 - Albert Luthuli [Elukwatini/Carolina],Mpumalanga,229,MP301,MP301 - Chief Albert Luthuli,Mpumalanga,vd_code_match
2000,54120046,MP301,MP301 - Albert Luthuli [Elukwatini/Carolina],Mpumalanga,1838,MP301,MP301 - Chief Albert Luthuli,Mpumalanga,vd_code_match
2000,54120057,MP301,MP301 - Albert Luthuli [Elukwatini/Carolina],Mpumalanga,177,MP301,MP301 - Chief Albert Luthuli,Mpumalanga,vd_code_match
2000,54120068,MP301,MP301 - Albert Luthuli [Elukwatini/Carolina],Mpumalanga,454,MP301,MP301 - Chief Albert Luthuli,Mpumalanga,vd_code_match
2000,54120080,MP301,MP301 - Albert Luthuli [Elukwatini/Carolina],Mpumalanga,758,MP301,MP301 - Chief Albert Luthuli,Mpumalanga,vd_code_match
2000,54120091,MP301,MP301 - Albert Luthuli [Elukwatini/Carolina],Mpumalanga,467,MP301,MP301 - Chief Albert Luthuli,Mpumalanga,vd_code_match
2000,54120103,MP301,MP301 - Albert Luthuli [Elukwatini/Carolina],Mpumalanga,1532,MP301,MP301 - Chief Albert Luthuli,Mpumalanga,vd_code_match
2000,54120114,MP301,MP301 - Albert Luthuli [Elukwatini/Carolina],Mpumalanga,693,MP301,MP301 - Chief Albert Luthuli,Mpumalanga,vd_code_match
2000,54120125,MP301,MP301 - Albert Luthuli [Elukwatini/Carolina],Mpumalanga,3024,MP301,MP301 - Chief Albert Luthuli,Mpumalanga,vd_code_match
2000,54120136,MP301,MP301 - Albert Luthuli [Elukwatini/Carolina],Mpumalanga,391,MP301,MP301 - Chief Albert Luthuli,Mpumalanga,vd_code_match
2000,54120147,MP301,MP301 - Albert Luthuli [Elukwatini/Carolina],Mpumalanga,134,MP301,MP301 - Chief Albert Luthuli,Mpumalanga,vd_code_match
2000,54130014,MP306,MP306 - Dipaleseng [Balfour],Mpumalanga,2514,MP306,MP306 - Dipaleseng,Mpumalanga,vd_code_match
2000,54130025,MP306,MP306 - Dipaleseng [Balfour],Mpumalanga,3136,MP306,MP306 - Dipaleseng,Mpumalanga,vd_code_match
2000,54130036,MP306,MP306 - Dipaleseng [Balfour],Mpumalanga,2164,MP306,MP306 - Dipaleseng,Mpumalanga,vd_code_match
2000,54130047,MP306,MP306 - Dipaleseng [Balfour],Mpumalanga,2911,MP306,MP306 - Dipaleseng,Mpumalanga,vd_code_match
2000,54140015,MP307,MP307 - Highveld East [Highveld Ridge],Mpumalanga,3207,MP307,MP307 - Govan Mbeki,Mpumalanga,vd_code_match
2000,54140026,MP307,MP307 - Highveld East [Highveld Ridge],Mpumalanga,1641,MP307,MP307 - Govan Mbeki,Mpumalanga,vd_code_match
2000,54140037,MP307,MP307 - Highveld East [Highveld Ridge],Mpumalanga,1002,MP307,MP307 - Govan Mbeki,Mpumalanga,vd_code_match
2000,54140048,MP307,MP307 - Highveld East [Highveld Ridge],Mpumalanga,2473,MP307,MP307 - Govan Mbeki,Mpumalanga,vd_code_match
2000,54140059,MP307,MP307 - Highveld East [Highveld Ridge],Mpumalanga,1726,MP307,MP307 - Govan Mbeki,Mpumalanga,vd_code_match
2000,54140060,MP307,MP307 - Highveld East [Highveld Ridge],Mpumalanga,2465,MP307,MP307 - Govan Mbeki,Mpumalanga,vd_code_match
2000,54140071,MP307,MP307 - Highveld East [Highveld Ridge],Mpumalanga,2716,MP307,MP307 - Govan Mbeki,Mpumalanga,vd_code_match
2000,54140082,MP307,MP307 - Highveld East [Highveld Ridge],Mpumalanga,283,MP307,MP307 - Govan Mbeki,Mpumalanga,vd_code_match
2000,54140093,MP307,MP307 - Highveld East [Highveld Ridge],Mpumalanga,1585,MP307,MP307 - Govan Mbeki,Mpumalanga,vd_code_match
2000,54140105,MP307,MP307 - Highveld East [Highveld Ridge],Mpumalanga,2037,MP307,MP307 - Govan Mbeki,Mpumalanga,vd_code_match
2000,54140116,MP307,MP307 - Highveld East [Highveld Ridge],Mpumalanga,1546,MP307,MP307 - Govan Mbeki,Mpumalanga,vd_code_match
2000,54140127,MP307,MP307 - Highveld East [Highveld Ridge],Mpumalanga,1573,MP307,MP307 - Govan Mbeki,Mpumalanga,vd_code_match
2000,54140138,MP307,MP307 - Highveld East [Highveld Ridge],Mpumalanga,1099,MP307,MP307 - Govan Mbeki,Mpumalanga,vd_code_match
2000,54150016,MP302,MP302 - Msukaligwa [Ermelo],Mpumalanga,1634,MP302,MP302 - Msukaligwa,Mpumalanga,vd_code_match
2000,54150027,MP302,MP302 - Msukaligwa [Ermelo],Mpumalanga,3769,MP302,MP302 - Msukaligwa,Mpumalanga,vd_code_match
2000,54160017,MP301,MP301 - Albert Luthuli [Elukwatini/Carolina],Mpumalanga,2721,MP301,MP301 - Chief Albert Luthuli,Mpumalanga,vd_code_match
2000,54160028,MP301,MP301 - Albert Luthuli [Elukwatini/Carolina],Mpumalanga,4220,MP301,MP301 - Chief Albert Luthuli,Mpumalanga,vd_code_match
2000,54170018,MP302,MP302 - Msukaligwa [Ermelo],Mpumalanga,1228,MP302,MP302 - Msukaligwa,Mpumalanga,vd_code_match
2000,54180019,MP302,MP302 - Msukaligwa [Ermelo],Mpumalanga,1942,MP302,MP302 - Msukaligwa,Mpumalanga,vd_code_match
2000,54190010,MP311,MP311 - Delmas [Delmas],Mpumalanga,2758,MP311,MP311 - Victor Khanye,Mpumalanga,vd_code_match
2000,54190021,MP311,MP311 - Delmas [Delmas],Mpumalanga,3170,MP311,MP311 - Victor Khanye,Mpumalanga,vd_code_match
2000,54190032,MP311,MP311 - Delmas [Delmas],Mpumalanga,1697,MP311,MP311 - Victor Khanye,Mpumalanga,vd_code_match
2000,54190043,MP311,MP311 - Delmas [Delmas],Mpumalanga,2194,MP311,MP311 - Victor Khanye,Mpumalanga,vd_code_match
2000,54190054,MP311,MP311 - Delmas [Delmas],Mpumalanga,3260,MP311,MP311 - Victor Khanye,Mpumalanga,vd_code_match
2000,54190065,MP311,MP311 - Delmas [Delmas],Mpumalanga,2352,MP311,MP311 - Victor Khanye,Mpumalanga,vd_code_match
2000,54190076,MP311,MP311 - Delmas [Delmas],Mpumalanga,2207,MP311,MP311 - Victor Khanye,Mpumalanga,vd_code_match
2000,54190087,MP311,MP311 - Delmas [Delmas],Mpumalanga,744,MP311,MP311 - Victor Khanye,Mpumalanga,vd_code_match
2000,54200012,MP301,MP301 - Albert Luthuli [Elukwatini/Carolina],Mpumalanga,849,MP301,MP301 - Chief Albert Luthuli,Mpumalanga,vd_code_match
2000,54200023,MP301,MP301 - Albert Luthuli [Elukwatini/Carolina],Mpumalanga,473,MP301,MP301 - Chief Albert Luthuli,Mpumalanga,vd_code_match
2000,54200034,MP301,MP301 - Albert Luthuli [Elukwatini/Carolina],Mpumalanga,2206,MP301,MP301 - Chief Albert Luthuli,Mpumalanga,vd_code_match
2000,54200045,MP301,MP301 - Albert Luthuli [Elukwatini/Carolina],Mpumalanga,781,MP301,MP301 - Chief Albert Luthuli,Mpumalanga,vd_code_match
2000,54210013,MP301,MP301 - Albert Luthuli [Elukwatini/Carolina],Mpumalanga,1381,MP301,MP301 - Chief Albert Luthuli,Mpumalanga,vd_code_match
2000,54210024,MP301,MP301 - Albert Luthuli [Elukwatini/Carolina],Mpumalanga,1518,MP301,MP301 - Chief Albert Luthuli,Mpumalanga,vd_code_match
2000,54210035,MP301,MP301 - Albert Luthuli [Elukwatini/Carolina],Mpumalanga,1488,MP301,MP301 - Chief Albert Luthuli,Mpumalanga,vd_code_match
2000,54210046,MP301,MP301 - Albert Luthuli [Elukwatini/Carolina],Mpumalanga,1914,MP301,MP301 - Chief Albert Luthuli,Mpumalanga,vd_code_match
2000,54210057,MP301,MP301 - Albert Luthuli [Elukwatini/Carolina],Mpumalanga,1444,MP301,MP301 - Chief Albert Luthuli,Mpumalanga,vd_code_match
2000,54210068,MP301,MP301 - Albert Luthuli [Elukwatini/Carolina],Mpumalanga,695,MP301,MP301 - Chief Albert Luthuli,Mpumalanga,vd_code_match
2000,54210079,MP301,MP301 - Albert Luthuli [Elukwatini/Carolina],Mpumalanga,2565,MP301,MP301 - Chief Albert Luthuli,Mpumalanga,vd_code_match
2000,54210080,MP301,MP301 - Albert Luthuli [Elukwatini/Carolina],Mpumalanga,1650,MP301,MP301 - Chief Albert Luthuli,Mpumalanga,vd_code_match
2000,54210091,MP301,MP301 - Albert Luthuli [Elukwatini/Carolina],Mpumalanga,1605,MP301,MP301 - Chief Albert Luthuli,Mpumalanga,vd_code_match
2000,54210103,MP301,MP301 - Albert Luthuli [Elukwatini/Carolina],Mpumalanga,3191,MP301,MP301 - Chief Albert Luthuli,Mpumalanga,vd_code_match
2000,54210114,MP301,MP301 - Albert Luthuli [Elukwatini/Carolina],Mpumalanga,1946,MP301,MP301 - Chief Albert Luthuli,Mpumalanga,vd_code_match
2000,54210125,MP301,MP301 - Albert Luthuli [Elukwatini/Carolina],Mpumalanga,379,MP301,MP301 - Chief Albert Luthuli,Mpumalanga,vd_code_match
2000,54210169,MP301,MP301 - Albert Luthuli [Elukwatini/Carolina],Mpumalanga,330,MP301,MP301 - Chief Albert Luthuli,Mpumalanga,vd_code_match
2000,54210170,MP301,MP301 - Albert Luthuli [Elukwatini/Carolina],Mpumalanga,485,MP301,MP301 - Chief Albert Luthuli,Mpumalanga,vd_code_match
2000,54220014,MP301,MP301 - Albert Luthuli [Elukwatini/Carolina],Mpumalanga,3238,MP301,MP301 - Chief Albert Luthuli,Mpumalanga,vd_code_match
2000,54220025,MP301,MP301 - Albert Luthuli [Elukwatini/Carolina],Mpumalanga,2453,MP301,MP301 - Chief Albert Luthuli,Mpumalanga,vd_code_match
2000,54220036,MP301,MP301 - Albert Luthuli [Elukwatini/Carolina],Mpumalanga,1120,MP301,MP301 - Chief Albert Luthuli,Mpumalanga,vd_code_match
2000,54220047,MP301,MP301 - Albert Luthuli [Elukwatini/Carolina],Mpumalanga,1254,MP301,MP301 - Chief Albert Luthuli,Mpumalanga,vd_code_match
2000,54220058,MP301,MP301 - Albert Luthuli [Elukwatini/Carolina],Mpumalanga,1210,MP301,MP301 - Chief Albert Luthuli,Mpumalanga,vd_code_match
2000,54220069,MP301,MP301 - Albert Luthuli [Elukwatini/Carolina],Mpumalanga,2612,MP301,MP301 - Chief Albert Luthuli,Mpumalanga,vd_code_match
2000,54220070,MP301,MP301 - Albert Luthuli [Elukwatini/Carolina],Mpumalanga,953,MP301,MP301 - Chief Albert Luthuli,Mpumalanga,vd_code_match
2000,54220081,MP301,MP301 - Albert Luthuli [Elukwatini/Carolina],Mpumalanga,978,MP301,MP301 - Chief Albert Luthuli,Mpumalanga,vd_code_match
2000,54220092,MP301,MP301 - Albert Luthuli [Elukwatini/Carolina],Mpumalanga,2150,MP301,MP301 - Chief Albert Luthuli,Mpumalanga,vd_code_match
2000,54220104,MP301,MP301 - Albert Luthuli [Elukwatini/Carolina],Mpumalanga,1287,MP301,MP301 - Chief Albert Luthuli,Mpumalanga,vd_code_match
2000,54220115,MP301,MP301 - Albert Luthuli [Elukwatini/Carolina],Mpumalanga,1605,MP301,MP301 - Chief Albert Luthuli,Mpumalanga,vd_code_match
2000,54220126,MP301,MP301 - Albert Luthuli [Elukwatini/Carolina],Mpumalanga,2002,MP301,MP301 - Chief Albert Luthuli,Mpumalanga,vd_code_match
2000,54220137,MP301,MP301 - Albert Luthuli [Elukwatini/Carolina],Mpumalanga,872,MP301,MP301 - Chief Albert Luthuli,Mpumalanga,vd_code_match
2000,54220148,MP301,MP301 - Albert Luthuli [Elukwatini/Carolina],Mpumalanga,1984,MP301,MP301 - Chief Albert Luthuli,Mpumalanga,vd_code_match
2000,54220159,MP301,MP301 - Albert Luthuli [Elukwatini/Carolina],Mpumalanga,1311,MP301,MP301 - Chief Albert Luthuli,Mpumalanga,vd_code_match
2000,54220160,MP301,MP301 - Albert Luthuli [Elukwatini/Carolina],Mpumalanga,865,MP301,MP301 - Chief Albert Luthuli,Mpumalanga,vd_code_match
2000,54220171,MP301,MP301 - Albert Luthuli [Elukwatini/Carolina],Mpumalanga,254,MP301,MP301 - Chief Albert Luthuli,Mpumalanga,vd_code_match
2000,54220182,MP301,MP301 - Albert Luthuli [Elukwatini/Carolina],Mpumalanga,262,MP301,MP301 - Chief Albert Luthuli,Mpumalanga,vd_code_match
2000,54220205,MP301,MP301 - Albert Luthuli [Elukwatini/Carolina],Mpumalanga,244,MP301,MP301 - Chief Albert Luthuli,Mpumalanga,vd_code_match
2000,54220216,MP301,MP301 - Albert Luthuli [Elukwatini/Carolina],Mpumalanga,478,MP301,MP301 - Chief Albert Luthuli,Mpumalanga,vd_code_match
2000,54220227,MP301,MP301 - Albert Luthuli [Elukwatini/Carolina],Mpumalanga,129,MP301,MP301 - Chief Albert Luthuli,Mpumalanga,vd_code_match
2000,54220238,MP301,MP301 - Albert Luthuli [Elukwatini/Carolina],Mpumalanga,300,MP301,MP301 - Chief Albert Luthuli,Mpumalanga,vd_code_match
2000,54230015,MP302,MP302 - Msukaligwa [Ermelo],Mpumalanga,2966,MP302,MP302 - Msukaligwa,Mpumalanga,vd_code_match
2000,54230026,MP302,MP302 - Msukaligwa [Ermelo],Mpumalanga,3755,MP302,MP302 - Msukaligwa,Mpumalanga,vd_code_match
2000,54230037,MP302,MP302 - Msukaligwa [Ermelo],Mpumalanga,2040,MP302,MP302 - Msukaligwa,Mpumalanga,vd_code_match
2000,54230048,MP302,MP302 - Msukaligwa [Ermelo],Mpumalanga,1538,MP302,MP302 - Msukaligwa,Mpumalanga,vd_code_match
2000,54230059,MP302,MP302 - Msukaligwa [Ermelo],Mpumalanga,1939,MP302,MP302 - Msukaligwa,Mpumalanga,vd_code_match
2000,54230060,MP302,MP302 - Msukaligwa [Ermelo],Mpumalanga,3049,MP302,MP302 - Msukaligwa,Mpumalanga,vd_code_match
2000,54230071,MP302,MP302 - Msukaligwa [Ermelo],Mpumalanga,2239,MP302,MP302 - Msukaligwa,Mpumalanga,vd_code_match
2000,54230082,MP302,MP302 - Msukaligwa [Ermelo],Mpumalanga,3256,MP302,MP302 - Msukaligwa,Mpumalanga,vd_code_match
2000,54230093,MP302,MP302 - Msukaligwa [Ermelo],Mpumalanga,2108,MP302,MP302 - Msukaligwa,Mpumalanga,vd_code_match
2000,54230105,MP302,MP302 - Msukaligwa [Ermelo],Mpumalanga,3074,MP302,MP302 - Msukaligwa,Mpumalanga,vd_code_match
2000,54230116,MP302,MP302 - Msukaligwa [Ermelo],Mpumalanga,2018,MP302,MP302 - Msukaligwa,Mpumalanga,vd_code_match
2000,54230127,MP302,MP302 - Msukaligwa [Ermelo],Mpumalanga,376,MP302,MP302 - Msukaligwa,Mpumalanga,vd_code_match
2000,54240016,MP306,MP306 - Dipaleseng [Balfour],Mpumalanga,2976,MP306,MP306 - Dipaleseng,Mpumalanga,vd_code_match
2000,54250017,MP306,MP306 - Dipaleseng [Balfour],Mpumalanga,867,MP306,MP306 - Dipaleseng,Mpumalanga,vd_code_match
2000,54260018,MP307,MP307 - Highveld East [Highveld Ridge],Mpumalanga,2928,MP307,MP307 - Govan Mbeki,Mpumalanga,vd_code_match
2000,54260029,MP307,MP307 - Highveld East [Highveld Ridge],Mpumalanga,3451,MP307,MP307 - Govan Mbeki,Mpumalanga,vd_code_match
2000,54260041,MP307,MP307 - Highveld East [Highveld Ridge],Mpumalanga,4355,MP307,MP307 - Govan Mbeki,Mpumalanga,vd_code_match
2000,54260052,MP307,MP307 - Highveld East [Highveld Ridge],Mpumalanga,2258,MP307,MP307 - Govan Mbeki,Mpumalanga,vd_code_match
2000,54260063,MP307,MP307 - Highveld East [Highveld Ridge],Mpumalanga,1444,MP307,MP307 - Govan Mbeki,Mpumalanga,vd_code_match
2000,54260074,MP307,MP307 - Highveld East [Highveld Ridge],Mpumalanga,2956,MP307,MP307 - Govan Mbeki,Mpumalanga,vd_code_match
2000,54260085,MP307,MP307 - Highveld East [Highveld Ridge],Mpumalanga,3012,MP307,MP307 - Govan Mbeki,Mpumalanga,vd_code_match
2000,54260096,MP307,MP307 - Highveld East [Highveld Ridge],Mpumalanga,2315,MP307,MP307 - Govan Mbeki,Mpumalanga,vd_code_match
2000,54260108,MP307,MP307 - Highveld East [Highveld Ridge],Mpumalanga,794,MP307,MP307 - Govan Mbeki,Mpumalanga,vd_code_match
2000,54260119,MP307,MP307 - Highveld East [Highveld Ridge],Mpumalanga,2266,MP307,MP307 - Govan Mbeki,Mpumalanga,vd_code_match
2000,54260120,MP307,MP307 - Highveld East [Highveld Ridge],Mpumalanga,3016,MP307,MP307 - Govan Mbeki,Mpumalanga,vd_code_match
2000,54260131,MP307,MP307 - Highveld East [Highveld Ridge],Mpumalanga,4352,MP307,MP307 - Govan Mbeki,Mpumalanga,vd_code_match
2000,54260142,MP307,MP307 - Highveld East [Highveld Ridge],Mpumalanga,3906,MP307,MP307 - Govan Mbeki,Mpumalanga,vd_code_match
2000,54260153,MP307,MP307 - Highveld East [Highveld Ridge],Mpumalanga,3150,MP307,MP307 - Govan Mbeki,Mpumalanga,vd_code_match
2000,54260175,MP307,MP307 - Highveld East [Highveld Ridge],Mpumalanga,1856,MP307,MP307 - Govan Mbeki,Mpumalanga,vd_code_match
2000,54260186,MP307,MP307 - Highveld East [Highveld Ridge],Mpumalanga,4014,MP307,MP307 - Govan Mbeki,Mpumalanga,vd_code_match
2000,54260197,MP307,MP307 - Highveld East [Highveld Ridge],Mpumalanga,3038,MP307,MP307 - Govan Mbeki,Mpumalanga,vd_code_match
2000,54260209,MP307,MP307 - Highveld East [Highveld Ridge],Mpumalanga,1034,MP307,MP307 - Govan Mbeki,Mpumalanga,vd_code_match
2000,54260210,MP307,MP307 - Highveld East [Highveld Ridge],Mpumalanga,4339,MP307,MP307 - Govan Mbeki,Mpumalanga,vd_code_match
2000,54260221,MP307,MP307 - Highveld East [Highveld Ridge],Mpumalanga,3118,MP307,MP307 - Govan Mbeki,Mpumalanga,vd_code_match
2000,54260232,MP307,MP307 - Highveld East [Highveld Ridge],Mpumalanga,2953,MP307,MP307 - Govan Mbeki,Mpumalanga,vd_code_match
2000,54260243,MP307,MP307 - Highveld East [Highveld Ridge],Mpumalanga,751,MP307,MP307 - Govan Mbeki,Mpumalanga,vd_code_match
2000,54260254,MP307,MP307 - Highveld East [Highveld Ridge],Mpumalanga,1666,MP307,MP307 - Govan Mbeki,Mpumalanga,vd_code_match
2000,54260265,MP307,MP307 - Highveld East [Highveld Ridge],Mpumalanga,3747,MP307,MP307 - Govan Mbeki,Mpumalanga,vd_code_match
2000,54260276,MP307,MP307 - Highveld East [Highveld Ridge],Mpumalanga,2343,MP307,MP307 - Govan Mbeki,Mpumalanga,municipality_majority
2000,54260287,MP307,MP307 - Highveld East [Highveld Ridge],Mpumalanga,528,MP307,MP307 - Govan Mbeki,Mpumalanga,vd_code_match
2000,54270019,MP312,MP312 - Emalahleni [Witbank],Mpumalanga,3672,MP312,MP312 - Emalahleni,Mpumalanga,vd_code_match
2000,54270020,MP312,MP312 - Emalahleni [Witbank],Mpumalanga,1799,MP312,MP312 - Emalahleni,Mpumalanga,vd_code_match
2000,54270031,MP312,MP312 - Emalahleni [Witbank],Mpumalanga,2605,MP312,MP312 - Emalahleni,Mpumalanga,vd_code_match
2000,54280010,MP307,MP307 - Highveld East [Highveld Ridge],Mpumalanga,2045,MP307,MP307 - Govan Mbeki,Mpumalanga,vd_code_match
2000,54280021,MP307,MP307 - Highveld East [Highveld Ridge],Mpumalanga,2067,MP307,MP307 - Govan Mbeki,Mpumalanga,vd_code_match
2000,54280032,MP307,MP307 - Highveld East [Highveld Ridge],Mpumalanga,2820,MP307,MP307 - Govan Mbeki,Mpumalanga,vd_code_match
2000,54280043,MP307,MP307 - Highveld East [Highveld Ridge],Mpumalanga,3958,MP307,MP307 - Govan Mbeki,Mpumalanga,vd_code_match
2000,54280065,MP307,MP307 - Highveld East [Highveld Ridge],Mpumalanga,1724,MP307,MP307 - Govan Mbeki,Mpumalanga,vd_code_match
2000,54290011,MP302,MP302 - Msukaligwa [Ermelo],Mpumalanga,3220,MP302,MP302 - Msukaligwa,Mpumalanga,vd_code_match
2000,54300013,MP305,MP305 - Lekwa [Standerton],Mpumalanga,3100,MP305,MP305 - Lekwa,Mpumalanga,vd_code_match
2000,54310014,MP304,MP304 - Seme [Volksrust],Mpumalanga,1795,MP304,MP304 - Dr Pixley Ka Isaka Seme,Mpumalanga,vd_code_match
2000,54320015,MP303,MP303 - Mkhondo [Piet Retief],Mpumalanga,3558,MP303,MP303 - Mkhondo,Mpumalanga,vd_code_match
2000,54320026,MP303,MP303 - Mkhondo [Piet Retief],Mpumalanga,2627,MP303,MP303 - Mkhondo,Mpumalanga,vd_code_match
2000,54320037,MP303,MP303 - Mkhondo [Piet Retief],Mpumalanga,2723,MP303,MP303 - Mkhondo,Mpumalanga,vd_code_match
2000,54320048,MP303,MP303 - Mkhondo [Piet Retief],Mpumalanga,2641,MP303,MP303 - Mkhondo,Mpumalanga,vd_code_match
2000,54320059,MP303,MP303 - Mkhondo [Piet Retief],Mpumalanga,2427,MP303,MP303 - Mkhondo,Mpumalanga,vd_code_match
2000,54320060,MP303,MP303 - Mkhondo [Piet Retief],Mpumalanga,3872,MP303,MP303 - Mkhondo,Mpumalanga,vd_code_match
2000,54330016,MP305,MP305 - Lekwa [Standerton],Mpumalanga,2622,MP305,MP305 - Lekwa,Mpumalanga,vd_code_match
2000,54330027,MP305,MP305 - Lekwa [Standerton],Mpumalanga,3300,MP305,MP305 - Lekwa,Mpumalanga,vd_code_match
2000,54330038,MP305,MP305 - Lekwa [Standerton],Mpumalanga,2032,MP305,MP305 - Lekwa,Mpumalanga,vd_code_match
2000,54330049,MP305,MP305 - Lekwa [Standerton],Mpumalanga,1358,MP305,MP305 - Lekwa,Mpumalanga,vd_code_match
2000,54330050,MP305,MP305 - Lekwa [Standerton],Mpumalanga,2694,MP305,MP305 - Lekwa,Mpumalanga,vd_code_match
2000,54330061,MP305,MP305 - Lekwa [Standerton],Mpumalanga,3546,MP305,MP305 - Lekwa,Mpumalanga,vd_code_match
2000,54330072,MP305,MP305 - Lekwa [Standerton],Mpumalanga,2991,MP305,MP305 - Lekwa,Mpumalanga,vd_code_match
2000,54330094,MP305,MP305 - Lekwa [Standerton],Mpumalanga,3090,MP305,MP305 - Lekwa,Mpumalanga,vd_code_match
2000,54330106,MP305,MP305 - Lekwa [Standerton],Mpumalanga,2433,MP305,MP305 - Lekwa,Mpumalanga,vd_code_match
2000,54330117,MP305,MP305 - Lekwa [Standerton],Mpumalanga,3111,MP305,MP305 - Lekwa,Mpumalanga,vd_code_match
2000,54330128,MP305,MP305 - Lekwa [Standerton],Mpumalanga,3185,MP305,MP305 - Lekwa,Mpumalanga,vd_code_match
2000,54340017,MP304,MP304 - Seme [Volksrust],Mpumalanga,1492,MP304,MP304 - Dr Pixley Ka Isaka Seme,Mpumalanga,vd_code_match
2000,54340028,MP304,MP304 - Seme [Volksrust],Mpumalanga,3171,MP304,MP304 - Dr Pixley Ka Isaka Seme,Mpumalanga,vd_code_match
2000,54340039,MP304,MP304 - Seme [Volksrust],Mpumalanga,1906,MP304,MP304 - Dr Pixley Ka Isaka Seme,Mpumalanga,vd_code_match
2000,54340040,MP304,MP304 - Seme [Volksrust],Mpumalanga,2272,MP304,MP304 - Dr Pixley Ka Isaka Seme,Mpumalanga,vd_code_match
2000,54340051,MP304,MP304 - Seme [Volksrust],Mpumalanga,1645,MP304,MP304 - Dr Pixley Ka Isaka Seme,Mpumalanga,vd_code_match
2000,54350018,MP304,MP304 - Seme [Volksrust],Mpumalanga,653,MP304,MP304 - Dr Pixley Ka Isaka Seme,Mpumalanga,vd_code_match
2000,54350029,MP304,MP304 - Seme [Volksrust],Mpumalanga,1076,MP304,MP304 - Dr Pixley Ka Isaka Seme,Mpumalanga,vd_code_match
2000,54350030,MP304,MP304 - Seme [Volksrust],Mpumalanga,962,MP304,MP304 - Dr Pixley Ka Isaka Seme,Mpumalanga,vd_code_match
2000,54360019,MP304,MP304 - Seme [Volksrust],Mpumalanga,1515,MP304,MP304 - Dr Pixley Ka Isaka Seme,Mpumalanga,vd_code_match
2000,54360020,MP304,MP304 - Seme [Volksrust],Mpumalanga,268,MP304,MP304 - Dr Pixley Ka Isaka Seme,Mpumalanga,vd_code_match
2000,54360031,MP304,MP304 - Seme [Volksrust],Mpumalanga,1326,MP304,MP304 - Dr Pixley Ka Isaka Seme,Mpumalanga,vd_code_match
2000,54360042,MP304,MP304 - Seme [Volksrust],Mpumalanga,230,MP304,MP304 - Dr Pixley Ka Isaka Seme,Mpumalanga,vd_code_match
2000,54360053,MP304,MP304 - Seme [Volksrust],Mpumalanga,446,MP304,MP304 - Dr Pixley Ka Isaka Seme,Mpumalanga,vd_code_match
2000,54360064,MP304,MP304 - Seme [Volksrust],Mpumalanga,718,MP304,MP304 - Dr Pixley Ka Isaka Seme,Mpumalanga,vd_code_match
2000,54360075,MP304,MP304 - Seme [Volksrust],Mpumalanga,846,MP304,MP304 - Dr Pixley Ka Isaka Seme,Mpumalanga,vd_code_match
2000,54360086,MP304,MP304 - Seme [Volksrust],Mpumalanga,1324,MP304,MP304 - Dr Pixley Ka Isaka Seme,Mpumalanga,vd_code_match
2000,54360097,MP304,MP304 - Seme [Volksrust],Mpumalanga,1521,MP304,MP304 - Dr Pixley Ka Isaka Seme,Mpumalanga,vd_code_match
2000,54360109,MP304,MP304 - Seme [Volksrust],Mpumalanga,47,MP304,MP304 - Dr Pixley Ka Isaka Seme,Mpumalanga,vd_code_match
2000,54370021,MP306,MP306 - Dipaleseng [Balfour],Mpumalanga,95,MP306,MP306 - Dipaleseng,Mpumalanga,vd_code_match
2000,54370032,MP306,MP306 - Dipaleseng [Balfour],Mpumalanga,820,MP306,MP306 - Dipaleseng,Mpumalanga,vd_code_match
2000,54370054,MP306,MP306 - Dipaleseng [Balfour],Mpumalanga,208,MP306,MP306 - Dipaleseng,Mpumalanga,vd_code_match
2000,54370065,MP306,MP306 - Dipaleseng [Balfour],Mpumalanga,158,MP306,MP306 - Dipaleseng,Mpumalanga,vd_code_match
2000,54370076,MP306,MP306 - Dipaleseng [Balfour],Mpumalanga,169,MP306,MP306 - Dipaleseng,Mpumalanga,vd_code_match
2000,54370087,MP306,MP306 - Dipaleseng [Balfour],Mpumalanga,133,MP306,MP306 - Dipaleseng,Mpumalanga,vd_code_match
2000,54370098,MP306,MP306 - Dipaleseng [Balfour],Mpumalanga,146,MP306,MP306 - Dipaleseng,Mpumalanga,vd_code_match
2000,54370100,MP306,MP306 - Dipaleseng [Balfour],Mpumalanga,500,MP306,MP306 - Dipaleseng,Mpumalanga,municipality_majority
2000,54380011,MP307,MP307 - Highveld East [Highveld Ridge],Mpumalanga,267,MP307,MP307 - Govan Mbeki,Mpumalanga,vd_code_match
2000,54380022,MP302,MP302 - Msukaligwa [Ermelo],Mpumalanga,303,MP302,MP302 - Msukaligwa,Mpumalanga,vd_code_match
2000,54380033,MP305,MP305 - Lekwa [Standerton],Mpumalanga,412,MP305,MP305 - Lekwa,Mpumalanga,vd_code_match
2000,54380044,MP307,MP307 - Highveld East [Highveld Ridge],Mpumalanga,437,MP307,MP307 - Govan Mbeki,Mpumalanga,vd_code_match
2000,54380055,MP307,MP307 - Highveld East [Highveld Ridge],Mpumalanga,447,MP307,MP307 - Govan Mbeki,Mpumalanga,vd_code_match
2000,54380066,MP307,MP307 - Highveld East [Highveld Ridge],Mpumalanga,204,MP307,MP307 - Govan Mbeki,Mpumalanga,vd_code_match
2000,54380077,MP307,MP307 - Highveld East [Highveld Ridge],Mpumalanga,330,MP307,MP307 - Govan Mbeki,Mpumalanga,vd_code_match
2000,54390012,MP301,MP301 - Albert Luthuli [Elukwatini/Carolina],Mpumalanga,119,MP301,MP301 - Chief Albert Luthuli,Mpumalanga,vd_code_match
2000,54390023,MP301,MP301 - Albert Luthuli [Elukwatini/Carolina],Mpumalanga,237,MP301,MP301 - Chief Albert Luthuli,Mpumalanga,vd_code_match
2000,54390034,MP301,MP301 - Albert Luthuli [Elukwatini/Carolina],Mpumalanga,577,MP301,MP301 - Chief Albert Luthuli,Mpumalanga,vd_code_match
2000,54390045,MP301,MP301 - Albert Luthuli [Elukwatini/Carolina],Mpumalanga,379,MP301,MP301 - Chief Albert Luthuli,Mpumalanga,vd_code_match
2000,54390056,MP301,MP301 - Albert Luthuli [Elukwatini/Carolina],Mpumalanga,214,MP301,MP301 - Chief Albert Luthuli,Mpumalanga,vd_code_match
2000,54400014,MP311,MP311 - Delmas [Delmas],Mpumalanga,738,MP311,MP311 - Victor Khanye,Mpumalanga,vd_code_match
2000,54400036,MP311,MP311 - Delmas [Delmas],Mpumalanga,210,MP311,MP311 - Victor Khanye,Mpumalanga,vd_code_match
2000,54400047,MP311,MP311 - Delmas [Delmas],Mpumalanga,274,MP311,MP311 - Victor Khanye,Mpumalanga,vd_code_match
2000,54400058,MP311,MP311 - Delmas [Delmas],Mpumalanga,270,MP311,MP311 - Victor Khanye,Mpumalanga,vd_code_match
2000,54400069,MP311,MP311 - Delmas [Delmas],Mpumalanga,346,MP311,MP311 - Victor Khanye,Mpumalanga,vd_code_match
2000,54400070,MP311,MP311 - Delmas [Delmas],Mpumalanga,865,MP311,MP311 - Victor Khanye,Mpumalanga,vd_code_match
2000,54400081,MP311,MP311 - Delmas [Delmas],Mpumalanga,252,MP311,MP311 - Victor Khanye,Mpumalanga,vd_code_match
2000,54400092,MP311,MP311 - Delmas [Delmas],Mpumalanga,662,MP311,MP311 - Victor Khanye,Mpumalanga,vd_code_match
2000,54410015,MP302,MP302 - Msukaligwa [Ermelo],Mpumalanga,458,MP301,MP301 - Chief Albert Luthuli,Mpumalanga,vd_code_match
2000,54410026,MP302,MP302 - Msukaligwa [Ermelo],Mpumalanga,558,MP302,MP302 - Msukaligwa,Mpumalanga,vd_code_match
2000,54410037,MP302,MP302 - Msukaligwa [Ermelo],Mpumalanga,450,MP302,MP302 - Msukaligwa,Mpumalanga,vd_code_match
2000,54410048,MP302,MP302 - Msukaligwa [Ermelo],Mpumalanga,341,MP302,MP302 - Msukaligwa,Mpumalanga,vd_code_match
2000,54410059,MP305,MP305 - Lekwa [Standerton],Mpumalanga,192,MP305,MP305 - Lekwa,Mpumalanga,vd_code_match
2000,54410060,MP304,MP304 - Seme [Volksrust],Mpumalanga,496,MP304,MP304 - Dr Pixley Ka Isaka Seme,Mpumalanga,vd_code_match
2000,54410071,MP302,MP302 - Msukaligwa [Ermelo],Mpumalanga,366,MP302,MP302 - Msukaligwa,Mpumalanga,vd_code_match
2000,54410082,MP302,MP302 - Msukaligwa [Ermelo],Mpumalanga,1150,MP302,MP302 - Msukaligwa,Mpumalanga,vd_code_match
2000,54410093,MP302,MP302 - Msukaligwa [Ermelo],Mpumalanga,1457,MP302,MP302 - Msukaligwa,Mpumalanga,vd_code_match
2000,54410105,MP302,MP302 - Msukaligwa [Ermelo],Mpumalanga,318,MP302,MP302 - Msukaligwa,Mpumalanga,vd_code_match
2000,54410116,MP302,MP302 - Msukaligwa [Ermelo],Mpumalanga,512,MP302,MP302 - Msukaligwa,Mpumalanga,vd_code_match
2000,54410127,MP302,MP302 - Msukaligwa [Ermelo],Mpumalanga,1582,MP302,MP302 - Msukaligwa,Mpumalanga,vd_code_match
2000,54410138,MP302,MP302 - Msukaligwa [Ermelo],Mpumalanga,491,MP302,MP302 - Msukaligwa,Mpumalanga,vd_code_match
2000,54410149,MP301,MP301 - Albert Luthuli [Elukwatini/Carolina],Mpumalanga,390,MP301,MP301 - Chief Albert Luthuli,Mpumalanga,vd_code_match
2000,54410150,MP302,MP302 - Msukaligwa [Ermelo],Mpumalanga,1516,MP302,MP302 - Msukaligwa,Mpumalanga,vd_code_match
2000,54410161,MP302,MP302 - Msukaligwa [Ermelo],Mpumalanga,756,MP302,MP302 - Msukaligwa,Mpumalanga,vd_code_match
2000,54410172,MP303,MP303 - Mkhondo [Piet Retief],Mpumalanga,898,MP303,MP303 - Mkhondo,Mpumalanga,vd_code_match
2000,54410183,MP303,MP303 - Mkhondo [Piet Retief],Mpumalanga,534,MP303,MP303 - Mkhondo,Mpumalanga,vd_code_match
2000,54410194,MP302,MP302 - Msukaligwa [Ermelo],Mpumalanga,1748,MP302,MP302 - Msukaligwa,Mpumalanga,vd_code_match
2000,54410206,MP301,MP301 - Albert Luthuli [Elukwatini/Carolina],Mpumalanga,681,MP301,MP301 - Chief Albert Luthuli,Mpumalanga,vd_code_match
2000,54410217,MP302,MP302 - Msukaligwa [Ermelo],Mpumalanga,484,MP302,MP302 - Msukaligwa,Mpumalanga,vd_code_match
2000,54420016,MP311,MP311 - Delmas [Delmas],Mpumalanga,354,MP311,MP311 - Victor Khanye,Mpumalanga,vd_code_match
2000,54420038,MP307,MP307 - Highveld East [Highveld Ridge],Mpumalanga,349,MP307,MP307 - Govan Mbeki,Mpumalanga,vd_code_match
2000,54420049,MP307,MP307 - Highveld East [Highveld Ridge],Mpumalanga,84,MP307,MP307 - Govan Mbeki,Mpumalanga,vd_code_match
2000,54420050,MP307,MP307 - Highveld East [Highveld Ridge],Mpumalanga,526,MP307,MP307 - Govan Mbeki,Mpumalanga,vd_code_match
2000,54420072,MP307,MP307 - Highveld East [Highveld Ridge],Mpumalanga,503,MP307,MP307 - Govan Mbeki,Mpumalanga,vd_code_match
2000,54420083,MP307,MP307 - Highveld East [Highveld Ridge],Mpumalanga,179,MP307,MP307 - Govan Mbeki,Mpumalanga,vd_code_match
2000,54420094,MP307,MP307 - Highveld East [Highveld Ridge],Mpumalanga,798,MP307,MP307 - Govan Mbeki,Mpumalanga,municipality_majority
2000,54420106,MP307,MP307 - Highveld East [Highveld Ridge],Mpumalanga,821,MP307,MP307 - Govan Mbeki,Mpumalanga,vd_code_match
2000,54420117,MP307,MP307 - Highveld East [Highveld Ridge],Mpumalanga,47,MP307,MP307 - Govan Mbeki,Mpumalanga,municipality_majority
2000,54430017,MP312,MP312 - Emalahleni [Witbank],Mpumalanga,508,MP312,MP312 - Emalahleni,Mpumalanga,municipality_majority
2000,54430028,MP312,MP312 - Emalahleni [Witbank],Mpumalanga,1281,MP312,MP312 - Emalahleni,Mpumalanga,vd_code_match
2000,54430039,MP312,MP312 - Emalahleni [Witbank],Mpumalanga,931,MP312,MP312 - Emalahleni,Mpumalanga,vd_code_match
2000,54430040,MP312,MP312 - Emalahleni [Witbank],Mpumalanga,490,MP312,MP312 - Emalahleni,Mpumalanga,vd_code_match
2000,54430051,MP312,MP312 - Emalahleni [Witbank],Mpumalanga,2483,MP312,MP312 - Emalahleni,Mpumalanga,vd_code_match
2000,54440018,MP303,MP303 - Mkhondo [Piet Retief],Mpumalanga,454,MP303,MP303 - Mkhondo,Mpumalanga,vd_code_match
2000,54440029,MP303,MP303 - Mkhondo [Piet Retief],Mpumalanga,226,MP303,MP303 - Mkhondo,Mpumalanga,vd_code_match
2000,54440030,MP303,MP303 - Mkhondo [Piet Retief],Mpumalanga,2050,MP303,MP303 - Mkhondo,Mpumalanga,vd_code_match
2000,54440041,MP303,MP303 - Mkhondo [Piet Retief],Mpumalanga,1235,MP303,MP303 - Mkhondo,Mpumalanga,vd_code_match
2000,54440052,MP303,MP303 - Mkhondo [Piet Retief],Mpumalanga,263,MP303,MP303 - Mkhondo,Mpumalanga,vd_code_match
2000,54440063,MP303,MP303 - Mkhondo [Piet Retief],Mpumalanga,783,MP303,MP303 - Mkhondo,Mpumalanga,vd_code_match
2000,54440074,MP303,MP303 - Mkhondo [Piet Retief],Mpumalanga,393,MP303,MP303 - Mkhondo,Mpumalanga,vd_code_match
2000,54440085,MP303,MP303 - Mkhondo [Piet Retief],Mpumalanga,1530,MP303,MP303 - Mkhondo,Mpumalanga,vd_code_match
2000,54440096,MP303,MP303 - Mkhondo [Piet Retief],Mpumalanga,1490,MP303,MP303 - Mkhondo,Mpumalanga,vd_code_match
2000,54440119,MP303,MP303 - Mkhondo [Piet Retief],Mpumalanga,644,MP303,MP303 - Mkhondo,Mpumalanga,vd_code_match
2000,54440120,MP303,MP303 - Mkhondo [Piet Retief],Mpumalanga,503,MP303,MP303 - Mkhondo,Mpumalanga,vd_code_match
2000,54440131,MP303,MP303 - Mkhondo [Piet Retief],Mpumalanga,1118,MP303,MP303 - Mkhondo,Mpumalanga,vd_code_match
2000,54440142,MP303,MP303 - Mkhondo [Piet Retief],Mpumalanga,1931,MP303,MP303 - Mkhondo,Mpumalanga,vd_code_match
2000,54440153,MP303,MP303 - Mkhondo [Piet Retief],Mpumalanga,1871,MP303,MP303 - Mkhondo,Mpumalanga,vd_code_match
2000,54440164,MP303,MP303 - Mkhondo [Piet Retief],Mpumalanga,641,MP303,MP303 - Mkhondo,Mpumalanga,vd_code_match
2000,54440175,MP303,MP303 - Mkhondo [Piet Retief],Mpumalanga,669,MP303,MP303 - Mkhondo,Mpumalanga,vd_code_match
2000,54440186,MP303,MP303 - Mkhondo [Piet Retief],Mpumalanga,949,MP303,MP303 - Mkhondo,Mpumalanga,vd_code_match
2000,54450019,MP305,MP305 - Lekwa [Standerton],Mpumalanga,1593,MP305,MP305 - Lekwa,Mpumalanga,vd_code_match
2000,54450020,MP305,MP305 - Lekwa [Standerton],Mpumalanga,750,MP305,MP305 - Lekwa,Mpumalanga,vd_code_match
2000,54450031,MP305,MP305 - Lekwa [Standerton],Mpumalanga,539,MP305,MP305 - Lekwa,Mpumalanga,vd_code_match
2000,54450042,MP306,MP306 - Dipaleseng [Balfour],Mpumalanga,750,MP306,MP306 - Dipaleseng,Mpumalanga,vd_code_match
2000,54450053,MP305,MP305 - Lekwa [Standerton],Mpumalanga,358,MP305,MP305 - Lekwa,Mpumalanga,vd_code_match
2000,54450064,MP305,MP305 - Lekwa [Standerton],Mpumalanga,1461,MP305,MP305 - Lekwa,Mpumalanga,vd_code_match
2000,54450075,MP305,MP305 - Lekwa [Standerton],Mpumalanga,1983,MP305,MP305 - Lekwa,Mpumalanga,vd_code_match
2000,54450086,MP305,MP305 - Lekwa [Standerton],Mpumalanga,503,MP305,MP305 - Lekwa,Mpumalanga,vd_code_match
2000,54450097,MP307,MP307 - Highveld East [Highveld Ridge],Mpumalanga,921,MP307,MP307 - Govan Mbeki,Mpumalanga,vd_code_match
2000,54450143,MP305,MP305 - Lekwa [Standerton],Mpumalanga,315,MP305,MP305 - Lekwa,Mpumalanga,vd_code_match
2000,54450154,MP305,MP305 - Lekwa [Standerton],Mpumalanga,421,MP305,MP305 - Lekwa,Mpumalanga,vd_code_match
2000,54450165,MP305,MP305 - Lekwa [Standerton],Mpumalanga,468,MP305,MP305 - Lekwa,Mpumalanga,vd_code_match
2000,54450176,MP305,MP305 - Lekwa [Standerton],Mpumalanga,353,MP305,MP305 - Lekwa,Mpumalanga,vd_code_match
2000,54460010,MP304,MP304 - Seme [Volksrust],Mpumalanga,317,MP304,MP304 - Dr Pixley Ka Isaka Seme,Mpumalanga,vd_code_match
2000,54460021,MP304,MP304 - Seme [Volksrust],Mpumalanga,332,MP304,MP304 - Dr Pixley Ka Isaka Seme,Mpumalanga,vd_code_match
2000,54460032,MP304,MP304 - Seme [Volksrust],Mpumalanga,359,MP304,MP304 - Dr Pixley Ka Isaka Seme,Mpumalanga,vd_code_match
2000,54460043,MP304,MP304 - Seme [Volksrust],Mpumalanga,318,MP304,MP304 - Dr Pixley Ka Isaka Seme,Mpumalanga,vd_code_match
2000,54460076,MP304,MP304 - Seme [Volksrust],Mpumalanga,149,MP304,MP304 - Dr Pixley Ka Isaka Seme,Mpumalanga,vd_code_match
2000,54460087,MP304,MP304 - Seme [Volksrust],Mpumalanga,193,MP304,MP304 - Dr Pixley Ka Isaka Seme,Mpumalanga,vd_code_match
2000,54470011,MP304,MP304 - Seme [Volksrust],Mpumalanga,712,MP304,MP304 - Dr Pixley Ka Isaka Seme,Mpumalanga,vd_code_match
2000,54470044,MP303,MP303 - Mkhondo [Piet Retief],Mpumalanga,739,MP303,MP303 - Mkhondo,Mpumalanga,vd_code_match
2000,54470055,MP304,MP304 - Seme [Volksrust],Mpumalanga,950,MP304,MP304 - Dr Pixley Ka Isaka Seme,Mpumalanga,vd_code_match
2000,54470077,MP303,MP303 - Mkhondo [Piet Retief],Mpumalanga,330,MP303,MP303 - Mkhondo,Mpumalanga,vd_code_match
2000,54470088,MP303,MP303 - Mkhondo [Piet Retief],Mpumalanga,3502,MP303,MP303 - Mkhondo,Mpumalanga,vd_code_match
2000,54470099,MP303,MP303 - Mkhondo [Piet Retief],Mpumalanga,1614,MP303,MP303 - Mkhondo,Mpumalanga,vd_code_match
2000,54470112,MP303,MP303 - Mkhondo [Piet Retief],Mpumalanga,2714,MP303,MP303 - Mkhondo,Mpumalanga,vd_code_match
2000,54470134,MP304,MP304 - Seme [Volksrust],Mpumalanga,140,MP304,MP304 - Dr Pixley Ka Isaka Seme,Mpumalanga,vd_code_match
2000,54470145,MP304,MP304 - Seme [Volksrust],Mpumalanga,9,MP304,MP304 - Dr Pixley Ka Isaka Seme,Mpumalanga,vd_code_match
2000,54490013,MP314,MP314 - Highlands [Belfast],Mpumalanga,1923,MP314,MP314 - Emakhazeni,Mpumalanga,vd_code_match
2000,54490024,MP314,MP314 - Highlands [Belfast],Mpumalanga,2598,MP314,MP314 - Emakhazeni,Mpumalanga,vd_code_match
2000,54490035,MP314,MP314 - Highlands [Belfast],Mpumalanga,2021,MP314,MP314 - Emakhazeni,Mpumalanga,vd_code_match
2000,54500015,MP314,MP314 - Highlands [Belfast],Mpumalanga,1510,MP314,MP314 - Emakhazeni,Mpumalanga,vd_code_match
2000,54530018,MP313,MP313 - Middelburg [Middelburg],Mpumalanga,2711,MP313,MP313 - Steve Tshwete,Mpumalanga,vd_code_match
2000,54530029,MP313,MP313 - Middelburg [Middelburg],Mpumalanga,2327,MP313,MP313 - Steve Tshwete,Mpumalanga,vd_code_match
2000,54530030,MP313,MP313 - Middelburg [Middelburg],Mpumalanga,2975,MP313,MP313 - Steve Tshwete,Mpumalanga,vd_code_match
2000,54540019,MP315,MP315 - Thembisile [KwaMhlanga],Mpumalanga,855,MP315,MP315 - Thembisile Hani,Mpumalanga,vd_code_match
2000,54540020,MP315,MP315 - Thembisile [KwaMhlanga],Mpumalanga,4630,MP315,MP315 - Thembisile Hani,Mpumalanga,vd_code_match
2000,54540031,MP315,MP315 - Thembisile [KwaMhlanga],Mpumalanga,278,MP315,MP315 - Thembisile Hani,Mpumalanga,municipality_majority
2000,54540042,MP315,MP315 - Thembisile [KwaMhlanga],Mpumalanga,1729,MP315,MP315 - Thembisile Hani,Mpumalanga,vd_code_match
2000,54540053,MP315,MP315 - Thembisile [KwaMhlanga],Mpumalanga,1730,MP315,MP315 - Thembisile Hani,Mpumalanga,vd_code_match
2000,54540064,MP315,MP315 - Thembisile [KwaMhlanga],Mpumalanga,2675,MP315,MP315 - Thembisile Hani,Mpumalanga,vd_code_match
2000,54540075,MP315,MP315 - Thembisile [KwaMhlanga],Mpumalanga,2663,MP315,MP315 - Thembisile Hani,Mpumalanga,vd_code_match
2000,54540086,MP315,MP315 - Thembisile [KwaMhlanga],Mpumalanga,1220,MP315,MP315 - Thembisile Hani,Mpumalanga,vd_code_match
2000,54540097,MP315,MP315 - Thembisile [KwaMhlanga],Mpumalanga,2558,MP315,MP315 - Thembisile Hani,Mpumalanga,vd_code_match
2000,54540109,MP315,MP315 - Thembisile [KwaMhlanga],Mpumalanga,1104,MP315,MP315 - Thembisile Hani,Mpumalanga,vd_code_match
2000,54540110,MP315,MP315 - Thembisile [KwaMhlanga],Mpumalanga,1143,MP315,MP315 - Thembisile Hani,Mpumalanga,vd_code_match
2000,54540121,MP315,MP315 - Thembisile [KwaMhlanga],Mpumalanga,2917,MP315,MP315 - Thembisile Hani,Mpumalanga,vd_code_match
2000,54540132,MP315,MP315 - Thembisile [KwaMhlanga],Mpumalanga,2878,MP315,MP315 - Thembisile Hani,Mpumalanga,vd_code_match
2000,54540143,MP315,MP315 - Thembisile [KwaMhlanga],Mpumalanga,2844,MP315,MP315 - Thembisile Hani,Mpumalanga,vd_code_match
2000,54540154,MP315,MP315 - Thembisile [KwaMhlanga],Mpumalanga,2530,MP315,MP315 - Thembisile Hani,Mpumalanga,vd_code_match
2000,54540165,MP315,MP315 - Thembisile [KwaMhlanga],Mpumalanga,1815,MP315,MP315 - Thembisile Hani,Mpumalanga,vd_code_match
2000,54540176,MP315,MP315 - Thembisile [KwaMhlanga],Mpumalanga,557,MP315,MP315 - Thembisile Hani,Mpumalanga,vd_code_match
2000,54540187,MP315,MP315 - Thembisile [KwaMhlanga],Mpumalanga,1119,MP315,MP315 - Thembisile Hani,Mpumalanga,vd_code_match
2000,54540198,MP315,MP315 - Thembisile [KwaMhlanga],Mpumalanga,2555,MP315,MP315 - Thembisile Hani,Mpumalanga,vd_code_match
2000,54540200,MP315,MP315 - Thembisile [KwaMhlanga],Mpumalanga,3216,MP315,MP315 - Thembisile Hani,Mpumalanga,vd_code_match
2000,54540211,MP315,MP315 - Thembisile [KwaMhlanga],Mpumalanga,1061,MP315,MP315 - Thembisile Hani,Mpumalanga,vd_code_match
2000,54540222,MP315,MP315 - Thembisile [KwaMhlanga],Mpumalanga,1885,MP315,MP315 - Thembisile Hani,Mpumalanga,vd_code_match
2000,54540233,MP315,MP315 - Thembisile [KwaMhlanga],Mpumalanga,2515,MP315,MP315 - Thembisile Hani,Mpumalanga,vd_code_match
2000,54540299,MP315,MP315 - Thembisile [KwaMhlanga],Mpumalanga,2842,MP315,MP315 - Thembisile Hani,Mpumalanga,vd_code_match
2000,54540301,MP315,MP315 - Thembisile [KwaMhlanga],Mpumalanga,2960,MP315,MP315 - Thembisile Hani,Mpumalanga,vd_code_match
2000,54540312,MP315,MP315 - Thembisile [KwaMhlanga],Mpumalanga,377,MP315,MP315 - Thembisile Hani,Mpumalanga,vd_code_match
2000,54540323,MP315,MP315 - Thembisile [KwaMhlanga],Mpumalanga,26,MP315,MP315 - Thembisile Hani,Mpumalanga,municipality_majority
2000,54550010,MP314,MP314 - Highlands [Belfast],Mpumalanga,3042,MP314,MP314 - Emakhazeni,Mpumalanga,vd_code_match
2000,54570012,MP316,MP316 - Dr J S Moroka [Mdutjana],Mpumalanga,1999,MP316,MP316 - Dr JS Moroka,Mpumalanga,vd_code_match
2000,54570034,MP316,MP316 - Dr J S Moroka [Mdutjana],Mpumalanga,606,MP316,MP316 - Dr JS Moroka,Mpumalanga,vd_code_match
2000,54570045,MP316,MP316 - Dr J S Moroka [Mdutjana],Mpumalanga,1214,MP316,MP316 - Dr JS Moroka,Mpumalanga,vd_code_match
2000,54570056,MP316,MP316 - Dr J S Moroka [Mdutjana],Mpumalanga,535,MP316,MP316 - Dr JS Moroka,Mpumalanga,vd_code_match
2000,54570067,MP316,MP316 - Dr J S Moroka [Mdutjana],Mpumalanga,1693,MP316,MP316 - Dr JS Moroka,Mpumalanga,vd_code_match
2000,54570078,MP316,MP316 - Dr J S Moroka [Mdutjana],Mpumalanga,1320,MP316,MP316 - Dr JS Moroka,Mpumalanga,municipality_majority
2000,54570089,MP316,MP316 - Dr J S Moroka [Mdutjana],Mpumalanga,471,MP316,MP316 - Dr JS Moroka,Mpumalanga,vd_code_match
2000,54570090,MP316,MP316 - Dr J S Moroka [Mdutjana],Mpumalanga,727,MP316,MP316 - Dr JS Moroka,Mpumalanga,vd_code_match
2000,54570102,MP316,MP316 - Dr J S Moroka [Mdutjana],Mpumalanga,745,MP316,MP316 - Dr JS Moroka,Mpumalanga,vd_code_match
2000,54570113,MP316,MP316 - Dr J S Moroka [Mdutjana],Mpumalanga,1104,MP316,MP316 - Dr JS Moroka,Mpumalanga,vd_code_match
2000,54570124,MP316,MP316 - Dr J S Moroka [Mdutjana],Mpumalanga,996,MP316,MP316 - Dr JS Moroka,Mpumalanga,vd_code_match
2000,54570135,MP316,MP316 - Dr J S Moroka [Mdutjana],Mpumalanga,1487,MP316,MP316 - Dr JS Moroka,Mpumalanga,vd_code_match
2000,54570146,MP316,MP316 - Dr J S Moroka [Mdutjana],Mpumalanga,1343,MP316,MP316 - Dr JS Moroka,Mpumalanga,vd_code_match
2000,54570157,MP316,MP316 - Dr J S Moroka [Mdutjana],Mpumalanga,863,MP316,MP316 - Dr JS Moroka,Mpumalanga,municipality_majority
2000,54570168,MP316,MP316 - Dr J S Moroka [Mdutjana],Mpumalanga,509,MP316,MP316 - Dr JS Moroka,Mpumalanga,vd_code_match
2000,54570179,MP316,MP316 - Dr J S Moroka [Mdutjana],Mpumalanga,1725,MP316,MP316 - Dr JS Moroka,Mpumalanga,vd_code_match
2000,54570180,MP316,MP316 - Dr J S Moroka [Mdutjana],Mpumalanga,283,MP316,MP316 - Dr JS Moroka,Mpumalanga,vd_code_match
2000,54570191,MP316,MP316 - Dr J S Moroka [Mdutjana],Mpumalanga,1004,MP316,MP316 - Dr JS Moroka,Mpumalanga,vd_code_match
2000,54570203,MP316,MP316 - Dr J S Moroka [Mdutjana],Mpumalanga,311,MP316,MP316 - Dr JS Moroka,Mpumalanga,vd_code_match
2000,54570214,MP316,MP316 - Dr J S Moroka [Mdutjana],Mpumalanga,590,MP316,MP316 - Dr JS Moroka,Mpumalanga,vd_code_match
2000,54570225,MP316,MP316 - Dr J S Moroka [Mdutjana],Mpumalanga,1209,MP316,MP316 - Dr JS Moroka,Mpumalanga,vd_code_match
2000,54570236,MP316,MP316 - Dr J S Moroka [Mdutjana],Mpumalanga,237,MP316,MP316 - Dr JS Moroka,Mpumalanga,vd_code_match
2000,54570247,MP316,MP316 - Dr J S Moroka [Mdutjana],Mpumalanga,2146,MP316,MP316 - Dr JS Moroka,Mpumalanga,vd_code_match
2000,54570258,MP316,MP316 - Dr J S Moroka [Mdutjana],Mpumalanga,1551,MP316,MP316 - Dr JS Moroka,Mpumalanga,vd_code_match
2000,54570269,MP316,MP316 - Dr J S Moroka [Mdutjana],Mpumalanga,964,MP316,MP316 - Dr JS Moroka,Mpumalanga,vd_code_match
2000,54570270,MP316,MP316 - Dr J S Moroka [Mdutjana],Mpumalanga,645,MP316,MP316 - Dr JS Moroka,Mpumalanga,vd_code_match
2000,54570281,MP316,MP316 - Dr J S Moroka [Mdutjana],Mpumalanga,1697,MP316,MP316 - Dr JS Moroka,Mpumalanga,vd_code_match
2000,54570292,MP316,MP316 - Dr J S Moroka [Mdutjana],Mpumalanga,1068,MP316,MP316 - Dr JS Moroka,Mpumalanga,vd_code_match
2000,54570304,MP316,MP316 - Dr J S Moroka [Mdutjana],Mpumalanga,274,MP316,MP316 - Dr JS Moroka,Mpumalanga,vd_code_match
2000,54570315,MP316,MP316 - Dr J S Moroka [Mdutjana],Mpumalanga,980,MP316,MP316 - Dr JS Moroka,Mpumalanga,vd_code_match
2000,54570326,MP316,MP316 - Dr J S Moroka [Mdutjana],Mpumalanga,1853,MP316,MP316 - Dr JS Moroka,Mpumalanga,vd_code_match
2000,54580013,MP316,MP316 - Dr J S Moroka [Mdutjana],Mpumalanga,1128,MP316,MP316 - Dr JS Moroka,Mpumalanga,vd_code_match
2000,54580035,MP316,MP316 - Dr J S Moroka [Mdutjana],Mpumalanga,2027,MP316,MP316 - Dr JS Moroka,Mpumalanga,vd_code_match
2000,54580046,MP316,MP316 - Dr J S Moroka [Mdutjana],Mpumalanga,1619,MP316,MP316 - Dr JS Moroka,Mpumalanga,vd_code_match
2000,54580057,MP316,MP316 - Dr J S Moroka [Mdutjana],Mpumalanga,1386,MP316,MP316 - Dr JS Moroka,Mpumalanga,vd_code_match
2000,54580068,MP316,MP316 - Dr J S Moroka [Mdutjana],Mpumalanga,1606,MP316,MP316 - Dr JS Moroka,Mpumalanga,vd_code_match
2000,54580079,MP316,MP316 - Dr J S Moroka [Mdutjana],Mpumalanga,2304,MP316,MP316 - Dr JS Moroka,Mpumalanga,vd_code_match
2000,54580080,MP316,MP316 - Dr J S Moroka [Mdutjana],Mpumalanga,1309,MP316,MP316 - Dr JS Moroka,Mpumalanga,vd_code_match
2000,54580091,MP316,MP316 - Dr J S Moroka [Mdutjana],Mpumalanga,1642,MP316,MP316 - Dr JS Moroka,Mpumalanga,vd_code_match
2000,54580103,MP316,MP316 - Dr J S Moroka [Mdutjana],Mpumalanga,692,MP316,MP316 - Dr JS Moroka,Mpumalanga,vd_code_match
2000,54580114,MP316,MP316 - Dr J S Moroka [Mdutjana],Mpumalanga,364,MP316,MP316 - Dr JS Moroka,Mpumalanga,vd_code_match
2000,54580125,MP316,MP316 - Dr J S Moroka [Mdutjana],Mpumalanga,1579,MP316,MP316 - Dr JS Moroka,Mpumalanga,vd_code_match
2000,54580136,MP316,MP316 - Dr J S Moroka [Mdutjana],Mpumalanga,1079,MP316,MP316 - Dr JS Moroka,Mpumalanga,vd_code_match
2000,54580158,MP316,MP316 - Dr J S Moroka [Mdutjana],Mpumalanga,1041,MP316,MP316 - Dr JS Moroka,Mpumalanga,vd_code_match
2000,54580169,MP316,MP316 - Dr J S Moroka [Mdutjana],Mpumalanga,1036,MP316,MP316 - Dr JS Moroka,Mpumalanga,vd_code_match
2000,54580181,MP315,MP315 - Thembisile [KwaMhlanga],Mpumalanga,384,MP315,MP315 - Thembisile Hani,Mpumalanga,vd_code_match
2000,54580192,MP316,MP316 - Dr J S Moroka [Mdutjana],Mpumalanga,2357,MP316,MP316 - Dr JS Moroka,Mpumalanga,vd_code_match
2000,54580204,MP316,MP316 - Dr J S Moroka [Mdutjana],Mpumalanga,669,MP316,MP316 - Dr JS Moroka,Mpumalanga,vd_code_match
2000,54580215,MP316,MP316 - Dr J S Moroka [Mdutjana],Mpumalanga,959,MP316,MP316 - Dr JS Moroka,Mpumalanga,vd_code_match
2000,54580226,MPDMA31 [Mdala Nature Reserve],MPDMA31 [Mdala Nature Reserve],Mpumalanga,25,MP316,MP316 - Dr JS Moroka,Mpumalanga,vd_code_match
2000,54590014,MP316,MP316 - Dr J S Moroka [Mdutjana],Mpumalanga,1980,MP316,MP316 - Dr JS Moroka,Mpumalanga,vd_code_match
2000,54590025,MP316,MP316 - Dr J S Moroka [Mdutjana],Mpumalanga,1503,MP316,MP316 - Dr JS Moroka,Mpumalanga,vd_code_match
2000,54590036,MP316,MP316 - Dr J S Moroka [Mdutjana],Mpumalanga,1366,MP316,MP316 - Dr JS Moroka,Mpumalanga,vd_code_match
2000,54590047,MP316,MP316 - Dr J S Moroka [Mdutjana],Mpumalanga,1274,MP316,MP316 - Dr JS Moroka,Mpumalanga,vd_code_match
2000,54590058,MP316,MP316 - Dr J S Moroka [Mdutjana],Mpumalanga,3039,MP316,MP316 - Dr JS Moroka,Mpumalanga,vd_code_match
2000,54590069,MP316,MP316 - Dr J S Moroka [Mdutjana],Mpumalanga,1303,MP316,MP316 - Dr JS Moroka,Mpumalanga,vd_code_match
2000,54590070,MP316,MP316 - Dr J S Moroka [Mdutjana],Mpumalanga,1674,MP316,MP316 - Dr JS Moroka,Mpumalanga,vd_code_match
2000,54590081,MP316,MP316 - Dr J S Moroka [Mdutjana],Mpumalanga,1519,MP316,MP316 - Dr JS Moroka,Mpumalanga,vd_code_match
2000,54590092,MP316,MP316 - Dr J S Moroka [Mdutjana],Mpumalanga,4213,MP316,MP316 - Dr JS Moroka,Mpumalanga,vd_code_match
2000,54590104,MP316,MP316 - Dr J S Moroka [Mdutjana],Mpumalanga,1189,MP316,MP316 - Dr JS Moroka,Mpumalanga,vd_code_match
2000,54590115,MP316,MP316 - Dr J S Moroka [Mdutjana],Mpumalanga,2290,MP316,MP316 - Dr JS Moroka,Mpumalanga,vd_code_match
2000,54590126,MP316,MP316 - Dr J S Moroka [Mdutjana],Mpumalanga,685,MP316,MP316 - Dr JS Moroka,Mpumalanga,vd_code_match
2000,54590137,MP316,MP316 - Dr J S Moroka [Mdutjana],Mpumalanga,1211,MP316,MP316 - Dr JS Moroka,Mpumalanga,vd_code_match
2000,54590148,MP316,MP316 - Dr J S Moroka [Mdutjana],Mpumalanga,1658,MP316,MP316 - Dr JS Moroka,Mpumalanga,vd_code_match
2000,54590159,MP316,MP316 - Dr J S Moroka [Mdutjana],Mpumalanga,1304,MP316,MP316 - Dr JS Moroka,Mpumalanga,vd_code_match
2000,54590160,MP316,MP316 - Dr J S Moroka [Mdutjana],Mpumalanga,1236,MP316,MP316 - Dr JS Moroka,Mpumalanga,vd_code_match
2000,54590171,MP316,MP316 - Dr J S Moroka [Mdutjana],Mpumalanga,1886,MP316,MP316 - Dr JS Moroka,Mpumalanga,vd_code_match
2000,54590182,MP316,MP316 - Dr J S Moroka [Mdutjana],Mpumalanga,1419,MP316,MP316 - Dr JS Moroka,Mpumalanga,vd_code_match
2000,54590193,MP316,MP316 - Dr J S Moroka [Mdutjana],Mpumalanga,1897,MP316,MP316 - Dr JS Moroka,Mpumalanga,vd_code_match
2000,54590205,MP316,MP316 - Dr J S Moroka [Mdutjana],Mpumalanga,1943,MP316,MP316 - Dr JS Moroka,Mpumalanga,vd_code_match
2000,54590216,MP316,MP316 - Dr J S Moroka [Mdutjana],Mpumalanga,1626,MP316,MP316 - Dr JS Moroka,Mpumalanga,vd_code_match
2000,54590227,MP316,MP316 - Dr J S Moroka [Mdutjana],Mpumalanga,1850,MP316,MP316 - Dr JS Moroka,Mpumalanga,vd_code_match
2000,54590238,MP316,MP316 - Dr J S Moroka [Mdutjana],Mpumalanga,1719,MP316,MP316 - Dr JS Moroka,Mpumalanga,vd_code_match
2000,54590250,MP316,MP316 - Dr J S Moroka [Mdutjana],Mpumalanga,946,MP316,MP316 - Dr JS Moroka,Mpumalanga,vd_code_match
2000,54590261,MP316,MP316 - Dr J S Moroka [Mdutjana],Mpumalanga,1449,MP316,MP316 - Dr JS Moroka,Mpumalanga,vd_code_match
2000,54590272,MP316,MP316 - Dr J S Moroka [Mdutjana],Mpumalanga,1225,MP316,MP316 - Dr JS Moroka,Mpumalanga,vd_code_match
2000,54590283,MP316,MP316 - Dr J S Moroka [Mdutjana],Mpumalanga,540,MP316,MP316 - Dr JS Moroka,Mpumalanga,vd_code_match
2000,54590294,MP316,MP316 - Dr J S Moroka [Mdutjana],Mpumalanga,210,MP316,MP316 - Dr JS Moroka,Mpumalanga,vd_code_match
2000,54590306,MP316,MP316 - Dr J S Moroka [Mdutjana],Mpumalanga,1986,MP316,MP316 - Dr JS Moroka,Mpumalanga,vd_code_match
2000,54590317,MP316,MP316 - Dr J S Moroka [Mdutjana],Mpumalanga,334,MP316,MP316 - Dr JS Moroka,Mpumalanga,municipality_majority
2000,54590328,MP316,MP316 - Dr J S Moroka [Mdutjana],Mpumalanga,1077,MP316,MP316 - Dr JS Moroka,Mpumalanga,vd_code_match
2000,54600016,MP313,MP313 - Middelburg [Middelburg],Mpumalanga,1318,MP313,MP313 - Steve Tshwete,Mpumalanga,vd_code_match
2000,54600027,MP313,MP313 - Middelburg [Middelburg],Mpumalanga,2141,MP313,MP313 - Steve Tshwete,Mpumalanga,vd_code_match
2000,54600038,MP313,MP313 - Middelburg [Middelburg],Mpumalanga,2889,MP313,MP313 - Steve Tshwete,Mpumalanga,vd_code_match
2000,54600049,MP313,MP313 - Middelburg [Middelburg],Mpumalanga,1696,MP313,MP313 - Steve Tshwete,Mpumalanga,vd_code_match
2000,54600050,MP313,MP313 - Middelburg [Middelburg],Mpumalanga,1303,MP313,MP313 - Steve Tshwete,Mpumalanga,vd_code_match
2000,54600061,MP313,MP313 - Middelburg [Middelburg],Mpumalanga,4644,MP313,MP313 - Steve Tshwete,Mpumalanga,vd_code_match
2000,54600072,MP313,MP313 - Middelburg [Middelburg],Mpumalanga,3111,MP313,MP313 - Steve Tshwete,Mpumalanga,vd_code_match
2000,54600083,MP313,MP313 - Middelburg [Middelburg],Mpumalanga,2821,MP313,MP313 - Steve Tshwete,Mpumalanga,vd_code_match
2000,54600094,MP313,MP313 - Middelburg [Middelburg],Mpumalanga,2693,MP313,MP313 - Steve Tshwete,Mpumalanga,vd_code_match
2000,54600106,MP313,MP313 - Middelburg [Middelburg],Mpumalanga,2965,MP313,MP313 - Steve Tshwete,Mpumalanga,vd_code_match
2000,54600117,MP313,MP313 - Middelburg [Middelburg],Mpumalanga,2549,MP313,MP313 - Steve Tshwete,Mpumalanga,vd_code_match
2000,54600128,MP313,MP313 - Middelburg [Middelburg],Mpumalanga,2522,MP313,MP313 - Steve Tshwete,Mpumalanga,vd_code_match
2000,54600139,MP313,MP313 - Middelburg [Middelburg],Mpumalanga,3218,MP313,MP313 - Steve Tshwete,Mpumalanga,vd_code_match
2000,54600140,MP313,MP313 - Middelburg [Middelburg],Mpumalanga,2291,MP313,MP313 - Steve Tshwete,Mpumalanga,vd_code_match
2000,54600151,MP313,MP313 - Middelburg [Middelburg],Mpumalanga,2731,MP313,MP313 - Steve Tshwete,Mpumalanga,vd_code_match
2000,54600162,MP313,MP313 - Middelburg [Middelburg],Mpumalanga,909,MP313,MP313 - Steve Tshwete,Mpumalanga,vd_code_match
2000,54600173,MP313,MP313 - Middelburg [Middelburg],Mpumalanga,2734,MP313,MP313 - Steve Tshwete,Mpumalanga,vd_code_match
2000,54600184,MP313,MP313 - Middelburg [Middelburg],Mpumalanga,1636,MP313,MP313 - Steve Tshwete,Mpumalanga,vd_code_match
2000,54600195,MP313,MP313 - Middelburg [Middelburg],Mpumalanga,1727,MP313,MP313 - Steve Tshwete,Mpumalanga,vd_code_match
2000,54600207,MP313,MP313 - Middelburg [Middelburg],Mpumalanga,2724,MP313,MP313 - Steve Tshwete,Mpumalanga,vd_code_match
2000,54600218,MP313,MP313 - Middelburg [Middelburg],Mpumalanga,1552,MP313,MP313 - Steve Tshwete,Mpumalanga,vd_code_match
2000,54600229,MP313,MP313 - Middelburg [Middelburg],Mpumalanga,581,MP313,MP313 - Steve Tshwete,Mpumalanga,vd_code_match
2000,54610028,MP315,MP315 - Thembisile [KwaMhlanga],Mpumalanga,1936,MP315,MP315 - Thembisile Hani,Mpumalanga,vd_code_match
2000,54610039,MP315,MP315 - Thembisile [KwaMhlanga],Mpumalanga,3535,MP315,MP315 - Thembisile Hani,Mpumalanga,vd_code_match
2000,54610040,MP315,MP315 - Thembisile [KwaMhlanga],Mpumalanga,2754,MP315,MP315 - Thembisile Hani,Mpumalanga,vd_code_match
2000,54610051,MP315,MP315 - Thembisile [KwaMhlanga],Mpumalanga,1878,MP315,MP315 - Thembisile Hani,Mpumalanga,vd_code_match
2000,54610062,MP315,MP315 - Thembisile [KwaMhlanga],Mpumalanga,2296,MP315,MP315 - Thembisile Hani,Mpumalanga,vd_code_match
2000,54610073,MP315,MP315 - Thembisile [KwaMhlanga],Mpumalanga,2963,MP315,MP315 - Thembisile Hani,Mpumalanga,vd_code_match
2000,54610084,MP315,MP315 - Thembisile [KwaMhlanga],Mpumalanga,3238,MP315,MP315 - Thembisile Hani,Mpumalanga,vd_code_match
2000,54610095,MP315,MP315 - Thembisile [KwaMhlanga],Mpumalanga,526,MP315,MP315 - Thembisile Hani,Mpumalanga,vd_code_match
2000,54610107,MP315,MP315 - Thembisile [KwaMhlanga],Mpumalanga,3775,MP315,MP315 - Thembisile Hani,Mpumalanga,vd_code_match
2000,54610118,MP315,MP315 - Thembisile [KwaMhlanga],Mpumalanga,3341,MP315,MP315 - Thembisile Hani,Mpumalanga,vd_code_match
2000,54610129,MP315,MP315 - Thembisile [KwaMhlanga],Mpumalanga,2222,MP315,MP315 - Thembisile Hani,Mpumalanga,vd_code_match
2000,54610141,MP315,MP315 - Thembisile [KwaMhlanga],Mpumalanga,1851,MP315,MP315 - Thembisile Hani,Mpumalanga,vd_code_match
2000,54610152,MP315,MP315 - Thembisile [KwaMhlanga],Mpumalanga,1261,MP315,MP315 - Thembisile Hani,Mpumalanga,vd_code_match
2000,54610163,MP315,MP315 - Thembisile [KwaMhlanga],Mpumalanga,2098,MP315,MP315 - Thembisile Hani,Mpumalanga,vd_code_match
2000,54610174,MP315,MP315 - Thembisile [KwaMhlanga],Mpumalanga,2541,MP315,MP315 - Thembisile Hani,Mpumalanga,vd_code_match
2000,54610185,MP315,MP315 - Thembisile [KwaMhlanga],Mpumalanga,1497,MP315,MP315 - Thembisile Hani,Mpumalanga,vd_code_match
2000,54610196,MP315,MP315 - Thembisile [KwaMhlanga],Mpumalanga,1436,MP315,MP315 - Thembisile Hani,Mpumalanga,vd_code_match
2000,54610208,MP315,MP315 - Thembisile [KwaMhlanga],Mpumalanga,801,MP315,MP315 - Thembisile Hani,Mpumalanga,vd_code_match
2000,54610219,MP315,MP315 - Thembisile [KwaMhlanga],Mpumalanga,1774,MP315,MP315 - Thembisile Hani,Mpumalanga,vd_code_match
2000,54610220,MP315,MP315 - Thembisile [KwaMhlanga],Mpumalanga,172,MP315,MP315 - Thembisile Hani,Mpumalanga,vd_code_match
2000,54610231,MP315,MP315 - Thembisile [KwaMhlanga],Mpumalanga,860,MP315,MP315 - Thembisile Hani,Mpumalanga,vd_code_match
2000,54610242,MP315,MP315 - Thembisile [KwaMhlanga],Mpumalanga,1365,MP315,MP315 - Thembisile Hani,Mpumalanga,vd_code_match
2000,54610253,MP315,MP315 - Thembisile [KwaMhlanga],Mpumalanga,1719,MP315,MP315 - Thembisile Hani,Mpumalanga,vd_code_match
2000,54610264,MP315,MP315 - Thembisile [KwaMhlanga],Mpumalanga,892,MP315,MP315 - Thembisile Hani,Mpumalanga,vd_code_match
2000,54610275,MP315,MP315 - Thembisile [KwaMhlanga],Mpumalanga,1807,MP315,MP315 - Thembisile Hani,Mpumalanga,vd_code_match
2000,54620423,CBLC4,CBLC4 - Greater Groblersdal [Groblersdal],Mpumalanga,551,MP315,MP315 - Thembisile Hani,Mpumalanga,vd_code_match
2000,54630019,MP312,MP312 - Emalahleni [Witbank],Mpumalanga,2034,MP312,MP312 - Emalahleni,Mpumalanga,vd_code_match
2000,54630020,MP312,MP312 - Emalahleni [Witbank],Mpumalanga,2711,MP312,MP312 - Emalahleni,Mpumalanga,vd_code_match
2000,54630031,MP312,MP312 - Emalahleni [Witbank],Mpumalanga,2119,MP312,MP312 - Emalahleni,Mpumalanga,vd_code_match
2000,54630042,MP312,MP312 - Emalahleni [Witbank],Mpumalanga,1323,MP312,MP312 - Emalahleni,Mpumalanga,vd_code_match
2000,54630053,MP312,MP312 - Emalahleni [Witbank],Mpumalanga,2603,MP312,MP312 - Emalahleni,Mpumalanga,vd_code_match
2000,54630064,MP312,MP312 - Emalahleni [Witbank],Mpumalanga,929,MP312,MP312 - Emalahleni,Mpumalanga,vd_code_match
2000,54640010,MP314,MP314 - Highlands [Belfast],Mpumalanga,2478,MP314,MP314 - Emakhazeni,Mpumalanga,vd_code_match
2000,54640021,MP314,MP314 - Highlands [Belfast],Mpumalanga,743,MP314,MP314 - Emakhazeni,Mpumalanga,vd_code_match
2000,54650011,MP312,MP312 - Emalahleni [Witbank],Mpumalanga,2560,MP312,MP312 - Emalahleni,Mpumalanga,vd_code_match
2000,54650022,MP312,MP312 - Emalahleni [Witbank],Mpumalanga,1610,MP312,MP312 - Emalahleni,Mpumalanga,vd_code_match
2000,54650033,MP312,MP312 - Emalahleni [Witbank],Mpumalanga,2428,MP312,MP312 - Emalahleni,Mpumalanga,vd_code_match
2000,54650044,MP312,MP312 - Emalahleni [Witbank],Mpumalanga,3930,MP312,MP312 - Emalahleni,Mpumalanga,vd_code_match
2000,54650055,MP312,MP312 - Emalahleni [Witbank],Mpumalanga,2352,MP312,MP312 - Emalahleni,Mpumalanga,vd_code_match
2000,54650066,MP312,MP312 - Emalahleni [Witbank],Mpumalanga,1720,MP312,MP312 - Emalahleni,Mpumalanga,vd_code_match
2000,54650077,MP312,MP312 - Emalahleni [Witbank],Mpumalanga,1692,MP312,MP312 - Emalahleni,Mpumalanga,vd_code_match
2000,54650088,MP312,MP312 - Emalahleni [Witbank],Mpumalanga,1701,MP312,MP312 - Emalahleni,Mpumalanga,vd_code_match
2000,54650099,MP312,MP312 - Emalahleni [Witbank],Mpumalanga,1815,MP312,MP312 - Emalahleni,Mpumalanga,vd_code_match
2000,54650101,MP312,MP312 - Emalahleni [Witbank],Mpumalanga,2247,MP312,MP312 - Emalahleni,Mpumalanga,vd_code_match
2000,54650112,MP312,MP312 - Emalahleni [Witbank],Mpumalanga,1715,MP312,MP312 - Emalahleni,Mpumalanga,vd_code_match
2000,54650123,MP312,MP312 - Emalahleni [Witbank],Mpumalanga,2924,MP312,MP312 - Emalahleni,Mpumalanga,vd_code_match
2000,54650145,MP312,MP312 - Emalahleni [Witbank],Mpumalanga,2308,MP312,MP312 - Emalahleni,Mpumalanga,vd_code_match
2000,54650156,MP312,MP312 - Emalahleni [Witbank],Mpumalanga,3135,MP312,MP312 - Emalahleni,Mpumalanga,vd_code_match
2000,54650167,MP312,MP312 - Emalahleni [Witbank],Mpumalanga,3005,MP312,MP312 - Emalahleni,Mpumalanga,vd_code_match
2000,54650178,MP312,MP312 - Emalahleni [Witbank],Mpumalanga,2062,MP312,MP312 - Emalahleni,Mpumalanga,vd_code_match
2000,54650189,MP312,MP312 - Emalahleni [Witbank],Mpumalanga,2819,MP312,MP312 - Emalahleni,Mpumalanga,vd_code_match
2000,54650190,MP312,MP312 - Emalahleni [Witbank],Mpumalanga,3994,MP312,MP312 - Emalahleni,Mpumalanga,vd_code_match
2000,54650202,MP312,MP312 - Emalahleni [Witbank],Mpumalanga,2415,MP312,MP312 - Emalahleni,Mpumalanga,vd_code_match
2000,54650213,MP312,MP312 - Emalahleni [Witbank],Mpumalanga,2491,MP312,MP312 - Emalahleni,Mpumalanga,vd_code_match
2000,54650224,MP312,MP312 - Emalahleni [Witbank],Mpumalanga,3387,MP312,MP312 - Emalahleni,Mpumalanga,vd_code_match
2000,54650235,MP312,MP312 - Emalahleni [Witbank],Mpumalanga,3994,MP312,MP312 - Emalahleni,Mpumalanga,vd_code_match
2000,54650246,MP312,MP312 - Emalahleni [Witbank],Mpumalanga,2336,MP312,MP312 - Emalahleni,Mpumalanga,vd_code_match
2000,54650257,MP312,MP312 - Emalahleni [Witbank],Mpumalanga,3808,MP312,MP312 - Emalahleni,Mpumalanga,vd_code_match
2000,54650268,MP312,MP312 - Emalahleni [Witbank],Mpumalanga,3470,MP312,MP312 - Emalahleni,Mpumalanga,vd_code_match
2000,54650279,MP312,MP312 - Emalahleni [Witbank],Mpumalanga,1314,MP312,MP312 - Emalahleni,Mpumalanga,vd_code_match
2000,54650280,MP312,MP312 - Emalahleni [Witbank],Mpumalanga,1489,MP312,MP312 - Emalahleni,Mpumalanga,vd_code_match
2000,54650291,MP312,MP312 - Emalahleni [Witbank],Mpumalanga,3691,MP312,MP312 - Emalahleni,Mpumalanga,vd_code_match
2000,54650303,MP312,MP312 - Emalahleni [Witbank],Mpumalanga,3488,MP312,MP312 - Emalahleni,Mpumalanga,vd_code_match
2000,54650314,MP312,MP312 - Emalahleni [Witbank],Mpumalanga,2481,MP312,MP312 - Emalahleni,Mpumalanga,vd_code_match
2000,54650336,MP312,MP312 - Emalahleni [Witbank],Mpumalanga,3963,MP312,MP312 - Emalahleni,Mpumalanga,vd_code_match
2000,54650347,MP312,MP312 - Emalahleni [Witbank],Mpumalanga,1435,MP312,MP312 - Emalahleni,Mpumalanga,vd_code_match
2000,54650358,MP312,MP312 - Emalahleni [Witbank],Mpumalanga,1385,MP312,MP312 - Emalahleni,Mpumalanga,vd_code_match
2000,54650369,MP312,MP312 - Emalahleni [Witbank],Mpumalanga,1645,MP312,MP312 - Emalahleni,Mpumalanga,vd_code_match
2000,54650370,MP312,MP312 - Emalahleni [Witbank],Mpumalanga,1250,MP312,MP312 - Emalahleni,Mpumalanga,vd_code_match
2000,54650381,MP312,MP312 - Emalahleni [Witbank],Mpumalanga,5175,MP312,MP312 - Emalahleni,Mpumalanga,vd_code_match
2000,54660012,MP321,MP321 - Thaba Chweu [Sabie],Mpumalanga,633,MP321,MP321 - Thaba Chweu,Mpumalanga,vd_code_match
2000,54660023,MP314,MP314 - Highlands [Belfast],Mpumalanga,427,MP314,MP314 - Emakhazeni,Mpumalanga,vd_code_match
2000,54660034,MP314,MP314 - Highlands [Belfast],Mpumalanga,93,MP314,MP314 - Emakhazeni,Mpumalanga,vd_code_match
2000,54660045,MP314,MP314 - Highlands [Belfast],Mpumalanga,400,MP314,MP314 - Emakhazeni,Mpumalanga,vd_code_match
2000,54660056,MP314,MP314 - Highlands [Belfast],Mpumalanga,748,MP314,MP314 - Emakhazeni,Mpumalanga,municipality_majority
2000,54660067,MP314,MP314 - Highlands [Belfast],Mpumalanga,813,MP314,MP314 - Emakhazeni,Mpumalanga,vd_code_match
2000,54660078,MP314,MP314 - Highlands [Belfast],Mpumalanga,234,MP314,MP314 - Emakhazeni,Mpumalanga,vd_code_match
2000,54660089,MP314,MP314 - Highlands [Belfast],Mpumalanga,278,MP314,MP314 - Emakhazeni,Mpumalanga,municipality_majority
2000,54660090,MP314,MP314 - Highlands [Belfast],Mpumalanga,305,MP314,MP314 - Emakhazeni,Mpumalanga,vd_code_match
2000,54660102,MP314,MP314 - Highlands [Belfast],Mpumalanga,784,MP314,MP314 - Emakhazeni,Mpumalanga,vd_code_match
2000,54660113,MP314,MP314 - Highlands [Belfast],Mpumalanga,249,MP314,MP314 - Emakhazeni,Mpumalanga,vd_code_match
2000,54680014,MP313,MP313 - Middelburg [Middelburg],Mpumalanga,254,MP313,MP313 - Steve Tshwete,Mpumalanga,municipality_majority
2000,54680025,MP313,MP313 - Middelburg [Middelburg],Mpumalanga,3569,MP313,MP313 - Steve Tshwete,Mpumalanga,vd_code_match
2000,54680036,MP314,MP314 - Highlands [Belfast],Mpumalanga,1175,MP314,MP314 - Emakhazeni,Mpumalanga,vd_code_match
2000,54680058,MP313,MP313 - Middelburg [Middelburg],Mpumalanga,3113,MP313,MP313 - Steve Tshwete,Mpumalanga,vd_code_match
2000,54680069,MP313,MP313 - Middelburg [Middelburg],Mpumalanga,1698,MP313,MP313 - Steve Tshwete,Mpumalanga,vd_code_match
2000,54680070,MP313,MP313 - Middelburg [Middelburg],Mpumalanga,2946,MP313,MP313 - Steve Tshwete,Mpumalanga,vd_code_match
2000,54680081,MP313,MP313 - Middelburg [Middelburg],Mpumalanga,2705,MP313,MP313 - Steve Tshwete,Mpumalanga,vd_code_match
2000,54680092,MP313,MP313 - Middelburg [Middelburg],Mpumalanga,577,MP313,MP313 - Steve Tshwete,Mpumalanga,vd_code_match
2000,54680104,MP313,MP313 - Middelburg [Middelburg],Mpumalanga,245,MP313,MP313 - Steve Tshwete,Mpumalanga,vd_code_match
2000,54680115,MP313,MP313 - Middelburg [Middelburg],Mpumalanga,750,MP313,MP313 - Steve Tshwete,Mpumalanga,vd_code_match
2000,54680126,MP313,MP313 - Middelburg [Middelburg],Mpumalanga,1019,MP313,MP313 - Steve Tshwete,Mpumalanga,vd_code_match
2000,54680148,MP313,MP313 - Middelburg [Middelburg],Mpumalanga,313,MP313,MP313 - Steve Tshwete,Mpumalanga,vd_code_match
2000,54680159,MP313,MP313 - Middelburg [Middelburg],Mpumalanga,1254,MP313,MP313 - Steve Tshwete,Mpumalanga,vd_code_match
2000,54680160,MP314,MP314 - Highlands [Belfast],Mpumalanga,250,MP314,MP314 - Emakhazeni,Mpumalanga,vd_code_match
2000,54680171,MP314,MP314 - Highlands [Belfast],Mpumalanga,655,MP314,MP314 - Emakhazeni,Mpumalanga,vd_code_match
2000,54680238,MP313,MP313 - Middelburg [Middelburg],Mpumalanga,512,MP313,MP313 - Steve Tshwete,Mpumalanga,vd_code_match
2000,54690015,MP314,MP314 - Highlands [Belfast],Mpumalanga,113,MP314,MP314 - Emakhazeni,Mpumalanga,vd_code_match
2000,54690026,MP314,MP314 - Highlands [Belfast],Mpumalanga,254,MP314,MP314 - Emakhazeni,Mpumalanga,vd_code_match
2000,54690037,MP314,MP314 - Highlands [Belfast],Mpumalanga,319,MP314,MP314 - Emakhazeni,Mpumalanga,vd_code_match
2000,54690048,MP314,MP314 - Highlands [Belfast],Mpumalanga,140,MP314,MP314 - Emakhazeni,Mpumalanga,vd_code_match
2000,54700017,MP312,MP312 - Emalahleni [Witbank],Mpumalanga,340,MP312,MP312 - Emalahleni,Mpumalanga,vd_code_match
2000,54700028,MP312,MP312 - Emalahleni [Witbank],Mpumalanga,652,MP312,MP312 - Emalahleni,Mpumalanga,vd_code_match
2000,54700039,MP312,MP312 - Emalahleni [Witbank],Mpumalanga,709,MP312,MP312 - Emalahleni,Mpumalanga,vd_code_match
2000,54700040,MP312,MP312 - Emalahleni [Witbank],Mpumalanga,1772,MP312,MP312 - Emalahleni,Mpumalanga,municipality_majority
2000,54700051,MP312,MP312 - Emalahleni [Witbank],Mpumalanga,4400,MP312,MP312 - Emalahleni,Mpumalanga,vd_code_match
2000,54700062,MP315,MP315 - Thembisile [KwaMhlanga],Mpumalanga,634,MP315,MP315 - Thembisile Hani,Mpumalanga,vd_code_match
2000,54700073,MP312,MP312 - Emalahleni [Witbank],Mpumalanga,850,MP312,MP312 - Emalahleni,Mpumalanga,vd_code_match
2000,54700084,MP312,MP312 - Emalahleni [Witbank],Mpumalanga,1696,MP312,MP312 - Emalahleni,Mpumalanga,vd_code_match
2000,54700095,MP312,MP312 - Emalahleni [Witbank],Mpumalanga,239,MP312,MP312 - Emalahleni,Mpumalanga,vd_code_match
2000,54720019,MP323,MP323 - Umjindi [Barberton],Mpumalanga,2984,MP326,MP326 - City of Mbombela,Mpumalanga,vd_code_match
2000,54720020,MP323,MP323 - Umjindi [Barberton],Mpumalanga,3517,MP326,MP326 - City of Mbombela,Mpumalanga,vd_code_match
2000,54720031,MP323,MP323 - Umjindi [Barberton],Mpumalanga,3957,MP326,MP326 - City of Mbombela,Mpumalanga,vd_code_match
2000,54720042,MP323,MP323 - Umjindi [Barberton],Mpumalanga,2341,MP326,MP326 - City of Mbombela,Mpumalanga,vd_code_match
2000,54720053,MP323,MP323 - Umjindi [Barberton],Mpumalanga,1820,MP326,MP326 - City of Mbombela,Mpumalanga,vd_code_match
2000,54730010,MP321,MP321 - Thaba Chweu [Sabie],Mpumalanga,1705,MP321,MP321 - Thaba Chweu,Mpumalanga,vd_code_match
2000,54740011,MP322,MP322 - Mbombela [Nelspruit],Mpumalanga,1411,MP326,MP326 - City of Mbombela,Mpumalanga,vd_code_match
2000,54740022,MP322,MP322 - Mbombela [Nelspruit],Mpumalanga,1295,MP326,MP326 - City of Mbombela,Mpumalanga,vd_code_match
2000,54740033,MP322,MP322 - Mbombela [Nelspruit],Mpumalanga,2424,MP326,MP326 - City of Mbombela,Mpumalanga,vd_code_match
2000,54740044,MP322,MP322 - Mbombela [Nelspruit],Mpumalanga,1812,MP326,MP326 - City of Mbombela,Mpumalanga,vd_code_match
2000,54740055,MP322,MP322 - Mbombela [Nelspruit],Mpumalanga,2156,MP326,MP326 - City of Mbombela,Mpumalanga,vd_code_match
2000,54740066,MP322,MP322 - Mbombela [Nelspruit],Mpumalanga,1589,MP326,MP326 - City of Mbombela,Mpumalanga,vd_code_match
2000,54740077,MP322,MP322 - Mbombela [Nelspruit],Mpumalanga,2702,MP326,MP326 - City of Mbombela,Mpumalanga,vd_code_match
2000,54740088,MP322,MP322 - Mbombela [Nelspruit],Mpumalanga,2968,MP326,MP326 - City of Mbombela,Mpumalanga,vd_code_match
2000,54750012,MP324,MP324 - Nkomazi [Nkomazi],Mpumalanga,3199,MP324,MP324 - Nkomazi,Mpumalanga,vd_code_match
2000,54750023,MP324,MP324 - Nkomazi [Nkomazi],Mpumalanga,917,MP324,MP324 - Nkomazi,Mpumalanga,vd_code_match
2000,54750034,MP324,MP324 - Nkomazi [Nkomazi],Mpumalanga,910,MP324,MP324 - Nkomazi,Mpumalanga,vd_code_match
2000,54760013,MP321,MP321 - Thaba Chweu [Sabie],Mpumalanga,1794,MP321,MP321 - Thaba Chweu,Mpumalanga,vd_code_match
2000,54760024,MP321,MP321 - Thaba Chweu [Sabie],Mpumalanga,4238,MP321,MP321 - Thaba Chweu,Mpumalanga,vd_code_match
2000,54760035,MP321,MP321 - Thaba Chweu [Sabie],Mpumalanga,2692,MP321,MP321 - Thaba Chweu,Mpumalanga,vd_code_match
2000,54760046,MP321,MP321 - Thaba Chweu [Sabie],Mpumalanga,3458,MP321,MP321 - Thaba Chweu,Mpumalanga,vd_code_match
2000,54770014,MP324,MP324 - Nkomazi [Nkomazi],Mpumalanga,1709,MP324,MP324 - Nkomazi,Mpumalanga,vd_code_match
2000,54770036,MP324,MP324 - Nkomazi [Nkomazi],Mpumalanga,173,MP324,MP324 - Nkomazi,Mpumalanga,vd_code_match
2000,54780015,MP324,MP324 - Nkomazi [Nkomazi],Mpumalanga,697,MP324,MP324 - Nkomazi,Mpumalanga,vd_code_match
2000,54790016,MP322,MP322 - Mbombela [Nelspruit],Mpumalanga,2399,MP326,MP326 - City of Mbombela,Mpumalanga,vd_code_match
2000,54790027,MP322,MP322 - Mbombela [Nelspruit],Mpumalanga,894,MP326,MP326 - City of Mbombela,Mpumalanga,vd_code_match
2000,54790038,MP322,MP322 - Mbombela [Nelspruit],Mpumalanga,1290,MP326,MP326 - City of Mbombela,Mpumalanga,vd_code_match
2000,54790049,MP322,MP322 - Mbombela [Nelspruit],Mpumalanga,2751,MP326,MP326 - City of Mbombela,Mpumalanga,vd_code_match
2000,54790050,MP322,MP322 - Mbombela [Nelspruit],Mpumalanga,1350,MP326,MP326 - City of Mbombela,Mpumalanga,vd_code_match
2000,54790061,MP322,MP322 - Mbombela [Nelspruit],Mpumalanga,1188,MP326,MP326 - City of Mbombela,Mpumalanga,vd_code_match
2000,54790072,MP322,MP322 - Mbombela [Nelspruit],Mpumalanga,1412,MP326,MP326 - City of Mbombela,Mpumalanga,vd_code_match
2000,54790083,MP322,MP322 - Mbombela [Nelspruit],Mpumalanga,997,MP326,MP326 - City of Mbombela,Mpumalanga,vd_code_match
2000,54790094,MP322,MP322 - Mbombela [Nelspruit],Mpumalanga,1929,MP326,MP326 - City of Mbombela,Mpumalanga,vd_code_match
2000,54790106,MP322,MP322 - Mbombela [Nelspruit],Mpumalanga,2257,MP326,MP326 - City of Mbombela,Mpumalanga,vd_code_match
2000,54790117,MP322,MP322 - Mbombela [Nelspruit],Mpumalanga,3542,MP326,MP326 - City of Mbombela,Mpumalanga,vd_code_match
2000,54790139,MP322,MP322 - Mbombela [Nelspruit],Mpumalanga,2242,MP326,MP326 - City of Mbombela,Mpumalanga,vd_code_match
2000,54790140,MP322,MP322 - Mbombela [Nelspruit],Mpumalanga,4204,MP326,MP326 - City of Mbombela,Mpumalanga,vd_code_match
2000,54790151,MP322,MP322 - Mbombela [Nelspruit],Mpumalanga,1566,MP326,MP326 - City of Mbombela,Mpumalanga,vd_code_match
2000,54790162,MP322,MP322 - Mbombela [Nelspruit],Mpumalanga,2005,MP326,MP326 - City of Mbombela,Mpumalanga,vd_code_match
2000,54790173,MP322,MP322 - Mbombela [Nelspruit],Mpumalanga,2138,MP326,MP326 - City of Mbombela,Mpumalanga,vd_code_match
2000,54790184,MP322,MP322 - Mbombela [Nelspruit],Mpumalanga,971,MP326,MP326 - City of Mbombela,Mpumalanga,vd_code_match
2000,54790195,MP322,MP322 - Mbombela [Nelspruit],Mpumalanga,569,MP326,MP326 - City of Mbombela,Mpumalanga,vd_code_match
2000,54790207,MP322,MP322 - Mbombela [Nelspruit],Mpumalanga,1995,MP326,MP326 - City of Mbombela,Mpumalanga,vd_code_match
2000,54790218,MP322,MP322 - Mbombela [Nelspruit],Mpumalanga,2288,MP326,MP326 - City of Mbombela,Mpumalanga,vd_code_match
2000,54790229,MP322,MP322 - Mbombela [Nelspruit],Mpumalanga,1100,MP326,MP326 - City of Mbombela,Mpumalanga,vd_code_match
2000,54790230,MP322,MP322 - Mbombela [Nelspruit],Mpumalanga,1031,MP326,MP326 - City of Mbombela,Mpumalanga,vd_code_match
2000,54790241,MP322,MP322 - Mbombela [Nelspruit],Mpumalanga,1896,MP326,MP326 - City of Mbombela,Mpumalanga,vd_code_match
2000,54790252,MP322,MP322 - Mbombela [Nelspruit],Mpumalanga,3672,MP326,MP326 - City of Mbombela,Mpumalanga,vd_code_match
2000,54790274,MP322,MP322 - Mbombela [Nelspruit],Mpumalanga,3891,MP326,MP326 - City of Mbombela,Mpumalanga,vd_code_match
2000,54790285,MP322,MP322 - Mbombela [Nelspruit],Mpumalanga,2619,MP326,MP326 - City of Mbombela,Mpumalanga,vd_code_match
2000,54790296,MP322,MP322 - Mbombela [Nelspruit],Mpumalanga,1050,MP326,MP326 - City of Mbombela,Mpumalanga,vd_code_match
2000,54790308,MP322,MP322 - Mbombela [Nelspruit],Mpumalanga,1975,MP326,MP326 - City of Mbombela,Mpumalanga,vd_code_match
2000,54790319,MP322,MP322 - Mbombela [Nelspruit],Mpumalanga,3477,MP326,MP326 - City of Mbombela,Mpumalanga,vd_code_match
2000,54790320,MP322,MP322 - Mbombela [Nelspruit],Mpumalanga,1759,MP326,MP326 - City of Mbombela,Mpumalanga,vd_code_match
2000,54790331,MP322,MP322 - Mbombela [Nelspruit],Mpumalanga,3443,MP326,MP326 - City of Mbombela,Mpumalanga,vd_code_match
2000,54790342,MP322,MP322 - Mbombela [Nelspruit],Mpumalanga,1935,MP326,MP326 - City of Mbombela,Mpumalanga,vd_code_match
2000,54790353,MP322,MP322 - Mbombela [Nelspruit],Mpumalanga,1976,MP326,MP326 - City of Mbombela,Mpumalanga,vd_code_match
2000,54790364,MP322,MP322 - Mbombela [Nelspruit],Mpumalanga,855,MP326,MP326 - City of Mbombela,Mpumalanga,vd_code_match
2000,54790375,MP322,MP322 - Mbombela [Nelspruit],Mpumalanga,1385,MP326,MP326 - City of Mbombela,Mpumalanga,vd_code_match
2000,54790386,MP322,MP322 - Mbombela [Nelspruit],Mpumalanga,2434,MP326,MP326 - City of Mbombela,Mpumalanga,vd_code_match
2000,54790397,MP322,MP322 - Mbombela [Nelspruit],Mpumalanga,2719,MP326,MP326 - City of Mbombela,Mpumalanga,vd_code_match
2000,54790409,MP322,MP322 - Mbombela [Nelspruit],Mpumalanga,1105,MP326,MP326 - City of Mbombela,Mpumalanga,vd_code_match
2000,54790410,MP322,MP322 - Mbombela [Nelspruit],Mpumalanga,2723,MP326,MP326 - City of Mbombela,Mpumalanga,vd_code_match
2000,54790421,MP322,MP322 - Mbombela [Nelspruit],Mpumalanga,1369,MP326,MP326 - City of Mbombela,Mpumalanga,vd_code_match
2000,54790432,MP322,MP322 - Mbombela [Nelspruit],Mpumalanga,2594,MP326,MP326 - City of Mbombela,Mpumalanga,vd_code_match
2000,54790443,MP322,MP322 - Mbombela [Nelspruit],Mpumalanga,3082,MP326,MP326 - City of Mbombela,Mpumalanga,vd_code_match
2000,54790454,MP322,MP322 - Mbombela [Nelspruit],Mpumalanga,138,MP326,MP326 - City of Mbombela,Mpumalanga,vd_code_match
2000,54790465,MP322,MP322 - Mbombela [Nelspruit],Mpumalanga,670,MP326,MP326 - City of Mbombela,Mpumalanga,vd_code_match
2000,54800018,MP321,MP321 - Thaba Chweu [Sabie],Mpumalanga,2860,MP321,MP321 - Thaba Chweu,Mpumalanga,vd_code_match
2000,54800029,MP321,MP321 - Thaba Chweu [Sabie],Mpumalanga,2800,MP321,MP321 - Thaba Chweu,Mpumalanga,vd_code_match
2000,54830011,MP322,MP322 - Mbombela [Nelspruit],Mpumalanga,2003,MP326,MP326 - City of Mbombela,Mpumalanga,vd_code_match
2000,54830022,MP322,MP322 - Mbombela [Nelspruit],Mpumalanga,1815,MP326,MP326 - City of Mbombela,Mpumalanga,vd_code_match
2000,54830033,MP322,MP322 - Mbombela [Nelspruit],Mpumalanga,2882,MP326,MP326 - City of Mbombela,Mpumalanga,vd_code_match
2000,54830044,MP322,MP322 - Mbombela [Nelspruit],Mpumalanga,2080,MP326,MP326 - City of Mbombela,Mpumalanga,vd_code_match
2000,54830055,MP322,MP322 - Mbombela [Nelspruit],Mpumalanga,1790,MP326,MP326 - City of Mbombela,Mpumalanga,vd_code_match
2000,54830066,MP322,MP322 - Mbombela [Nelspruit],Mpumalanga,2121,MP326,MP326 - City of Mbombela,Mpumalanga,vd_code_match
2000,54830077,MP322,MP322 - Mbombela [Nelspruit],Mpumalanga,1548,MP326,MP326 - City of Mbombela,Mpumalanga,vd_code_match
2000,54840012,MP323,MP323 - Umjindi [Barberton],Mpumalanga,511,MP326,MP326 - City of Mbombela,Mpumalanga,vd_code_match
2000,54840023,MP323,MP323 - Umjindi [Barberton],Mpumalanga,239,MP326,MP326 - City of Mbombela,Mpumalanga,municipality_majority
2000,54840034,MP323,MP323 - Umjindi [Barberton],Mpumalanga,966,MP326,MP326 - City of Mbombela,Mpumalanga,vd_code_match
2000,54840045,MP323,MP323 - Umjindi [Barberton],Mpumalanga,165,MP326,MP326 - City of Mbombela,Mpumalanga,vd_code_match
2000,54840056,MP323,MP323 - Umjindi [Barberton],Mpumalanga,154,MP326,MP326 - City of Mbombela,Mpumalanga,vd_code_match
2000,54840067,MP323,MP323 - Umjindi [Barberton],Mpumalanga,1464,MP326,MP326 - City of Mbombela,Mpumalanga,vd_code_match
2000,54840078,MP323,MP323 - Umjindi [Barberton],Mpumalanga,609,MP326,MP326 - City of Mbombela,Mpumalanga,vd_code_match
2000,54840089,MP323,MP323 - Umjindi [Barberton],Mpumalanga,1231,MP326,MP326 - City of Mbombela,Mpumalanga,vd_code_match
2000,54840102,MP323,MP323 - Umjindi [Barberton],Mpumalanga,233,MP326,MP326 - City of Mbombela,Mpumalanga,vd_code_match
2000,54840113,MP323,MP323 - Umjindi [Barberton],Mpumalanga,688,MP326,MP326 - City of Mbombela,Mpumalanga,vd_code_match
2000,54850013,CBDMA4 [Kruger Park],CBDMA4 [Kruger Park],Limpopo,320,MP325,MP325 - Bushbuckridge,Mpumalanga,vd_code_match
2000,54860014,MP321,MP321 - Thaba Chweu [Sabie],Mpumalanga,857,MP321,MP321 - Thaba Chweu,Mpumalanga,vd_code_match
2000,54860036,MP321,MP321 - Thaba Chweu [Sabie],Mpumalanga,910,MP321,MP321 - Thaba Chweu,Mpumalanga,vd_code_match
2000,54860058,MP321,MP321 - Thaba Chweu [Sabie],Mpumalanga,169,MP321,MP321 - Thaba Chweu,Mpumalanga,municipality_majority
2000,54860070,MP321,MP321 - Thaba Chweu [Sabie],Mpumalanga,1005,MP321,MP321 - Thaba Chweu,Mpumalanga,vd_code_match
2000,54860137,MP321,MP321 - Thaba Chweu [Sabie],Mpumalanga,417,MP321,MP321 - Thaba Chweu,Mpumalanga,vd_code_match
2000,54870015,MP322,MP322 - Mbombela [Nelspruit],Mpumalanga,282,MP326,MP326 - City of Mbombela,Mpumalanga,vd_code_match
2000,54870026,MP322,MP322 - Mbombela [Nelspruit],Mpumalanga,778,MP326,MP326 - City of Mbombela,Mpumalanga,vd_code_match
2000,54870037,MP322,MP322 - Mbombela [Nelspruit],Mpumalanga,1239,MP326,MP326 - City of Mbombela,Mpumalanga,vd_code_match
2000,54870048,MP322,MP322 - Mbombela [Nelspruit],Mpumalanga,985,MP326,MP326 - City of Mbombela,Mpumalanga,vd_code_match
2000,54870059,MP322,MP322 - Mbombela [Nelspruit],Mpumalanga,246,MP326,MP326 - City of Mbombela,Mpumalanga,vd_code_match
2000,54870060,MP322,MP322 - Mbombela [Nelspruit],Mpumalanga,915,MP326,MP326 - City of Mbombela,Mpumalanga,vd_code_match
2000,54870082,MP322,MP322 - Mbombela [Nelspruit],Mpumalanga,755,MP321,MP321 - Thaba Chweu,Mpumalanga,vd_code_match
2000,54870093,MP322,MP322 - Mbombela [Nelspruit],Mpumalanga,539,MP326,MP326 - City of Mbombela,Mpumalanga,vd_code_match
2000,54870105,MP322,MP322 - Mbombela [Nelspruit],Mpumalanga,154,MP326,MP326 - City of Mbombela,Mpumalanga,municipality_majority
2000,54870116,MP322,MP322 - Mbombela [Nelspruit],Mpumalanga,944,MP326,MP326 - City of Mbombela,Mpumalanga,vd_code_match
2000,54870138,MP322,MP322 - Mbombela [Nelspruit],Mpumalanga,1179,MP326,MP326 - City of Mbombela,Mpumalanga,vd_code_match
2000,54870149,MP322,MP322 - Mbombela [Nelspruit],Mpumalanga,573,MP326,MP326 - City of Mbombela,Mpumalanga,vd_code_match
2000,54870161,MP322,MP322 - Mbombela [Nelspruit],Mpumalanga,271,MP326,MP326 - City of Mbombela,Mpumalanga,municipality_majority
2000,54870172,MP322,MP322 - Mbombela [Nelspruit],Mpumalanga,1101,MP326,MP326 - City of Mbombela,Mpumalanga,vd_code_match
2000,54870183,MP322,MP322 - Mbombela [Nelspruit],Mpumalanga,3032,MP326,MP326 - City of Mbombela,Mpumalanga,vd_code_match
2000,54870194,MP322,MP322 - Mbombela [Nelspruit],Mpumalanga,961,MP326,MP326 - City of Mbombela,Mpumalanga,vd_code_match
2000,54880016,MP324,MP324 - Nkomazi [Nkomazi],Mpumalanga,1571,MP324,MP324 - Nkomazi,Mpumalanga,vd_code_match
2000,54880027,MP324,MP324 - Nkomazi [Nkomazi],Mpumalanga,288,MP324,MP324 - Nkomazi,Mpumalanga,vd_code_match
2000,54880038,MP324,MP324 - Nkomazi [Nkomazi],Mpumalanga,900,MP324,MP324 - Nkomazi,Mpumalanga,vd_code_match
2000,54880049,MP324,MP324 - Nkomazi [Nkomazi],Mpumalanga,1280,MP324,MP324 - Nkomazi,Mpumalanga,vd_code_match
2000,54880050,MP324,MP324 - Nkomazi [Nkomazi],Mpumalanga,295,MP324,MP324 - Nkomazi,Mpumalanga,vd_code_match
2000,54880061,MP324,MP324 - Nkomazi [Nkomazi],Mpumalanga,1533,MP324,MP324 - Nkomazi,Mpumalanga,vd_code_match
2000,54880083,MP324,MP324 - Nkomazi [Nkomazi],Mpumalanga,2070,MP324,MP324 - Nkomazi,Mpumalanga,vd_code_match
2000,54880094,MP324,MP324 - Nkomazi [Nkomazi],Mpumalanga,280,MP324,MP324 - Nkomazi,Mpumalanga,vd_code_match
2000,54880106,MP324,MP324 - Nkomazi [Nkomazi],Mpumalanga,1429,MP324,MP324 - Nkomazi,Mpumalanga,vd_code_match
2000,54880117,MP324,MP324 - Nkomazi [Nkomazi],Mpumalanga,2026,MP324,MP324 - Nkomazi,Mpumalanga,vd_code_match
2000,54880139,MP324,MP324 - Nkomazi [Nkomazi],Mpumalanga,1739,MP324,MP324 - Nkomazi,Mpumalanga,vd_code_match
2000,54880162,MP324,MP324 - Nkomazi [Nkomazi],Mpumalanga,2096,MP324,MP324 - Nkomazi,Mpumalanga,vd_code_match
2000,54880173,MP324,MP324 - Nkomazi [Nkomazi],Mpumalanga,1068,MP324,MP324 - Nkomazi,Mpumalanga,vd_code_match
2000,54880184,MP324,MP324 - Nkomazi [Nkomazi],Mpumalanga,751,MP324,MP324 - Nkomazi,Mpumalanga,vd_code_match
2000,54880195,MP324,MP324 - Nkomazi [Nkomazi],Mpumalanga,2164,MP324,MP324 - Nkomazi,Mpumalanga,vd_code_match
2000,54880207,MP324,MP324 - Nkomazi [Nkomazi],Mpumalanga,606,MP324,MP324 - Nkomazi,Mpumalanga,vd_code_match
2000,54880229,MP324,MP324 - Nkomazi [Nkomazi],Mpumalanga,1057,MP324,MP324 - Nkomazi,Mpumalanga,vd_code_match
2000,54880230,MP324,MP324 - Nkomazi [Nkomazi],Mpumalanga,1548,MP324,MP324 - Nkomazi,Mpumalanga,vd_code_match
2000,54880241,MP324,MP324 - Nkomazi [Nkomazi],Mpumalanga,1195,MP324,MP324 - Nkomazi,Mpumalanga,vd_code_match
2000,54880252,MP324,MP324 - Nkomazi [Nkomazi],Mpumalanga,483,MP324,MP324 - Nkomazi,Mpumalanga,vd_code_match
2000,54880263,MP324,MP324 - Nkomazi [Nkomazi],Mpumalanga,1212,MP324,MP324 - Nkomazi,Mpumalanga,vd_code_match
2000,54880274,MP324,MP324 - Nkomazi [Nkomazi],Mpumalanga,268,MP324,MP324 - Nkomazi,Mpumalanga,vd_code_match
2000,54880285,MP324,MP324 - Nkomazi [Nkomazi],Mpumalanga,2479,MP324,MP324 - Nkomazi,Mpumalanga,vd_code_match
2000,54880296,MP324,MP324 - Nkomazi [Nkomazi],Mpumalanga,1599,MP324,MP324 - Nkomazi,Mpumalanga,vd_code_match
2000,54880308,MP324,MP324 - Nkomazi [Nkomazi],Mpumalanga,1984,MP324,MP324 - Nkomazi,Mpumalanga,vd_code_match
2000,54880319,MP324,MP324 - Nkomazi [Nkomazi],Mpumalanga,227,MP324,MP324 - Nkomazi,Mpumalanga,vd_code_match
2000,54880342,MP324,MP324 - Nkomazi [Nkomazi],Mpumalanga,3120,MP324,MP324 - Nkomazi,Mpumalanga,vd_code_match
2000,54880364,MP324,MP324 - Nkomazi [Nkomazi],Mpumalanga,482,MP324,MP324 - Nkomazi,Mpumalanga,vd_code_match
2000,54880375,MP324,MP324 - Nkomazi [Nkomazi],Mpumalanga,625,MP324,MP324 - Nkomazi,Mpumalanga,vd_code_match
2000,54880386,MP324,MP324 - Nkomazi [Nkomazi],Mpumalanga,517,MP324,MP324 - Nkomazi,Mpumalanga,vd_code_match
2000,54880397,MP324,MP324 - Nkomazi [Nkomazi],Mpumalanga,998,MP324,MP324 - Nkomazi,Mpumalanga,vd_code_match
2000,54880409,MP324,MP324 - Nkomazi [Nkomazi],Mpumalanga,526,MP324,MP324 - Nkomazi,Mpumalanga,vd_code_match
2000,54890017,MP324,MP324 - Nkomazi [Nkomazi],Mpumalanga,1117,MP324,MP324 - Nkomazi,Mpumalanga,vd_code_match
2000,54890039,MP324,MP324 - Nkomazi [Nkomazi],Mpumalanga,109,MP324,MP324 - Nkomazi,Mpumalanga,vd_code_match
2000,54890040,MP324,MP324 - Nkomazi [Nkomazi],Mpumalanga,1447,MP324,MP324 - Nkomazi,Mpumalanga,vd_code_match
2000,54890051,MP324,MP324 - Nkomazi [Nkomazi],Mpumalanga,251,MP324,MP324 - Nkomazi,Mpumalanga,vd_code_match
2000,54890073,MP324,MP324 - Nkomazi [Nkomazi],Mpumalanga,578,MP324,MP324 - Nkomazi,Mpumalanga,vd_code_match
2000,54890084,MP324,MP324 - Nkomazi [Nkomazi],Mpumalanga,952,MP324,MP324 - Nkomazi,Mpumalanga,vd_code_match
2000,54890095,MP323,MP323 - Umjindi [Barberton],Mpumalanga,1031,MP326,MP326 - City of Mbombela,Mpumalanga,vd_code_match
2000,54890118,MP324,MP324 - Nkomazi [Nkomazi],Mpumalanga,713,MP324,MP324 - Nkomazi,Mpumalanga,vd_code_match
2000,54890130,MP324,MP324 - Nkomazi [Nkomazi],Mpumalanga,893,MP324,MP324 - Nkomazi,Mpumalanga,vd_code_match
2000,54890141,MP324,MP324 - Nkomazi [Nkomazi],Mpumalanga,1634,MP324,MP324 - Nkomazi,Mpumalanga,vd_code_match
2000,54890152,MP324,MP324 - Nkomazi [Nkomazi],Mpumalanga,520,MP324,MP324 - Nkomazi,Mpumalanga,vd_code_match
2000,54890163,MP324,MP324 - Nkomazi [Nkomazi],Mpumalanga,1537,MP324,MP324 - Nkomazi,Mpumalanga,vd_code_match
2000,54890174,MP324,MP324 - Nkomazi [Nkomazi],Mpumalanga,911,MP324,MP324 - Nkomazi,Mpumalanga,vd_code_match
2000,54890185,MP324,MP324 - Nkomazi [Nkomazi],Mpumalanga,961,MP324,MP324 - Nkomazi,Mpumalanga,vd_code_match
2000,54890196,MP324,MP324 - Nkomazi [Nkomazi],Mpumalanga,1286,MP324,MP324 - Nkomazi,Mpumalanga,vd_code_match
2000,54890208,MP324,MP324 - Nkomazi [Nkomazi],Mpumalanga,936,MP324,MP324 - Nkomazi,Mpumalanga,vd_code_match
2000,54890219,MP324,MP324 - Nkomazi [Nkomazi],Mpumalanga,670,MP324,MP324 - Nkomazi,Mpumalanga,vd_code_match
2000,54890220,MP324,MP324 - Nkomazi [Nkomazi],Mpumalanga,1203,MP324,MP324 - Nkomazi,Mpumalanga,vd_code_match
2000,54890231,MP324,MP324 - Nkomazi [Nkomazi],Mpumalanga,1403,MP324,MP324 - Nkomazi,Mpumalanga,vd_code_match
2000,54890242,MP324,MP324 - Nkomazi [Nkomazi],Mpumalanga,1446,MP324,MP324 - Nkomazi,Mpumalanga,vd_code_match
2000,54890253,MP324,MP324 - Nkomazi [Nkomazi],Mpumalanga,595,MP324,MP324 - Nkomazi,Mpumalanga,vd_code_match
2000,54890264,MP324,MP324 - Nkomazi [Nkomazi],Mpumalanga,1016,MP324,MP324 - Nkomazi,Mpumalanga,vd_code_match
2000,54890275,MP324,MP324 - Nkomazi [Nkomazi],Mpumalanga,1351,MP324,MP324 - Nkomazi,Mpumalanga,vd_code_match
2000,54890286,MP324,MP324 - Nkomazi [Nkomazi],Mpumalanga,640,MP324,MP324 - Nkomazi,Mpumalanga,vd_code_match
2000,54890297,MP324,MP324 - Nkomazi [Nkomazi],Mpumalanga,204,MP324,MP324 - Nkomazi,Mpumalanga,vd_code_match
2000,54890309,MP324,MP324 - Nkomazi [Nkomazi],Mpumalanga,786,MP324,MP324 - Nkomazi,Mpumalanga,vd_code_match
2000,54890310,MP324,MP324 - Nkomazi [Nkomazi],Mpumalanga,861,MP324,MP324 - Nkomazi,Mpumalanga,vd_code_match
2000,54890321,MP324,MP324 - Nkomazi [Nkomazi],Mpumalanga,792,MP324,MP324 - Nkomazi,Mpumalanga,vd_code_match
2000,54890332,MP324,MP324 - Nkomazi [Nkomazi],Mpumalanga,1311,MP324,MP324 - Nkomazi,Mpumalanga,vd_code_match
2000,54890343,MP324,MP324 - Nkomazi [Nkomazi],Mpumalanga,597,MP324,MP324 - Nkomazi,Mpumalanga,vd_code_match
2000,54890354,MP324,MP324 - Nkomazi [Nkomazi],Mpumalanga,598,MP324,MP324 - Nkomazi,Mpumalanga,vd_code_match
2000,54890365,MP324,MP324 - Nkomazi [Nkomazi],Mpumalanga,327,MP324,MP324 - Nkomazi,Mpumalanga,vd_code_match
2000,54890376,MP324,MP324 - Nkomazi [Nkomazi],Mpumalanga,688,MP324,MP324 - Nkomazi,Mpumalanga,vd_code_match
2000,54890387,MP324,MP324 - Nkomazi [Nkomazi],Mpumalanga,1323,MP324,MP324 - Nkomazi,Mpumalanga,vd_code_match
2000,54890398,MP324,MP324 - Nkomazi [Nkomazi],Mpumalanga,1627,MP324,MP324 - Nkomazi,Mpumalanga,vd_code_match
2000,54890400,MP324,MP324 - Nkomazi [Nkomazi],Mpumalanga,1093,MP324,MP324 - Nkomazi,Mpumalanga,vd_code_match
2000,54890411,MP324,MP324 - Nkomazi [Nkomazi],Mpumalanga,1023,MP324,MP324 - Nkomazi,Mpumalanga,vd_code_match
2000,54890422,MP324,MP324 - Nkomazi [Nkomazi],Mpumalanga,602,MP324,MP324 - Nkomazi,Mpumalanga,vd_code_match
2000,54890433,MP324,MP324 - Nkomazi [Nkomazi],Mpumalanga,1352,MP324,MP324 - Nkomazi,Mpumalanga,vd_code_match
2000,54890444,MP324,MP324 - Nkomazi [Nkomazi],Mpumalanga,908,MP324,MP324 - Nkomazi,Mpumalanga,vd_code_match
2000,54890455,MP324,MP324 - Nkomazi [Nkomazi],Mpumalanga,1185,MP324,MP324 - Nkomazi,Mpumalanga,vd_code_match
2000,54890466,MP324,MP324 - Nkomazi [Nkomazi],Mpumalanga,654,MP324,MP324 - Nkomazi,Mpumalanga,vd_code_match
2000,54890477,MP324,MP324 - Nkomazi [Nkomazi],Mpumalanga,1037,MP324,MP324 - Nkomazi,Mpumalanga,vd_code_match
2000,54890499,MP324,MP324 - Nkomazi [Nkomazi],Mpumalanga,531,MP324,MP324 - Nkomazi,Mpumalanga,vd_code_match
2000,54890501,MP324,MP324 - Nkomazi [Nkomazi],Mpumalanga,444,MP324,MP324 - Nkomazi,Mpumalanga,vd_code_match
2000,54890512,MP324,MP324 - Nkomazi [Nkomazi],Mpumalanga,1604,MP324,MP324 - Nkomazi,Mpumalanga,vd_code_match
2000,54890523,MP324,MP324 - Nkomazi [Nkomazi],Mpumalanga,1471,MP324,MP324 - Nkomazi,Mpumalanga,vd_code_match
2000,54890534,MP324,MP324 - Nkomazi [Nkomazi],Mpumalanga,1003,MP324,MP324 - Nkomazi,Mpumalanga,vd_code_match
2000,54890556,MP324,MP324 - Nkomazi [Nkomazi],Mpumalanga,814,MP324,MP324 - Nkomazi,Mpumalanga,vd_code_match
2000,54890567,MP324,MP324 - Nkomazi [Nkomazi],Mpumalanga,957,MP324,MP324 - Nkomazi,Mpumalanga,vd_code_match
2000,54890578,MP324,MP324 - Nkomazi [Nkomazi],Mpumalanga,914,MP324,MP324 - Nkomazi,Mpumalanga,vd_code_match
2000,54890589,MP324,MP324 - Nkomazi [Nkomazi],Mpumalanga,1054,MP324,MP324 - Nkomazi,Mpumalanga,vd_code_match
2000,54890590,MP324,MP324 - Nkomazi [Nkomazi],Mpumalanga,838,MP324,MP324 - Nkomazi,Mpumalanga,vd_code_match
2000,54890602,MP324,MP324 - Nkomazi [Nkomazi],Mpumalanga,793,MP324,MP324 - Nkomazi,Mpumalanga,vd_code_match
2000,54890613,MP324,MP324 - Nkomazi [Nkomazi],Mpumalanga,413,MP324,MP324 - Nkomazi,Mpumalanga,vd_code_match
2000,54890624,MP324,MP324 - Nkomazi [Nkomazi],Mpumalanga,1270,MP324,MP324 - Nkomazi,Mpumalanga,vd_code_match
2000,54890635,MP324,MP324 - Nkomazi [Nkomazi],Mpumalanga,146,MP324,MP324 - Nkomazi,Mpumalanga,vd_code_match
2000,54890646,MP324,MP324 - Nkomazi [Nkomazi],Mpumalanga,377,MP324,MP324 - Nkomazi,Mpumalanga,vd_code_match
2000,54890657,MP324,MP324 - Nkomazi [Nkomazi],Mpumalanga,2039,MP324,MP324 - Nkomazi,Mpumalanga,vd_code_match
2000,54890668,MP324,MP324 - Nkomazi [Nkomazi],Mpumalanga,441,MP324,MP324 - Nkomazi,Mpumalanga,vd_code_match
2000,54890679,MP324,MP324 - Nkomazi [Nkomazi],Mpumalanga,1157,MP324,MP324 - Nkomazi,Mpumalanga,vd_code_match
2000,54890680,MP324,MP324 - Nkomazi [Nkomazi],Mpumalanga,1122,MP324,MP324 - Nkomazi,Mpumalanga,vd_code_match
2000,54890691,MP324,MP324 - Nkomazi [Nkomazi],Mpumalanga,475,MP324,MP324 - Nkomazi,Mpumalanga,vd_code_match
2000,54890703,MPDMA32 [DMA Lowveld],MPDMA32 [DMA Lowveld],Mpumalanga,45,MP324,MP324 - Nkomazi,Mpumalanga,vd_code_match
2000,54900019,MP321,MP321 - Thaba Chweu [Sabie],Mpumalanga,496,MP321,MP321 - Thaba Chweu,Mpumalanga,vd_code_match
2000,54900020,MP321,MP321 - Thaba Chweu [Sabie],Mpumalanga,1678,MP321,MP321 - Thaba Chweu,Mpumalanga,vd_code_match
2000,54900031,MP321,MP321 - Thaba Chweu [Sabie],Mpumalanga,1168,MP321,MP321 - Thaba Chweu,Mpumalanga,vd_code_match
2000,54900042,MP321,MP321 - Thaba Chweu [Sabie],Mpumalanga,1230,MP321,MP321 - Thaba Chweu,Mpumalanga,vd_code_match
2000,54900053,MP321,MP321 - Thaba Chweu [Sabie],Mpumalanga,1044,MP321,MP321 - Thaba Chweu,Mpumalanga,vd_code_match
2000,54900064,MP321,MP321 - Thaba Chweu [Sabie],Mpumalanga,1173,MP321,MP321 - Thaba Chweu,Mpumalanga,vd_code_match
2000,54900075,MP321,MP321 - Thaba Chweu [Sabie],Mpumalanga,769,MP321,MP321 - Thaba Chweu,Mpumalanga,vd_code_match
2000,54900086,MP321,MP321 - Thaba Chweu [Sabie],Mpumalanga,417,MP321,MP321 - Thaba Chweu,Mpumalanga,vd_code_match
2000,54900097,MP321,MP321 - Thaba Chweu [Sabie],Mpumalanga,1632,MP321,MP321 - Thaba Chweu,Mpumalanga,vd_code_match
2000,54900109,MP321,MP321 - Thaba Chweu [Sabie],Mpumalanga,279,MP321,MP321 - Thaba Chweu,Mpumalanga,vd_code_match
2000,54900110,MP321,MP321 - Thaba Chweu [Sabie],Mpumalanga,1049,MP321,MP321 - Thaba Chweu,Mpumalanga,vd_code_match
2000,54900121,MP321,MP321 - Thaba Chweu [Sabie],Mpumalanga,518,MP321,MP321 - Thaba Chweu,Mpumalanga,vd_code_match
2000,54900132,MP321,MP321 - Thaba Chweu [Sabie],Mpumalanga,381,MP321,MP321 - Thaba Chweu,Mpumalanga,vd_code_match
2000,54910010,MP321,MP321 - Thaba Chweu [Sabie],Mpumalanga,1673,MP321,MP321 - Thaba Chweu,Mpumalanga,vd_code_match
2000,54910054,MP322,MP322 - Mbombela [Nelspruit],Mpumalanga,362,MP326,MP326 - City of Mbombela,Mpumalanga,vd_code_match
2000,54910065,MP322,MP322 - Mbombela [Nelspruit],Mpumalanga,2320,MP326,MP326 - City of Mbombela,Mpumalanga,vd_code_match
2000,54910076,MP322,MP322 - Mbombela [Nelspruit],Mpumalanga,1478,MP326,MP326 - City of Mbombela,Mpumalanga,vd_code_match
2000,54910087,MP322,MP322 - Mbombela [Nelspruit],Mpumalanga,3171,MP326,MP326 - City of Mbombela,Mpumalanga,vd_code_match
2000,54910100,MP322,MP322 - Mbombela [Nelspruit],Mpumalanga,1594,MP326,MP326 - City of Mbombela,Mpumalanga,vd_code_match
2000,54910111,MP322,MP322 - Mbombela [Nelspruit],Mpumalanga,1920,MP326,MP326 - City of Mbombela,Mpumalanga,vd_code_match
2000,54910144,MP322,MP322 - Mbombela [Nelspruit],Mpumalanga,1232,MP326,MP326 - City of Mbombela,Mpumalanga,vd_code_match
2000,54910155,MP322,MP322 - Mbombela [Nelspruit],Mpumalanga,2486,MP326,MP326 - City of Mbombela,Mpumalanga,vd_code_match
2000,54910177,MP322,MP322 - Mbombela [Nelspruit],Mpumalanga,1768,MP326,MP326 - City of Mbombela,Mpumalanga,vd_code_match
2000,54910188,MP322,MP322 - Mbombela [Nelspruit],Mpumalanga,1833,MP326,MP326 - City of Mbombela,Mpumalanga,vd_code_match
2000,54910212,MP322,MP322 - Mbombela [Nelspruit],Mpumalanga,592,MP326,MP326 - City of Mbombela,Mpumalanga,vd_code_match
2000,54910223,MP322,MP322 - Mbombela [Nelspruit],Mpumalanga,1279,MP326,MP326 - City of Mbombela,Mpumalanga,vd_code_match
2000,54910234,MP322,MP322 - Mbombela [Nelspruit],Mpumalanga,2285,MP326,MP326 - City of Mbombela,Mpumalanga,vd_code_match
2000,54910245,MP322,MP322 - Mbombela [Nelspruit],Mpumalanga,1786,MP326,MP326 - City of Mbombela,Mpumalanga,vd_code_match
2000,54910256,MP322,MP322 - Mbombela [Nelspruit],Mpumalanga,833,MP326,MP326 - City of Mbombela,Mpumalanga,vd_code_match
2000,54910267,MP322,MP322 - Mbombela [Nelspruit],Mpumalanga,777,MP326,MP326 - City of Mbombela,Mpumalanga,vd_code_match
2000,54910278,MP322,MP322 - Mbombela [Nelspruit],Mpumalanga,1356,MP326,MP326 - City of Mbombela,Mpumalanga,vd_code_match
2000,54910290,MP322,MP322 - Mbombela [Nelspruit],Mpumalanga,283,MP326,MP326 - City of Mbombela,Mpumalanga,vd_code_match
2000,54910302,MP322,MP322 - Mbombela [Nelspruit],Mpumalanga,330,MP326,MP326 - City of Mbombela,Mpumalanga,municipality_majority
2000,54910313,MP322,MP322 - Mbombela [Nelspruit],Mpumalanga,1025,MP326,MP326 - City of Mbombela,Mpumalanga,vd_code_match
2000,54910324,MP322,MP322 - Mbombela [Nelspruit],Mpumalanga,707,MP326,MP326 - City of Mbombela,Mpumalanga,vd_code_match
2000,54910335,MP322,MP322 - Mbombela [Nelspruit],Mpumalanga,1361,MP326,MP326 - City of Mbombela,Mpumalanga,vd_code_match
2000,54910346,MP322,MP322 - Mbombela [Nelspruit],Mpumalanga,3690,MP326,MP326 - City of Mbombela,Mpumalanga,vd_code_match
2000,54910357,MP322,MP322 - Mbombela [Nelspruit],Mpumalanga,1275,MP326,MP326 - City of Mbombela,Mpumalanga,vd_code_match
2000,54910368,MP322,MP322 - Mbombela [Nelspruit],Mpumalanga,1139,MP326,MP326 - City of Mbombela,Mpumalanga,vd_code_match
2000,54910379,MP322,MP322 - Mbombela [Nelspruit],Mpumalanga,1986,MP326,MP326 - City of Mbombela,Mpumalanga,vd_code_match
2000,54910380,MP322,MP322 - Mbombela [Nelspruit],Mpumalanga,813,MP326,MP326 - City of Mbombela,Mpumalanga,vd_code_match
2000,54910391,MP322,MP322 - Mbombela [Nelspruit],Mpumalanga,612,MP326,MP326 - City of Mbombela,Mpumalanga,vd_code_match
2000,54910403,MP322,MP322 - Mbombela [Nelspruit],Mpumalanga,1462,MP326,MP326 - City of Mbombela,Mpumalanga,vd_code_match
2000,54910414,MP322,MP322 - Mbombela [Nelspruit],Mpumalanga,1081,MP326,MP326 - City of Mbombela,Mpumalanga,vd_code_match
2000,54910425,MP322,MP322 - Mbombela [Nelspruit],Mpumalanga,796,MP326,MP326 - City of Mbombela,Mpumalanga,vd_code_match
2000,54910436,MP322,MP322 - Mbombela [Nelspruit],Mpumalanga,986,MP326,MP326 - City of Mbombela,Mpumalanga,vd_code_match
2000,54910447,MP322,MP322 - Mbombela [Nelspruit],Mpumalanga,773,MP326,MP326 - City of Mbombela,Mpumalanga,vd_code_match
2000,54910458,MP322,MP322 - Mbombela [Nelspruit],Mpumalanga,1205,MP326,MP326 - City of Mbombela,Mpumalanga,vd_code_match
2000,54910470,MP322,MP322 - Mbombela [Nelspruit],Mpumalanga,1237,MP326,MP326 - City of Mbombela,Mpumalanga,vd_code_match
2000,54910481,MP322,MP322 - Mbombela [Nelspruit],Mpumalanga,818,MP326,MP326 - City of Mbombela,Mpumalanga,vd_code_match
2000,54910492,MP322,MP322 - Mbombela [Nelspruit],Mpumalanga,688,MP326,MP326 - City of Mbombela,Mpumalanga,municipality_majority
2000,54910504,MP322,MP322 - Mbombela [Nelspruit],Mpumalanga,731,MP326,MP326 - City of Mbombela,Mpumalanga,vd_code_match
2000,54910515,MP322,MP322 - Mbombela [Nelspruit],Mpumalanga,586,MP326,MP326 - City of Mbombela,Mpumalanga,vd_code_match
2000,54910526,MP322,MP322 - Mbombela [Nelspruit],Mpumalanga,2053,MP326,MP326 - City of Mbombela,Mpumalanga,vd_code_match
2000,54910537,MP322,MP322 - Mbombela [Nelspruit],Mpumalanga,1595,MP326,MP326 - City of Mbombela,Mpumalanga,vd_code_match
2000,54910548,MP322,MP322 - Mbombela [Nelspruit],Mpumalanga,1676,MP326,MP326 - City of Mbombela,Mpumalanga,vd_code_match
2000,54910571,MP322,MP322 - Mbombela [Nelspruit],Mpumalanga,1209,MP326,MP326 - City of Mbombela,Mpumalanga,vd_code_match
2000,54910582,CBDMA4 [Kruger Park],CBDMA4 [Kruger Park],Limpopo,395,MP326,MP326 - City of Mbombela,Mpumalanga,vd_code_match
2000,54910593,CBDMA4 [Kruger Park],CBDMA4 [Kruger Park],Limpopo,1539,MP326,MP326 - City of Mbombela,Mpumalanga,vd_code_match
2000,54910616,MP322,MP322 - Mbombela [Nelspruit],Mpumalanga,1363,MP326,MP326 - City of Mbombela,Mpumalanga,vd_code_match
2000,54910627,MP322,MP322 - Mbombela [Nelspruit],Mpumalanga,205,MP326,MP326 - City of Mbombela,Mpumalanga,vd_code_match
2000,76150010,CBLC6,CBLC6 - Bushbuckridge [Bushbuckridge],Limpopo,617,MP325,MP325 - Bushbuckridge,Mpumalanga,vd_code_match
2000,76150021,CBLC6,CBLC6 - Bushbuckridge [Bushbuckridge],Limpopo,643,MP325,MP325 - Bushbuckridge,Mpumalanga,vd_code_match
2000,76150032,CBLC6,CBLC6 - Bushbuckridge [Bushbuckridge],Limpopo,3450,MP325,MP325 - Bushbuckridge,Mpumalanga,vd_code_match
2000,76150043,CBLC6,CBLC6 - Bushbuckridge [Bushbuckridge],Limpopo,597,MP325,MP325 - Bushbuckridge,Mpumalanga,vd_code_match
2000,76150054,CBLC6,CBLC6 - Bushbuckridge [Bushbuckridge],Limpopo,1075,MP325,MP325 - Bushbuckridge,Mpumalanga,vd_code_match
2000,76150065,CBLC6,CBLC6 - Bushbuckridge [Bushbuckridge],Limpopo,981,MP325,MP325 - Bushbuckridge,Mpumalanga,vd_code_match
2000,76150076,CBLC6,CBLC6 - Bushbuckridge [Bushbuckridge],Limpopo,814,MP325,MP325 - Bushbuckridge,Mpumalanga,vd_code_match
2000,76150087,CBLC6,CBLC6 - Bushbuckridge [Bushbuckridge],Limpopo,553,MP325,MP325 - Bushbuckridge,Mpumalanga,vd_code_match
2000,76150098,CBLC6,CBLC6 - Bushbuckridge [Bushbuckridge],Limpopo,472,MP325,MP325 - Bushbuckridge,Mpumalanga,vd_code_match
2000,76150100,CBLC6,CBLC6 - Bushbuckridge [Bushbuckridge],Limpopo,528,MP325,MP325 - Bushbuckridge,Mpumalanga,vd_code_match
2000,76150111,CBLC6,CBLC6 - Bushbuckridge [Bushbuckridge],Limpopo,788,MP325,MP325 - Bushbuckridge,Mpumalanga,vd_code_match
2000,76150122,CBLC6,CBLC6 - Bushbuckridge [Bushbuckridge],Limpopo,772,MP325,MP325 - Bushbuckridge,Mpumalanga,vd_code_match
2000,76150133,CBLC6,CBLC6 - Bushbuckridge [Bushbuckridge],Limpopo,684,MP325,MP325 - Bushbuckridge,Mpumalanga,vd_code_match
2000,76150144,CBLC6,CBLC6 - Bushbuckridge [Bushbuckridge],Limpopo,325,MP325,MP325 - Bushbuckridge,Mpumalanga,vd_code_match
2000,76150155,CBLC6,CBLC6 - Bushbuckridge [Bushbuckridge],Limpopo,931,MP325,MP325 - Bushbuckridge,Mpumalanga,vd_code_match
2000,76150166,CBLC6,CBLC6 - Bushbuckridge [Bushbuckridge],Limpopo,851,MP325,MP325 - Bushbuckridge,Mpumalanga,vd_code_match
2000,76150177,CBLC6,CBLC6 - Bushbuckridge [Bushbuckridge],Limpopo,652,MP325,MP325 - Bushbuckridge,Mpumalanga,vd_code_match
2000,76150188,CBLC6,CBLC6 - Bushbuckridge [Bushbuckridge],Limpopo,1054,MP325,MP325 - Bushbuckridge,Mpumalanga,vd_code_match
2000,76150199,CBLC6,CBLC6 - Bushbuckridge [Bushbuckridge],Limpopo,917,MP325,MP325 - Bushbuckridge,Mpumalanga,vd_code_match
2000,76150201,CBLC6,CBLC6 - Bushbuckridge [Bushbuckridge],Limpopo,453,MP325,MP325 - Bushbuckridge,Mpumalanga,vd_code_match
2000,76150212,CBLC6,CBLC6 - Bushbuckridge [Bushbuckridge],Limpopo,1865,MP325,MP325 - Bushbuckridge,Mpumalanga,vd_code_match
2000,76150223,CBLC6,CBLC6 - Bushbuckridge [Bushbuckridge],Limpopo,873,MP325,MP325 - Bushbuckridge,Mpumalanga,vd_code_match
2000,76150234,CBLC6,CBLC6 - Bushbuckridge [Bushbuckridge],Limpopo,562,MP325,MP325 - Bushbuckridge,Mpumalanga,vd_code_match
2000,76150245,CBLC6,CBLC6 - Bushbuckridge [Bushbuckridge],Limpopo,1247,MP325,MP325 - Bushbuckridge,Mpumalanga,vd_code_match
2000,76150256,CBLC6,CBLC6 - Bushbuckridge [Bushbuckridge],Limpopo,1584,MP325,MP325 - Bushbuckridge,Mpumalanga,vd_code_match
2000,76150267,CBLC6,CBLC6 - Bushbuckridge [Bushbuckridge],Limpopo,479,MP325,MP325 - Bushbuckridge,Mpumalanga,vd_code_match
2000,76150278,CBLC6,CBLC6 - Bushbuckridge [Bushbuckridge],Limpopo,1716,MP325,MP325 - Bushbuckridge,Mpumalanga,vd_code_match
2000,76150289,CBLC6,CBLC6 - Bushbuckridge [Bushbuckridge],Limpopo,938,MP325,MP325 - Bushbuckridge,Mpumalanga,vd_code_match
2000,76150290,CBLC6,CBLC6 - Bushbuckridge [Bushbuckridge],Limpopo,551,MP325,MP325 - Bushbuckridge,Mpumalanga,vd_code_match
2000,76150302,CBLC6,CBLC6 - Bushbuckridge [Bushbuckridge],Limpopo,685,MP325,MP325 - Bushbuckridge,Mpumalanga,vd_code_match
2000,76150313,CBLC6,CBLC6 - Bushbuckridge [Bushbuckridge],Limpopo,453,MP325,MP325 - Bushbuckridge,Mpumalanga,vd_code_match
2000,76150324,CBLC6,CBLC6 - Bushbuckridge [Bushbuckridge],Limpopo,1927,MP325,MP325 - Bushbuckridge,Mpumalanga,vd_code_match
2000,76150335,CBLC6,CBLC6 - Bushbuckridge [Bushbuckridge],Limpopo,1160,MP325,MP325 - Bushbuckridge,Mpumalanga,vd_code_match
2000,76150346,CBLC6,CBLC6 - Bushbuckridge [Bushbuckridge],Limpopo,576,MP325,MP325 - Bushbuckridge,Mpumalanga,vd_code_match
2000,76150357,CBLC6,CBLC6 - Bushbuckridge [Bushbuckridge],Limpopo,460,MP325,MP325 - Bushbuckridge,Mpumalanga,vd_code_match
2000,76150368,CBLC6,CBLC6 - Bushbuckridge [Bushbuckridge],Limpopo,521,MP325,MP325 - Bushbuckridge,Mpumalanga,vd_code_match
2000,76150379,CBLC6,CBLC6 - Bushbuckridge [Bushbuckridge],Limpopo,457,MP325,MP325 - Bushbuckridge,Mpumalanga,vd_code_match
2000,76150380,CBLC6,CBLC6 - Bushbuckridge [Bushbuckridge],Limpopo,2165,MP325,MP325 - Bushbuckridge,Mpumalanga,vd_code_match
2000,76150391,CBLC6,CBLC6 - Bushbuckridge [Bushbuckridge],Limpopo,1640,MP325,MP325 - Bushbuckridge,Mpumalanga,vd_code_match
2000,76150403,CBLC6,CBLC6 - Bushbuckridge [Bushbuckridge],Limpopo,457,MP325,MP325 - Bushbuckridge,Mpumalanga,vd_code_match
2000,76150414,CBLC6,CBLC6 - Bushbuckridge [Bushbuckridge],Limpopo,1284,MP325,MP325 - Bushbuckridge,Mpumalanga,vd_code_match
2000,76150425,CBLC6,CBLC6 - Bushbuckridge [Bushbuckridge],Limpopo,807,MP325,MP325 - Bushbuckridge,Mpumalanga,vd_code_match
2000,76150436,CBLC6,CBLC6 - Bushbuckridge [Bushbuckridge],Limpopo,1154,MP325,MP325 - Bushbuckridge,Mpumalanga,vd_code_match
2000,76150447,CBLC6,CBLC6 - Bushbuckridge [Bushbuckridge],Limpopo,1146,MP325,MP325 - Bushbuckridge,Mpumalanga,vd_code_match
2000,76150458,CBLC6,CBLC6 - Bushbuckridge [Bushbuckridge],Limpopo,639,MP325,MP325 - Bushbuckridge,Mpumalanga,vd_code_match
2000,76150469,CBLC6,CBLC6 - Bushbuckridge [Bushbuckridge],Limpopo,1030,MP325,MP325 - Bushbuckridge,Mpumalanga,vd_code_match
2000,76150470,CBLC6,CBLC6 - Bushbuckridge [Bushbuckridge],Limpopo,2572,MP325,MP325 - Bushbuckridge,Mpumalanga,vd_code_match
2000,76150481,CBLC6,CBLC6 - Bushbuckridge [Bushbuckridge],Limpopo,775,MP325,MP325 - Bushbuckridge,Mpumalanga,vd_code_match
2000,76150492,CBLC6,CBLC6 - Bushbuckridge [Bushbuckridge],Limpopo,748,MP325,MP325 - Bushbuckridge,Mpumalanga,vd_code_match
2000,76150504,CBLC6,CBLC6 - Bushbuckridge [Bushbuckridge],Limpopo,600,MP325,MP325 - Bushbuckridge,Mpumalanga,vd_code_match
2000,76150515,CBLC6,CBLC6 - Bushbuckridge [Bushbuckridge],Limpopo,618,MP325,MP325 - Bushbuckridge,Mpumalanga,vd_code_match
2000,76150526,CBLC6,CBLC6 - Bushbuckridge [Bushbuckridge],Limpopo,1211,MP325,MP325 - Bushbuckridge,Mpumalanga,vd_code_match
2000,76150537,CBLC6,CBLC6 - Bushbuckridge [Bushbuckridge],Limpopo,757,MP325,MP325 - Bushbuckridge,Mpumalanga,vd_code_match
2000,76150548,CBLC6,CBLC6 - Bushbuckridge [Bushbuckridge],Limpopo,356,MP325,MP325 - Bushbuckridge,Mpumalanga,vd_code_match
2000,76150559,CBLC6,CBLC6 - Bushbuckridge [Bushbuckridge],Limpopo,704,MP325,MP325 - Bushbuckridge,Mpumalanga,vd_code_match
2000,76150560,CBLC6,CBLC6 - Bushbuckridge [Bushbuckridge],Limpopo,920,MP325,MP325 - Bushbuckridge,Mpumalanga,vd_code_match
2000,76150571,CBLC6,CBLC6 - Bushbuckridge [Bushbuckridge],Limpopo,340,MP325,MP325 - Bushbuckridge,Mpumalanga,vd_code_match
2000,76150582,CBLC6,CBLC6 - Bushbuckridge [Bushbuckridge],Limpopo,572,MP325,MP325 - Bushbuckridge,Mpumalanga,vd_code_match
2000,76150593,CBLC6,CBLC6 - Bushbuckridge [Bushbuckridge],Limpopo,1039,MP325,MP325 - Bushbuckridge,Mpumalanga,vd_code_match
2000,76150605,CBLC6,CBLC6 - Bushbuckridge [Bushbuckridge],Limpopo,453,MP325,MP325 - Bushbuckridge,Mpumalanga,vd_code_match
2000,76150616,CBLC6,CBLC6 - Bushbuckridge [Bushbuckridge],Limpopo,555,MP325,MP325 - Bushbuckridge,Mpumalanga,vd_code_match
2000,76150627,CBLC6,CBLC6 - Bushbuckridge [Bushbuckridge],Limpopo,1532,MP325,MP325 - Bushbuckridge,Mpumalanga,vd_code_match
2000,76160011,CBLC6,CBLC6 - Bushbuckridge [Bushbuckridge],Limpopo,275,MP325,MP325 - Bushbuckridge,Mpumalanga,vd_code_match
2000,76160022,CBLC6,CBLC6 - Bushbuckridge [Bushbuckridge],Limpopo,563,MP325,MP325 - Bushbuckridge,Mpumalanga,vd_code_match
2000,76160033,CBLC6,CBLC6 - Bushbuckridge [Bushbuckridge],Limpopo,277,MP325,MP325 - Bushbuckridge,Mpumalanga,vd_code_match
2000,76160044,CBLC6,CBLC6 - Bushbuckridge [Bushbuckridge],Limpopo,881,MP325,MP325 - Bushbuckridge,Mpumalanga,vd_code_match
2000,76160055,CBLC6,CBLC6 - Bushbuckridge [Bushbuckridge],Limpopo,1168,MP325,MP325 - Bushbuckridge,Mpumalanga,vd_code_match
2000,76160066,CBLC6,CBLC6 - Bushbuckridge [Bushbuckridge],Limpopo,1866,MP325,MP325 - Bushbuckridge,Mpumalanga,vd_code_match
2000,76160077,CBLC6,CBLC6 - Bushbuckridge [Bushbuckridge],Limpopo,1259,MP325,MP325 - Bushbuckridge,Mpumalanga,vd_code_match
2000,76160088,CBLC6,CBLC6 - Bushbuckridge [Bushbuckridge],Limpopo,572,MP325,MP325 - Bushbuckridge,Mpumalanga,vd_code_match
2000,76160099,CBLC6,CBLC6 - Bushbuckridge [Bushbuckridge],Limpopo,1124,MP325,MP325 - Bushbuckridge,Mpumalanga,vd_code_match
2000,76160101,CBLC6,CBLC6 - Bushbuckridge [Bushbuckridge],Limpopo,1853,MP325,MP325 - Bushbuckridge,Mpumalanga,vd_code_match
2000,76160112,CBLC6,CBLC6 - Bushbuckridge [Bushbuckridge],Limpopo,457,MP325,MP325 - Bushbuckridge,Mpumalanga,vd_code_match
2000,76160123,CBLC6,CBLC6 - Bushbuckridge [Bushbuckridge],Limpopo,1538,MP325,MP325 - Bushbuckridge,Mpumalanga,vd_code_match
2000,76160134,CBLC6,CBLC6 - Bushbuckridge [Bushbuckridge],Limpopo,753,MP325,MP325 - Bushbuckridge,Mpumalanga,vd_code_match
2000,76160145,CBLC6,CBLC6 - Bushbuckridge [Bushbuckridge],Limpopo,1678,MP325,MP325 - Bushbuckridge,Mpumalanga,vd_code_match
2000,76160156,CBLC6,CBLC6 - Bushbuckridge [Bushbuckridge],Limpopo,400,MP325,MP325 - Bushbuckridge,Mpumalanga,vd_code_match
2000,76160167,CBLC6,CBLC6 - Bushbuckridge [Bushbuckridge],Limpopo,864,MP325,MP325 - Bushbuckridge,Mpumalanga,vd_code_match
2000,76160178,CBLC6,CBLC6 - Bushbuckridge [Bushbuckridge],Limpopo,944,MP325,MP325 - Bushbuckridge,Mpumalanga,vd_code_match
2000,76160189,CBLC6,CBLC6 - Bushbuckridge [Bushbuckridge],Limpopo,906,MP325,MP325 - Bushbuckridge,Mpumalanga,vd_code_match
2000,76160190,CBLC6,CBLC6 - Bushbuckridge [Bushbuckridge],Limpopo,1098,MP325,MP325 - Bushbuckridge,Mpumalanga,vd_code_match
2000,76160202,CBLC6,CBLC6 - Bushbuckridge [Bushbuckridge],Limpopo,1557,MP325,MP325 - Bushbuckridge,Mpumalanga,vd_code_match
2000,76160213,CBLC6,CBLC6 - Bushbuckridge [Bushbuckridge],Limpopo,624,MP325,MP325 - Bushbuckridge,Mpumalanga,vd_code_match
2000,76160224,CBLC6,CBLC6 - Bushbuckridge [Bushbuckridge],Limpopo,2256,MP325,MP325 - Bushbuckridge,Mpumalanga,vd_code_match
2000,76160235,CBLC6,CBLC6 - Bushbuckridge [Bushbuckridge],Limpopo,886,MP325,MP325 - Bushbuckridge,Mpumalanga,municipality_majority
2000,76160246,CBLC6,CBLC6 - Bushbuckridge [Bushbuckridge],Limpopo,1262,MP325,MP325 - Bushbuckridge,Mpumalanga,vd_code_match
2000,76160257,CBLC6,CBLC6 - Bushbuckridge [Bushbuckridge],Limpopo,261,MP325,MP325 - Bushbuckridge,Mpumalanga,vd_code_match
2000,76160268,CBLC6,CBLC6 - Bushbuckridge [Bushbuckridge],Limpopo,377,MP325,MP325 - Bushbuckridge,Mpumalanga,vd_code_match
2000,76160279,CBLC6,CBLC6 - Bushbuckridge [Bushbuckridge],Limpopo,1504,MP325,MP325 - Bushbuckridge,Mpumalanga,vd_code_match
2000,76160280,CBLC6,CBLC6 - Bushbuckridge [Bushbuckridge],Limpopo,533,MP325,MP325 - Bushbuckridge,Mpumalanga,vd_code_match
2000,76160291,CBLC6,CBLC6 - Bushbuckridge [Bushbuckridge],Limpopo,673,MP325,MP325 - Bushbuckridge,Mpumalanga,vd_code_match
2000,76160303,CBLC6,CBLC6 - Bushbuckridge [Bushbuckridge],Limpopo,531,MP325,MP325 - Bushbuckridge,Mpumalanga,vd_code_match
2000,76160314,CBLC6,CBLC6 - Bushbuckridge [Bushbuckridge],Limpopo,1115,MP325,MP325 - Bushbuckridge,Mpumalanga,vd_code_match
2000,76160325,CBLC6,CBLC6 - Bushbuckridge [Bushbuckridge],Limpopo,434,MP325,MP325 - Bushbuckridge,Mpumalanga,vd_code_match
2000,76160336,CBLC6,CBLC6 - Bushbuckridge [Bushbuckridge],Limpopo,368,MP325,MP325 - Bushbuckridge,Mpumalanga,vd_code_match
2000,76160358,CBLC6,CBLC6 - Bushbuckridge [Bushbuckridge],Limpopo,1273,MP325,MP325 - Bushbuckridge,Mpumalanga,vd_code_match
2000,76160369,CBLC6,CBLC6 - Bushbuckridge [Bushbuckridge],Limpopo,527,MP325,MP325 - Bushbuckridge,Mpumalanga,vd_code_match
2000,76160370,CBLC6,CBLC6 - Bushbuckridge [Bushbuckridge],Limpopo,1041,MP325,MP325 - Bushbuckridge,Mpumalanga,vd_code_match
2000,76160381,CBLC6,CBLC6 - Bushbuckridge [Bushbuckridge],Limpopo,695,MP325,MP325 - Bushbuckridge,Mpumalanga,vd_code_match
2000,76160392,CBLC6,CBLC6 - Bushbuckridge [Bushbuckridge],Limpopo,962,MP325,MP325 - Bushbuckridge,Mpumalanga,vd_code_match
2000,76160404,CBLC6,CBLC6 - Bushbuckridge [Bushbuckridge],Limpopo,480,MP325,MP325 - Bushbuckridge,Mpumalanga,vd_code_match
2000,76160415,CBLC6,CBLC6 - Bushbuckridge [Bushbuckridge],Limpopo,963,MP325,MP325 - Bushbuckridge,Mpumalanga,vd_code_match
2000,76160426,CBLC6,CBLC6 - Bushbuckridge [Bushbuckridge],Limpopo,1485,MP325,MP325 - Bushbuckridge,Mpumalanga,vd_code_match
2000,76160437,CBLC6,CBLC6 - Bushbuckridge [Bushbuckridge],Limpopo,1755,MP325,MP325 - Bushbuckridge,Mpumalanga,vd_code_match
2000,76160448,CBLC6,CBLC6 - Bushbuckridge [Bushbuckridge],Limpopo,463,MP325,MP325 - Bushbuckridge,Mpumalanga,vd_code_match
2000,76160459,CBLC6,CBLC6 - Bushbuckridge [Bushbuckridge],Limpopo,1129,MP325,MP325 - Bushbuckridge,Mpumalanga,vd_code_match
2000,76160460,CBLC6,CBLC6 - Bushbuckridge [Bushbuckridge],Limpopo,1226,MP325,MP325 - Bushbuckridge,Mpumalanga,vd_code_match
2000,76160471,CBLC6,CBLC6 - Bushbuckridge [Bushbuckridge],Limpopo,630,MP325,MP325 - Bushbuckridge,Mpumalanga,vd_code_match
2000,76160482,CBLC6,CBLC6 - Bushbuckridge [Bushbuckridge],Limpopo,1012,MP325,MP325 - Bushbuckridge,Mpumalanga,vd_code_match
2000,76160493,CBLC6,CBLC6 - Bushbuckridge [Bushbuckridge],Limpopo,561,MP325,MP325 - Bushbuckridge,Mpumalanga,vd_code_match
2000,76160505,CBLC6,CBLC6 - Bushbuckridge [Bushbuckridge],Limpopo,553,MP325,MP325 - Bushbuckridge,Mpumalanga,vd_code_match
2000,76160516,CBLC6,CBLC6 - Bushbuckridge [Bushbuckridge],Limpopo,664,MP325,MP325 - Bushbuckridge,Mpumalanga,vd_code_match
2000,76160527,CBLC6,CBLC6 - Bushbuckridge [Bushbuckridge],Limpopo,386,MP325,MP325 - Bushbuckridge,Mpumalanga,vd_code_match
2000,76160538,CBLC6,CBLC6 - Bushbuckridge [Bushbuckridge],Limpopo,492,MP325,MP325 - Bushbuckridge,Mpumalanga,municipality_majority
2000,76160549,CBLC6,CBLC6 - Bushbuckridge [Bushbuckridge],Limpopo,885,MP325,MP325 - Bushbuckridge,Mpumalanga,vd_code_match
2000,76160550,CBLC6,CBLC6 - Bushbuckridge [Bushbuckridge],Limpopo,1166,MP325,MP325 - Bushbuckridge,Mpumalanga,vd_code_match
2000,76160561,CBLC6,CBLC6 - Bushbuckridge [Bushbuckridge],Limpopo,766,MP325,MP325 - Bushbuckridge,Mpumalanga,vd_code_match
2000,76160572,CBLC6,CBLC6 - Bushbuckridge [Bushbuckridge],Limpopo,667,MP325,MP325 - Bushbuckridge,Mpumalanga,vd_code_match
2000,76160583,CBLC6,CBLC6 - Bushbuckridge [Bushbuckridge],Limpopo,570,MP325,MP325 - Bushbuckridge,Mpumalanga,vd_code_match
2000,76160606,CBLC6,CBLC6 - Bushbuckridge [Bushbuckridge],Limpopo,305,MP325,MP325 - Bushbuckridge,Mpumalanga,vd_code_match
2000,76160628,CBLC6,CBLC6 - Bushbuckridge [Bushbuckridge],Limpopo,843,MP325,MP325 - Bushbuckridge,Mpumalanga,vd_code_match
2000,76160639,CBLC6,CBLC6 - Bushbuckridge [Bushbuckridge],Limpopo,793,MP325,MP325 - Bushbuckridge,Mpumalanga,vd_code_match
2000,76160640,CBLC6,CBLC6 - Bushbuckridge [Bushbuckridge],Limpopo,1225,MP325,MP325 - Bushbuckridge,Mpumalanga,vd_code_match
2000,76160651,CBLC6,CBLC6 - Bushbuckridge [Bushbuckridge],Limpopo,943,MP325,MP325 - Bushbuckridge,Mpumalanga,vd_code_match
2000,76160662,CBLC6,CBLC6 - Bushbuckridge [Bushbuckridge],Limpopo,986,MP325,MP325 - Bushbuckridge,Mpumalanga,vd_code_match
2000,76160673,CBLC6,CBLC6 - Bushbuckridge [Bushbuckridge],Limpopo,212,MP325,MP325 - Bushbuckridge,Mpumalanga,vd_code_match
2000,76160684,CBLC6,CBLC6 - Bushbuckridge [Bushbuckridge],Limpopo,229,MP325,MP325 - Bushbuckridge,Mpumalanga,vd_code_match
2000,76160695,CBLC6,CBLC6 - Bushbuckridge [Bushbuckridge],Limpopo,129,MP325,MP325 - Bushbuckridge,Mpumalanga,vd_code_match
2000,76160707,CBLC6,CBLC6 - Bushbuckridge [Bushbuckridge],Limpopo,205,MP325,MP325 - Bushbuckridge,Mpumalanga,vd_code_match
2000,76160718,CBLC6,CBLC6 - Bushbuckridge [Bushbuckridge],Limpopo,497,MP325,MP325 - Bushbuckridge,Mpumalanga,vd_code_match
2000,76160729,CBLC6,CBLC6 - Bushbuckridge [Bushbuckridge],Limpopo,104,MP325,MP325 - Bushbuckridge,Mpumalanga,vd_code_match
2000,76160730,CBLC6,CBLC6 - Bushbuckridge [Bushbuckridge],Limpopo,1881,MP325,MP325 - Bushbuckridge,Mpumalanga,vd_code_match
2000,76160763,CBLC6,CBLC6 - Bushbuckridge [Bushbuckridge],Limpopo,572,MP325,MP325 - Bushbuckridge,Mpumalanga,vd_code_match
2000,76170012,CBLC6,CBLC6 - Bushbuckridge [Bushbuckridge],Limpopo,966,MP325,MP325 - Bushbuckridge,Mpumalanga,vd_code_match
2000,76170023,CBLC6,CBLC6 - Bushbuckridge [Bushbuckridge],Limpopo,1079,MP325,MP325 - Bushbuckridge,Mpumalanga,vd_code_match
2000,76170034,CBLC6,CBLC6 - Bushbuckridge [Bushbuckridge],Limpopo,511,MP325,MP325 - Bushbuckridge,Mpumalanga,vd_code_match
2000,76170045,CBLC6,CBLC6 - Bushbuckridge [Bushbuckridge],Limpopo,655,MP325,MP325 - Bushbuckridge,Mpumalanga,vd_code_match
2000,76170056,CBLC6,CBLC6 - Bushbuckridge [Bushbuckridge],Limpopo,732,MP325,MP325 - Bushbuckridge,Mpumalanga,vd_code_match
2000,76170067,CBLC6,CBLC6 - Bushbuckridge [Bushbuckridge],Limpopo,357,MP325,MP325 - Bushbuckridge,Mpumalanga,vd_code_match
2000,76170078,CBLC6,CBLC6 - Bushbuckridge [Bushbuckridge],Limpopo,315,MP325,MP325 - Bushbuckridge,Mpumalanga,vd_code_match
2000,76170089,CBLC6,CBLC6 - Bushbuckridge [Bushbuckridge],Limpopo,3311,MP325,MP325 - Bushbuckridge,Mpumalanga,vd_code_match
2000,76170090,CBLC6,CBLC6 - Bushbuckridge [Bushbuckridge],Limpopo,696,MP325,MP325 - Bushbuckridge,Mpumalanga,vd_code_match
2000,76170102,CBLC6,CBLC6 - Bushbuckridge [Bushbuckridge],Limpopo,1027,MP325,MP325 - Bushbuckridge,Mpumalanga,vd_code_match
2000,76170113,CBLC6,CBLC6 - Bushbuckridge [Bushbuckridge],Limpopo,678,MP325,MP325 - Bushbuckridge,Mpumalanga,vd_code_match
2000,76170124,CBLC6,CBLC6 - Bushbuckridge [Bushbuckridge],Limpopo,1054,MP325,MP325 - Bushbuckridge,Mpumalanga,vd_code_match
2000,76170135,CBLC6,CBLC6 - Bushbuckridge [Bushbuckridge],Limpopo,758,MP325,MP325 - Bushbuckridge,Mpumalanga,vd_code_match
2000,76170146,CBLC6,CBLC6 - Bushbuckridge [Bushbuckridge],Limpopo,1072,MP325,MP325 - Bushbuckridge,Mpumalanga,vd_code_match
2000,76170157,CBLC6,CBLC6 - Bushbuckridge [Bushbuckridge],Limpopo,1537,MP325,MP325 - Bushbuckridge,Mpumalanga,vd_code_match
2000,76170168,CBLC6,CBLC6 - Bushbuckridge [Bushbuckridge],Limpopo,2771,MP325,MP325 - Bushbuckridge,Mpumalanga,vd_code_match
2000,76170179,CBLC6,CBLC6 - Bushbuckridge [Bushbuckridge],Limpopo,1617,MP325,MP325 - Bushbuckridge,Mpumalanga,vd_code_match
2000,76170180,CBLC6,CBLC6 - Bushbuckridge [Bushbuckridge],Limpopo,890,MP325,MP325 - Bushbuckridge,Mpumalanga,vd_code_match
2000,76170191,CBLC6,CBLC6 - Bushbuckridge [Bushbuckridge],Limpopo,1117,MP325,MP325 - Bushbuckridge,Mpumalanga,vd_code_match
2000,76170203,CBLC6,CBLC6 - Bushbuckridge [Bushbuckridge],Limpopo,441,MP325,MP325 - Bushbuckridge,Mpumalanga,vd_code_match
2000,76170214,CBLC6,CBLC6 - Bushbuckridge [Bushbuckridge],Limpopo,858,MP325,MP325 - Bushbuckridge,Mpumalanga,vd_code_match
2000,76170225,CBLC6,CBLC6 - Bushbuckridge [Bushbuckridge],Limpopo,606,MP325,MP325 - Bushbuckridge,Mpumalanga,vd_code_match
2000,76170236,CBLC6,CBLC6 - Bushbuckridge [Bushbuckridge],Limpopo,945,MP325,MP325 - Bushbuckridge,Mpumalanga,vd_code_match
2000,76170247,CBLC6,CBLC6 - Bushbuckridge [Bushbuckridge],Limpopo,880,MP325,MP325 - Bushbuckridge,Mpumalanga,vd_code_match
2000,76170258,CBLC6,CBLC6 - Bushbuckridge [Bushbuckridge],Limpopo,2319,MP325,MP325 - Bushbuckridge,Mpumalanga,vd_code_match
2000,76170269,CBLC6,CBLC6 - Bushbuckridge [Bushbuckridge],Limpopo,847,MP325,MP325 - Bushbuckridge,Mpumalanga,vd_code_match
2000,76170270,CBLC6,CBLC6 - Bushbuckridge [Bushbuckridge],Limpopo,1296,MP325,MP325 - Bushbuckridge,Mpumalanga,vd_code_match
2000,76170281,CBLC6,CBLC6 - Bushbuckridge [Bushbuckridge],Limpopo,607,MP325,MP325 - Bushbuckridge,Mpumalanga,vd_code_match
2000,76170292,CBLC6,CBLC6 - Bushbuckridge [Bushbuckridge],Limpopo,508,MP325,MP325 - Bushbuckridge,Mpumalanga,vd_code_match
2000,76170304,CBLC6,CBLC6 - Bushbuckridge [Bushbuckridge],Limpopo,307,MP325,MP325 - Bushbuckridge,Mpumalanga,vd_code_match
2000,76170315,CBLC6,CBLC6 - Bushbuckridge [Bushbuckridge],Limpopo,548,MP325,MP325 - Bushbuckridge,Mpumalanga,vd_code_match
2000,76170326,CBLC6,CBLC6 - Bushbuckridge [Bushbuckridge],Limpopo,764,MP325,MP325 - Bushbuckridge,Mpumalanga,vd_code_match
2000,76170337,CBLC6,CBLC6 - Bushbuckridge [Bushbuckridge],Limpopo,1158,MP325,MP325 - Bushbuckridge,Mpumalanga,vd_code_match
2000,76170348,CBLC6,CBLC6 - Bushbuckridge [Bushbuckridge],Limpopo,842,MP325,MP325 - Bushbuckridge,Mpumalanga,vd_code_match
2000,76170359,CBLC6,CBLC6 - Bushbuckridge [Bushbuckridge],Limpopo,803,MP325,MP325 - Bushbuckridge,Mpumalanga,vd_code_match
2000,76170360,CBLC6,CBLC6 - Bushbuckridge [Bushbuckridge],Limpopo,1120,MP325,MP325 - Bushbuckridge,Mpumalanga,vd_code_match
2000,76170371,CBLC6,CBLC6 - Bushbuckridge [Bushbuckridge],Limpopo,2873,MP325,MP325 - Bushbuckridge,Mpumalanga,vd_code_match
2000,76170382,CBLC6,CBLC6 - Bushbuckridge [Bushbuckridge],Limpopo,1194,MP325,MP325 - Bushbuckridge,Mpumalanga,vd_code_match
2000,76170393,CBLC6,CBLC6 - Bushbuckridge [Bushbuckridge],Limpopo,1014,MP325,MP325 - Bushbuckridge,Mpumalanga,vd_code_match
2000,76170405,CBLC6,CBLC6 - Bushbuckridge [Bushbuckridge],Limpopo,525,MP325,MP325 - Bushbuckridge,Mpumalanga,vd_code_match
2000,76170416,CBLC6,CBLC6 - Bushbuckridge [Bushbuckridge],Limpopo,511,MP325,MP325 - Bushbuckridge,Mpumalanga,vd_code_match
2000,76170427,CBLC6,CBLC6 - Bushbuckridge [Bushbuckridge],Limpopo,638,MP325,MP325 - Bushbuckridge,Mpumalanga,vd_code_match
2000,76170438,CBLC6,CBLC6 - Bushbuckridge [Bushbuckridge],Limpopo,581,MP325,MP325 - Bushbuckridge,Mpumalanga,vd_code_match
2000,76170449,CBLC6,CBLC6 - Bushbuckridge [Bushbuckridge],Limpopo,627,MP325,MP325 - Bushbuckridge,Mpumalanga,vd_code_match
2000,76170450,CBLC6,CBLC6 - Bushbuckridge [Bushbuckridge],Limpopo,1058,MP325,MP325 - Bushbuckridge,Mpumalanga,vd_code_match
2000,76170461,CBLC6,CBLC6 - Bushbuckridge [Bushbuckridge],Limpopo,2082,MP325,MP325 - Bushbuckridge,Mpumalanga,vd_code_match
2000,76170472,CBLC6,CBLC6 - Bushbuckridge [Bushbuckridge],Limpopo,1385,MP325,MP325 - Bushbuckridge,Mpumalanga,vd_code_match
2000,76170483,CBLC6,CBLC6 - Bushbuckridge [Bushbuckridge],Limpopo,1072,MP325,MP325 - Bushbuckridge,Mpumalanga,vd_code_match
2000,76170494,CBLC6,CBLC6 - Bushbuckridge [Bushbuckridge],Limpopo,1867,MP325,MP325 - Bushbuckridge,Mpumalanga,vd_code_match
2000,76170506,CBLC6,CBLC6 - Bushbuckridge [Bushbuckridge],Limpopo,823,MP325,MP325 - Bushbuckridge,Mpumalanga,vd_code_match
2000,76170528,CBLC6,CBLC6 - Bushbuckridge [Bushbuckridge],Limpopo,0,MP325,MP325 - Bushbuckridge,Mpumalanga,municipality_majority
2000,76290914,CBDMA4 [Kruger Park],CBDMA4 [Kruger Park],Limpopo,857,MP326,MP326 - City of Mbombela,Mpumalanga,municipality_majority
2006,54100011,MP304,MP304 - Pixley Ka Seme [Volksrust],Mpumalanga,1896,MP304,MP304 - Dr Pixley Ka Isaka Seme,Mpumalanga,vd_code_match
2006,54100022,MP304,MP304 - Pixley Ka Seme [Volksrust],Mpumalanga,1630,MP304,MP304 - Dr Pixley Ka Isaka Seme,Mpumalanga,vd_code_match
2006,54100033,MP304,MP304 - Pixley Ka Seme [Volksrust],Mpumalanga,1672,MP304,MP304 - Dr Pixley Ka Isaka Seme,Mpumalanga,vd_code_match
2006,54110012,MP303,MP303 - Mkhondo [Piet Retief],Mpumalanga,1186,MP303,MP303 - Mkhondo,Mpumalanga,vd_code_match
2006,54110023,MP303,MP303 - Mkhondo [Piet Retief],Mpumalanga,2282,MP303,MP303 - Mkhondo,Mpumalanga,vd_code_match
2006,54110034,MP303,MP303 - Mkhondo [Piet Retief],Mpumalanga,875,MP303,MP303 - Mkhondo,Mpumalanga,vd_code_match
2006,54120013,MP301,MP301 - Albert Luthuli [Elukwatini/Carolina],Mpumalanga,100,MP301,MP301 - Chief Albert Luthuli,Mpumalanga,vd_code_match
2006,54120024,MP301,MP301 - Albert Luthuli [Elukwatini/Carolina],Mpumalanga,479,MP301,MP301 - Chief Albert Luthuli,Mpumalanga,vd_code_match
2006,54120035,MP301,MP301 - Albert Luthuli [Elukwatini/Carolina],Mpumalanga,276,MP301,MP301 - Chief Albert Luthuli,Mpumalanga,vd_code_match
2006,54120046,MP301,MP301 - Albert Luthuli [Elukwatini/Carolina],Mpumalanga,2070,MP301,MP301 - Chief Albert Luthuli,Mpumalanga,vd_code_match
2006,54120057,MP301,MP301 - Albert Luthuli [Elukwatini/Carolina],Mpumalanga,273,MP301,MP301 - Chief Albert Luthuli,Mpumalanga,vd_code_match
2006,54120068,MP301,MP301 - Albert Luthuli [Elukwatini/Carolina],Mpumalanga,480,MP301,MP301 - Chief Albert Luthuli,Mpumalanga,vd_code_match
2006,54120080,MP301,MP301 - Albert Luthuli [Elukwatini/Carolina],Mpumalanga,933,MP301,MP301 - Chief Albert Luthuli,Mpumalanga,vd_code_match
2006,54120091,MP301,MP301 - Albert Luthuli [Elukwatini/Carolina],Mpumalanga,476,MP301,MP301 - Chief Albert Luthuli,Mpumalanga,vd_code_match
2006,54120103,MP301,MP301 - Albert Luthuli [Elukwatini/Carolina],Mpumalanga,1111,MP301,MP301 - Chief Albert Luthuli,Mpumalanga,vd_code_match
2006,54120114,MP301,MP301 - Albert Luthuli [Elukwatini/Carolina],Mpumalanga,623,MP301,MP301 - Chief Albert Luthuli,Mpumalanga,vd_code_match
2006,54120125,MP301,MP301 - Albert Luthuli [Elukwatini/Carolina],Mpumalanga,3023,MP301,MP301 - Chief Albert Luthuli,Mpumalanga,vd_code_match
2006,54120136,MP301,MP301 - Albert Luthuli [Elukwatini/Carolina],Mpumalanga,538,MP301,MP301 - Chief Albert Luthuli,Mpumalanga,vd_code_match
2006,54120147,MP301,MP301 - Albert Luthuli [Elukwatini/Carolina],Mpumalanga,246,MP301,MP301 - Chief Albert Luthuli,Mpumalanga,vd_code_match
2006,54120181,MP301,MP301 - Albert Luthuli [Elukwatini/Carolina],Mpumalanga,293,MP301,MP301 - Chief Albert Luthuli,Mpumalanga,vd_code_match
2006,54120192,MP301,MP301 - Albert Luthuli [Elukwatini/Carolina],Mpumalanga,782,MP301,MP301 - Chief Albert Luthuli,Mpumalanga,vd_code_match
2006,54130014,MP306,MP306 - Dipaleseng [Balfour],Mpumalanga,2383,MP306,MP306 - Dipaleseng,Mpumalanga,vd_code_match
2006,54130025,MP306,MP306 - Dipaleseng [Balfour],Mpumalanga,2477,MP306,MP306 - Dipaleseng,Mpumalanga,vd_code_match
2006,54130036,MP306,MP306 - Dipaleseng [Balfour],Mpumalanga,2222,MP306,MP306 - Dipaleseng,Mpumalanga,vd_code_match
2006,54130047,MP306,MP306 - Dipaleseng [Balfour],Mpumalanga,2502,MP306,MP306 - Dipaleseng,Mpumalanga,vd_code_match
2006,54130070,MP306,MP306 - Dipaleseng [Balfour],Mpumalanga,844,MP306,MP306 - Dipaleseng,Mpumalanga,vd_code_match
2006,54130081,MP306,MP306 - Dipaleseng [Balfour],Mpumalanga,717,MP306,MP306 - Dipaleseng,Mpumalanga,vd_code_match
2006,54130092,MP306,MP306 - Dipaleseng [Balfour],Mpumalanga,411,MP306,MP306 - Dipaleseng,Mpumalanga,vd_code_match
2006,54140015,MP307,MP307 - Govan Mbeki [Highveld Ridge],Mpumalanga,3012,MP307,MP307 - Govan Mbeki,Mpumalanga,vd_code_match
2006,54140026,MP307,MP307 - Govan Mbeki [Highveld Ridge],Mpumalanga,703,MP307,MP307 - Govan Mbeki,Mpumalanga,vd_code_match
2006,54140037,MP307,MP307 - Govan Mbeki [Highveld Ridge],Mpumalanga,524,MP307,MP307 - Govan Mbeki,Mpumalanga,vd_code_match
2006,54140048,MP307,MP307 - Govan Mbeki [Highveld Ridge],Mpumalanga,2690,MP307,MP307 - Govan Mbeki,Mpumalanga,vd_code_match
2006,54140059,MP307,MP307 - Govan Mbeki [Highveld Ridge],Mpumalanga,1749,MP307,MP307 - Govan Mbeki,Mpumalanga,vd_code_match
2006,54140060,MP307,MP307 - Govan Mbeki [Highveld Ridge],Mpumalanga,2151,MP307,MP307 - Govan Mbeki,Mpumalanga,vd_code_match
2006,54140071,MP307,MP307 - Govan Mbeki [Highveld Ridge],Mpumalanga,1940,MP307,MP307 - Govan Mbeki,Mpumalanga,vd_code_match
2006,54140082,MP307,MP307 - Govan Mbeki [Highveld Ridge],Mpumalanga,1140,MP307,MP307 - Govan Mbeki,Mpumalanga,vd_code_match
2006,54140093,MP307,MP307 - Govan Mbeki [Highveld Ridge],Mpumalanga,1971,MP307,MP307 - Govan Mbeki,Mpumalanga,vd_code_match
2006,54140105,MP307,MP307 - Govan Mbeki [Highveld Ridge],Mpumalanga,2099,MP307,MP307 - Govan Mbeki,Mpumalanga,vd_code_match
2006,54140116,MP307,MP307 - Govan Mbeki [Highveld Ridge],Mpumalanga,1507,MP307,MP307 - Govan Mbeki,Mpumalanga,vd_code_match
2006,54140127,MP307,MP307 - Govan Mbeki [Highveld Ridge],Mpumalanga,2092,MP307,MP307 - Govan Mbeki,Mpumalanga,vd_code_match
2006,54140138,MP307,MP307 - Govan Mbeki [Highveld Ridge],Mpumalanga,2125,MP307,MP307 - Govan Mbeki,Mpumalanga,vd_code_match
2006,54140149,MP307,MP307 - Govan Mbeki [Highveld Ridge],Mpumalanga,861,MP307,MP307 - Govan Mbeki,Mpumalanga,vd_code_match
2006,54140150,MP307,MP307 - Govan Mbeki [Highveld Ridge],Mpumalanga,1213,MP307,MP307 - Govan Mbeki,Mpumalanga,vd_code_match
2006,54150016,MP302,MP302 - Msukaligwa [Ermelo],Mpumalanga,1893,MP302,MP302 - Msukaligwa,Mpumalanga,vd_code_match
2006,54150027,MP302,MP302 - Msukaligwa [Ermelo],Mpumalanga,2092,MP302,MP302 - Msukaligwa,Mpumalanga,vd_code_match
2006,54160017,MP301,MP301 - Albert Luthuli [Elukwatini/Carolina],Mpumalanga,3068,MP301,MP301 - Chief Albert Luthuli,Mpumalanga,vd_code_match
2006,54160028,MP301,MP301 - Albert Luthuli [Elukwatini/Carolina],Mpumalanga,2911,MP301,MP301 - Chief Albert Luthuli,Mpumalanga,vd_code_match
2006,54160039,MP301,MP301 - Albert Luthuli [Elukwatini/Carolina],Mpumalanga,816,MP301,MP301 - Chief Albert Luthuli,Mpumalanga,vd_code_match
2006,54160040,MP301,MP301 - Albert Luthuli [Elukwatini/Carolina],Mpumalanga,821,MP301,MP301 - Chief Albert Luthuli,Mpumalanga,vd_code_match
2006,54170018,MP302,MP302 - Msukaligwa [Ermelo],Mpumalanga,1520,MP302,MP302 - Msukaligwa,Mpumalanga,vd_code_match
2006,54180019,MP302,MP302 - Msukaligwa [Ermelo],Mpumalanga,2210,MP302,MP302 - Msukaligwa,Mpumalanga,vd_code_match
2006,54190010,MP311,MP311 - Delmas [Delmas],Mpumalanga,2773,MP311,MP311 - Victor Khanye,Mpumalanga,vd_code_match
2006,54190021,MP311,MP311 - Delmas [Delmas],Mpumalanga,2580,MP311,MP311 - Victor Khanye,Mpumalanga,vd_code_match
2006,54190032,MP311,MP311 - Delmas [Delmas],Mpumalanga,3203,MP311,MP311 - Victor Khanye,Mpumalanga,vd_code_match
2006,54190043,MP311,MP311 - Delmas [Delmas],Mpumalanga,2420,MP311,MP311 - Victor Khanye,Mpumalanga,vd_code_match
2006,54190054,MP311,MP311 - Delmas [Delmas],Mpumalanga,2507,MP311,MP311 - Victor Khanye,Mpumalanga,vd_code_match
2006,54190065,MP311,MP311 - Delmas [Delmas],Mpumalanga,1504,MP311,MP311 - Victor Khanye,Mpumalanga,vd_code_match
2006,54190076,MP311,MP311 - Delmas [Delmas],Mpumalanga,2842,MP311,MP311 - Victor Khanye,Mpumalanga,vd_code_match
2006,54190087,MP311,MP311 - Delmas [Delmas],Mpumalanga,1425,MP311,MP311 - Victor Khanye,Mpumalanga,vd_code_match
2006,54190098,MP311,MP311 - Delmas [Delmas],Mpumalanga,699,MP311,MP311 - Victor Khanye,Mpumalanga,vd_code_match
2006,54190100,MP311,MP311 - Delmas [Delmas],Mpumalanga,402,MP311,MP311 - Victor Khanye,Mpumalanga,vd_code_match
2006,54190111,MP311,MP311 - Delmas [Delmas],Mpumalanga,643,MP311,MP311 - Victor Khanye,Mpumalanga,vd_code_match
2006,54190122,MP311,MP311 - Delmas [Delmas],Mpumalanga,203,MP311,MP311 - Victor Khanye,Mpumalanga,vd_code_match
2006,54200012,MP301,MP301 - Albert Luthuli [Elukwatini/Carolina],Mpumalanga,749,MP301,MP301 - Chief Albert Luthuli,Mpumalanga,vd_code_match
2006,54200023,MP301,MP301 - Albert Luthuli [Elukwatini/Carolina],Mpumalanga,396,MP301,MP301 - Chief Albert Luthuli,Mpumalanga,vd_code_match
2006,54200034,MP301,MP301 - Albert Luthuli [Elukwatini/Carolina],Mpumalanga,2234,MP301,MP301 - Chief Albert Luthuli,Mpumalanga,vd_code_match
2006,54200045,MP301,MP301 - Albert Luthuli [Elukwatini/Carolina],Mpumalanga,636,MP301,MP301 - Chief Albert Luthuli,Mpumalanga,vd_code_match
2006,54200056,MP301,MP301 - Albert Luthuli [Elukwatini/Carolina],Mpumalanga,79,MP301,MP301 - Chief Albert Luthuli,Mpumalanga,vd_code_match
2006,54200067,MP301,MP301 - Albert Luthuli [Elukwatini/Carolina],Mpumalanga,150,MP301,MP301 - Chief Albert Luthuli,Mpumalanga,vd_code_match
2006,54210013,MP301,MP301 - Albert Luthuli [Elukwatini/Carolina],Mpumalanga,1803,MP301,MP301 - Chief Albert Luthuli,Mpumalanga,vd_code_match
2006,54210024,MP301,MP301 - Albert Luthuli [Elukwatini/Carolina],Mpumalanga,1277,MP301,MP301 - Chief Albert Luthuli,Mpumalanga,vd_code_match
2006,54210035,MP301,MP301 - Albert Luthuli [Elukwatini/Carolina],Mpumalanga,1791,MP301,MP301 - Chief Albert Luthuli,Mpumalanga,vd_code_match
2006,54210046,MP301,MP301 - Albert Luthuli [Elukwatini/Carolina],Mpumalanga,2016,MP301,MP301 - Chief Albert Luthuli,Mpumalanga,vd_code_match
2006,54210057,MP301,MP301 - Albert Luthuli [Elukwatini/Carolina],Mpumalanga,1440,MP301,MP301 - Chief Albert Luthuli,Mpumalanga,vd_code_match
2006,54210068,MP301,MP301 - Albert Luthuli [Elukwatini/Carolina],Mpumalanga,781,MP301,MP301 - Chief Albert Luthuli,Mpumalanga,vd_code_match
2006,54210079,MP301,MP301 - Albert Luthuli [Elukwatini/Carolina],Mpumalanga,2705,MP301,MP301 - Chief Albert Luthuli,Mpumalanga,vd_code_match
2006,54210080,MP301,MP301 - Albert Luthuli [Elukwatini/Carolina],Mpumalanga,2226,MP301,MP301 - Chief Albert Luthuli,Mpumalanga,vd_code_match
2006,54210091,MP301,MP301 - Albert Luthuli [Elukwatini/Carolina],Mpumalanga,2012,MP301,MP301 - Chief Albert Luthuli,Mpumalanga,vd_code_match
2006,54210103,MP301,MP301 - Albert Luthuli [Elukwatini/Carolina],Mpumalanga,3120,MP301,MP301 - Chief Albert Luthuli,Mpumalanga,vd_code_match
2006,54210114,MP301,MP301 - Albert Luthuli [Elukwatini/Carolina],Mpumalanga,2163,MP301,MP301 - Chief Albert Luthuli,Mpumalanga,vd_code_match
2006,54210125,MP301,MP301 - Albert Luthuli [Elukwatini/Carolina],Mpumalanga,418,MP301,MP301 - Chief Albert Luthuli,Mpumalanga,vd_code_match
2006,54210169,MP301,MP301 - Albert Luthuli [Elukwatini/Carolina],Mpumalanga,435,MP301,MP301 - Chief Albert Luthuli,Mpumalanga,vd_code_match
2006,54210170,MP301,MP301 - Albert Luthuli [Elukwatini/Carolina],Mpumalanga,862,MP301,MP301 - Chief Albert Luthuli,Mpumalanga,vd_code_match
2006,54210181,MP301,MP301 - Albert Luthuli [Elukwatini/Carolina],Mpumalanga,268,MP301,MP301 - Chief Albert Luthuli,Mpumalanga,municipality_majority
2006,54210192,MP301,MP301 - Albert Luthuli [Elukwatini/Carolina],Mpumalanga,500,MP301,MP301 - Chief Albert Luthuli,Mpumalanga,vd_code_match
2006,54210204,MP301,MP301 - Albert Luthuli [Elukwatini/Carolina],Mpumalanga,647,MP301,MP301 - Chief Albert Luthuli,Mpumalanga,vd_code_match
2006,54210215,MP301,MP301 - Albert Luthuli [Elukwatini/Carolina],Mpumalanga,104,MP301,MP301 - Chief Albert Luthuli,Mpumalanga,vd_code_match
2006,54220014,MP301,MP301 - Albert Luthuli [Elukwatini/Carolina],Mpumalanga,2266,MP301,MP301 - Chief Albert Luthuli,Mpumalanga,vd_code_match
2006,54220025,MP301,MP301 - Albert Luthuli [Elukwatini/Carolina],Mpumalanga,1990,MP301,MP301 - Chief Albert Luthuli,Mpumalanga,vd_code_match
2006,54220036,MP301,MP301 - Albert Luthuli [Elukwatini/Carolina],Mpumalanga,987,MP301,MP301 - Chief Albert Luthuli,Mpumalanga,vd_code_match
2006,54220047,MP301,MP301 - Albert Luthuli [Elukwatini/Carolina],Mpumalanga,1365,MP301,MP301 - Chief Albert Luthuli,Mpumalanga,vd_code_match
2006,54220058,MP301,MP301 - Albert Luthuli [Elukwatini/Carolina],Mpumalanga,1133,MP301,MP301 - Chief Albert Luthuli,Mpumalanga,vd_code_match
2006,54220069,MP301,MP301 - Albert Luthuli [Elukwatini/Carolina],Mpumalanga,2448,MP301,MP301 - Chief Albert Luthuli,Mpumalanga,vd_code_match
2006,54220070,MP301,MP301 - Albert Luthuli [Elukwatini/Carolina],Mpumalanga,759,MP301,MP301 - Chief Albert Luthuli,Mpumalanga,vd_code_match
2006,54220081,MP301,MP301 - Albert Luthuli [Elukwatini/Carolina],Mpumalanga,822,MP301,MP301 - Chief Albert Luthuli,Mpumalanga,vd_code_match
2006,54220092,MP301,MP301 - Albert Luthuli [Elukwatini/Carolina],Mpumalanga,2561,MP301,MP301 - Chief Albert Luthuli,Mpumalanga,vd_code_match
2006,54220104,MP301,MP301 - Albert Luthuli [Elukwatini/Carolina],Mpumalanga,1334,MP301,MP301 - Chief Albert Luthuli,Mpumalanga,vd_code_match
2006,54220115,MP301,MP301 - Albert Luthuli [Elukwatini/Carolina],Mpumalanga,1625,MP301,MP301 - Chief Albert Luthuli,Mpumalanga,vd_code_match
2006,54220126,MP301,MP301 - Albert Luthuli [Elukwatini/Carolina],Mpumalanga,2075,MP301,MP301 - Chief Albert Luthuli,Mpumalanga,vd_code_match
2006,54220137,MP301,MP301 - Albert Luthuli [Elukwatini/Carolina],Mpumalanga,1121,MP301,MP301 - Chief Albert Luthuli,Mpumalanga,vd_code_match
2006,54220148,MP301,MP301 - Albert Luthuli [Elukwatini/Carolina],Mpumalanga,1860,MP301,MP301 - Chief Albert Luthuli,Mpumalanga,vd_code_match
2006,54220159,MP301,MP301 - Albert Luthuli [Elukwatini/Carolina],Mpumalanga,1316,MP301,MP301 - Chief Albert Luthuli,Mpumalanga,vd_code_match
2006,54220160,MP301,MP301 - Albert Luthuli [Elukwatini/Carolina],Mpumalanga,790,MP301,MP301 - Chief Albert Luthuli,Mpumalanga,vd_code_match
2006,54220171,MP301,MP301 - Albert Luthuli [Elukwatini/Carolina],Mpumalanga,604,MP301,MP301 - Chief Albert Luthuli,Mpumalanga,vd_code_match
2006,54220182,MP301,MP301 - Albert Luthuli [Elukwatini/Carolina],Mpumalanga,345,MP301,MP301 - Chief Albert Luthuli,Mpumalanga,vd_code_match
2006,54220205,MP301,MP301 - Albert Luthuli [Elukwatini/Carolina],Mpumalanga,495,MP301,MP301 - Chief Albert Luthuli,Mpumalanga,vd_code_match
2006,54220216,MP301,MP301 - Albert Luthuli [Elukwatini/Carolina],Mpumalanga,664,MP301,MP301 - Chief Albert Luthuli,Mpumalanga,vd_code_match
2006,54220227,MP301,MP301 - Albert Luthuli [Elukwatini/Carolina],Mpumalanga,368,MP301,MP301 - Chief Albert Luthuli,Mpumalanga,vd_code_match
2006,54220238,MP301,MP301 - Albert Luthuli [Elukwatini/Carolina],Mpumalanga,384,MP301,MP301 - Chief Albert Luthuli,Mpumalanga,vd_code_match
2006,54220249,MP301,MP301 - Albert Luthuli [Elukwatini/Carolina],Mpumalanga,1165,MP301,MP301 - Chief Albert Luthuli,Mpumalanga,vd_code_match
2006,54220250,MP301,MP301 - Albert Luthuli [Elukwatini/Carolina],Mpumalanga,322,MP301,MP301 - Chief Albert Luthuli,Mpumalanga,vd_code_match
2006,54220261,MP301,MP301 - Albert Luthuli [Elukwatini/Carolina],Mpumalanga,153,MP301,MP301 - Chief Albert Luthuli,Mpumalanga,vd_code_match
2006,54220272,MP301,MP301 - Albert Luthuli [Elukwatini/Carolina],Mpumalanga,250,MP301,MP301 - Chief Albert Luthuli,Mpumalanga,vd_code_match
2006,54230015,MP302,MP302 - Msukaligwa [Ermelo],Mpumalanga,2843,MP302,MP302 - Msukaligwa,Mpumalanga,vd_code_match
2006,54230026,MP302,MP302 - Msukaligwa [Ermelo],Mpumalanga,2894,MP302,MP302 - Msukaligwa,Mpumalanga,vd_code_match
2006,54230037,MP302,MP302 - Msukaligwa [Ermelo],Mpumalanga,2061,MP302,MP302 - Msukaligwa,Mpumalanga,vd_code_match
2006,54230048,MP302,MP302 - Msukaligwa [Ermelo],Mpumalanga,1457,MP302,MP302 - Msukaligwa,Mpumalanga,vd_code_match
2006,54230059,MP302,MP302 - Msukaligwa [Ermelo],Mpumalanga,2066,MP302,MP302 - Msukaligwa,Mpumalanga,vd_code_match
2006,54230060,MP302,MP302 - Msukaligwa [Ermelo],Mpumalanga,2697,MP302,MP302 - Msukaligwa,Mpumalanga,vd_code_match
2006,54230071,MP302,MP302 - Msukaligwa [Ermelo],Mpumalanga,2370,MP302,MP302 - Msukaligwa,Mpumalanga,vd_code_match
2006,54230082,MP302,MP302 - Msukaligwa [Ermelo],Mpumalanga,2840,MP302,MP302 - Msukaligwa,Mpumalanga,vd_code_match
2006,54230093,MP302,MP302 - Msukaligwa [Ermelo],Mpumalanga,2856,MP302,MP302 - Msukaligwa,Mpumalanga,vd_code_match
2006,54230105,MP302,MP302 - Msukaligwa [Ermelo],Mpumalanga,2510,MP302,MP302 - Msukaligwa,Mpumalanga,vd_code_match
2006,54230116,MP302,MP302 - Msukaligwa [Ermelo],Mpumalanga,1808,MP302,MP302 - Msukaligwa,Mpumalanga,vd_code_match
2006,54230127,MP302,MP302 - Msukaligwa [Ermelo],Mpumalanga,1021,MP302,MP302 - Msukaligwa,Mpumalanga,vd_code_match
2006,54230138,MP302,MP302 - Msukaligwa [Ermelo],Mpumalanga,566,MP302,MP302 - Msukaligwa,Mpumalanga,vd_code_match
2006,54230149,MP302,MP302 - Msukaligwa [Ermelo],Mpumalanga,401,MP302,MP302 - Msukaligwa,Mpumalanga,vd_code_match
2006,54230150,MP302,MP302 - Msukaligwa [Ermelo],Mpumalanga,543,MP302,MP302 - Msukaligwa,Mpumalanga,vd_code_match
2006,54230161,MP302,MP302 - Msukaligwa [Ermelo],Mpumalanga,224,MP302,MP302 - Msukaligwa,Mpumalanga,vd_code_match
2006,54230172,MP302,MP302 - Msukaligwa [Ermelo],Mpumalanga,209,MP302,MP302 - Msukaligwa,Mpumalanga,vd_code_match
2006,54230183,MP302,MP302 - Msukaligwa [Ermelo],Mpumalanga,352,MP302,MP302 - Msukaligwa,Mpumalanga,vd_code_match
2006,54230194,MP302,MP302 - Msukaligwa [Ermelo],Mpumalanga,333,MP302,MP302 - Msukaligwa,Mpumalanga,vd_code_match
2006,54230206,MP302,MP302 - Msukaligwa [Ermelo],Mpumalanga,582,MP302,MP302 - Msukaligwa,Mpumalanga,vd_code_match
2006,54240016,MP306,MP306 - Dipaleseng [Balfour],Mpumalanga,2784,MP306,MP306 - Dipaleseng,Mpumalanga,vd_code_match
2006,54240027,MP306,MP306 - Dipaleseng [Balfour],Mpumalanga,234,MP306,MP306 - Dipaleseng,Mpumalanga,vd_code_match
2006,54250017,MP306,MP306 - Dipaleseng [Balfour],Mpumalanga,1654,MP306,MP306 - Dipaleseng,Mpumalanga,vd_code_match
2006,54260018,MP307,MP307 - Govan Mbeki [Highveld Ridge],Mpumalanga,3215,MP307,MP307 - Govan Mbeki,Mpumalanga,vd_code_match
2006,54260029,MP307,MP307 - Govan Mbeki [Highveld Ridge],Mpumalanga,3413,MP307,MP307 - Govan Mbeki,Mpumalanga,vd_code_match
2006,54260041,MP307,MP307 - Govan Mbeki [Highveld Ridge],Mpumalanga,4235,MP307,MP307 - Govan Mbeki,Mpumalanga,vd_code_match
2006,54260052,MP307,MP307 - Govan Mbeki [Highveld Ridge],Mpumalanga,2577,MP307,MP307 - Govan Mbeki,Mpumalanga,vd_code_match
2006,54260063,MP307,MP307 - Govan Mbeki [Highveld Ridge],Mpumalanga,1990,MP307,MP307 - Govan Mbeki,Mpumalanga,vd_code_match
2006,54260074,MP307,MP307 - Govan Mbeki [Highveld Ridge],Mpumalanga,2808,MP307,MP307 - Govan Mbeki,Mpumalanga,vd_code_match
2006,54260085,MP307,MP307 - Govan Mbeki [Highveld Ridge],Mpumalanga,3655,MP307,MP307 - Govan Mbeki,Mpumalanga,vd_code_match
2006,54260096,MP307,MP307 - Govan Mbeki [Highveld Ridge],Mpumalanga,2349,MP307,MP307 - Govan Mbeki,Mpumalanga,vd_code_match
2006,54260108,MP307,MP307 - Govan Mbeki [Highveld Ridge],Mpumalanga,2219,MP307,MP307 - Govan Mbeki,Mpumalanga,vd_code_match
2006,54260119,MP307,MP307 - Govan Mbeki [Highveld Ridge],Mpumalanga,2729,MP307,MP307 - Govan Mbeki,Mpumalanga,vd_code_match
2006,54260120,MP307,MP307 - Govan Mbeki [Highveld Ridge],Mpumalanga,2421,MP307,MP307 - Govan Mbeki,Mpumalanga,vd_code_match
2006,54260131,MP307,MP307 - Govan Mbeki [Highveld Ridge],Mpumalanga,2857,MP307,MP307 - Govan Mbeki,Mpumalanga,vd_code_match
2006,54260142,MP307,MP307 - Govan Mbeki [Highveld Ridge],Mpumalanga,2303,MP307,MP307 - Govan Mbeki,Mpumalanga,vd_code_match
2006,54260153,MP307,MP307 - Govan Mbeki [Highveld Ridge],Mpumalanga,2936,MP307,MP307 - Govan Mbeki,Mpumalanga,vd_code_match
2006,54260175,MP307,MP307 - Govan Mbeki [Highveld Ridge],Mpumalanga,1851,MP307,MP307 - Govan Mbeki,Mpumalanga,vd_code_match
2006,54260186,MP307,MP307 - Govan Mbeki [Highveld Ridge],Mpumalanga,3583,MP307,MP307 - Govan Mbeki,Mpumalanga,vd_code_match
2006,54260197,MP307,MP307 - Govan Mbeki [Highveld Ridge],Mpumalanga,2924,MP307,MP307 - Govan Mbeki,Mpumalanga,vd_code_match
2006,54260209,MP307,MP307 - Govan Mbeki [Highveld Ridge],Mpumalanga,1121,MP307,MP307 - Govan Mbeki,Mpumalanga,vd_code_match
2006,54260210,MP307,MP307 - Govan Mbeki [Highveld Ridge],Mpumalanga,3388,MP307,MP307 - Govan Mbeki,Mpumalanga,vd_code_match
2006,54260221,MP307,MP307 - Govan Mbeki [Highveld Ridge],Mpumalanga,2952,MP307,MP307 - Govan Mbeki,Mpumalanga,vd_code_match
2006,54260232,MP307,MP307 - Govan Mbeki [Highveld Ridge],Mpumalanga,2490,MP307,MP307 - Govan Mbeki,Mpumalanga,vd_code_match
2006,54260243,MP307,MP307 - Govan Mbeki [Highveld Ridge],Mpumalanga,944,MP307,MP307 - Govan Mbeki,Mpumalanga,vd_code_match
2006,54260254,MP307,MP307 - Govan Mbeki [Highveld Ridge],Mpumalanga,2808,MP307,MP307 - Govan Mbeki,Mpumalanga,vd_code_match
2006,54260265,MP307,MP307 - Govan Mbeki [Highveld Ridge],Mpumalanga,2882,MP307,MP307 - Govan Mbeki,Mpumalanga,vd_code_match
2006,54260276,MP307,MP307 - Govan Mbeki [Highveld Ridge],Mpumalanga,1862,MP307,MP307 - Govan Mbeki,Mpumalanga,municipality_majority
2006,54260287,MP307,MP307 - Govan Mbeki [Highveld Ridge],Mpumalanga,2138,MP307,MP307 - Govan Mbeki,Mpumalanga,vd_code_match
2006,54260298,MP307,MP307 - Govan Mbeki [Highveld Ridge],Mpumalanga,1011,MP307,MP307 - Govan Mbeki,Mpumalanga,vd_code_match
2006,54260300,MP307,MP307 - Govan Mbeki [Highveld Ridge],Mpumalanga,790,MP307,MP307 - Govan Mbeki,Mpumalanga,vd_code_match
2006,54260311,MP307,MP307 - Govan Mbeki [Highveld Ridge],Mpumalanga,220,MP307,MP307 - Govan Mbeki,Mpumalanga,vd_code_match
2006,54260333,MP307,MP307 - Govan Mbeki [Highveld Ridge],Mpumalanga,374,MP307,MP307 - Govan Mbeki,Mpumalanga,vd_code_match
2006,54260344,MP307,MP307 - Govan Mbeki [Highveld Ridge],Mpumalanga,270,MP307,MP307 - Govan Mbeki,Mpumalanga,vd_code_match
2006,54260355,MP307,MP307 - Govan Mbeki [Highveld Ridge],Mpumalanga,120,MP307,MP307 - Govan Mbeki,Mpumalanga,vd_code_match
2006,54260366,MP307,MP307 - Govan Mbeki [Highveld Ridge],Mpumalanga,206,MP307,MP307 - Govan Mbeki,Mpumalanga,vd_code_match
2006,54260377,MP307,MP307 - Govan Mbeki [Highveld Ridge],Mpumalanga,211,MP307,MP307 - Govan Mbeki,Mpumalanga,vd_code_match
2006,54260388,MP307,MP307 - Govan Mbeki [Highveld Ridge],Mpumalanga,215,MP307,MP307 - Govan Mbeki,Mpumalanga,vd_code_match
2006,54260399,MP307,MP307 - Govan Mbeki [Highveld Ridge],Mpumalanga,1079,MP307,MP307 - Govan Mbeki,Mpumalanga,vd_code_match
2006,54260401,MP307,MP307 - Govan Mbeki [Highveld Ridge],Mpumalanga,245,MP307,MP307 - Govan Mbeki,Mpumalanga,vd_code_match
2006,54260412,MP307,MP307 - Govan Mbeki [Highveld Ridge],Mpumalanga,370,MP307,MP307 - Govan Mbeki,Mpumalanga,vd_code_match
2006,54260423,MP307,MP307 - Govan Mbeki [Highveld Ridge],Mpumalanga,260,MP307,MP307 - Govan Mbeki,Mpumalanga,vd_code_match
2006,54260434,MP307,MP307 - Govan Mbeki [Highveld Ridge],Mpumalanga,254,MP307,MP307 - Govan Mbeki,Mpumalanga,vd_code_match
2006,54260445,MP307,MP307 - Govan Mbeki [Highveld Ridge],Mpumalanga,303,MP307,MP307 - Govan Mbeki,Mpumalanga,vd_code_match
2006,54270019,MP312,MP312 - Emalahleni [Witbank],Mpumalanga,3890,MP312,MP312 - Emalahleni,Mpumalanga,vd_code_match
2006,54270020,MP312,MP312 - Emalahleni [Witbank],Mpumalanga,2178,MP312,MP312 - Emalahleni,Mpumalanga,vd_code_match
2006,54270031,MP312,MP312 - Emalahleni [Witbank],Mpumalanga,3445,MP312,MP312 - Emalahleni,Mpumalanga,vd_code_match
2006,54270042,MP312,MP312 - Emalahleni [Witbank],Mpumalanga,239,MP312,MP312 - Emalahleni,Mpumalanga,vd_code_match
2006,54280010,MP307,MP307 - Govan Mbeki [Highveld Ridge],Mpumalanga,2197,MP307,MP307 - Govan Mbeki,Mpumalanga,vd_code_match
2006,54280021,MP307,MP307 - Govan Mbeki [Highveld Ridge],Mpumalanga,2145,MP307,MP307 - Govan Mbeki,Mpumalanga,vd_code_match
2006,54280032,MP307,MP307 - Govan Mbeki [Highveld Ridge],Mpumalanga,2388,MP307,MP307 - Govan Mbeki,Mpumalanga,vd_code_match
2006,54280043,MP307,MP307 - Govan Mbeki [Highveld Ridge],Mpumalanga,3816,MP307,MP307 - Govan Mbeki,Mpumalanga,vd_code_match
2006,54280065,MP307,MP307 - Govan Mbeki [Highveld Ridge],Mpumalanga,1468,MP307,MP307 - Govan Mbeki,Mpumalanga,vd_code_match
2006,54280076,MP307,MP307 - Govan Mbeki [Highveld Ridge],Mpumalanga,950,MP307,MP307 - Govan Mbeki,Mpumalanga,vd_code_match
2006,54280087,MP307,MP307 - Govan Mbeki [Highveld Ridge],Mpumalanga,373,MP307,MP307 - Govan Mbeki,Mpumalanga,vd_code_match
2006,54280098,MP307,MP307 - Govan Mbeki [Highveld Ridge],Mpumalanga,157,MP307,MP307 - Govan Mbeki,Mpumalanga,vd_code_match
2006,54290011,MP302,MP302 - Msukaligwa [Ermelo],Mpumalanga,2659,MP302,MP302 - Msukaligwa,Mpumalanga,vd_code_match
2006,54290022,MP302,MP302 - Msukaligwa [Ermelo],Mpumalanga,803,MP302,MP302 - Msukaligwa,Mpumalanga,vd_code_match
2006,54300013,MP305,MP305 - Lekwa [Standerton],Mpumalanga,2660,MP305,MP305 - Lekwa,Mpumalanga,vd_code_match
2006,54300024,MP305,MP305 - Lekwa [Standerton],Mpumalanga,574,MP305,MP305 - Lekwa,Mpumalanga,vd_code_match
2006,54310014,MP304,MP304 - Pixley Ka Seme [Volksrust],Mpumalanga,2205,MP304,MP304 - Dr Pixley Ka Isaka Seme,Mpumalanga,vd_code_match
2006,54320015,MP303,MP303 - Mkhondo [Piet Retief],Mpumalanga,3046,MP303,MP303 - Mkhondo,Mpumalanga,vd_code_match
2006,54320026,MP303,MP303 - Mkhondo [Piet Retief],Mpumalanga,1885,MP303,MP303 - Mkhondo,Mpumalanga,vd_code_match
2006,54320037,MP303,MP303 - Mkhondo [Piet Retief],Mpumalanga,1780,MP303,MP303 - Mkhondo,Mpumalanga,vd_code_match
2006,54320048,MP303,MP303 - Mkhondo [Piet Retief],Mpumalanga,2423,MP303,MP303 - Mkhondo,Mpumalanga,vd_code_match
2006,54320059,MP303,MP303 - Mkhondo [Piet Retief],Mpumalanga,1718,MP303,MP303 - Mkhondo,Mpumalanga,vd_code_match
2006,54320060,MP303,MP303 - Mkhondo [Piet Retief],Mpumalanga,5701,MP303,MP303 - Mkhondo,Mpumalanga,vd_code_match
2006,54320071,MP303,MP303 - Mkhondo [Piet Retief],Mpumalanga,929,MP303,MP303 - Mkhondo,Mpumalanga,vd_code_match
2006,54320082,MP303,MP303 - Mkhondo [Piet Retief],Mpumalanga,799,MP303,MP303 - Mkhondo,Mpumalanga,vd_code_match
2006,54320093,MP303,MP303 - Mkhondo [Piet Retief],Mpumalanga,787,MP303,MP303 - Mkhondo,Mpumalanga,vd_code_match
2006,54320105,MP303,MP303 - Mkhondo [Piet Retief],Mpumalanga,346,MP303,MP303 - Mkhondo,Mpumalanga,vd_code_match
2006,54320116,MP303,MP303 - Mkhondo [Piet Retief],Mpumalanga,449,MP303,MP303 - Mkhondo,Mpumalanga,vd_code_match
2006,54320127,MP303,MP303 - Mkhondo [Piet Retief],Mpumalanga,675,MP303,MP303 - Mkhondo,Mpumalanga,vd_code_match
2006,54330016,MP305,MP305 - Lekwa [Standerton],Mpumalanga,2877,MP305,MP305 - Lekwa,Mpumalanga,vd_code_match
2006,54330027,MP305,MP305 - Lekwa [Standerton],Mpumalanga,2254,MP305,MP305 - Lekwa,Mpumalanga,vd_code_match
2006,54330038,MP305,MP305 - Lekwa [Standerton],Mpumalanga,2492,MP305,MP305 - Lekwa,Mpumalanga,vd_code_match
2006,54330049,MP305,MP305 - Lekwa [Standerton],Mpumalanga,1702,MP305,MP305 - Lekwa,Mpumalanga,vd_code_match
2006,54330050,MP305,MP305 - Lekwa [Standerton],Mpumalanga,1899,MP305,MP305 - Lekwa,Mpumalanga,vd_code_match
2006,54330061,MP305,MP305 - Lekwa [Standerton],Mpumalanga,2720,MP305,MP305 - Lekwa,Mpumalanga,vd_code_match
2006,54330072,MP305,MP305 - Lekwa [Standerton],Mpumalanga,3236,MP305,MP305 - Lekwa,Mpumalanga,vd_code_match
2006,54330094,MP305,MP305 - Lekwa [Standerton],Mpumalanga,1949,MP305,MP305 - Lekwa,Mpumalanga,vd_code_match
2006,54330106,MP305,MP305 - Lekwa [Standerton],Mpumalanga,2150,MP305,MP305 - Lekwa,Mpumalanga,vd_code_match
2006,54330117,MP305,MP305 - Lekwa [Standerton],Mpumalanga,2660,MP305,MP305 - Lekwa,Mpumalanga,vd_code_match
2006,54330128,MP305,MP305 - Lekwa [Standerton],Mpumalanga,1757,MP305,MP305 - Lekwa,Mpumalanga,vd_code_match
2006,54330139,MP305,MP305 - Lekwa [Standerton],Mpumalanga,3033,MP305,MP305 - Lekwa,Mpumalanga,vd_code_match
2006,54330140,MP305,MP305 - Lekwa [Standerton],Mpumalanga,1350,MP305,MP305 - Lekwa,Mpumalanga,vd_code_match
2006,54330151,MP305,MP305 - Lekwa [Standerton],Mpumalanga,1468,MP305,MP305 - Lekwa,Mpumalanga,vd_code_match
2006,54330162,MP305,MP305 - Lekwa [Standerton],Mpumalanga,788,MP305,MP305 - Lekwa,Mpumalanga,vd_code_match
2006,54340017,MP304,MP304 - Pixley Ka Seme [Volksrust],Mpumalanga,2337,MP304,MP304 - Dr Pixley Ka Isaka Seme,Mpumalanga,vd_code_match
2006,54340028,MP304,MP304 - Pixley Ka Seme [Volksrust],Mpumalanga,3457,MP304,MP304 - Dr Pixley Ka Isaka Seme,Mpumalanga,vd_code_match
2006,54340039,MP304,MP304 - Pixley Ka Seme [Volksrust],Mpumalanga,1451,MP304,MP304 - Dr Pixley Ka Isaka Seme,Mpumalanga,vd_code_match
2006,54340040,MP304,MP304 - Pixley Ka Seme [Volksrust],Mpumalanga,2049,MP304,MP304 - Dr Pixley Ka Isaka Seme,Mpumalanga,vd_code_match
2006,54340051,MP304,MP304 - Pixley Ka Seme [Volksrust],Mpumalanga,1702,MP304,MP304 - Dr Pixley Ka Isaka Seme,Mpumalanga,vd_code_match
2006,54340062,MP304,MP304 - Pixley Ka Seme [Volksrust],Mpumalanga,423,MP304,MP304 - Dr Pixley Ka Isaka Seme,Mpumalanga,vd_code_match
2006,54340073,MP304,MP304 - Pixley Ka Seme [Volksrust],Mpumalanga,468,MP304,MP304 - Dr Pixley Ka Isaka Seme,Mpumalanga,vd_code_match
2006,54350018,MP304,MP304 - Pixley Ka Seme [Volksrust],Mpumalanga,775,MP304,MP304 - Dr Pixley Ka Isaka Seme,Mpumalanga,vd_code_match
2006,54350029,MP304,MP304 - Pixley Ka Seme [Volksrust],Mpumalanga,1201,MP304,MP304 - Dr Pixley Ka Isaka Seme,Mpumalanga,vd_code_match
2006,54350030,MP304,MP304 - Pixley Ka Seme [Volksrust],Mpumalanga,952,MP304,MP304 - Dr Pixley Ka Isaka Seme,Mpumalanga,vd_code_match
2006,54360019,MP304,MP304 - Pixley Ka Seme [Volksrust],Mpumalanga,1484,MP304,MP304 - Dr Pixley Ka Isaka Seme,Mpumalanga,vd_code_match
2006,54360020,MP304,MP304 - Pixley Ka Seme [Volksrust],Mpumalanga,294,MP304,MP304 - Dr Pixley Ka Isaka Seme,Mpumalanga,vd_code_match
2006,54360031,MP304,MP304 - Pixley Ka Seme [Volksrust],Mpumalanga,825,MP304,MP304 - Dr Pixley Ka Isaka Seme,Mpumalanga,vd_code_match
2006,54360042,MP304,MP304 - Pixley Ka Seme [Volksrust],Mpumalanga,208,MP304,MP304 - Dr Pixley Ka Isaka Seme,Mpumalanga,vd_code_match
2006,54360053,MP304,MP304 - Pixley Ka Seme [Volksrust],Mpumalanga,571,MP304,MP304 - Dr Pixley Ka Isaka Seme,Mpumalanga,vd_code_match
2006,54360064,MP304,MP304 - Pixley Ka Seme [Volksrust],Mpumalanga,1250,MP304,MP304 - Dr Pixley Ka Isaka Seme,Mpumalanga,vd_code_match
2006,54360075,MP304,MP304 - Pixley Ka Seme [Volksrust],Mpumalanga,731,MP304,MP304 - Dr Pixley Ka Isaka Seme,Mpumalanga,vd_code_match
2006,54360086,MP304,MP304 - Pixley Ka Seme [Volksrust],Mpumalanga,1128,MP304,MP304 - Dr Pixley Ka Isaka Seme,Mpumalanga,vd_code_match
2006,54360097,MP304,MP304 - Pixley Ka Seme [Volksrust],Mpumalanga,1321,MP304,MP304 - Dr Pixley Ka Isaka Seme,Mpumalanga,vd_code_match
2006,54360109,MP304,MP304 - Pixley Ka Seme [Volksrust],Mpumalanga,372,MP304,MP304 - Dr Pixley Ka Isaka Seme,Mpumalanga,vd_code_match
2006,54360110,MP304,MP304 - Pixley Ka Seme [Volksrust],Mpumalanga,876,MP304,MP304 - Dr Pixley Ka Isaka Seme,Mpumalanga,vd_code_match
2006,54370021,MP306,MP306 - Dipaleseng [Balfour],Mpumalanga,78,MP306,MP306 - Dipaleseng,Mpumalanga,vd_code_match
2006,54370032,MP306,MP306 - Dipaleseng [Balfour],Mpumalanga,916,MP306,MP306 - Dipaleseng,Mpumalanga,vd_code_match
2006,54370054,MP306,MP306 - Dipaleseng [Balfour],Mpumalanga,260,MP306,MP306 - Dipaleseng,Mpumalanga,vd_code_match
2006,54370065,MP306,MP306 - Dipaleseng [Balfour],Mpumalanga,251,MP306,MP306 - Dipaleseng,Mpumalanga,vd_code_match
2006,54370076,MP306,MP306 - Dipaleseng [Balfour],Mpumalanga,216,MP306,MP306 - Dipaleseng,Mpumalanga,vd_code_match
2006,54370087,MP306,MP306 - Dipaleseng [Balfour],Mpumalanga,74,MP306,MP306 - Dipaleseng,Mpumalanga,vd_code_match
2006,54370098,MP306,MP306 - Dipaleseng [Balfour],Mpumalanga,155,MP306,MP306 - Dipaleseng,Mpumalanga,vd_code_match
2006,54380011,MP307,MP307 - Govan Mbeki [Highveld Ridge],Mpumalanga,283,MP307,MP307 - Govan Mbeki,Mpumalanga,vd_code_match
2006,54380022,MP302,MP302 - Msukaligwa [Ermelo],Mpumalanga,405,MP302,MP302 - Msukaligwa,Mpumalanga,vd_code_match
2006,54380033,MP305,MP305 - Lekwa [Standerton],Mpumalanga,446,MP305,MP305 - Lekwa,Mpumalanga,vd_code_match
2006,54380044,MP307,MP307 - Govan Mbeki [Highveld Ridge],Mpumalanga,375,MP307,MP307 - Govan Mbeki,Mpumalanga,vd_code_match
2006,54380055,MP307,MP307 - Govan Mbeki [Highveld Ridge],Mpumalanga,318,MP307,MP307 - Govan Mbeki,Mpumalanga,vd_code_match
2006,54380066,MP307,MP307 - Govan Mbeki [Highveld Ridge],Mpumalanga,201,MP307,MP307 - Govan Mbeki,Mpumalanga,vd_code_match
2006,54380077,MP307,MP307 - Govan Mbeki [Highveld Ridge],Mpumalanga,246,MP307,MP307 - Govan Mbeki,Mpumalanga,vd_code_match
2006,54390012,MP301,MP301 - Albert Luthuli [Elukwatini/Carolina],Mpumalanga,109,MP301,MP301 - Chief Albert Luthuli,Mpumalanga,vd_code_match
2006,54390023,MP301,MP301 - Albert Luthuli [Elukwatini/Carolina],Mpumalanga,326,MP301,MP301 - Chief Albert Luthuli,Mpumalanga,vd_code_match
2006,54390034,MP301,MP301 - Albert Luthuli [Elukwatini/Carolina],Mpumalanga,469,MP301,MP301 - Chief Albert Luthuli,Mpumalanga,vd_code_match
2006,54390045,MP301,MP301 - Albert Luthuli [Elukwatini/Carolina],Mpumalanga,358,MP301,MP301 - Chief Albert Luthuli,Mpumalanga,vd_code_match
2006,54390056,MP301,MP301 - Albert Luthuli [Elukwatini/Carolina],Mpumalanga,183,MP301,MP301 - Chief Albert Luthuli,Mpumalanga,vd_code_match
2006,54400014,MP311,MP311 - Delmas [Delmas],Mpumalanga,539,MP311,MP311 - Victor Khanye,Mpumalanga,vd_code_match
2006,54400036,MP311,MP311 - Delmas [Delmas],Mpumalanga,466,MP311,MP311 - Victor Khanye,Mpumalanga,vd_code_match
2006,54400047,MP311,MP311 - Delmas [Delmas],Mpumalanga,281,MP311,MP311 - Victor Khanye,Mpumalanga,vd_code_match
2006,54400058,MP311,MP311 - Delmas [Delmas],Mpumalanga,332,MP311,MP311 - Victor Khanye,Mpumalanga,vd_code_match
2006,54400069,MP311,MP311 - Delmas [Delmas],Mpumalanga,346,MP311,MP311 - Victor Khanye,Mpumalanga,vd_code_match
2006,54400070,MP311,MP311 - Delmas [Delmas],Mpumalanga,900,MP311,MP311 - Victor Khanye,Mpumalanga,vd_code_match
2006,54400081,MP311,MP311 - Delmas [Delmas],Mpumalanga,274,MP311,MP311 - Victor Khanye,Mpumalanga,vd_code_match
2006,54400092,MP311,MP311 - Delmas [Delmas],Mpumalanga,578,MP311,MP311 - Victor Khanye,Mpumalanga,vd_code_match
2006,54410015,MP301,MP301 - Albert Luthuli [Elukwatini/Carolina],Mpumalanga,297,MP301,MP301 - Chief Albert Luthuli,Mpumalanga,vd_code_match
2006,54410026,MP302,MP302 - Msukaligwa [Ermelo],Mpumalanga,2016,MP302,MP302 - Msukaligwa,Mpumalanga,vd_code_match
2006,54410037,MP302,MP302 - Msukaligwa [Ermelo],Mpumalanga,268,MP302,MP302 - Msukaligwa,Mpumalanga,vd_code_match
2006,54410048,MP302,MP302 - Msukaligwa [Ermelo],Mpumalanga,189,MP302,MP302 - Msukaligwa,Mpumalanga,vd_code_match
2006,54410059,MP305,MP305 - Lekwa [Standerton],Mpumalanga,348,MP305,MP305 - Lekwa,Mpumalanga,vd_code_match
2006,54410060,MP304,MP304 - Pixley Ka Seme [Volksrust],Mpumalanga,185,MP304,MP304 - Dr Pixley Ka Isaka Seme,Mpumalanga,vd_code_match
2006,54410071,MP302,MP302 - Msukaligwa [Ermelo],Mpumalanga,357,MP302,MP302 - Msukaligwa,Mpumalanga,vd_code_match
2006,54410082,MP302,MP302 - Msukaligwa [Ermelo],Mpumalanga,930,MP302,MP302 - Msukaligwa,Mpumalanga,vd_code_match
2006,54410093,MP302,MP302 - Msukaligwa [Ermelo],Mpumalanga,2166,MP302,MP302 - Msukaligwa,Mpumalanga,vd_code_match
2006,54410105,MP302,MP302 - Msukaligwa [Ermelo],Mpumalanga,380,MP302,MP302 - Msukaligwa,Mpumalanga,vd_code_match
2006,54410116,MP302,MP302 - Msukaligwa [Ermelo],Mpumalanga,500,MP302,MP302 - Msukaligwa,Mpumalanga,vd_code_match
2006,54410127,MP302,MP302 - Msukaligwa [Ermelo],Mpumalanga,1966,MP302,MP302 - Msukaligwa,Mpumalanga,vd_code_match
2006,54410138,MP302,MP302 - Msukaligwa [Ermelo],Mpumalanga,488,MP302,MP302 - Msukaligwa,Mpumalanga,vd_code_match
2006,54410149,MP301,MP301 - Albert Luthuli [Elukwatini/Carolina],Mpumalanga,456,MP301,MP301 - Chief Albert Luthuli,Mpumalanga,vd_code_match
2006,54410150,MP302,MP302 - Msukaligwa [Ermelo],Mpumalanga,1424,MP302,MP302 - Msukaligwa,Mpumalanga,vd_code_match
2006,54410161,MP302,MP302 - Msukaligwa [Ermelo],Mpumalanga,678,MP302,MP302 - Msukaligwa,Mpumalanga,vd_code_match
2006,54410172,MP303,MP303 - Mkhondo [Piet Retief],Mpumalanga,1004,MP303,MP303 - Mkhondo,Mpumalanga,vd_code_match
2006,54410183,MP303,MP303 - Mkhondo [Piet Retief],Mpumalanga,529,MP303,MP303 - Mkhondo,Mpumalanga,vd_code_match
2006,54410194,MP302,MP302 - Msukaligwa [Ermelo],Mpumalanga,2015,MP302,MP302 - Msukaligwa,Mpumalanga,vd_code_match
2006,54410206,MP301,MP301 - Albert Luthuli [Elukwatini/Carolina],Mpumalanga,637,MP301,MP301 - Chief Albert Luthuli,Mpumalanga,vd_code_match
2006,54410217,MP302,MP302 - Msukaligwa [Ermelo],Mpumalanga,610,MP302,MP302 - Msukaligwa,Mpumalanga,vd_code_match
2006,54410228,MP301,MP301 - Albert Luthuli [Elukwatini/Carolina],Mpumalanga,170,MP301,MP301 - Chief Albert Luthuli,Mpumalanga,vd_code_match
2006,54410239,MP302,MP302 - Msukaligwa [Ermelo],Mpumalanga,169,MP302,MP302 - Msukaligwa,Mpumalanga,vd_code_match
2006,54410240,MP302,MP302 - Msukaligwa [Ermelo],Mpumalanga,50,MP302,MP302 - Msukaligwa,Mpumalanga,vd_code_match
2006,54410251,MP302,MP302 - Msukaligwa [Ermelo],Mpumalanga,84,MP302,MP302 - Msukaligwa,Mpumalanga,vd_code_match
2006,54410262,MP302,MP302 - Msukaligwa [Ermelo],Mpumalanga,70,MP302,MP302 - Msukaligwa,Mpumalanga,vd_code_match
2006,54410273,MP302,MP302 - Msukaligwa [Ermelo],Mpumalanga,74,MP302,MP302 - Msukaligwa,Mpumalanga,vd_code_match
2006,54420016,MP311,MP311 - Delmas [Delmas],Mpumalanga,319,MP311,MP311 - Victor Khanye,Mpumalanga,vd_code_match
2006,54420038,MP307,MP307 - Govan Mbeki [Highveld Ridge],Mpumalanga,444,MP307,MP307 - Govan Mbeki,Mpumalanga,vd_code_match
2006,54420049,MP307,MP307 - Govan Mbeki [Highveld Ridge],Mpumalanga,112,MP307,MP307 - Govan Mbeki,Mpumalanga,vd_code_match
2006,54420050,MP307,MP307 - Govan Mbeki [Highveld Ridge],Mpumalanga,361,MP307,MP307 - Govan Mbeki,Mpumalanga,vd_code_match
2006,54420072,MP307,MP307 - Govan Mbeki [Highveld Ridge],Mpumalanga,551,MP307,MP307 - Govan Mbeki,Mpumalanga,vd_code_match
2006,54420083,MP307,MP307 - Govan Mbeki [Highveld Ridge],Mpumalanga,329,MP307,MP307 - Govan Mbeki,Mpumalanga,vd_code_match
2006,54420094,MP307,MP307 - Govan Mbeki [Highveld Ridge],Mpumalanga,525,MP307,MP307 - Govan Mbeki,Mpumalanga,municipality_majority
2006,54420106,MP307,MP307 - Govan Mbeki [Highveld Ridge],Mpumalanga,2078,MP307,MP307 - Govan Mbeki,Mpumalanga,vd_code_match
2006,54420128,MP307,MP307 - Govan Mbeki [Highveld Ridge],Mpumalanga,370,MP307,MP307 - Govan Mbeki,Mpumalanga,vd_code_match
2006,54430028,MP312,MP312 - Emalahleni [Witbank],Mpumalanga,1208,MP312,MP312 - Emalahleni,Mpumalanga,vd_code_match
2006,54430039,MP312,MP312 - Emalahleni [Witbank],Mpumalanga,1236,MP312,MP312 - Emalahleni,Mpumalanga,vd_code_match
2006,54430040,MP312,MP312 - Emalahleni [Witbank],Mpumalanga,447,MP312,MP312 - Emalahleni,Mpumalanga,vd_code_match
2006,54430051,MP312,MP312 - Emalahleni [Witbank],Mpumalanga,3281,MP312,MP312 - Emalahleni,Mpumalanga,vd_code_match
2006,54430062,MP312,MP312 - Emalahleni [Witbank],Mpumalanga,252,MP312,MP312 - Emalahleni,Mpumalanga,vd_code_match
2006,54440018,MP303,MP303 - Mkhondo [Piet Retief],Mpumalanga,580,MP303,MP303 - Mkhondo,Mpumalanga,vd_code_match
2006,54440029,MP303,MP303 - Mkhondo [Piet Retief],Mpumalanga,285,MP303,MP303 - Mkhondo,Mpumalanga,vd_code_match
2006,54440030,MP303,MP303 - Mkhondo [Piet Retief],Mpumalanga,1189,MP303,MP303 - Mkhondo,Mpumalanga,vd_code_match
2006,54440041,MP303,MP303 - Mkhondo [Piet Retief],Mpumalanga,1220,MP303,MP303 - Mkhondo,Mpumalanga,vd_code_match
2006,54440052,MP303,MP303 - Mkhondo [Piet Retief],Mpumalanga,312,MP303,MP303 - Mkhondo,Mpumalanga,vd_code_match
2006,54440063,MP303,MP303 - Mkhondo [Piet Retief],Mpumalanga,528,MP303,MP303 - Mkhondo,Mpumalanga,vd_code_match
2006,54440074,MP303,MP303 - Mkhondo [Piet Retief],Mpumalanga,522,MP303,MP303 - Mkhondo,Mpumalanga,vd_code_match
2006,54440085,MP303,MP303 - Mkhondo [Piet Retief],Mpumalanga,1370,MP303,MP303 - Mkhondo,Mpumalanga,vd_code_match
2006,54440096,MP303,MP303 - Mkhondo [Piet Retief],Mpumalanga,1404,MP303,MP303 - Mkhondo,Mpumalanga,vd_code_match
2006,54440119,MP303,MP303 - Mkhondo [Piet Retief],Mpumalanga,838,MP303,MP303 - Mkhondo,Mpumalanga,vd_code_match
2006,54440120,MP303,MP303 - Mkhondo [Piet Retief],Mpumalanga,712,MP303,MP303 - Mkhondo,Mpumalanga,vd_code_match
2006,54440131,MP303,MP303 - Mkhondo [Piet Retief],Mpumalanga,1344,MP303,MP303 - Mkhondo,Mpumalanga,vd_code_match
2006,54440142,MP303,MP303 - Mkhondo [Piet Retief],Mpumalanga,1814,MP303,MP303 - Mkhondo,Mpumalanga,vd_code_match
2006,54440153,MP303,MP303 - Mkhondo [Piet Retief],Mpumalanga,1312,MP303,MP303 - Mkhondo,Mpumalanga,vd_code_match
2006,54440164,MP303,MP303 - Mkhondo [Piet Retief],Mpumalanga,614,MP303,MP303 - Mkhondo,Mpumalanga,vd_code_match
2006,54440175,MP303,MP303 - Mkhondo [Piet Retief],Mpumalanga,687,MP303,MP303 - Mkhondo,Mpumalanga,vd_code_match
2006,54440186,MP303,MP303 - Mkhondo [Piet Retief],Mpumalanga,724,MP303,MP303 - Mkhondo,Mpumalanga,vd_code_match
2006,54440197,MP303,MP303 - Mkhondo [Piet Retief],Mpumalanga,684,MP303,MP303 - Mkhondo,Mpumalanga,vd_code_match
2006,54440209,MP303,MP303 - Mkhondo [Piet Retief],Mpumalanga,1093,MP303,MP303 - Mkhondo,Mpumalanga,vd_code_match
2006,54440210,MP303,MP303 - Mkhondo [Piet Retief],Mpumalanga,104,MP303,MP303 - Mkhondo,Mpumalanga,vd_code_match
2006,54440221,MP303,MP303 - Mkhondo [Piet Retief],Mpumalanga,256,MP303,MP303 - Mkhondo,Mpumalanga,vd_code_match
2006,54440232,MP303,MP303 - Mkhondo [Piet Retief],Mpumalanga,283,MP303,MP303 - Mkhondo,Mpumalanga,vd_code_match
2006,54440243,MP303,MP303 - Mkhondo [Piet Retief],Mpumalanga,266,MP303,MP303 - Mkhondo,Mpumalanga,vd_code_match
2006,54440254,MP303,MP303 - Mkhondo [Piet Retief],Mpumalanga,151,MP303,MP303 - Mkhondo,Mpumalanga,vd_code_match
2006,54440276,MP303,MP303 - Mkhondo [Piet Retief],Mpumalanga,417,MP303,MP303 - Mkhondo,Mpumalanga,vd_code_match
2006,54440287,MP303,MP303 - Mkhondo [Piet Retief],Mpumalanga,226,MP303,MP303 - Mkhondo,Mpumalanga,vd_code_match
2006,54440298,MP303,MP303 - Mkhondo [Piet Retief],Mpumalanga,558,MP303,MP303 - Mkhondo,Mpumalanga,vd_code_match
2006,54440300,MP303,MP303 - Mkhondo [Piet Retief],Mpumalanga,414,MP303,MP303 - Mkhondo,Mpumalanga,vd_code_match
2006,54440311,MP303,MP303 - Mkhondo [Piet Retief],Mpumalanga,484,MP303,MP303 - Mkhondo,Mpumalanga,vd_code_match
2006,54440322,MP303,MP303 - Mkhondo [Piet Retief],Mpumalanga,793,MP303,MP303 - Mkhondo,Mpumalanga,vd_code_match
2006,54440333,MP303,MP303 - Mkhondo [Piet Retief],Mpumalanga,600,MP303,MP303 - Mkhondo,Mpumalanga,vd_code_match
2006,54440344,MP303,MP303 - Mkhondo [Piet Retief],Mpumalanga,167,MP303,MP303 - Mkhondo,Mpumalanga,vd_code_match
2006,54450019,MP305,MP305 - Lekwa [Standerton],Mpumalanga,1559,MP305,MP305 - Lekwa,Mpumalanga,vd_code_match
2006,54450020,MP305,MP305 - Lekwa [Standerton],Mpumalanga,513,MP305,MP305 - Lekwa,Mpumalanga,vd_code_match
2006,54450031,MP305,MP305 - Lekwa [Standerton],Mpumalanga,482,MP305,MP305 - Lekwa,Mpumalanga,vd_code_match
2006,54450042,MP306,MP306 - Dipaleseng [Balfour],Mpumalanga,714,MP306,MP306 - Dipaleseng,Mpumalanga,vd_code_match
2006,54450053,MP305,MP305 - Lekwa [Standerton],Mpumalanga,447,MP305,MP305 - Lekwa,Mpumalanga,vd_code_match
2006,54450064,MP305,MP305 - Lekwa [Standerton],Mpumalanga,1467,MP305,MP305 - Lekwa,Mpumalanga,vd_code_match
2006,54450075,MP305,MP305 - Lekwa [Standerton],Mpumalanga,1763,MP305,MP305 - Lekwa,Mpumalanga,vd_code_match
2006,54450086,MP305,MP305 - Lekwa [Standerton],Mpumalanga,620,MP305,MP305 - Lekwa,Mpumalanga,vd_code_match
2006,54450097,MP307,MP307 - Govan Mbeki [Highveld Ridge],Mpumalanga,792,MP307,MP307 - Govan Mbeki,Mpumalanga,vd_code_match
2006,54450143,MP305,MP305 - Lekwa [Standerton],Mpumalanga,374,MP305,MP305 - Lekwa,Mpumalanga,vd_code_match
2006,54450154,MP305,MP305 - Lekwa [Standerton],Mpumalanga,411,MP305,MP305 - Lekwa,Mpumalanga,vd_code_match
2006,54450165,MP305,MP305 - Lekwa [Standerton],Mpumalanga,285,MP305,MP305 - Lekwa,Mpumalanga,vd_code_match
2006,54450176,MP305,MP305 - Lekwa [Standerton],Mpumalanga,321,MP305,MP305 - Lekwa,Mpumalanga,vd_code_match
2006,54450187,MP305,MP305 - Lekwa [Standerton],Mpumalanga,1661,MP305,MP305 - Lekwa,Mpumalanga,vd_code_match
2006,54450198,MP305,MP305 - Lekwa [Standerton],Mpumalanga,70,MP305,MP305 - Lekwa,Mpumalanga,vd_code_match
2006,54460010,MP304,MP304 - Pixley Ka Seme [Volksrust],Mpumalanga,313,MP304,MP304 - Dr Pixley Ka Isaka Seme,Mpumalanga,vd_code_match
2006,54460021,MP304,MP304 - Pixley Ka Seme [Volksrust],Mpumalanga,271,MP304,MP304 - Dr Pixley Ka Isaka Seme,Mpumalanga,vd_code_match
2006,54460032,MP304,MP304 - Pixley Ka Seme [Volksrust],Mpumalanga,250,MP304,MP304 - Dr Pixley Ka Isaka Seme,Mpumalanga,vd_code_match
2006,54460043,MP304,MP304 - Pixley Ka Seme [Volksrust],Mpumalanga,306,MP304,MP304 - Dr Pixley Ka Isaka Seme,Mpumalanga,vd_code_match
2006,54460076,MP304,MP304 - Pixley Ka Seme [Volksrust],Mpumalanga,199,MP304,MP304 - Dr Pixley Ka Isaka Seme,Mpumalanga,vd_code_match
2006,54460087,MP304,MP304 - Pixley Ka Seme [Volksrust],Mpumalanga,210,MP304,MP304 - Dr Pixley Ka Isaka Seme,Mpumalanga,vd_code_match
2006,54470011,MP304,MP304 - Pixley Ka Seme [Volksrust],Mpumalanga,311,MP304,MP304 - Dr Pixley Ka Isaka Seme,Mpumalanga,vd_code_match
2006,54470044,MP303,MP303 - Mkhondo [Piet Retief],Mpumalanga,368,MP303,MP303 - Mkhondo,Mpumalanga,vd_code_match
2006,54470055,MP304,MP304 - Pixley Ka Seme [Volksrust],Mpumalanga,219,MP304,MP304 - Dr Pixley Ka Isaka Seme,Mpumalanga,vd_code_match
2006,54470077,MP303,MP303 - Mkhondo [Piet Retief],Mpumalanga,567,MP303,MP303 - Mkhondo,Mpumalanga,vd_code_match
2006,54470088,MP303,MP303 - Mkhondo [Piet Retief],Mpumalanga,2314,MP303,MP303 - Mkhondo,Mpumalanga,vd_code_match
2006,54470099,MP303,MP303 - Mkhondo [Piet Retief],Mpumalanga,1377,MP303,MP303 - Mkhondo,Mpumalanga,vd_code_match
2006,54470112,MP303,MP303 - Mkhondo [Piet Retief],Mpumalanga,2732,MP303,MP303 - Mkhondo,Mpumalanga,vd_code_match
2006,54470134,MP304,MP304 - Pixley Ka Seme [Volksrust],Mpumalanga,256,MP304,MP304 - Dr Pixley Ka Isaka Seme,Mpumalanga,vd_code_match
2006,54470145,MP304,MP304 - Pixley Ka Seme [Volksrust],Mpumalanga,149,MP304,MP304 - Dr Pixley Ka Isaka Seme,Mpumalanga,vd_code_match
2006,54470156,MP303,MP303 - Mkhondo [Piet Retief],Mpumalanga,568,MP303,MP303 - Mkhondo,Mpumalanga,vd_code_match
2006,54470167,MP303,MP303 - Mkhondo [Piet Retief],Mpumalanga,326,MP303,MP303 - Mkhondo,Mpumalanga,vd_code_match
2006,54470178,MP303,MP303 - Mkhondo [Piet Retief],Mpumalanga,257,MP303,MP303 - Mkhondo,Mpumalanga,vd_code_match
2006,54470189,MP303,MP303 - Mkhondo [Piet Retief],Mpumalanga,320,MP303,MP303 - Mkhondo,Mpumalanga,vd_code_match
2006,54470190,MP303,MP303 - Mkhondo [Piet Retief],Mpumalanga,298,MP303,MP303 - Mkhondo,Mpumalanga,vd_code_match
2006,54490013,MP314,MP314 - Highlands [Belfast],Mpumalanga,2450,MP314,MP314 - Emakhazeni,Mpumalanga,vd_code_match
2006,54490024,MP314,MP314 - Highlands [Belfast],Mpumalanga,2379,MP314,MP314 - Emakhazeni,Mpumalanga,vd_code_match
2006,54490035,MP314,MP314 - Highlands [Belfast],Mpumalanga,1863,MP314,MP314 - Emakhazeni,Mpumalanga,vd_code_match
2006,54490046,MP314,MP314 - Highlands [Belfast],Mpumalanga,623,MP314,MP314 - Emakhazeni,Mpumalanga,vd_code_match
2006,54500015,MP314,MP314 - Highlands [Belfast],Mpumalanga,1994,MP314,MP314 - Emakhazeni,Mpumalanga,vd_code_match
2006,54530018,MP313,MP313 - Steve Tshwete [Middelburg],Mpumalanga,2518,MP313,MP313 - Steve Tshwete,Mpumalanga,vd_code_match
2006,54530029,MP313,MP313 - Steve Tshwete [Middelburg],Mpumalanga,2383,MP313,MP313 - Steve Tshwete,Mpumalanga,vd_code_match
2006,54530030,MP313,MP313 - Steve Tshwete [Middelburg],Mpumalanga,3651,MP313,MP313 - Steve Tshwete,Mpumalanga,vd_code_match
2006,54530041,MP313,MP313 - Steve Tshwete [Middelburg],Mpumalanga,496,MP313,MP313 - Steve Tshwete,Mpumalanga,vd_code_match
2006,54540019,MP315,MP315 - Thembisile [KwaMhlanga],Mpumalanga,1154,MP315,MP315 - Thembisile Hani,Mpumalanga,vd_code_match
2006,54540020,MP315,MP315 - Thembisile [KwaMhlanga],Mpumalanga,3399,MP315,MP315 - Thembisile Hani,Mpumalanga,vd_code_match
2006,54540042,MP315,MP315 - Thembisile [KwaMhlanga],Mpumalanga,1651,MP315,MP315 - Thembisile Hani,Mpumalanga,vd_code_match
2006,54540053,MP315,MP315 - Thembisile [KwaMhlanga],Mpumalanga,1249,MP315,MP315 - Thembisile Hani,Mpumalanga,vd_code_match
2006,54540064,MP315,MP315 - Thembisile [KwaMhlanga],Mpumalanga,2220,MP315,MP315 - Thembisile Hani,Mpumalanga,vd_code_match
2006,54540075,MP315,MP315 - Thembisile [KwaMhlanga],Mpumalanga,3139,MP315,MP315 - Thembisile Hani,Mpumalanga,vd_code_match
2006,54540086,MP315,MP315 - Thembisile [KwaMhlanga],Mpumalanga,1685,MP315,MP315 - Thembisile Hani,Mpumalanga,vd_code_match
2006,54540097,MP315,MP315 - Thembisile [KwaMhlanga],Mpumalanga,3313,MP315,MP315 - Thembisile Hani,Mpumalanga,vd_code_match
2006,54540109,MP315,MP315 - Thembisile [KwaMhlanga],Mpumalanga,1110,MP315,MP315 - Thembisile Hani,Mpumalanga,vd_code_match
2006,54540110,MP315,MP315 - Thembisile [KwaMhlanga],Mpumalanga,1260,MP315,MP315 - Thembisile Hani,Mpumalanga,vd_code_match
2006,54540121,MP315,MP315 - Thembisile [KwaMhlanga],Mpumalanga,2789,MP315,MP315 - Thembisile Hani,Mpumalanga,vd_code_match
2006,54540132,MP315,MP315 - Thembisile [KwaMhlanga],Mpumalanga,2873,MP315,MP315 - Thembisile Hani,Mpumalanga,vd_code_match
2006,54540143,MP315,MP315 - Thembisile [KwaMhlanga],Mpumalanga,1814,MP315,MP315 - Thembisile Hani,Mpumalanga,vd_code_match
2006,54540154,MP315,MP315 - Thembisile [KwaMhlanga],Mpumalanga,2445,MP315,MP315 - Thembisile Hani,Mpumalanga,vd_code_match
2006,54540165,MP315,MP315 - Thembisile [KwaMhlanga],Mpumalanga,1923,MP315,MP315 - Thembisile Hani,Mpumalanga,vd_code_match
2006,54540176,MP315,MP315 - Thembisile [KwaMhlanga],Mpumalanga,670,MP315,MP315 - Thembisile Hani,Mpumalanga,vd_code_match
2006,54540187,MP315,MP315 - Thembisile [KwaMhlanga],Mpumalanga,1287,MP315,MP315 - Thembisile Hani,Mpumalanga,vd_code_match
2006,54540198,MP315,MP315 - Thembisile [KwaMhlanga],Mpumalanga,1880,MP315,MP315 - Thembisile Hani,Mpumalanga,vd_code_match
2006,54540200,MP315,MP315 - Thembisile [KwaMhlanga],Mpumalanga,3382,MP315,MP315 - Thembisile Hani,Mpumalanga,vd_code_match
2006,54540211,MP315,MP315 - Thembisile [KwaMhlanga],Mpumalanga,1769,MP315,MP315 - Thembisile Hani,Mpumalanga,vd_code_match
2006,54540222,MP315,MP315 - Thembisile [KwaMhlanga],Mpumalanga,1767,MP315,MP315 - Thembisile Hani,Mpumalanga,vd_code_match
2006,54540233,MP315,MP315 - Thembisile [KwaMhlanga],Mpumalanga,2305,MP315,MP315 - Thembisile Hani,Mpumalanga,vd_code_match
2006,54540299,MP315,MP315 - Thembisile [KwaMhlanga],Mpumalanga,2545,MP315,MP315 - Thembisile Hani,Mpumalanga,vd_code_match
2006,54540301,MP315,MP315 - Thembisile [KwaMhlanga],Mpumalanga,1991,MP315,MP315 - Thembisile Hani,Mpumalanga,vd_code_match
2006,54540312,MP315,MP315 - Thembisile [KwaMhlanga],Mpumalanga,575,MP315,MP315 - Thembisile Hani,Mpumalanga,vd_code_match
2006,54540334,MP315,MP315 - Thembisile [KwaMhlanga],Mpumalanga,1858,MP315,MP315 - Thembisile Hani,Mpumalanga,vd_code_match
2006,54540356,MP315,MP315 - Thembisile [KwaMhlanga],Mpumalanga,1099,MP315,MP315 - Thembisile Hani,Mpumalanga,vd_code_match
2006,54540367,MP315,MP315 - Thembisile [KwaMhlanga],Mpumalanga,610,MP315,MP315 - Thembisile Hani,Mpumalanga,vd_code_match
2006,54540378,MP315,MP315 - Thembisile [KwaMhlanga],Mpumalanga,105,MP315,MP315 - Thembisile Hani,Mpumalanga,vd_code_match
2006,54540389,MP315,MP315 - Thembisile [KwaMhlanga],Mpumalanga,1878,MP315,MP315 - Thembisile Hani,Mpumalanga,vd_code_match
2006,54540390,MP315,MP315 - Thembisile [KwaMhlanga],Mpumalanga,2085,MP315,MP315 - Thembisile Hani,Mpumalanga,vd_code_match
2006,54540402,MP315,MP315 - Thembisile [KwaMhlanga],Mpumalanga,1205,MP315,MP315 - Thembisile Hani,Mpumalanga,vd_code_match
2006,54540413,MP315,MP315 - Thembisile [KwaMhlanga],Mpumalanga,241,MP315,MP315 - Thembisile Hani,Mpumalanga,vd_code_match
2006,54540424,MP315,MP315 - Thembisile [KwaMhlanga],Mpumalanga,509,MP315,MP315 - Thembisile Hani,Mpumalanga,vd_code_match
2006,54540435,MP315,MP315 - Thembisile [KwaMhlanga],Mpumalanga,794,MP315,MP315 - Thembisile Hani,Mpumalanga,vd_code_match
2006,54540446,MP315,MP315 - Thembisile [KwaMhlanga],Mpumalanga,563,MP315,MP315 - Thembisile Hani,Mpumalanga,vd_code_match
2006,54540457,MP315,MP315 - Thembisile [KwaMhlanga],Mpumalanga,368,MP315,MP315 - Thembisile Hani,Mpumalanga,vd_code_match
2006,54540468,MP315,MP315 - Thembisile [KwaMhlanga],Mpumalanga,260,MP315,MP315 - Thembisile Hani,Mpumalanga,vd_code_match
2006,54540479,MP315,MP315 - Thembisile [KwaMhlanga],Mpumalanga,442,MP315,MP315 - Thembisile Hani,Mpumalanga,vd_code_match
2006,54540480,MP315,MP315 - Thembisile [KwaMhlanga],Mpumalanga,235,MP315,MP315 - Thembisile Hani,Mpumalanga,municipality_majority
2006,54540491,MP315,MP315 - Thembisile [KwaMhlanga],Mpumalanga,260,MP315,MP315 - Thembisile Hani,Mpumalanga,vd_code_match
2006,54540503,MP315,MP315 - Thembisile [KwaMhlanga],Mpumalanga,19,MP315,MP315 - Thembisile Hani,Mpumalanga,vd_code_match
2006,54540514,MP315,MP315 - Thembisile [KwaMhlanga],Mpumalanga,140,MP315,MP315 - Thembisile Hani,Mpumalanga,vd_code_match
2006,54540525,MP315,MP315 - Thembisile [KwaMhlanga],Mpumalanga,93,MP315,MP315 - Thembisile Hani,Mpumalanga,municipality_majority
2006,54540536,MP315,MP315 - Thembisile [KwaMhlanga],Mpumalanga,61,MP315,MP315 - Thembisile Hani,Mpumalanga,vd_code_match
2006,54550010,MP314,MP314 - Highlands [Belfast],Mpumalanga,1676,MP314,MP314 - Emakhazeni,Mpumalanga,vd_code_match
2006,54550021,MP314,MP314 - Highlands [Belfast],Mpumalanga,1141,MP314,MP314 - Emakhazeni,Mpumalanga,vd_code_match
2006,54570012,MP316,MP316 - Dr JS Moroka [Mdutjana],Mpumalanga,2193,MP316,MP316 - Dr JS Moroka,Mpumalanga,vd_code_match
2006,54570034,MP316,MP316 - Dr JS Moroka [Mdutjana],Mpumalanga,1627,MP316,MP316 - Dr JS Moroka,Mpumalanga,vd_code_match
2006,54570045,MP316,MP316 - Dr JS Moroka [Mdutjana],Mpumalanga,1142,MP316,MP316 - Dr JS Moroka,Mpumalanga,vd_code_match
2006,54570056,MP316,MP316 - Dr JS Moroka [Mdutjana],Mpumalanga,656,MP316,MP316 - Dr JS Moroka,Mpumalanga,vd_code_match
2006,54570067,MP316,MP316 - Dr JS Moroka [Mdutjana],Mpumalanga,1806,MP316,MP316 - Dr JS Moroka,Mpumalanga,vd_code_match
2006,54570089,MP316,MP316 - Dr JS Moroka [Mdutjana],Mpumalanga,1127,MP316,MP316 - Dr JS Moroka,Mpumalanga,vd_code_match
2006,54570090,MP316,MP316 - Dr JS Moroka [Mdutjana],Mpumalanga,1071,MP316,MP316 - Dr JS Moroka,Mpumalanga,vd_code_match
2006,54570102,MP316,MP316 - Dr JS Moroka [Mdutjana],Mpumalanga,775,MP316,MP316 - Dr JS Moroka,Mpumalanga,vd_code_match
2006,54570113,MP316,MP316 - Dr JS Moroka [Mdutjana],Mpumalanga,1089,MP316,MP316 - Dr JS Moroka,Mpumalanga,vd_code_match
2006,54570124,MP316,MP316 - Dr JS Moroka [Mdutjana],Mpumalanga,1162,MP316,MP316 - Dr JS Moroka,Mpumalanga,vd_code_match
2006,54570135,MP316,MP316 - Dr JS Moroka [Mdutjana],Mpumalanga,1771,MP316,MP316 - Dr JS Moroka,Mpumalanga,vd_code_match
2006,54570146,MP316,MP316 - Dr JS Moroka [Mdutjana],Mpumalanga,1161,MP316,MP316 - Dr JS Moroka,Mpumalanga,vd_code_match
2006,54570168,MP316,MP316 - Dr JS Moroka [Mdutjana],Mpumalanga,520,MP316,MP316 - Dr JS Moroka,Mpumalanga,vd_code_match
2006,54570179,MP316,MP316 - Dr JS Moroka [Mdutjana],Mpumalanga,2067,MP316,MP316 - Dr JS Moroka,Mpumalanga,vd_code_match
2006,54570180,MP316,MP316 - Dr JS Moroka [Mdutjana],Mpumalanga,829,MP316,MP316 - Dr JS Moroka,Mpumalanga,vd_code_match
2006,54570191,MP316,MP316 - Dr JS Moroka [Mdutjana],Mpumalanga,1113,MP316,MP316 - Dr JS Moroka,Mpumalanga,vd_code_match
2006,54570203,MP316,MP316 - Dr JS Moroka [Mdutjana],Mpumalanga,654,MP316,MP316 - Dr JS Moroka,Mpumalanga,vd_code_match
2006,54570214,MP316,MP316 - Dr JS Moroka [Mdutjana],Mpumalanga,879,MP316,MP316 - Dr JS Moroka,Mpumalanga,vd_code_match
2006,54570225,MP316,MP316 - Dr JS Moroka [Mdutjana],Mpumalanga,1195,MP316,MP316 - Dr JS Moroka,Mpumalanga,vd_code_match
2006,54570236,MP316,MP316 - Dr JS Moroka [Mdutjana],Mpumalanga,1125,MP316,MP316 - Dr JS Moroka,Mpumalanga,vd_code_match
2006,54570247,MP316,MP316 - Dr JS Moroka [Mdutjana],Mpumalanga,1554,MP316,MP316 - Dr JS Moroka,Mpumalanga,vd_code_match
2006,54570258,MP316,MP316 - Dr JS Moroka [Mdutjana],Mpumalanga,1266,MP316,MP316 - Dr JS Moroka,Mpumalanga,vd_code_match
2006,54570269,MP316,MP316 - Dr JS Moroka [Mdutjana],Mpumalanga,986,MP316,MP316 - Dr JS Moroka,Mpumalanga,vd_code_match
2006,54570270,MP316,MP316 - Dr JS Moroka [Mdutjana],Mpumalanga,894,MP316,MP316 - Dr JS Moroka,Mpumalanga,vd_code_match
2006,54570281,MP316,MP316 - Dr JS Moroka [Mdutjana],Mpumalanga,883,MP316,MP316 - Dr JS Moroka,Mpumalanga,vd_code_match
2006,54570292,MP316,MP316 - Dr JS Moroka [Mdutjana],Mpumalanga,773,MP316,MP316 - Dr JS Moroka,Mpumalanga,vd_code_match
2006,54570304,MP316,MP316 - Dr JS Moroka [Mdutjana],Mpumalanga,630,MP316,MP316 - Dr JS Moroka,Mpumalanga,vd_code_match
2006,54570315,MP316,MP316 - Dr JS Moroka [Mdutjana],Mpumalanga,724,MP316,MP316 - Dr JS Moroka,Mpumalanga,vd_code_match
2006,54570326,MP316,MP316 - Dr JS Moroka [Mdutjana],Mpumalanga,1627,MP316,MP316 - Dr JS Moroka,Mpumalanga,vd_code_match
2006,54570337,MP316,MP316 - Dr JS Moroka [Mdutjana],Mpumalanga,248,MP316,MP316 - Dr JS Moroka,Mpumalanga,vd_code_match
2006,54570348,MP316,MP316 - Dr JS Moroka [Mdutjana],Mpumalanga,258,MP316,MP316 - Dr JS Moroka,Mpumalanga,vd_code_match
2006,54580013,MP316,MP316 - Dr JS Moroka [Mdutjana],Mpumalanga,1328,MP316,MP316 - Dr JS Moroka,Mpumalanga,vd_code_match
2006,54580035,MP316,MP316 - Dr JS Moroka [Mdutjana],Mpumalanga,2347,MP316,MP316 - Dr JS Moroka,Mpumalanga,vd_code_match
2006,54580046,MP316,MP316 - Dr JS Moroka [Mdutjana],Mpumalanga,1822,MP316,MP316 - Dr JS Moroka,Mpumalanga,vd_code_match
2006,54580057,MP316,MP316 - Dr JS Moroka [Mdutjana],Mpumalanga,1610,MP316,MP316 - Dr JS Moroka,Mpumalanga,vd_code_match
2006,54580068,MP316,MP316 - Dr JS Moroka [Mdutjana],Mpumalanga,1670,MP316,MP316 - Dr JS Moroka,Mpumalanga,vd_code_match
2006,54580079,MP316,MP316 - Dr JS Moroka [Mdutjana],Mpumalanga,2468,MP316,MP316 - Dr JS Moroka,Mpumalanga,vd_code_match
2006,54580080,MP316,MP316 - Dr JS Moroka [Mdutjana],Mpumalanga,1488,MP316,MP316 - Dr JS Moroka,Mpumalanga,vd_code_match
2006,54580091,MP316,MP316 - Dr JS Moroka [Mdutjana],Mpumalanga,1574,MP316,MP316 - Dr JS Moroka,Mpumalanga,vd_code_match
2006,54580103,MP316,MP316 - Dr JS Moroka [Mdutjana],Mpumalanga,750,MP316,MP316 - Dr JS Moroka,Mpumalanga,vd_code_match
2006,54580114,MP316,MP316 - Dr JS Moroka [Mdutjana],Mpumalanga,426,MP316,MP316 - Dr JS Moroka,Mpumalanga,vd_code_match
2006,54580125,MP316,MP316 - Dr JS Moroka [Mdutjana],Mpumalanga,1110,MP316,MP316 - Dr JS Moroka,Mpumalanga,vd_code_match
2006,54580136,MP316,MP316 - Dr JS Moroka [Mdutjana],Mpumalanga,1268,MP316,MP316 - Dr JS Moroka,Mpumalanga,vd_code_match
2006,54580158,MP316,MP316 - Dr JS Moroka [Mdutjana],Mpumalanga,1232,MP316,MP316 - Dr JS Moroka,Mpumalanga,vd_code_match
2006,54580169,MP316,MP316 - Dr JS Moroka [Mdutjana],Mpumalanga,1128,MP316,MP316 - Dr JS Moroka,Mpumalanga,vd_code_match
2006,54580181,MP315,MP315 - Thembisile [KwaMhlanga],Mpumalanga,321,MP315,MP315 - Thembisile Hani,Mpumalanga,vd_code_match
2006,54580192,MP316,MP316 - Dr JS Moroka [Mdutjana],Mpumalanga,1566,MP316,MP316 - Dr JS Moroka,Mpumalanga,vd_code_match
2006,54580204,MP316,MP316 - Dr JS Moroka [Mdutjana],Mpumalanga,857,MP316,MP316 - Dr JS Moroka,Mpumalanga,vd_code_match
2006,54580215,MP316,MP316 - Dr JS Moroka [Mdutjana],Mpumalanga,777,MP316,MP316 - Dr JS Moroka,Mpumalanga,vd_code_match
2006,54580226,MP316,MP316 - Dr JS Moroka [Mdutjana],Mpumalanga,12,MP316,MP316 - Dr JS Moroka,Mpumalanga,vd_code_match
2006,54580237,MP316,MP316 - Dr JS Moroka [Mdutjana],Mpumalanga,829,MP316,MP316 - Dr JS Moroka,Mpumalanga,vd_code_match
2006,54580248,MP316,MP316 - Dr JS Moroka [Mdutjana],Mpumalanga,443,MP316,MP316 - Dr JS Moroka,Mpumalanga,vd_code_match
2006,54580259,MP316,MP316 - Dr JS Moroka [Mdutjana],Mpumalanga,375,MP316,MP316 - Dr JS Moroka,Mpumalanga,vd_code_match
2006,54580260,MP316,MP316 - Dr JS Moroka [Mdutjana],Mpumalanga,605,MP316,MP316 - Dr JS Moroka,Mpumalanga,vd_code_match
2006,54590014,MP316,MP316 - Dr JS Moroka [Mdutjana],Mpumalanga,1786,MP316,MP316 - Dr JS Moroka,Mpumalanga,vd_code_match
2006,54590025,MP316,MP316 - Dr JS Moroka [Mdutjana],Mpumalanga,1765,MP316,MP316 - Dr JS Moroka,Mpumalanga,vd_code_match
2006,54590036,MP316,MP316 - Dr JS Moroka [Mdutjana],Mpumalanga,1575,MP316,MP316 - Dr JS Moroka,Mpumalanga,vd_code_match
2006,54590047,MP316,MP316 - Dr JS Moroka [Mdutjana],Mpumalanga,1141,MP316,MP316 - Dr JS Moroka,Mpumalanga,vd_code_match
2006,54590058,MP316,MP316 - Dr JS Moroka [Mdutjana],Mpumalanga,2503,MP316,MP316 - Dr JS Moroka,Mpumalanga,vd_code_match
2006,54590069,MP316,MP316 - Dr JS Moroka [Mdutjana],Mpumalanga,1372,MP316,MP316 - Dr JS Moroka,Mpumalanga,vd_code_match
2006,54590070,MP316,MP316 - Dr JS Moroka [Mdutjana],Mpumalanga,1507,MP316,MP316 - Dr JS Moroka,Mpumalanga,vd_code_match
2006,54590081,MP316,MP316 - Dr JS Moroka [Mdutjana],Mpumalanga,1634,MP316,MP316 - Dr JS Moroka,Mpumalanga,vd_code_match
2006,54590092,MP316,MP316 - Dr JS Moroka [Mdutjana],Mpumalanga,3216,MP316,MP316 - Dr JS Moroka,Mpumalanga,vd_code_match
2006,54590104,MP316,MP316 - Dr JS Moroka [Mdutjana],Mpumalanga,1305,MP316,MP316 - Dr JS Moroka,Mpumalanga,vd_code_match
2006,54590115,MP316,MP316 - Dr JS Moroka [Mdutjana],Mpumalanga,2148,MP316,MP316 - Dr JS Moroka,Mpumalanga,vd_code_match
2006,54590126,MP316,MP316 - Dr JS Moroka [Mdutjana],Mpumalanga,1180,MP316,MP316 - Dr JS Moroka,Mpumalanga,vd_code_match
2006,54590137,MP316,MP316 - Dr JS Moroka [Mdutjana],Mpumalanga,1327,MP316,MP316 - Dr JS Moroka,Mpumalanga,vd_code_match
2006,54590148,MP316,MP316 - Dr JS Moroka [Mdutjana],Mpumalanga,1700,MP316,MP316 - Dr JS Moroka,Mpumalanga,vd_code_match
2006,54590159,MP316,MP316 - Dr JS Moroka [Mdutjana],Mpumalanga,1642,MP316,MP316 - Dr JS Moroka,Mpumalanga,vd_code_match
2006,54590160,MP316,MP316 - Dr JS Moroka [Mdutjana],Mpumalanga,1362,MP316,MP316 - Dr JS Moroka,Mpumalanga,vd_code_match
2006,54590171,MP316,MP316 - Dr JS Moroka [Mdutjana],Mpumalanga,1978,MP316,MP316 - Dr JS Moroka,Mpumalanga,vd_code_match
2006,54590182,MP316,MP316 - Dr JS Moroka [Mdutjana],Mpumalanga,1505,MP316,MP316 - Dr JS Moroka,Mpumalanga,vd_code_match
2006,54590193,MP316,MP316 - Dr JS Moroka [Mdutjana],Mpumalanga,1828,MP316,MP316 - Dr JS Moroka,Mpumalanga,vd_code_match
2006,54590205,MP316,MP316 - Dr JS Moroka [Mdutjana],Mpumalanga,1751,MP316,MP316 - Dr JS Moroka,Mpumalanga,vd_code_match
2006,54590216,MP316,MP316 - Dr JS Moroka [Mdutjana],Mpumalanga,1864,MP316,MP316 - Dr JS Moroka,Mpumalanga,vd_code_match
2006,54590227,MP316,MP316 - Dr JS Moroka [Mdutjana],Mpumalanga,1293,MP316,MP316 - Dr JS Moroka,Mpumalanga,vd_code_match
2006,54590238,MP316,MP316 - Dr JS Moroka [Mdutjana],Mpumalanga,1539,MP316,MP316 - Dr JS Moroka,Mpumalanga,vd_code_match
2006,54590250,MP316,MP316 - Dr JS Moroka [Mdutjana],Mpumalanga,737,MP316,MP316 - Dr JS Moroka,Mpumalanga,vd_code_match
2006,54590261,MP316,MP316 - Dr JS Moroka [Mdutjana],Mpumalanga,1282,MP316,MP316 - Dr JS Moroka,Mpumalanga,vd_code_match
2006,54590272,MP316,MP316 - Dr JS Moroka [Mdutjana],Mpumalanga,1252,MP316,MP316 - Dr JS Moroka,Mpumalanga,vd_code_match
2006,54590283,MP316,MP316 - Dr JS Moroka [Mdutjana],Mpumalanga,870,MP316,MP316 - Dr JS Moroka,Mpumalanga,vd_code_match
2006,54590294,MP316,MP316 - Dr JS Moroka [Mdutjana],Mpumalanga,357,MP316,MP316 - Dr JS Moroka,Mpumalanga,vd_code_match
2006,54590306,MP316,MP316 - Dr JS Moroka [Mdutjana],Mpumalanga,1514,MP316,MP316 - Dr JS Moroka,Mpumalanga,vd_code_match
2006,54590328,MP316,MP316 - Dr JS Moroka [Mdutjana],Mpumalanga,1273,MP316,MP316 - Dr JS Moroka,Mpumalanga,vd_code_match
2006,54590339,MP316,MP316 - Dr JS Moroka [Mdutjana],Mpumalanga,585,MP316,MP316 - Dr JS Moroka,Mpumalanga,vd_code_match
2006,54590340,MP316,MP316 - Dr JS Moroka [Mdutjana],Mpumalanga,1292,MP316,MP316 - Dr JS Moroka,Mpumalanga,vd_code_match
2006,54590351,MP316,MP316 - Dr JS Moroka [Mdutjana],Mpumalanga,787,MP316,MP316 - Dr JS Moroka,Mpumalanga,vd_code_match
2006,54590362,MP316,MP316 - Dr JS Moroka [Mdutjana],Mpumalanga,756,MP316,MP316 - Dr JS Moroka,Mpumalanga,vd_code_match
2006,54590373,MP316,MP316 - Dr JS Moroka [Mdutjana],Mpumalanga,184,MP316,MP316 - Dr JS Moroka,Mpumalanga,vd_code_match
2006,54590384,MP316,MP316 - Dr JS Moroka [Mdutjana],Mpumalanga,543,MP316,MP316 - Dr JS Moroka,Mpumalanga,vd_code_match
2006,54590395,MP316,MP316 - Dr JS Moroka [Mdutjana],Mpumalanga,359,MP316,MP316 - Dr JS Moroka,Mpumalanga,vd_code_match
2006,54590407,MP316,MP316 - Dr JS Moroka [Mdutjana],Mpumalanga,441,MP316,MP316 - Dr JS Moroka,Mpumalanga,vd_code_match
2006,54590418,MP316,MP316 - Dr JS Moroka [Mdutjana],Mpumalanga,481,MP316,MP316 - Dr JS Moroka,Mpumalanga,vd_code_match
2006,54590429,MP316,MP316 - Dr JS Moroka [Mdutjana],Mpumalanga,319,MP316,MP316 - Dr JS Moroka,Mpumalanga,vd_code_match
2006,54590430,MP316,MP316 - Dr JS Moroka [Mdutjana],Mpumalanga,434,MP316,MP316 - Dr JS Moroka,Mpumalanga,vd_code_match
2006,54600016,MP313,MP313 - Steve Tshwete [Middelburg],Mpumalanga,1202,MP313,MP313 - Steve Tshwete,Mpumalanga,vd_code_match
2006,54600027,MP313,MP313 - Steve Tshwete [Middelburg],Mpumalanga,2287,MP313,MP313 - Steve Tshwete,Mpumalanga,vd_code_match
2006,54600038,MP313,MP313 - Steve Tshwete [Middelburg],Mpumalanga,2950,MP313,MP313 - Steve Tshwete,Mpumalanga,vd_code_match
2006,54600049,MP313,MP313 - Steve Tshwete [Middelburg],Mpumalanga,1818,MP313,MP313 - Steve Tshwete,Mpumalanga,vd_code_match
2006,54600050,MP313,MP313 - Steve Tshwete [Middelburg],Mpumalanga,1206,MP313,MP313 - Steve Tshwete,Mpumalanga,vd_code_match
2006,54600061,MP313,MP313 - Steve Tshwete [Middelburg],Mpumalanga,4226,MP313,MP313 - Steve Tshwete,Mpumalanga,vd_code_match
2006,54600072,MP313,MP313 - Steve Tshwete [Middelburg],Mpumalanga,3576,MP313,MP313 - Steve Tshwete,Mpumalanga,vd_code_match
2006,54600083,MP313,MP313 - Steve Tshwete [Middelburg],Mpumalanga,2706,MP313,MP313 - Steve Tshwete,Mpumalanga,vd_code_match
2006,54600094,MP313,MP313 - Steve Tshwete [Middelburg],Mpumalanga,2365,MP313,MP313 - Steve Tshwete,Mpumalanga,vd_code_match
2006,54600106,MP313,MP313 - Steve Tshwete [Middelburg],Mpumalanga,2783,MP313,MP313 - Steve Tshwete,Mpumalanga,vd_code_match
2006,54600117,MP313,MP313 - Steve Tshwete [Middelburg],Mpumalanga,2175,MP313,MP313 - Steve Tshwete,Mpumalanga,vd_code_match
2006,54600128,MP313,MP313 - Steve Tshwete [Middelburg],Mpumalanga,2626,MP313,MP313 - Steve Tshwete,Mpumalanga,vd_code_match
2006,54600139,MP313,MP313 - Steve Tshwete [Middelburg],Mpumalanga,2998,MP313,MP313 - Steve Tshwete,Mpumalanga,vd_code_match
2006,54600140,MP313,MP313 - Steve Tshwete [Middelburg],Mpumalanga,3078,MP313,MP313 - Steve Tshwete,Mpumalanga,vd_code_match
2006,54600151,MP313,MP313 - Steve Tshwete [Middelburg],Mpumalanga,2409,MP313,MP313 - Steve Tshwete,Mpumalanga,vd_code_match
2006,54600162,MP313,MP313 - Steve Tshwete [Middelburg],Mpumalanga,1667,MP313,MP313 - Steve Tshwete,Mpumalanga,vd_code_match
2006,54600173,MP313,MP313 - Steve Tshwete [Middelburg],Mpumalanga,2668,MP313,MP313 - Steve Tshwete,Mpumalanga,vd_code_match
2006,54600184,MP313,MP313 - Steve Tshwete [Middelburg],Mpumalanga,1527,MP313,MP313 - Steve Tshwete,Mpumalanga,vd_code_match
2006,54600195,MP313,MP313 - Steve Tshwete [Middelburg],Mpumalanga,2490,MP313,MP313 - Steve Tshwete,Mpumalanga,vd_code_match
2006,54600207,MP313,MP313 - Steve Tshwete [Middelburg],Mpumalanga,3137,MP313,MP313 - Steve Tshwete,Mpumalanga,vd_code_match
2006,54600218,MP313,MP313 - Steve Tshwete [Middelburg],Mpumalanga,2613,MP313,MP313 - Steve Tshwete,Mpumalanga,vd_code_match
2006,54600229,MP313,MP313 - Steve Tshwete [Middelburg],Mpumalanga,1494,MP313,MP313 - Steve Tshwete,Mpumalanga,vd_code_match
2006,54600230,MP313,MP313 - Steve Tshwete [Middelburg],Mpumalanga,528,MP313,MP313 - Steve Tshwete,Mpumalanga,vd_code_match
2006,54600241,MP313,MP313 - Steve Tshwete [Middelburg],Mpumalanga,249,MP313,MP313 - Steve Tshwete,Mpumalanga,vd_code_match
2006,54600252,MP313,MP313 - Steve Tshwete [Middelburg],Mpumalanga,1667,MP313,MP313 - Steve Tshwete,Mpumalanga,vd_code_match
2006,54600263,MP313,MP313 - Steve Tshwete [Middelburg],Mpumalanga,208,MP313,MP313 - Steve Tshwete,Mpumalanga,vd_code_match
2006,54610028,MP315,MP315 - Thembisile [KwaMhlanga],Mpumalanga,1904,MP315,MP315 - Thembisile Hani,Mpumalanga,vd_code_match
2006,54610039,MP315,MP315 - Thembisile [KwaMhlanga],Mpumalanga,3178,MP315,MP315 - Thembisile Hani,Mpumalanga,vd_code_match
2006,54610040,MP315,MP315 - Thembisile [KwaMhlanga],Mpumalanga,2756,MP315,MP315 - Thembisile Hani,Mpumalanga,vd_code_match
2006,54610051,MP315,MP315 - Thembisile [KwaMhlanga],Mpumalanga,2286,MP315,MP315 - Thembisile Hani,Mpumalanga,vd_code_match
2006,54610062,MP315,MP315 - Thembisile [KwaMhlanga],Mpumalanga,2202,MP315,MP315 - Thembisile Hani,Mpumalanga,vd_code_match
2006,54610073,MP315,MP315 - Thembisile [KwaMhlanga],Mpumalanga,2267,MP315,MP315 - Thembisile Hani,Mpumalanga,vd_code_match
2006,54610084,MP315,MP315 - Thembisile [KwaMhlanga],Mpumalanga,2925,MP315,MP315 - Thembisile Hani,Mpumalanga,vd_code_match
2006,54610095,MP315,MP315 - Thembisile [KwaMhlanga],Mpumalanga,808,MP315,MP315 - Thembisile Hani,Mpumalanga,vd_code_match
2006,54610107,MP315,MP315 - Thembisile [KwaMhlanga],Mpumalanga,3300,MP315,MP315 - Thembisile Hani,Mpumalanga,vd_code_match
2006,54610118,MP315,MP315 - Thembisile [KwaMhlanga],Mpumalanga,3430,MP315,MP315 - Thembisile Hani,Mpumalanga,vd_code_match
2006,54610129,MP315,MP315 - Thembisile [KwaMhlanga],Mpumalanga,2009,MP315,MP315 - Thembisile Hani,Mpumalanga,vd_code_match
2006,54610141,MP315,MP315 - Thembisile [KwaMhlanga],Mpumalanga,1977,MP315,MP315 - Thembisile Hani,Mpumalanga,vd_code_match
2006,54610152,MP315,MP315 - Thembisile [KwaMhlanga],Mpumalanga,1317,MP315,MP315 - Thembisile Hani,Mpumalanga,vd_code_match
2006,54610163,MP315,MP315 - Thembisile [KwaMhlanga],Mpumalanga,2121,MP315,MP315 - Thembisile Hani,Mpumalanga,vd_code_match
2006,54610174,MP315,MP315 - Thembisile [KwaMhlanga],Mpumalanga,2277,MP315,MP315 - Thembisile Hani,Mpumalanga,vd_code_match
2006,54610185,MP315,MP315 - Thembisile [KwaMhlanga],Mpumalanga,1478,MP315,MP315 - Thembisile Hani,Mpumalanga,vd_code_match
2006,54610196,MP315,MP315 - Thembisile [KwaMhlanga],Mpumalanga,1569,MP315,MP315 - Thembisile Hani,Mpumalanga,vd_code_match
2006,54610208,MP315,MP315 - Thembisile [KwaMhlanga],Mpumalanga,848,MP315,MP315 - Thembisile Hani,Mpumalanga,vd_code_match
2006,54610219,MP315,MP315 - Thembisile [KwaMhlanga],Mpumalanga,1876,MP315,MP315 - Thembisile Hani,Mpumalanga,vd_code_match
2006,54610220,MP315,MP315 - Thembisile [KwaMhlanga],Mpumalanga,219,MP315,MP315 - Thembisile Hani,Mpumalanga,vd_code_match
2006,54610231,MP315,MP315 - Thembisile [KwaMhlanga],Mpumalanga,1809,MP315,MP315 - Thembisile Hani,Mpumalanga,vd_code_match
2006,54610242,MP315,MP315 - Thembisile [KwaMhlanga],Mpumalanga,1555,MP315,MP315 - Thembisile Hani,Mpumalanga,vd_code_match
2006,54610253,MP315,MP315 - Thembisile [KwaMhlanga],Mpumalanga,2007,MP315,MP315 - Thembisile Hani,Mpumalanga,vd_code_match
2006,54610264,MP315,MP315 - Thembisile [KwaMhlanga],Mpumalanga,1281,MP315,MP315 - Thembisile Hani,Mpumalanga,vd_code_match
2006,54610275,MP315,MP315 - Thembisile [KwaMhlanga],Mpumalanga,1303,MP315,MP315 - Thembisile Hani,Mpumalanga,vd_code_match
2006,54610286,MP315,MP315 - Thembisile [KwaMhlanga],Mpumalanga,778,MP315,MP315 - Thembisile Hani,Mpumalanga,vd_code_match
2006,54610297,MP315,MP315 - Thembisile [KwaMhlanga],Mpumalanga,284,MP315,MP315 - Thembisile Hani,Mpumalanga,municipality_majority
2006,54610309,MP315,MP315 - Thembisile [KwaMhlanga],Mpumalanga,456,MP315,MP315 - Thembisile Hani,Mpumalanga,vd_code_match
2006,54610310,MP315,MP315 - Thembisile [KwaMhlanga],Mpumalanga,528,MP315,MP315 - Thembisile Hani,Mpumalanga,vd_code_match
2006,54610321,MP315,MP315 - Thembisile [KwaMhlanga],Mpumalanga,330,MP315,MP315 - Thembisile Hani,Mpumalanga,vd_code_match
2006,54610332,MP315,MP315 - Thembisile [KwaMhlanga],Mpumalanga,195,MP315,MP315 - Thembisile Hani,Mpumalanga,vd_code_match
2006,54610343,MP315,MP315 - Thembisile [KwaMhlanga],Mpumalanga,204,MP315,MP315 - Thembisile Hani,Mpumalanga,vd_code_match
2006,54610354,MP315,MP315 - Thembisile [KwaMhlanga],Mpumalanga,304,MP315,MP315 - Thembisile Hani,Mpumalanga,vd_code_match
2006,54610365,MP315,MP315 - Thembisile [KwaMhlanga],Mpumalanga,426,MP315,MP315 - Thembisile Hani,Mpumalanga,vd_code_match
2006,54610376,MP315,MP315 - Thembisile [KwaMhlanga],Mpumalanga,842,MP315,MP315 - Thembisile Hani,Mpumalanga,vd_code_match
2006,54610387,MP315,MP315 - Thembisile [KwaMhlanga],Mpumalanga,94,MP315,MP315 - Thembisile Hani,Mpumalanga,municipality_majority
2006,54610398,MP315,MP315 - Thembisile [KwaMhlanga],Mpumalanga,73,MP315,MP315 - Thembisile Hani,Mpumalanga,municipality_majority
2006,54610400,MP315,MP315 - Thembisile [KwaMhlanga],Mpumalanga,59,MP315,MP315 - Thembisile Hani,Mpumalanga,municipality_majority
2006,54620423,MP315,MP315 - Thembisile [KwaMhlanga],Mpumalanga,600,MP315,MP315 - Thembisile Hani,Mpumalanga,vd_code_match
2006,54630019,MP312,MP312 - Emalahleni [Witbank],Mpumalanga,2441,MP312,MP312 - Emalahleni,Mpumalanga,vd_code_match
2006,54630020,MP312,MP312 - Emalahleni [Witbank],Mpumalanga,2496,MP312,MP312 - Emalahleni,Mpumalanga,vd_code_match
2006,54630031,MP312,MP312 - Emalahleni [Witbank],Mpumalanga,2771,MP312,MP312 - Emalahleni,Mpumalanga,vd_code_match
2006,54630042,MP312,MP312 - Emalahleni [Witbank],Mpumalanga,1510,MP312,MP312 - Emalahleni,Mpumalanga,vd_code_match
2006,54630053,MP312,MP312 - Emalahleni [Witbank],Mpumalanga,2328,MP312,MP312 - Emalahleni,Mpumalanga,vd_code_match
2006,54630064,MP312,MP312 - Emalahleni [Witbank],Mpumalanga,1250,MP312,MP312 - Emalahleni,Mpumalanga,vd_code_match
2006,54630075,MP312,MP312 - Emalahleni [Witbank],Mpumalanga,480,MP312,MP312 - Emalahleni,Mpumalanga,municipality_majority
2006,54640010,MP314,MP314 - Highlands [Belfast],Mpumalanga,2421,MP314,MP314 - Emakhazeni,Mpumalanga,vd_code_match
2006,54640021,MP314,MP314 - Highlands [Belfast],Mpumalanga,711,MP314,MP314 - Emakhazeni,Mpumalanga,vd_code_match
2006,54650011,MP312,MP312 - Emalahleni [Witbank],Mpumalanga,3130,MP312,MP312 - Emalahleni,Mpumalanga,vd_code_match
2006,54650022,MP312,MP312 - Emalahleni [Witbank],Mpumalanga,1896,MP312,MP312 - Emalahleni,Mpumalanga,vd_code_match
2006,54650033,MP312,MP312 - Emalahleni [Witbank],Mpumalanga,2657,MP312,MP312 - Emalahleni,Mpumalanga,vd_code_match
2006,54650044,MP312,MP312 - Emalahleni [Witbank],Mpumalanga,4983,MP312,MP312 - Emalahleni,Mpumalanga,vd_code_match
2006,54650055,MP312,MP312 - Emalahleni [Witbank],Mpumalanga,2477,MP312,MP312 - Emalahleni,Mpumalanga,vd_code_match
2006,54650066,MP312,MP312 - Emalahleni [Witbank],Mpumalanga,1936,MP312,MP312 - Emalahleni,Mpumalanga,vd_code_match
2006,54650077,MP312,MP312 - Emalahleni [Witbank],Mpumalanga,1938,MP312,MP312 - Emalahleni,Mpumalanga,vd_code_match
2006,54650088,MP312,MP312 - Emalahleni [Witbank],Mpumalanga,1748,MP312,MP312 - Emalahleni,Mpumalanga,vd_code_match
2006,54650099,MP312,MP312 - Emalahleni [Witbank],Mpumalanga,2512,MP312,MP312 - Emalahleni,Mpumalanga,vd_code_match
2006,54650101,MP312,MP312 - Emalahleni [Witbank],Mpumalanga,2975,MP312,MP312 - Emalahleni,Mpumalanga,vd_code_match
2006,54650112,MP312,MP312 - Emalahleni [Witbank],Mpumalanga,1796,MP312,MP312 - Emalahleni,Mpumalanga,vd_code_match
2006,54650123,MP312,MP312 - Emalahleni [Witbank],Mpumalanga,3475,MP312,MP312 - Emalahleni,Mpumalanga,vd_code_match
2006,54650145,MP312,MP312 - Emalahleni [Witbank],Mpumalanga,2666,MP312,MP312 - Emalahleni,Mpumalanga,vd_code_match
2006,54650156,MP312,MP312 - Emalahleni [Witbank],Mpumalanga,2785,MP312,MP312 - Emalahleni,Mpumalanga,vd_code_match
2006,54650167,MP312,MP312 - Emalahleni [Witbank],Mpumalanga,2403,MP312,MP312 - Emalahleni,Mpumalanga,vd_code_match
2006,54650178,MP312,MP312 - Emalahleni [Witbank],Mpumalanga,2552,MP312,MP312 - Emalahleni,Mpumalanga,vd_code_match
2006,54650189,MP312,MP312 - Emalahleni [Witbank],Mpumalanga,2010,MP312,MP312 - Emalahleni,Mpumalanga,vd_code_match
2006,54650190,MP312,MP312 - Emalahleni [Witbank],Mpumalanga,2882,MP312,MP312 - Emalahleni,Mpumalanga,vd_code_match
2006,54650202,MP312,MP312 - Emalahleni [Witbank],Mpumalanga,3326,MP312,MP312 - Emalahleni,Mpumalanga,vd_code_match
2006,54650213,MP312,MP312 - Emalahleni [Witbank],Mpumalanga,2089,MP312,MP312 - Emalahleni,Mpumalanga,vd_code_match
2006,54650224,MP312,MP312 - Emalahleni [Witbank],Mpumalanga,2966,MP312,MP312 - Emalahleni,Mpumalanga,vd_code_match
2006,54650235,MP312,MP312 - Emalahleni [Witbank],Mpumalanga,3214,MP312,MP312 - Emalahleni,Mpumalanga,vd_code_match
2006,54650246,MP312,MP312 - Emalahleni [Witbank],Mpumalanga,2372,MP312,MP312 - Emalahleni,Mpumalanga,vd_code_match
2006,54650257,MP312,MP312 - Emalahleni [Witbank],Mpumalanga,3415,MP312,MP312 - Emalahleni,Mpumalanga,vd_code_match
2006,54650268,MP312,MP312 - Emalahleni [Witbank],Mpumalanga,2746,MP312,MP312 - Emalahleni,Mpumalanga,vd_code_match
2006,54650279,MP312,MP312 - Emalahleni [Witbank],Mpumalanga,1421,MP312,MP312 - Emalahleni,Mpumalanga,vd_code_match
2006,54650280,MP312,MP312 - Emalahleni [Witbank],Mpumalanga,1499,MP312,MP312 - Emalahleni,Mpumalanga,vd_code_match
2006,54650291,MP312,MP312 - Emalahleni [Witbank],Mpumalanga,3300,MP312,MP312 - Emalahleni,Mpumalanga,vd_code_match
2006,54650303,MP312,MP312 - Emalahleni [Witbank],Mpumalanga,2693,MP312,MP312 - Emalahleni,Mpumalanga,vd_code_match
2006,54650314,MP312,MP312 - Emalahleni [Witbank],Mpumalanga,2367,MP312,MP312 - Emalahleni,Mpumalanga,vd_code_match
2006,54650336,MP312,MP312 - Emalahleni [Witbank],Mpumalanga,3095,MP312,MP312 - Emalahleni,Mpumalanga,vd_code_match
2006,54650347,MP312,MP312 - Emalahleni [Witbank],Mpumalanga,2784,MP312,MP312 - Emalahleni,Mpumalanga,vd_code_match
2006,54650358,MP312,MP312 - Emalahleni [Witbank],Mpumalanga,1459,MP312,MP312 - Emalahleni,Mpumalanga,vd_code_match
2006,54650369,MP312,MP312 - Emalahleni [Witbank],Mpumalanga,1818,MP312,MP312 - Emalahleni,Mpumalanga,vd_code_match
2006,54650370,MP312,MP312 - Emalahleni [Witbank],Mpumalanga,1198,MP312,MP312 - Emalahleni,Mpumalanga,vd_code_match
2006,54650381,MP312,MP312 - Emalahleni [Witbank],Mpumalanga,5342,MP312,MP312 - Emalahleni,Mpumalanga,vd_code_match
2006,54650392,MP312,MP312 - Emalahleni [Witbank],Mpumalanga,1306,MP312,MP312 - Emalahleni,Mpumalanga,vd_code_match
2006,54650404,MP312,MP312 - Emalahleni [Witbank],Mpumalanga,534,MP312,MP312 - Emalahleni,Mpumalanga,vd_code_match
2006,54650415,MP312,MP312 - Emalahleni [Witbank],Mpumalanga,1550,MP312,MP312 - Emalahleni,Mpumalanga,vd_code_match
2006,54650426,MP312,MP312 - Emalahleni [Witbank],Mpumalanga,1721,MP312,MP312 - Emalahleni,Mpumalanga,vd_code_match
2006,54650437,MP312,MP312 - Emalahleni [Witbank],Mpumalanga,2012,MP312,MP312 - Emalahleni,Mpumalanga,vd_code_match
2006,54650448,MP312,MP312 - Emalahleni [Witbank],Mpumalanga,2518,MP312,MP312 - Emalahleni,Mpumalanga,vd_code_match
2006,54650459,MP312,MP312 - Emalahleni [Witbank],Mpumalanga,596,MP312,MP312 - Emalahleni,Mpumalanga,vd_code_match
2006,54650460,MP312,MP312 - Emalahleni [Witbank],Mpumalanga,220,MP312,MP312 - Emalahleni,Mpumalanga,vd_code_match
2006,54650471,MP312,MP312 - Emalahleni [Witbank],Mpumalanga,301,MP312,MP312 - Emalahleni,Mpumalanga,vd_code_match
2006,54650482,MP312,MP312 - Emalahleni [Witbank],Mpumalanga,920,MP312,MP312 - Emalahleni,Mpumalanga,vd_code_match
2006,54650493,MP312,MP312 - Emalahleni [Witbank],Mpumalanga,64,MP312,MP312 - Emalahleni,Mpumalanga,vd_code_match
2006,54650505,MP312,MP312 - Emalahleni [Witbank],Mpumalanga,461,MP312,MP312 - Emalahleni,Mpumalanga,vd_code_match
2006,54650516,MP312,MP312 - Emalahleni [Witbank],Mpumalanga,765,MP312,MP312 - Emalahleni,Mpumalanga,vd_code_match
2006,54650527,MP312,MP312 - Emalahleni [Witbank],Mpumalanga,568,MP312,MP312 - Emalahleni,Mpumalanga,vd_code_match
2006,54650538,MP312,MP312 - Emalahleni [Witbank],Mpumalanga,220,MP312,MP312 - Emalahleni,Mpumalanga,vd_code_match
2006,54650549,MP312,MP312 - Emalahleni [Witbank],Mpumalanga,691,MP312,MP312 - Emalahleni,Mpumalanga,vd_code_match
2006,54650550,MP312,MP312 - Emalahleni [Witbank],Mpumalanga,227,MP312,MP312 - Emalahleni,Mpumalanga,vd_code_match
2006,54650561,MP312,MP312 - Emalahleni [Witbank],Mpumalanga,491,MP312,MP312 - Emalahleni,Mpumalanga,vd_code_match
2006,54650572,MP312,MP312 - Emalahleni [Witbank],Mpumalanga,203,MP312,MP312 - Emalahleni,Mpumalanga,vd_code_match
2006,54650583,MP312,MP312 - Emalahleni [Witbank],Mpumalanga,601,MP312,MP312 - Emalahleni,Mpumalanga,vd_code_match
2006,54650594,MP312,MP312 - Emalahleni [Witbank],Mpumalanga,626,MP312,MP312 - Emalahleni,Mpumalanga,vd_code_match
2006,54650606,MP312,MP312 - Emalahleni [Witbank],Mpumalanga,161,MP312,MP312 - Emalahleni,Mpumalanga,vd_code_match
2006,54660012,MP321,MP321 - Thaba Chweu [Sabie],Mpumalanga,661,MP321,MP321 - Thaba Chweu,Mpumalanga,vd_code_match
2006,54660023,MP314,MP314 - Highlands [Belfast],Mpumalanga,391,MP314,MP314 - Emakhazeni,Mpumalanga,vd_code_match
2006,54660034,MP314,MP314 - Highlands [Belfast],Mpumalanga,126,MP314,MP314 - Emakhazeni,Mpumalanga,vd_code_match
2006,54660045,MP314,MP314 - Highlands [Belfast],Mpumalanga,280,MP314,MP314 - Emakhazeni,Mpumalanga,vd_code_match
2006,54660056,MP314,MP314 - Highlands [Belfast],Mpumalanga,579,MP314,MP314 - Emakhazeni,Mpumalanga,municipality_majority
2006,54660067,MP314,MP314 - Highlands [Belfast],Mpumalanga,1254,MP314,MP314 - Emakhazeni,Mpumalanga,vd_code_match
2006,54660078,MP314,MP314 - Highlands [Belfast],Mpumalanga,224,MP314,MP314 - Emakhazeni,Mpumalanga,vd_code_match
2006,54660090,MP314,MP314 - Highlands [Belfast],Mpumalanga,306,MP314,MP314 - Emakhazeni,Mpumalanga,vd_code_match
2006,54660102,MP314,MP314 - Highlands [Belfast],Mpumalanga,791,MP314,MP314 - Emakhazeni,Mpumalanga,vd_code_match
2006,54660113,MP314,MP314 - Highlands [Belfast],Mpumalanga,272,MP314,MP314 - Emakhazeni,Mpumalanga,vd_code_match
2006,54660124,MP314,MP314 - Highlands [Belfast],Mpumalanga,53,MP314,MP314 - Emakhazeni,Mpumalanga,vd_code_match
2006,54660135,MP314,MP314 - Highlands [Belfast],Mpumalanga,89,MP314,MP314 - Emakhazeni,Mpumalanga,vd_code_match
2006,54660146,MP314,MP314 - Highlands [Belfast],Mpumalanga,64,MP314,MP314 - Emakhazeni,Mpumalanga,vd_code_match
2006,54660157,MP314,MP314 - Highlands [Belfast],Mpumalanga,95,MP314,MP314 - Emakhazeni,Mpumalanga,vd_code_match
2006,54680014,MP313,MP313 - Steve Tshwete [Middelburg],Mpumalanga,257,MP313,MP313 - Steve Tshwete,Mpumalanga,municipality_majority
2006,54680025,MP313,MP313 - Steve Tshwete [Middelburg],Mpumalanga,3216,MP313,MP313 - Steve Tshwete,Mpumalanga,vd_code_match
2006,54680036,MP314,MP314 - Highlands [Belfast],Mpumalanga,848,MP314,MP314 - Emakhazeni,Mpumalanga,vd_code_match
2006,54680058,MP313,MP313 - Steve Tshwete [Middelburg],Mpumalanga,2597,MP313,MP313 - Steve Tshwete,Mpumalanga,vd_code_match
2006,54680069,MP313,MP313 - Steve Tshwete [Middelburg],Mpumalanga,1458,MP313,MP313 - Steve Tshwete,Mpumalanga,vd_code_match
2006,54680070,MP313,MP313 - Steve Tshwete [Middelburg],Mpumalanga,3169,MP313,MP313 - Steve Tshwete,Mpumalanga,vd_code_match
2006,54680081,MP313,MP313 - Steve Tshwete [Middelburg],Mpumalanga,2661,MP313,MP313 - Steve Tshwete,Mpumalanga,vd_code_match
2006,54680092,MP313,MP313 - Steve Tshwete [Middelburg],Mpumalanga,578,MP313,MP313 - Steve Tshwete,Mpumalanga,vd_code_match
2006,54680104,MP313,MP313 - Steve Tshwete [Middelburg],Mpumalanga,249,MP313,MP313 - Steve Tshwete,Mpumalanga,vd_code_match
2006,54680115,MP313,MP313 - Steve Tshwete [Middelburg],Mpumalanga,753,MP313,MP313 - Steve Tshwete,Mpumalanga,vd_code_match
2006,54680126,MP313,MP313 - Steve Tshwete [Middelburg],Mpumalanga,1285,MP313,MP313 - Steve Tshwete,Mpumalanga,vd_code_match
2006,54680148,MP313,MP313 - Steve Tshwete [Middelburg],Mpumalanga,326,MP313,MP313 - Steve Tshwete,Mpumalanga,vd_code_match
2006,54680159,MP313,MP313 - Steve Tshwete [Middelburg],Mpumalanga,1671,MP313,MP313 - Steve Tshwete,Mpumalanga,vd_code_match
2006,54680160,MP314,MP314 - Highlands [Belfast],Mpumalanga,247,MP314,MP314 - Emakhazeni,Mpumalanga,vd_code_match
2006,54680171,MP314,MP314 - Highlands [Belfast],Mpumalanga,610,MP314,MP314 - Emakhazeni,Mpumalanga,vd_code_match
2006,54680238,MP313,MP313 - Steve Tshwete [Middelburg],Mpumalanga,1161,MP313,MP313 - Steve Tshwete,Mpumalanga,vd_code_match
2006,54680249,MP314,MP314 - Highlands [Belfast],Mpumalanga,149,MP314,MP314 - Emakhazeni,Mpumalanga,vd_code_match
2006,54680261,MP313,MP313 - Steve Tshwete [Middelburg],Mpumalanga,580,MP313,MP313 - Steve Tshwete,Mpumalanga,vd_code_match
2006,54680272,MP313,MP313 - Steve Tshwete [Middelburg],Mpumalanga,93,MP313,MP313 - Steve Tshwete,Mpumalanga,vd_code_match
2006,54690015,MP314,MP314 - Highlands [Belfast],Mpumalanga,123,MP314,MP314 - Emakhazeni,Mpumalanga,vd_code_match
2006,54690026,MP314,MP314 - Highlands [Belfast],Mpumalanga,231,MP314,MP314 - Emakhazeni,Mpumalanga,vd_code_match
2006,54690037,MP314,MP314 - Highlands [Belfast],Mpumalanga,428,MP314,MP314 - Emakhazeni,Mpumalanga,vd_code_match
2006,54690048,MP314,MP314 - Highlands [Belfast],Mpumalanga,265,MP314,MP314 - Emakhazeni,Mpumalanga,vd_code_match
2006,54700017,MP312,MP312 - Emalahleni [Witbank],Mpumalanga,624,MP312,MP312 - Emalahleni,Mpumalanga,vd_code_match
2006,54700028,MP312,MP312 - Emalahleni [Witbank],Mpumalanga,568,MP312,MP312 - Emalahleni,Mpumalanga,vd_code_match
2006,54700039,MP312,MP312 - Emalahleni [Witbank],Mpumalanga,533,MP312,MP312 - Emalahleni,Mpumalanga,vd_code_match
2006,54700051,MP312,MP312 - Emalahleni [Witbank],Mpumalanga,2382,MP312,MP312 - Emalahleni,Mpumalanga,vd_code_match
2006,54700062,MP315,MP315 - Thembisile [KwaMhlanga],Mpumalanga,304,MP315,MP315 - Thembisile Hani,Mpumalanga,vd_code_match
2006,54700073,MP312,MP312 - Emalahleni [Witbank],Mpumalanga,902,MP312,MP312 - Emalahleni,Mpumalanga,vd_code_match
2006,54700084,MP312,MP312 - Emalahleni [Witbank],Mpumalanga,1786,MP312,MP312 - Emalahleni,Mpumalanga,vd_code_match
2006,54700095,MP312,MP312 - Emalahleni [Witbank],Mpumalanga,1931,MP312,MP312 - Emalahleni,Mpumalanga,vd_code_match
2006,54700118,MP312,MP312 - Emalahleni [Witbank],Mpumalanga,393,MP312,MP312 - Emalahleni,Mpumalanga,vd_code_match
2006,54720019,MP323,MP323 - Umjindi [Barberton],Mpumalanga,3393,MP326,MP326 - City of Mbombela,Mpumalanga,vd_code_match
2006,54720020,MP323,MP323 - Umjindi [Barberton],Mpumalanga,3131,MP326,MP326 - City of Mbombela,Mpumalanga,vd_code_match
2006,54720031,MP323,MP323 - Umjindi [Barberton],Mpumalanga,1759,MP326,MP326 - City of Mbombela,Mpumalanga,vd_code_match
2006,54720042,MP323,MP323 - Umjindi [Barberton],Mpumalanga,1999,MP326,MP326 - City of Mbombela,Mpumalanga,vd_code_match
2006,54720053,MP323,MP323 - Umjindi [Barberton],Mpumalanga,1800,MP326,MP326 - City of Mbombela,Mpumalanga,vd_code_match
2006,54720064,MP323,MP323 - Umjindi [Barberton],Mpumalanga,1544,MP326,MP326 - City of Mbombela,Mpumalanga,vd_code_match
2006,54720075,MP323,MP323 - Umjindi [Barberton],Mpumalanga,1246,MP326,MP326 - City of Mbombela,Mpumalanga,vd_code_match
2006,54720086,MP323,MP323 - Umjindi [Barberton],Mpumalanga,1197,MP326,MP326 - City of Mbombela,Mpumalanga,vd_code_match
2006,54720097,MP323,MP323 - Umjindi [Barberton],Mpumalanga,1197,MP326,MP326 - City of Mbombela,Mpumalanga,vd_code_match
2006,54730010,MP321,MP321 - Thaba Chweu [Sabie],Mpumalanga,1802,MP321,MP321 - Thaba Chweu,Mpumalanga,vd_code_match
2006,54740011,MP322,MP322 - Mbombela [Nelspruit],Mpumalanga,1434,MP326,MP326 - City of Mbombela,Mpumalanga,vd_code_match
2006,54740022,MP322,MP322 - Mbombela [Nelspruit],Mpumalanga,1285,MP326,MP326 - City of Mbombela,Mpumalanga,vd_code_match
2006,54740033,MP322,MP322 - Mbombela [Nelspruit],Mpumalanga,2518,MP326,MP326 - City of Mbombela,Mpumalanga,vd_code_match
2006,54740044,MP322,MP322 - Mbombela [Nelspruit],Mpumalanga,2000,MP326,MP326 - City of Mbombela,Mpumalanga,vd_code_match
2006,54740055,MP322,MP322 - Mbombela [Nelspruit],Mpumalanga,1629,MP326,MP326 - City of Mbombela,Mpumalanga,vd_code_match
2006,54740066,MP322,MP322 - Mbombela [Nelspruit],Mpumalanga,1735,MP326,MP326 - City of Mbombela,Mpumalanga,vd_code_match
2006,54740077,MP322,MP322 - Mbombela [Nelspruit],Mpumalanga,3262,MP326,MP326 - City of Mbombela,Mpumalanga,vd_code_match
2006,54740088,MP322,MP322 - Mbombela [Nelspruit],Mpumalanga,2206,MP326,MP326 - City of Mbombela,Mpumalanga,vd_code_match
2006,54740099,MP322,MP322 - Mbombela [Nelspruit],Mpumalanga,1252,MP326,MP326 - City of Mbombela,Mpumalanga,vd_code_match
2006,54740101,MP322,MP322 - Mbombela [Nelspruit],Mpumalanga,928,MP326,MP326 - City of Mbombela,Mpumalanga,vd_code_match
2006,54740112,MP322,MP322 - Mbombela [Nelspruit],Mpumalanga,199,MP326,MP326 - City of Mbombela,Mpumalanga,vd_code_match
2006,54740123,MP322,MP322 - Mbombela [Nelspruit],Mpumalanga,824,MP326,MP326 - City of Mbombela,Mpumalanga,vd_code_match
2006,54740134,MP322,MP322 - Mbombela [Nelspruit],Mpumalanga,350,MP326,MP326 - City of Mbombela,Mpumalanga,vd_code_match
2006,54740145,MP322,MP322 - Mbombela [Nelspruit],Mpumalanga,592,MP326,MP326 - City of Mbombela,Mpumalanga,vd_code_match
2006,54740156,MP322,MP322 - Mbombela [Nelspruit],Mpumalanga,425,MP326,MP326 - City of Mbombela,Mpumalanga,vd_code_match
2006,54740167,MP322,MP322 - Mbombela [Nelspruit],Mpumalanga,262,MP326,MP326 - City of Mbombela,Mpumalanga,vd_code_match
2006,54750012,MP324,MP324 - Nkomazi [Nkomazi],Mpumalanga,3768,MP324,MP324 - Nkomazi,Mpumalanga,vd_code_match
2006,54750023,MP324,MP324 - Nkomazi [Nkomazi],Mpumalanga,1124,MP324,MP324 - Nkomazi,Mpumalanga,vd_code_match
2006,54750034,MP324,MP324 - Nkomazi [Nkomazi],Mpumalanga,1224,MP324,MP324 - Nkomazi,Mpumalanga,vd_code_match
2006,54750045,MP324,MP324 - Nkomazi [Nkomazi],Mpumalanga,353,MP324,MP324 - Nkomazi,Mpumalanga,vd_code_match
2006,54750056,MP324,MP324 - Nkomazi [Nkomazi],Mpumalanga,341,MP324,MP324 - Nkomazi,Mpumalanga,vd_code_match
2006,54760013,MP321,MP321 - Thaba Chweu [Sabie],Mpumalanga,2108,MP321,MP321 - Thaba Chweu,Mpumalanga,vd_code_match
2006,54760024,MP321,MP321 - Thaba Chweu [Sabie],Mpumalanga,3422,MP321,MP321 - Thaba Chweu,Mpumalanga,vd_code_match
2006,54760035,MP321,MP321 - Thaba Chweu [Sabie],Mpumalanga,2116,MP321,MP321 - Thaba Chweu,Mpumalanga,vd_code_match
2006,54760046,MP321,MP321 - Thaba Chweu [Sabie],Mpumalanga,4055,MP321,MP321 - Thaba Chweu,Mpumalanga,vd_code_match
2006,54760057,MP321,MP321 - Thaba Chweu [Sabie],Mpumalanga,664,MP321,MP321 - Thaba Chweu,Mpumalanga,vd_code_match
2006,54760068,MP321,MP321 - Thaba Chweu [Sabie],Mpumalanga,358,MP321,MP321 - Thaba Chweu,Mpumalanga,vd_code_match
2006,54760079,MP321,MP321 - Thaba Chweu [Sabie],Mpumalanga,234,MP321,MP321 - Thaba Chweu,Mpumalanga,vd_code_match
2006,54760080,MP321,MP321 - Thaba Chweu [Sabie],Mpumalanga,320,MP321,MP321 - Thaba Chweu,Mpumalanga,vd_code_match
2006,54760091,MP321,MP321 - Thaba Chweu [Sabie],Mpumalanga,385,MP321,MP321 - Thaba Chweu,Mpumalanga,vd_code_match
2006,54760103,MP321,MP321 - Thaba Chweu [Sabie],Mpumalanga,415,MP321,MP321 - Thaba Chweu,Mpumalanga,vd_code_match
2006,54760114,MP321,MP321 - Thaba Chweu [Sabie],Mpumalanga,410,MP321,MP321 - Thaba Chweu,Mpumalanga,vd_code_match
2006,54770014,MP324,MP324 - Nkomazi [Nkomazi],Mpumalanga,1785,MP324,MP324 - Nkomazi,Mpumalanga,vd_code_match
2006,54770036,MP324,MP324 - Nkomazi [Nkomazi],Mpumalanga,530,MP324,MP324 - Nkomazi,Mpumalanga,vd_code_match
2006,54770047,MP324,MP324 - Nkomazi [Nkomazi],Mpumalanga,380,MP324,MP324 - Nkomazi,Mpumalanga,vd_code_match
2006,54780015,MP324,MP324 - Nkomazi [Nkomazi],Mpumalanga,658,MP324,MP324 - Nkomazi,Mpumalanga,vd_code_match
2006,54790016,MP322,MP322 - Mbombela [Nelspruit],Mpumalanga,2417,MP326,MP326 - City of Mbombela,Mpumalanga,vd_code_match
2006,54790027,MP322,MP322 - Mbombela [Nelspruit],Mpumalanga,1145,MP326,MP326 - City of Mbombela,Mpumalanga,vd_code_match
2006,54790038,MP322,MP322 - Mbombela [Nelspruit],Mpumalanga,1455,MP326,MP326 - City of Mbombela,Mpumalanga,vd_code_match
2006,54790049,MP322,MP322 - Mbombela [Nelspruit],Mpumalanga,2474,MP326,MP326 - City of Mbombela,Mpumalanga,vd_code_match
2006,54790050,MP322,MP322 - Mbombela [Nelspruit],Mpumalanga,1282,MP326,MP326 - City of Mbombela,Mpumalanga,vd_code_match
2006,54790061,MP322,MP322 - Mbombela [Nelspruit],Mpumalanga,998,MP326,MP326 - City of Mbombela,Mpumalanga,vd_code_match
2006,54790072,MP322,MP322 - Mbombela [Nelspruit],Mpumalanga,1791,MP326,MP326 - City of Mbombela,Mpumalanga,vd_code_match
2006,54790083,MP322,MP322 - Mbombela [Nelspruit],Mpumalanga,1056,MP326,MP326 - City of Mbombela,Mpumalanga,vd_code_match
2006,54790094,MP322,MP322 - Mbombela [Nelspruit],Mpumalanga,2498,MP326,MP326 - City of Mbombela,Mpumalanga,vd_code_match
2006,54790106,MP322,MP322 - Mbombela [Nelspruit],Mpumalanga,2130,MP326,MP326 - City of Mbombela,Mpumalanga,vd_code_match
2006,54790117,MP322,MP322 - Mbombela [Nelspruit],Mpumalanga,3553,MP326,MP326 - City of Mbombela,Mpumalanga,vd_code_match
2006,54790139,MP322,MP322 - Mbombela [Nelspruit],Mpumalanga,3096,MP326,MP326 - City of Mbombela,Mpumalanga,vd_code_match
2006,54790140,MP322,MP322 - Mbombela [Nelspruit],Mpumalanga,3152,MP326,MP326 - City of Mbombela,Mpumalanga,vd_code_match
2006,54790151,MP322,MP322 - Mbombela [Nelspruit],Mpumalanga,1750,MP326,MP326 - City of Mbombela,Mpumalanga,vd_code_match
2006,54790162,MP322,MP322 - Mbombela [Nelspruit],Mpumalanga,1960,MP326,MP326 - City of Mbombela,Mpumalanga,vd_code_match
2006,54790173,MP322,MP322 - Mbombela [Nelspruit],Mpumalanga,2001,MP326,MP326 - City of Mbombela,Mpumalanga,vd_code_match
2006,54790184,MP322,MP322 - Mbombela [Nelspruit],Mpumalanga,1147,MP326,MP326 - City of Mbombela,Mpumalanga,vd_code_match
2006,54790195,MP322,MP322 - Mbombela [Nelspruit],Mpumalanga,672,MP326,MP326 - City of Mbombela,Mpumalanga,vd_code_match
2006,54790207,MP322,MP322 - Mbombela [Nelspruit],Mpumalanga,2412,MP326,MP326 - City of Mbombela,Mpumalanga,vd_code_match
2006,54790218,MP322,MP322 - Mbombela [Nelspruit],Mpumalanga,3107,MP326,MP326 - City of Mbombela,Mpumalanga,vd_code_match
2006,54790229,MP322,MP322 - Mbombela [Nelspruit],Mpumalanga,991,MP326,MP326 - City of Mbombela,Mpumalanga,vd_code_match
2006,54790230,MP322,MP322 - Mbombela [Nelspruit],Mpumalanga,2063,MP326,MP326 - City of Mbombela,Mpumalanga,vd_code_match
2006,54790241,MP322,MP322 - Mbombela [Nelspruit],Mpumalanga,1566,MP326,MP326 - City of Mbombela,Mpumalanga,vd_code_match
2006,54790252,MP322,MP322 - Mbombela [Nelspruit],Mpumalanga,2136,MP326,MP326 - City of Mbombela,Mpumalanga,vd_code_match
2006,54790274,MP322,MP322 - Mbombela [Nelspruit],Mpumalanga,3538,MP326,MP326 - City of Mbombela,Mpumalanga,vd_code_match
2006,54790285,MP322,MP322 - Mbombela [Nelspruit],Mpumalanga,3215,MP326,MP326 - City of Mbombela,Mpumalanga,vd_code_match
2006,54790296,MP322,MP322 - Mbombela [Nelspruit],Mpumalanga,1357,MP326,MP326 - City of Mbombela,Mpumalanga,vd_code_match
2006,54790308,MP322,MP322 - Mbombela [Nelspruit],Mpumalanga,2246,MP326,MP326 - City of Mbombela,Mpumalanga,vd_code_match
2006,54790319,MP322,MP322 - Mbombela [Nelspruit],Mpumalanga,3616,MP326,MP326 - City of Mbombela,Mpumalanga,vd_code_match
2006,54790320,MP322,MP322 - Mbombela [Nelspruit],Mpumalanga,1990,MP326,MP326 - City of Mbombela,Mpumalanga,vd_code_match
2006,54790331,MP322,MP322 - Mbombela [Nelspruit],Mpumalanga,3631,MP326,MP326 - City of Mbombela,Mpumalanga,vd_code_match
2006,54790342,MP322,MP322 - Mbombela [Nelspruit],Mpumalanga,1950,MP326,MP326 - City of Mbombela,Mpumalanga,vd_code_match
2006,54790353,MP322,MP322 - Mbombela [Nelspruit],Mpumalanga,2185,MP326,MP326 - City of Mbombela,Mpumalanga,vd_code_match
2006,54790364,MP322,MP322 - Mbombela [Nelspruit],Mpumalanga,879,MP326,MP326 - City of Mbombela,Mpumalanga,vd_code_match
2006,54790375,MP322,MP322 - Mbombela [Nelspruit],Mpumalanga,1493,MP326,MP326 - City of Mbombela,Mpumalanga,vd_code_match
2006,54790386,MP322,MP322 - Mbombela [Nelspruit],Mpumalanga,2267,MP326,MP326 - City of Mbombela,Mpumalanga,vd_code_match
2006,54790397,MP322,MP322 - Mbombela [Nelspruit],Mpumalanga,2640,MP326,MP326 - City of Mbombela,Mpumalanga,vd_code_match
2006,54790409,MP322,MP322 - Mbombela [Nelspruit],Mpumalanga,957,MP326,MP326 - City of Mbombela,Mpumalanga,vd_code_match
2006,54790410,MP322,MP322 - Mbombela [Nelspruit],Mpumalanga,2549,MP326,MP326 - City of Mbombela,Mpumalanga,vd_code_match
2006,54790421,MP322,MP322 - Mbombela [Nelspruit],Mpumalanga,1680,MP326,MP326 - City of Mbombela,Mpumalanga,vd_code_match
2006,54790432,MP322,MP322 - Mbombela [Nelspruit],Mpumalanga,2653,MP326,MP326 - City of Mbombela,Mpumalanga,vd_code_match
2006,54790443,MP322,MP322 - Mbombela [Nelspruit],Mpumalanga,2779,MP326,MP326 - City of Mbombela,Mpumalanga,vd_code_match
2006,54790454,MP322,MP322 - Mbombela [Nelspruit],Mpumalanga,906,MP326,MP326 - City of Mbombela,Mpumalanga,vd_code_match
2006,54790465,MP322,MP322 - Mbombela [Nelspruit],Mpumalanga,1820,MP326,MP326 - City of Mbombela,Mpumalanga,vd_code_match
2006,54790476,MP322,MP322 - Mbombela [Nelspruit],Mpumalanga,76,MP326,MP326 - City of Mbombela,Mpumalanga,municipality_majority
2006,54790487,MP322,MP322 - Mbombela [Nelspruit],Mpumalanga,482,MP326,MP326 - City of Mbombela,Mpumalanga,vd_code_match
2006,54790498,MP322,MP322 - Mbombela [Nelspruit],Mpumalanga,843,MP326,MP326 - City of Mbombela,Mpumalanga,vd_code_match
2006,54790500,MP322,MP322 - Mbombela [Nelspruit],Mpumalanga,577,MP326,MP326 - City of Mbombela,Mpumalanga,vd_code_match
2006,54790511,MP322,MP322 - Mbombela [Nelspruit],Mpumalanga,1225,MP326,MP326 - City of Mbombela,Mpumalanga,vd_code_match
2006,54790522,MP322,MP322 - Mbombela [Nelspruit],Mpumalanga,528,MP326,MP326 - City of Mbombela,Mpumalanga,vd_code_match
2006,54790533,MP322,MP322 - Mbombela [Nelspruit],Mpumalanga,381,MP326,MP326 - City of Mbombela,Mpumalanga,vd_code_match
2006,54790544,MP322,MP322 - Mbombela [Nelspruit],Mpumalanga,523,MP326,MP326 - City of Mbombela,Mpumalanga,vd_code_match
2006,54790555,MP322,MP322 - Mbombela [Nelspruit],Mpumalanga,622,MP326,MP326 - City of Mbombela,Mpumalanga,vd_code_match
2006,54790566,MP322,MP322 - Mbombela [Nelspruit],Mpumalanga,521,MP326,MP326 - City of Mbombela,Mpumalanga,vd_code_match
2006,54790577,MP322,MP322 - Mbombela [Nelspruit],Mpumalanga,321,MP326,MP326 - City of Mbombela,Mpumalanga,vd_code_match
2006,54790588,MP322,MP322 - Mbombela [Nelspruit],Mpumalanga,390,MP326,MP326 - City of Mbombela,Mpumalanga,vd_code_match
2006,54790599,MP322,MP322 - Mbombela [Nelspruit],Mpumalanga,545,MP326,MP326 - City of Mbombela,Mpumalanga,vd_code_match
2006,54790601,MP322,MP322 - Mbombela [Nelspruit],Mpumalanga,458,MP326,MP326 - City of Mbombela,Mpumalanga,vd_code_match
2006,54790612,MP322,MP322 - Mbombela [Nelspruit],Mpumalanga,515,MP326,MP326 - City of Mbombela,Mpumalanga,vd_code_match
2006,54790623,MP322,MP322 - Mbombela [Nelspruit],Mpumalanga,649,MP326,MP326 - City of Mbombela,Mpumalanga,vd_code_match
2006,54800018,MP321,MP321 - Thaba Chweu [Sabie],Mpumalanga,3487,MP321,MP321 - Thaba Chweu,Mpumalanga,vd_code_match
2006,54800029,MP321,MP321 - Thaba Chweu [Sabie],Mpumalanga,3169,MP321,MP321 - Thaba Chweu,Mpumalanga,vd_code_match
2006,54830011,MP322,MP322 - Mbombela [Nelspruit],Mpumalanga,3433,MP326,MP326 - City of Mbombela,Mpumalanga,vd_code_match
2006,54830022,MP322,MP322 - Mbombela [Nelspruit],Mpumalanga,2626,MP326,MP326 - City of Mbombela,Mpumalanga,vd_code_match
2006,54830033,MP322,MP322 - Mbombela [Nelspruit],Mpumalanga,1837,MP326,MP326 - City of Mbombela,Mpumalanga,vd_code_match
2006,54830044,MP322,MP322 - Mbombela [Nelspruit],Mpumalanga,2308,MP326,MP326 - City of Mbombela,Mpumalanga,vd_code_match
2006,54830055,MP322,MP322 - Mbombela [Nelspruit],Mpumalanga,2217,MP326,MP326 - City of Mbombela,Mpumalanga,vd_code_match
2006,54830066,MP322,MP322 - Mbombela [Nelspruit],Mpumalanga,2360,MP326,MP326 - City of Mbombela,Mpumalanga,vd_code_match
2006,54830077,MP322,MP322 - Mbombela [Nelspruit],Mpumalanga,1501,MP326,MP326 - City of Mbombela,Mpumalanga,vd_code_match
2006,54830088,MP322,MP322 - Mbombela [Nelspruit],Mpumalanga,2087,MP326,MP326 - City of Mbombela,Mpumalanga,vd_code_match
2006,54830099,MP322,MP322 - Mbombela [Nelspruit],Mpumalanga,32,MP326,MP326 - City of Mbombela,Mpumalanga,vd_code_match
2006,54840012,MP323,MP323 - Umjindi [Barberton],Mpumalanga,545,MP326,MP326 - City of Mbombela,Mpumalanga,vd_code_match
2006,54840034,MP323,MP323 - Umjindi [Barberton],Mpumalanga,921,MP326,MP326 - City of Mbombela,Mpumalanga,vd_code_match
2006,54840045,MP323,MP323 - Umjindi [Barberton],Mpumalanga,258,MP326,MP326 - City of Mbombela,Mpumalanga,vd_code_match
2006,54840056,MP323,MP323 - Umjindi [Barberton],Mpumalanga,360,MP326,MP326 - City of Mbombela,Mpumalanga,vd_code_match
2006,54840067,MP323,MP323 - Umjindi [Barberton],Mpumalanga,978,MP326,MP326 - City of Mbombela,Mpumalanga,vd_code_match
2006,54840078,MP323,MP323 - Umjindi [Barberton],Mpumalanga,1080,MP326,MP326 - City of Mbombela,Mpumalanga,vd_code_match
2006,54840089,MP323,MP323 - Umjindi [Barberton],Mpumalanga,794,MP326,MP326 - City of Mbombela,Mpumalanga,vd_code_match
2006,54840102,MP323,MP323 - Umjindi [Barberton],Mpumalanga,177,MP326,MP326 - City of Mbombela,Mpumalanga,vd_code_match
2006,54840113,MP323,MP323 - Umjindi [Barberton],Mpumalanga,772,MP326,MP326 - City of Mbombela,Mpumalanga,vd_code_match
2006,54840135,MP323,MP323 - Umjindi [Barberton],Mpumalanga,639,MP326,MP326 - City of Mbombela,Mpumalanga,vd_code_match
2006,54840146,MP323,MP323 - Umjindi [Barberton],Mpumalanga,908,MP326,MP326 - City of Mbombela,Mpumalanga,vd_code_match
2006,54840157,MP323,MP323 - Umjindi [Barberton],Mpumalanga,828,MP326,MP326 - City of Mbombela,Mpumalanga,vd_code_match
2006,54840179,MP323,MP323 - Umjindi [Barberton],Mpumalanga,61,MP326,MP326 - City of Mbombela,Mpumalanga,vd_code_match
2006,54850013,MPDMA32 [Kruger Park],MPDMA32 [Kruger Park],Mpumalanga,562,MP325,MP325 - Bushbuckridge,Mpumalanga,vd_code_match
2006,54850024,MPDMA32 [Kruger Park],MPDMA32 [Kruger Park],Mpumalanga,91,MP325,MP325 - Bushbuckridge,Mpumalanga,vd_code_match
2006,54860014,MP321,MP321 - Thaba Chweu [Sabie],Mpumalanga,897,MP321,MP321 - Thaba Chweu,Mpumalanga,vd_code_match
2006,54860036,MP321,MP321 - Thaba Chweu [Sabie],Mpumalanga,944,MP321,MP321 - Thaba Chweu,Mpumalanga,vd_code_match
2006,54860070,MP321,MP321 - Thaba Chweu [Sabie],Mpumalanga,1105,MP321,MP321 - Thaba Chweu,Mpumalanga,vd_code_match
2006,54860137,MP321,MP321 - Thaba Chweu [Sabie],Mpumalanga,412,MP321,MP321 - Thaba Chweu,Mpumalanga,vd_code_match
2006,54860159,MP321,MP321 - Thaba Chweu [Sabie],Mpumalanga,111,MP321,MP321 - Thaba Chweu,Mpumalanga,vd_code_match
2006,54860193,MP321,MP321 - Thaba Chweu [Sabie],Mpumalanga,139,MP321,MP321 - Thaba Chweu,Mpumalanga,vd_code_match
2006,54860205,MP321,MP321 - Thaba Chweu [Sabie],Mpumalanga,131,MP321,MP321 - Thaba Chweu,Mpumalanga,vd_code_match
2006,54860216,MP321,MP321 - Thaba Chweu [Sabie],Mpumalanga,48,MP321,MP321 - Thaba Chweu,Mpumalanga,vd_code_match
2006,54870015,MP322,MP322 - Mbombela [Nelspruit],Mpumalanga,354,MP326,MP326 - City of Mbombela,Mpumalanga,vd_code_match
2006,54870026,MP322,MP322 - Mbombela [Nelspruit],Mpumalanga,683,MP326,MP326 - City of Mbombela,Mpumalanga,vd_code_match
2006,54870037,MP322,MP322 - Mbombela [Nelspruit],Mpumalanga,1081,MP326,MP326 - City of Mbombela,Mpumalanga,vd_code_match
2006,54870048,MP322,MP322 - Mbombela [Nelspruit],Mpumalanga,1136,MP326,MP326 - City of Mbombela,Mpumalanga,vd_code_match
2006,54870059,MP322,MP322 - Mbombela [Nelspruit],Mpumalanga,277,MP326,MP326 - City of Mbombela,Mpumalanga,vd_code_match
2006,54870060,MP322,MP322 - Mbombela [Nelspruit],Mpumalanga,1117,MP326,MP326 - City of Mbombela,Mpumalanga,vd_code_match
2006,54870082,MP321,MP321 - Thaba Chweu [Sabie],Mpumalanga,799,MP321,MP321 - Thaba Chweu,Mpumalanga,vd_code_match
2006,54870093,MP322,MP322 - Mbombela [Nelspruit],Mpumalanga,479,MP326,MP326 - City of Mbombela,Mpumalanga,vd_code_match
2006,54870105,MP322,MP322 - Mbombela [Nelspruit],Mpumalanga,134,MP326,MP326 - City of Mbombela,Mpumalanga,municipality_majority
2006,54870116,MP322,MP322 - Mbombela [Nelspruit],Mpumalanga,1095,MP326,MP326 - City of Mbombela,Mpumalanga,vd_code_match
2006,54870138,MP322,MP322 - Mbombela [Nelspruit],Mpumalanga,1175,MP326,MP326 - City of Mbombela,Mpumalanga,vd_code_match
2006,54870149,MP322,MP322 - Mbombela [Nelspruit],Mpumalanga,552,MP326,MP326 - City of Mbombela,Mpumalanga,vd_code_match
2006,54870161,MP322,MP322 - Mbombela [Nelspruit],Mpumalanga,269,MP326,MP326 - City of Mbombela,Mpumalanga,municipality_majority
2006,54870172,MP322,MP322 - Mbombela [Nelspruit],Mpumalanga,778,MP326,MP326 - City of Mbombela,Mpumalanga,vd_code_match
2006,54870183,MP322,MP322 - Mbombela [Nelspruit],Mpumalanga,2581,MP326,MP326 - City of Mbombela,Mpumalanga,vd_code_match
2006,54870194,MP322,MP322 - Mbombela [Nelspruit],Mpumalanga,1109,MP326,MP326 - City of Mbombela,Mpumalanga,vd_code_match
2006,54870206,MP322,MP322 - Mbombela [Nelspruit],Mpumalanga,654,MP326,MP326 - City of Mbombela,Mpumalanga,municipality_majority
2006,54870228,MP322,MP322 - Mbombela [Nelspruit],Mpumalanga,769,MP326,MP326 - City of Mbombela,Mpumalanga,vd_code_match
2006,54870239,MP322,MP322 - Mbombela [Nelspruit],Mpumalanga,125,MP326,MP326 - City of Mbombela,Mpumalanga,vd_code_match
2006,54880016,MP324,MP324 - Nkomazi [Nkomazi],Mpumalanga,1533,MP324,MP324 - Nkomazi,Mpumalanga,vd_code_match
2006,54880027,MP324,MP324 - Nkomazi [Nkomazi],Mpumalanga,313,MP324,MP324 - Nkomazi,Mpumalanga,vd_code_match
2006,54880038,MP324,MP324 - Nkomazi [Nkomazi],Mpumalanga,986,MP324,MP324 - Nkomazi,Mpumalanga,vd_code_match
2006,54880049,MP324,MP324 - Nkomazi [Nkomazi],Mpumalanga,1332,MP324,MP324 - Nkomazi,Mpumalanga,vd_code_match
2006,54880050,MP324,MP324 - Nkomazi [Nkomazi],Mpumalanga,844,MP324,MP324 - Nkomazi,Mpumalanga,vd_code_match
2006,54880061,MP324,MP324 - Nkomazi [Nkomazi],Mpumalanga,1928,MP324,MP324 - Nkomazi,Mpumalanga,vd_code_match
2006,54880083,MP324,MP324 - Nkomazi [Nkomazi],Mpumalanga,2091,MP324,MP324 - Nkomazi,Mpumalanga,vd_code_match
2006,54880094,MP324,MP324 - Nkomazi [Nkomazi],Mpumalanga,1043,MP324,MP324 - Nkomazi,Mpumalanga,vd_code_match
2006,54880106,MP324,MP324 - Nkomazi [Nkomazi],Mpumalanga,1525,MP324,MP324 - Nkomazi,Mpumalanga,vd_code_match
2006,54880117,MP324,MP324 - Nkomazi [Nkomazi],Mpumalanga,1839,MP324,MP324 - Nkomazi,Mpumalanga,vd_code_match
2006,54880139,MP324,MP324 - Nkomazi [Nkomazi],Mpumalanga,2413,MP324,MP324 - Nkomazi,Mpumalanga,vd_code_match
2006,54880162,MP324,MP324 - Nkomazi [Nkomazi],Mpumalanga,2323,MP324,MP324 - Nkomazi,Mpumalanga,vd_code_match
2006,54880173,MP324,MP324 - Nkomazi [Nkomazi],Mpumalanga,521,MP324,MP324 - Nkomazi,Mpumalanga,vd_code_match
2006,54880184,MP324,MP324 - Nkomazi [Nkomazi],Mpumalanga,894,MP324,MP324 - Nkomazi,Mpumalanga,vd_code_match
2006,54880195,MP324,MP324 - Nkomazi [Nkomazi],Mpumalanga,2061,MP324,MP324 - Nkomazi,Mpumalanga,vd_code_match
2006,54880207,MP324,MP324 - Nkomazi [Nkomazi],Mpumalanga,796,MP324,MP324 - Nkomazi,Mpumalanga,vd_code_match
2006,54880229,MP324,MP324 - Nkomazi [Nkomazi],Mpumalanga,1280,MP324,MP324 - Nkomazi,Mpumalanga,vd_code_match
2006,54880230,MP324,MP324 - Nkomazi [Nkomazi],Mpumalanga,1846,MP324,MP324 - Nkomazi,Mpumalanga,vd_code_match
2006,54880241,MP324,MP324 - Nkomazi [Nkomazi],Mpumalanga,1581,MP324,MP324 - Nkomazi,Mpumalanga,vd_code_match
2006,54880252,MP324,MP324 - Nkomazi [Nkomazi],Mpumalanga,579,MP324,MP324 - Nkomazi,Mpumalanga,vd_code_match
2006,54880263,MP324,MP324 - Nkomazi [Nkomazi],Mpumalanga,559,MP324,MP324 - Nkomazi,Mpumalanga,vd_code_match
2006,54880274,MP324,MP324 - Nkomazi [Nkomazi],Mpumalanga,670,MP324,MP324 - Nkomazi,Mpumalanga,vd_code_match
2006,54880285,MP324,MP324 - Nkomazi [Nkomazi],Mpumalanga,2108,MP324,MP324 - Nkomazi,Mpumalanga,vd_code_match
2006,54880296,MP324,MP324 - Nkomazi [Nkomazi],Mpumalanga,1097,MP324,MP324 - Nkomazi,Mpumalanga,vd_code_match
2006,54880308,MP324,MP324 - Nkomazi [Nkomazi],Mpumalanga,1594,MP324,MP324 - Nkomazi,Mpumalanga,vd_code_match
2006,54880319,MP324,MP324 - Nkomazi [Nkomazi],Mpumalanga,1004,MP324,MP324 - Nkomazi,Mpumalanga,vd_code_match
2006,54880342,MP324,MP324 - Nkomazi [Nkomazi],Mpumalanga,2886,MP324,MP324 - Nkomazi,Mpumalanga,vd_code_match
2006,54880364,MP324,MP324 - Nkomazi [Nkomazi],Mpumalanga,593,MP324,MP324 - Nkomazi,Mpumalanga,vd_code_match
2006,54880375,MP324,MP324 - Nkomazi [Nkomazi],Mpumalanga,867,MP324,MP324 - Nkomazi,Mpumalanga,vd_code_match
2006,54880386,MP324,MP324 - Nkomazi [Nkomazi],Mpumalanga,771,MP324,MP324 - Nkomazi,Mpumalanga,vd_code_match
2006,54880397,MP324,MP324 - Nkomazi [Nkomazi],Mpumalanga,1226,MP324,MP324 - Nkomazi,Mpumalanga,vd_code_match
2006,54880409,MP324,MP324 - Nkomazi [Nkomazi],Mpumalanga,618,MP324,MP324 - Nkomazi,Mpumalanga,vd_code_match
2006,54880410,MP324,MP324 - Nkomazi [Nkomazi],Mpumalanga,1346,MP324,MP324 - Nkomazi,Mpumalanga,vd_code_match
2006,54880421,MP324,MP324 - Nkomazi [Nkomazi],Mpumalanga,1496,MP324,MP324 - Nkomazi,Mpumalanga,vd_code_match
2006,54880432,MP324,MP324 - Nkomazi [Nkomazi],Mpumalanga,388,MP324,MP324 - Nkomazi,Mpumalanga,vd_code_match
2006,54880443,MP324,MP324 - Nkomazi [Nkomazi],Mpumalanga,733,MP324,MP324 - Nkomazi,Mpumalanga,vd_code_match
2006,54880454,MP324,MP324 - Nkomazi [Nkomazi],Mpumalanga,470,MP324,MP324 - Nkomazi,Mpumalanga,vd_code_match
2006,54880465,MP324,MP324 - Nkomazi [Nkomazi],Mpumalanga,552,MP324,MP324 - Nkomazi,Mpumalanga,vd_code_match
2006,54880476,MP324,MP324 - Nkomazi [Nkomazi],Mpumalanga,440,MP324,MP324 - Nkomazi,Mpumalanga,vd_code_match
2006,54880487,MP324,MP324 - Nkomazi [Nkomazi],Mpumalanga,650,MP324,MP324 - Nkomazi,Mpumalanga,vd_code_match
2006,54880498,MP324,MP324 - Nkomazi [Nkomazi],Mpumalanga,383,MP324,MP324 - Nkomazi,Mpumalanga,vd_code_match
2006,54890017,MP324,MP324 - Nkomazi [Nkomazi],Mpumalanga,1305,MP324,MP324 - Nkomazi,Mpumalanga,vd_code_match
2006,54890039,MP324,MP324 - Nkomazi [Nkomazi],Mpumalanga,137,MP324,MP324 - Nkomazi,Mpumalanga,vd_code_match
2006,54890040,MP324,MP324 - Nkomazi [Nkomazi],Mpumalanga,786,MP324,MP324 - Nkomazi,Mpumalanga,vd_code_match
2006,54890051,MP324,MP324 - Nkomazi [Nkomazi],Mpumalanga,339,MP324,MP324 - Nkomazi,Mpumalanga,vd_code_match
2006,54890073,MP324,MP324 - Nkomazi [Nkomazi],Mpumalanga,564,MP324,MP324 - Nkomazi,Mpumalanga,vd_code_match
2006,54890084,MP324,MP324 - Nkomazi [Nkomazi],Mpumalanga,913,MP324,MP324 - Nkomazi,Mpumalanga,vd_code_match
2006,54890095,MP323,MP323 - Umjindi [Barberton],Mpumalanga,1023,MP326,MP326 - City of Mbombela,Mpumalanga,vd_code_match
2006,54890118,MP324,MP324 - Nkomazi [Nkomazi],Mpumalanga,736,MP324,MP324 - Nkomazi,Mpumalanga,vd_code_match
2006,54890130,MP324,MP324 - Nkomazi [Nkomazi],Mpumalanga,798,MP324,MP324 - Nkomazi,Mpumalanga,vd_code_match
2006,54890141,MP324,MP324 - Nkomazi [Nkomazi],Mpumalanga,1372,MP324,MP324 - Nkomazi,Mpumalanga,vd_code_match
2006,54890152,MP324,MP324 - Nkomazi [Nkomazi],Mpumalanga,807,MP324,MP324 - Nkomazi,Mpumalanga,vd_code_match
2006,54890163,MP324,MP324 - Nkomazi [Nkomazi],Mpumalanga,1779,MP324,MP324 - Nkomazi,Mpumalanga,vd_code_match
2006,54890174,MP324,MP324 - Nkomazi [Nkomazi],Mpumalanga,1044,MP324,MP324 - Nkomazi,Mpumalanga,vd_code_match
2006,54890185,MP324,MP324 - Nkomazi [Nkomazi],Mpumalanga,836,MP324,MP324 - Nkomazi,Mpumalanga,vd_code_match
2006,54890196,MP324,MP324 - Nkomazi [Nkomazi],Mpumalanga,1088,MP324,MP324 - Nkomazi,Mpumalanga,vd_code_match
2006,54890208,MP324,MP324 - Nkomazi [Nkomazi],Mpumalanga,1384,MP324,MP324 - Nkomazi,Mpumalanga,vd_code_match
2006,54890219,MP324,MP324 - Nkomazi [Nkomazi],Mpumalanga,932,MP324,MP324 - Nkomazi,Mpumalanga,vd_code_match
2006,54890220,MP324,MP324 - Nkomazi [Nkomazi],Mpumalanga,1503,MP324,MP324 - Nkomazi,Mpumalanga,vd_code_match
2006,54890231,MP324,MP324 - Nkomazi [Nkomazi],Mpumalanga,1396,MP324,MP324 - Nkomazi,Mpumalanga,vd_code_match
2006,54890242,MP324,MP324 - Nkomazi [Nkomazi],Mpumalanga,1325,MP324,MP324 - Nkomazi,Mpumalanga,vd_code_match
2006,54890253,MP324,MP324 - Nkomazi [Nkomazi],Mpumalanga,848,MP324,MP324 - Nkomazi,Mpumalanga,vd_code_match
2006,54890264,MP324,MP324 - Nkomazi [Nkomazi],Mpumalanga,1290,MP324,MP324 - Nkomazi,Mpumalanga,vd_code_match
2006,54890275,MP324,MP324 - Nkomazi [Nkomazi],Mpumalanga,1455,MP324,MP324 - Nkomazi,Mpumalanga,vd_code_match
2006,54890286,MP324,MP324 - Nkomazi [Nkomazi],Mpumalanga,499,MP324,MP324 - Nkomazi,Mpumalanga,vd_code_match
2006,54890297,MP324,MP324 - Nkomazi [Nkomazi],Mpumalanga,578,MP324,MP324 - Nkomazi,Mpumalanga,vd_code_match
2006,54890309,MP324,MP324 - Nkomazi [Nkomazi],Mpumalanga,1073,MP324,MP324 - Nkomazi,Mpumalanga,vd_code_match
2006,54890310,MP324,MP324 - Nkomazi [Nkomazi],Mpumalanga,1178,MP324,MP324 - Nkomazi,Mpumalanga,vd_code_match
2006,54890321,MP324,MP324 - Nkomazi [Nkomazi],Mpumalanga,990,MP324,MP324 - Nkomazi,Mpumalanga,vd_code_match
2006,54890332,MP324,MP324 - Nkomazi [Nkomazi],Mpumalanga,1364,MP324,MP324 - Nkomazi,Mpumalanga,vd_code_match
2006,54890343,MP324,MP324 - Nkomazi [Nkomazi],Mpumalanga,397,MP324,MP324 - Nkomazi,Mpumalanga,vd_code_match
2006,54890354,MP324,MP324 - Nkomazi [Nkomazi],Mpumalanga,565,MP324,MP324 - Nkomazi,Mpumalanga,vd_code_match
2006,54890365,MP324,MP324 - Nkomazi [Nkomazi],Mpumalanga,703,MP324,MP324 - Nkomazi,Mpumalanga,vd_code_match
2006,54890376,MP324,MP324 - Nkomazi [Nkomazi],Mpumalanga,863,MP324,MP324 - Nkomazi,Mpumalanga,vd_code_match
2006,54890387,MP324,MP324 - Nkomazi [Nkomazi],Mpumalanga,1718,MP324,MP324 - Nkomazi,Mpumalanga,vd_code_match
2006,54890398,MP324,MP324 - Nkomazi [Nkomazi],Mpumalanga,1701,MP324,MP324 - Nkomazi,Mpumalanga,vd_code_match
2006,54890400,MP324,MP324 - Nkomazi [Nkomazi],Mpumalanga,1402,MP324,MP324 - Nkomazi,Mpumalanga,vd_code_match
2006,54890411,MP324,MP324 - Nkomazi [Nkomazi],Mpumalanga,1322,MP324,MP324 - Nkomazi,Mpumalanga,vd_code_match
2006,54890422,MP324,MP324 - Nkomazi [Nkomazi],Mpumalanga,643,MP324,MP324 - Nkomazi,Mpumalanga,vd_code_match
2006,54890433,MP324,MP324 - Nkomazi [Nkomazi],Mpumalanga,1494,MP324,MP324 - Nkomazi,Mpumalanga,vd_code_match
2006,54890444,MP324,MP324 - Nkomazi [Nkomazi],Mpumalanga,716,MP324,MP324 - Nkomazi,Mpumalanga,vd_code_match
2006,54890455,MP324,MP324 - Nkomazi [Nkomazi],Mpumalanga,1465,MP324,MP324 - Nkomazi,Mpumalanga,vd_code_match
2006,54890466,MP324,MP324 - Nkomazi [Nkomazi],Mpumalanga,733,MP324,MP324 - Nkomazi,Mpumalanga,vd_code_match
2006,54890477,MP324,MP324 - Nkomazi [Nkomazi],Mpumalanga,1204,MP324,MP324 - Nkomazi,Mpumalanga,vd_code_match
2006,54890499,MP324,MP324 - Nkomazi [Nkomazi],Mpumalanga,640,MP324,MP324 - Nkomazi,Mpumalanga,vd_code_match
2006,54890501,MP324,MP324 - Nkomazi [Nkomazi],Mpumalanga,578,MP324,MP324 - Nkomazi,Mpumalanga,vd_code_match
2006,54890512,MP324,MP324 - Nkomazi [Nkomazi],Mpumalanga,1623,MP324,MP324 - Nkomazi,Mpumalanga,vd_code_match
2006,54890523,MP324,MP324 - Nkomazi [Nkomazi],Mpumalanga,982,MP324,MP324 - Nkomazi,Mpumalanga,vd_code_match
2006,54890534,MP324,MP324 - Nkomazi [Nkomazi],Mpumalanga,1276,MP324,MP324 - Nkomazi,Mpumalanga,vd_code_match
2006,54890556,MP324,MP324 - Nkomazi [Nkomazi],Mpumalanga,890,MP324,MP324 - Nkomazi,Mpumalanga,vd_code_match
2006,54890567,MP324,MP324 - Nkomazi [Nkomazi],Mpumalanga,1052,MP324,MP324 - Nkomazi,Mpumalanga,vd_code_match
2006,54890578,MP324,MP324 - Nkomazi [Nkomazi],Mpumalanga,907,MP324,MP324 - Nkomazi,Mpumalanga,vd_code_match
2006,54890589,MP324,MP324 - Nkomazi [Nkomazi],Mpumalanga,1050,MP324,MP324 - Nkomazi,Mpumalanga,vd_code_match
2006,54890590,MP324,MP324 - Nkomazi [Nkomazi],Mpumalanga,873,MP324,MP324 - Nkomazi,Mpumalanga,vd_code_match
2006,54890602,MP324,MP324 - Nkomazi [Nkomazi],Mpumalanga,633,MP324,MP324 - Nkomazi,Mpumalanga,vd_code_match
2006,54890613,MP324,MP324 - Nkomazi [Nkomazi],Mpumalanga,429,MP324,MP324 - Nkomazi,Mpumalanga,vd_code_match
2006,54890624,MP324,MP324 - Nkomazi [Nkomazi],Mpumalanga,1848,MP324,MP324 - Nkomazi,Mpumalanga,vd_code_match
2006,54890635,MP324,MP324 - Nkomazi [Nkomazi],Mpumalanga,171,MP324,MP324 - Nkomazi,Mpumalanga,vd_code_match
2006,54890646,MP324,MP324 - Nkomazi [Nkomazi],Mpumalanga,911,MP324,MP324 - Nkomazi,Mpumalanga,vd_code_match
2006,54890657,MP324,MP324 - Nkomazi [Nkomazi],Mpumalanga,2176,MP324,MP324 - Nkomazi,Mpumalanga,vd_code_match
2006,54890668,MP324,MP324 - Nkomazi [Nkomazi],Mpumalanga,508,MP324,MP324 - Nkomazi,Mpumalanga,vd_code_match
2006,54890679,MP324,MP324 - Nkomazi [Nkomazi],Mpumalanga,1304,MP324,MP324 - Nkomazi,Mpumalanga,vd_code_match
2006,54890680,MP324,MP324 - Nkomazi [Nkomazi],Mpumalanga,997,MP324,MP324 - Nkomazi,Mpumalanga,vd_code_match
2006,54890691,MP324,MP324 - Nkomazi [Nkomazi],Mpumalanga,734,MP324,MP324 - Nkomazi,Mpumalanga,vd_code_match
2006,54890703,MP324,MP324 - Nkomazi [Nkomazi],Mpumalanga,55,MP324,MP324 - Nkomazi,Mpumalanga,vd_code_match
2006,54890725,MP324,MP324 - Nkomazi [Nkomazi],Mpumalanga,146,MP324,MP324 - Nkomazi,Mpumalanga,vd_code_match
2006,54890736,MP324,MP324 - Nkomazi [Nkomazi],Mpumalanga,384,MP324,MP324 - Nkomazi,Mpumalanga,vd_code_match
2006,54890747,MP324,MP324 - Nkomazi [Nkomazi],Mpumalanga,422,MP324,MP324 - Nkomazi,Mpumalanga,vd_code_match
2006,54890758,MP324,MP324 - Nkomazi [Nkomazi],Mpumalanga,629,MP324,MP324 - Nkomazi,Mpumalanga,vd_code_match
2006,54890769,MP324,MP324 - Nkomazi [Nkomazi],Mpumalanga,549,MP324,MP324 - Nkomazi,Mpumalanga,vd_code_match
2006,54890770,MP324,MP324 - Nkomazi [Nkomazi],Mpumalanga,384,MP324,MP324 - Nkomazi,Mpumalanga,vd_code_match
2006,54890781,MP324,MP324 - Nkomazi [Nkomazi],Mpumalanga,698,MP324,MP324 - Nkomazi,Mpumalanga,vd_code_match
2006,54890792,MP324,MP324 - Nkomazi [Nkomazi],Mpumalanga,1217,MP324,MP324 - Nkomazi,Mpumalanga,vd_code_match
2006,54890804,MP324,MP324 - Nkomazi [Nkomazi],Mpumalanga,676,MP324,MP324 - Nkomazi,Mpumalanga,vd_code_match
2006,54890815,MP324,MP324 - Nkomazi [Nkomazi],Mpumalanga,409,MP324,MP324 - Nkomazi,Mpumalanga,vd_code_match
2006,54890826,MP324,MP324 - Nkomazi [Nkomazi],Mpumalanga,442,MP324,MP324 - Nkomazi,Mpumalanga,vd_code_match
2006,54890837,MP324,MP324 - Nkomazi [Nkomazi],Mpumalanga,620,MP324,MP324 - Nkomazi,Mpumalanga,vd_code_match
2006,54890848,MP324,MP324 - Nkomazi [Nkomazi],Mpumalanga,199,MP324,MP324 - Nkomazi,Mpumalanga,vd_code_match
2006,54900019,MP321,MP321 - Thaba Chweu [Sabie],Mpumalanga,803,MP321,MP321 - Thaba Chweu,Mpumalanga,vd_code_match
2006,54900020,MP321,MP321 - Thaba Chweu [Sabie],Mpumalanga,1899,MP321,MP321 - Thaba Chweu,Mpumalanga,vd_code_match
2006,54900031,MP321,MP321 - Thaba Chweu [Sabie],Mpumalanga,1172,MP321,MP321 - Thaba Chweu,Mpumalanga,vd_code_match
2006,54900042,MP321,MP321 - Thaba Chweu [Sabie],Mpumalanga,1381,MP321,MP321 - Thaba Chweu,Mpumalanga,vd_code_match
2006,54900053,MP321,MP321 - Thaba Chweu [Sabie],Mpumalanga,929,MP321,MP321 - Thaba Chweu,Mpumalanga,vd_code_match
2006,54900064,MP321,MP321 - Thaba Chweu [Sabie],Mpumalanga,1267,MP321,MP321 - Thaba Chweu,Mpumalanga,vd_code_match
2006,54900075,MP321,MP321 - Thaba Chweu [Sabie],Mpumalanga,471,MP321,MP321 - Thaba Chweu,Mpumalanga,vd_code_match
2006,54900086,MP321,MP321 - Thaba Chweu [Sabie],Mpumalanga,388,MP321,MP321 - Thaba Chweu,Mpumalanga,vd_code_match
2006,54900097,MP321,MP321 - Thaba Chweu [Sabie],Mpumalanga,1866,MP321,MP321 - Thaba Chweu,Mpumalanga,vd_code_match
2006,54900109,MP321,MP321 - Thaba Chweu [Sabie],Mpumalanga,317,MP321,MP321 - Thaba Chweu,Mpumalanga,vd_code_match
2006,54900110,MP321,MP321 - Thaba Chweu [Sabie],Mpumalanga,459,MP321,MP321 - Thaba Chweu,Mpumalanga,vd_code_match
2006,54900121,MP321,MP321 - Thaba Chweu [Sabie],Mpumalanga,526,MP321,MP321 - Thaba Chweu,Mpumalanga,vd_code_match
2006,54900132,MP321,MP321 - Thaba Chweu [Sabie],Mpumalanga,387,MP321,MP321 - Thaba Chweu,Mpumalanga,vd_code_match
2006,54900154,MP321,MP321 - Thaba Chweu [Sabie],Mpumalanga,175,MP321,MP321 - Thaba Chweu,Mpumalanga,vd_code_match
2006,54910010,MP321,MP321 - Thaba Chweu [Sabie],Mpumalanga,1070,MP321,MP321 - Thaba Chweu,Mpumalanga,vd_code_match
2006,54910054,MP322,MP322 - Mbombela [Nelspruit],Mpumalanga,512,MP326,MP326 - City of Mbombela,Mpumalanga,vd_code_match
2006,54910065,MP322,MP322 - Mbombela [Nelspruit],Mpumalanga,2195,MP326,MP326 - City of Mbombela,Mpumalanga,vd_code_match
2006,54910076,MP322,MP322 - Mbombela [Nelspruit],Mpumalanga,1873,MP326,MP326 - City of Mbombela,Mpumalanga,vd_code_match
2006,54910087,MP322,MP322 - Mbombela [Nelspruit],Mpumalanga,2864,MP326,MP326 - City of Mbombela,Mpumalanga,vd_code_match
2006,54910100,MP322,MP322 - Mbombela [Nelspruit],Mpumalanga,1337,MP326,MP326 - City of Mbombela,Mpumalanga,vd_code_match
2006,54910111,MP322,MP322 - Mbombela [Nelspruit],Mpumalanga,1792,MP326,MP326 - City of Mbombela,Mpumalanga,vd_code_match
2006,54910144,MP322,MP322 - Mbombela [Nelspruit],Mpumalanga,1132,MP326,MP326 - City of Mbombela,Mpumalanga,vd_code_match
2006,54910155,MP322,MP322 - Mbombela [Nelspruit],Mpumalanga,1964,MP326,MP326 - City of Mbombela,Mpumalanga,vd_code_match
2006,54910177,MP322,MP322 - Mbombela [Nelspruit],Mpumalanga,2198,MP326,MP326 - City of Mbombela,Mpumalanga,vd_code_match
2006,54910188,MP322,MP322 - Mbombela [Nelspruit],Mpumalanga,1544,MP326,MP326 - City of Mbombela,Mpumalanga,vd_code_match
2006,54910212,MP322,MP322 - Mbombela [Nelspruit],Mpumalanga,663,MP326,MP326 - City of Mbombela,Mpumalanga,vd_code_match
2006,54910223,MP322,MP322 - Mbombela [Nelspruit],Mpumalanga,1441,MP326,MP326 - City of Mbombela,Mpumalanga,vd_code_match
2006,54910234,MP322,MP322 - Mbombela [Nelspruit],Mpumalanga,2110,MP326,MP326 - City of Mbombela,Mpumalanga,vd_code_match
2006,54910245,MP322,MP322 - Mbombela [Nelspruit],Mpumalanga,882,MP326,MP326 - City of Mbombela,Mpumalanga,vd_code_match
2006,54910256,MP322,MP322 - Mbombela [Nelspruit],Mpumalanga,880,MP326,MP326 - City of Mbombela,Mpumalanga,vd_code_match
2006,54910267,MP322,MP322 - Mbombela [Nelspruit],Mpumalanga,1399,MP326,MP326 - City of Mbombela,Mpumalanga,vd_code_match
2006,54910278,MP322,MP322 - Mbombela [Nelspruit],Mpumalanga,1592,MP326,MP326 - City of Mbombela,Mpumalanga,vd_code_match
2006,54910290,MP322,MP322 - Mbombela [Nelspruit],Mpumalanga,742,MP326,MP326 - City of Mbombela,Mpumalanga,vd_code_match
2006,54910313,MP322,MP322 - Mbombela [Nelspruit],Mpumalanga,1026,MP326,MP326 - City of Mbombela,Mpumalanga,vd_code_match
2006,54910324,MP322,MP322 - Mbombela [Nelspruit],Mpumalanga,789,MP326,MP326 - City of Mbombela,Mpumalanga,vd_code_match
2006,54910335,MP322,MP322 - Mbombela [Nelspruit],Mpumalanga,1536,MP326,MP326 - City of Mbombela,Mpumalanga,vd_code_match
2006,54910346,MP322,MP322 - Mbombela [Nelspruit],Mpumalanga,2378,MP326,MP326 - City of Mbombela,Mpumalanga,vd_code_match
2006,54910357,MP322,MP322 - Mbombela [Nelspruit],Mpumalanga,1710,MP326,MP326 - City of Mbombela,Mpumalanga,vd_code_match
2006,54910368,MP322,MP322 - Mbombela [Nelspruit],Mpumalanga,1220,MP326,MP326 - City of Mbombela,Mpumalanga,vd_code_match
2006,54910379,MP322,MP322 - Mbombela [Nelspruit],Mpumalanga,1778,MP326,MP326 - City of Mbombela,Mpumalanga,vd_code_match
2006,54910380,MP322,MP322 - Mbombela [Nelspruit],Mpumalanga,963,MP326,MP326 - City of Mbombela,Mpumalanga,vd_code_match
2006,54910391,MP322,MP322 - Mbombela [Nelspruit],Mpumalanga,449,MP326,MP326 - City of Mbombela,Mpumalanga,vd_code_match
2006,54910403,MP322,MP322 - Mbombela [Nelspruit],Mpumalanga,1429,MP326,MP326 - City of Mbombela,Mpumalanga,vd_code_match
2006,54910414,MP322,MP322 - Mbombela [Nelspruit],Mpumalanga,1352,MP326,MP326 - City of Mbombela,Mpumalanga,vd_code_match
2006,54910425,MP322,MP322 - Mbombela [Nelspruit],Mpumalanga,891,MP326,MP326 - City of Mbombela,Mpumalanga,vd_code_match
2006,54910436,MP322,MP322 - Mbombela [Nelspruit],Mpumalanga,1168,MP326,MP326 - City of Mbombela,Mpumalanga,vd_code_match
2006,54910447,MP322,MP322 - Mbombela [Nelspruit],Mpumalanga,993,MP326,MP326 - City of Mbombela,Mpumalanga,vd_code_match
2006,54910458,MP322,MP322 - Mbombela [Nelspruit],Mpumalanga,1535,MP326,MP326 - City of Mbombela,Mpumalanga,vd_code_match
2006,54910470,MP322,MP322 - Mbombela [Nelspruit],Mpumalanga,1569,MP326,MP326 - City of Mbombela,Mpumalanga,vd_code_match
2006,54910481,MP322,MP322 - Mbombela [Nelspruit],Mpumalanga,1168,MP326,MP326 - City of Mbombela,Mpumalanga,vd_code_match
2006,54910504,MP322,MP322 - Mbombela [Nelspruit],Mpumalanga,889,MP326,MP326 - City of Mbombela,Mpumalanga,vd_code_match
2006,54910515,MP322,MP322 - Mbombela [Nelspruit],Mpumalanga,1064,MP326,MP326 - City of Mbombela,Mpumalanga,vd_code_match
2006,54910526,MP322,MP322 - Mbombela [Nelspruit],Mpumalanga,1821,MP326,MP326 - City of Mbombela,Mpumalanga,vd_code_match
2006,54910537,MP322,MP322 - Mbombela [Nelspruit],Mpumalanga,953,MP326,MP326 - City of Mbombela,Mpumalanga,vd_code_match
2006,54910548,MP322,MP322 - Mbombela [Nelspruit],Mpumalanga,1668,MP326,MP326 - City of Mbombela,Mpumalanga,vd_code_match
2006,54910571,MP322,MP322 - Mbombela [Nelspruit],Mpumalanga,1431,MP326,MP326 - City of Mbombela,Mpumalanga,vd_code_match
2006,54910582,MPDMA32 [Kruger Park],MPDMA32 [Kruger Park],Mpumalanga,605,MP326,MP326 - City of Mbombela,Mpumalanga,vd_code_match
2006,54910593,MPDMA32 [Kruger Park],MPDMA32 [Kruger Park],Mpumalanga,1234,MP326,MP326 - City of Mbombela,Mpumalanga,vd_code_match
2006,54910616,MP322,MP322 - Mbombela [Nelspruit],Mpumalanga,1556,MP326,MP326 - City of Mbombela,Mpumalanga,vd_code_match
2006,54910627,MP322,MP322 - Mbombela [Nelspruit],Mpumalanga,310,MP326,MP326 - City of Mbombela,Mpumalanga,vd_code_match
2006,54910649,MP322,MP322 - Mbombela [Nelspruit],Mpumalanga,581,MP326,MP326 - City of Mbombela,Mpumalanga,vd_code_match
2006,54910650,MP322,MP322 - Mbombela [Nelspruit],Mpumalanga,528,MP326,MP326 - City of Mbombela,Mpumalanga,vd_code_match
2006,54910661,MP322,MP322 - Mbombela [Nelspruit],Mpumalanga,446,MP326,MP326 - City of Mbombela,Mpumalanga,vd_code_match
2006,54910683,MP322,MP322 - Mbombela [Nelspruit],Mpumalanga,230,MP326,MP326 - City of Mbombela,Mpumalanga,vd_code_match
2006,54910694,MP322,MP322 - Mbombela [Nelspruit],Mpumalanga,698,MP326,MP326 - City of Mbombela,Mpumalanga,vd_code_match
2006,54910706,MP322,MP322 - Mbombela [Nelspruit],Mpumalanga,208,MP326,MP326 - City of Mbombela,Mpumalanga,vd_code_match
2006,54910717,MP322,MP322 - Mbombela [Nelspruit],Mpumalanga,268,MP326,MP326 - City of Mbombela,Mpumalanga,vd_code_match
2006,54910728,MP322,MP322 - Mbombela [Nelspruit],Mpumalanga,844,MP326,MP326 - City of Mbombela,Mpumalanga,vd_code_match
2006,54910739,MP322,MP322 - Mbombela [Nelspruit],Mpumalanga,625,MP326,MP326 - City of Mbombela,Mpumalanga,vd_code_match
2006,54910740,MP322,MP322 - Mbombela [Nelspruit],Mpumalanga,861,MP326,MP326 - City of Mbombela,Mpumalanga,vd_code_match
2006,54910751,MP322,MP322 - Mbombela [Nelspruit],Mpumalanga,816,MP326,MP326 - City of Mbombela,Mpumalanga,vd_code_match
2006,54910762,MP321,MP321 - Thaba Chweu [Sabie],Mpumalanga,418,MP321,MP321 - Thaba Chweu,Mpumalanga,vd_code_match
2006,54910773,MP322,MP322 - Mbombela [Nelspruit],Mpumalanga,346,MP326,MP326 - City of Mbombela,Mpumalanga,vd_code_match
2006,54910784,MP322,MP322 - Mbombela [Nelspruit],Mpumalanga,551,MP326,MP326 - City of Mbombela,Mpumalanga,vd_code_match
2006,54910795,MP322,MP322 - Mbombela [Nelspruit],Mpumalanga,371,MP326,MP326 - City of Mbombela,Mpumalanga,vd_code_match
2006,54910807,MP322,MP322 - Mbombela [Nelspruit],Mpumalanga,220,MP326,MP326 - City of Mbombela,Mpumalanga,vd_code_match
2006,54910818,MP322,MP322 - Mbombela [Nelspruit],Mpumalanga,320,MP326,MP326 - City of Mbombela,Mpumalanga,vd_code_match
2006,54910829,MP322,MP322 - Mbombela [Nelspruit],Mpumalanga,254,MP326,MP326 - City of Mbombela,Mpumalanga,vd_code_match
2006,54910830,MP322,MP322 - Mbombela [Nelspruit],Mpumalanga,403,MP326,MP326 - City of Mbombela,Mpumalanga,vd_code_match
2006,54910841,MP322,MP322 - Mbombela [Nelspruit],Mpumalanga,536,MP326,MP326 - City of Mbombela,Mpumalanga,vd_code_match
2006,54910852,MP322,MP322 - Mbombela [Nelspruit],Mpumalanga,299,MP326,MP326 - City of Mbombela,Mpumalanga,vd_code_match
2006,54910863,MP322,MP322 - Mbombela [Nelspruit],Mpumalanga,547,MP326,MP326 - City of Mbombela,Mpumalanga,vd_code_match
2006,76150010,MP325,MP325 - Bushbuckridge [Bushbuckridge],Mpumalanga,691,MP325,MP325 - Bushbuckridge,Mpumalanga,vd_code_match
2006,76150021,MP325,MP325 - Bushbuckridge [Bushbuckridge],Mpumalanga,807,MP325,MP325 - Bushbuckridge,Mpumalanga,vd_code_match
2006,76150032,MP325,MP325 - Bushbuckridge [Bushbuckridge],Mpumalanga,2993,MP325,MP325 - Bushbuckridge,Mpumalanga,vd_code_match
2006,76150043,MP325,MP325 - Bushbuckridge [Bushbuckridge],Mpumalanga,814,MP325,MP325 - Bushbuckridge,Mpumalanga,vd_code_match
2006,76150054,MP325,MP325 - Bushbuckridge [Bushbuckridge],Mpumalanga,915,MP325,MP325 - Bushbuckridge,Mpumalanga,vd_code_match
2006,76150065,MP325,MP325 - Bushbuckridge [Bushbuckridge],Mpumalanga,1058,MP325,MP325 - Bushbuckridge,Mpumalanga,vd_code_match
2006,76150076,MP325,MP325 - Bushbuckridge [Bushbuckridge],Mpumalanga,831,MP325,MP325 - Bushbuckridge,Mpumalanga,vd_code_match
2006,76150087,MP325,MP325 - Bushbuckridge [Bushbuckridge],Mpumalanga,693,MP325,MP325 - Bushbuckridge,Mpumalanga,vd_code_match
2006,76150098,MP325,MP325 - Bushbuckridge [Bushbuckridge],Mpumalanga,435,MP325,MP325 - Bushbuckridge,Mpumalanga,vd_code_match
2006,76150100,MP325,MP325 - Bushbuckridge [Bushbuckridge],Mpumalanga,628,MP325,MP325 - Bushbuckridge,Mpumalanga,vd_code_match
2006,76150111,MP325,MP325 - Bushbuckridge [Bushbuckridge],Mpumalanga,913,MP325,MP325 - Bushbuckridge,Mpumalanga,vd_code_match
2006,76150122,MP325,MP325 - Bushbuckridge [Bushbuckridge],Mpumalanga,813,MP325,MP325 - Bushbuckridge,Mpumalanga,vd_code_match
2006,76150133,MP325,MP325 - Bushbuckridge [Bushbuckridge],Mpumalanga,885,MP325,MP325 - Bushbuckridge,Mpumalanga,vd_code_match
2006,76150144,MP325,MP325 - Bushbuckridge [Bushbuckridge],Mpumalanga,356,MP325,MP325 - Bushbuckridge,Mpumalanga,vd_code_match
2006,76150155,MP325,MP325 - Bushbuckridge [Bushbuckridge],Mpumalanga,1076,MP325,MP325 - Bushbuckridge,Mpumalanga,vd_code_match
2006,76150166,MP325,MP325 - Bushbuckridge [Bushbuckridge],Mpumalanga,679,MP325,MP325 - Bushbuckridge,Mpumalanga,vd_code_match
2006,76150177,MP325,MP325 - Bushbuckridge [Bushbuckridge],Mpumalanga,729,MP325,MP325 - Bushbuckridge,Mpumalanga,vd_code_match
2006,76150188,MP325,MP325 - Bushbuckridge [Bushbuckridge],Mpumalanga,1145,MP325,MP325 - Bushbuckridge,Mpumalanga,vd_code_match
2006,76150199,MP325,MP325 - Bushbuckridge [Bushbuckridge],Mpumalanga,1223,MP325,MP325 - Bushbuckridge,Mpumalanga,vd_code_match
2006,76150201,MP325,MP325 - Bushbuckridge [Bushbuckridge],Mpumalanga,537,MP325,MP325 - Bushbuckridge,Mpumalanga,vd_code_match
2006,76150212,MP325,MP325 - Bushbuckridge [Bushbuckridge],Mpumalanga,1893,MP325,MP325 - Bushbuckridge,Mpumalanga,vd_code_match
2006,76150223,MP325,MP325 - Bushbuckridge [Bushbuckridge],Mpumalanga,923,MP325,MP325 - Bushbuckridge,Mpumalanga,vd_code_match
2006,76150234,MP325,MP325 - Bushbuckridge [Bushbuckridge],Mpumalanga,707,MP325,MP325 - Bushbuckridge,Mpumalanga,vd_code_match
2006,76150245,MP325,MP325 - Bushbuckridge [Bushbuckridge],Mpumalanga,1621,MP325,MP325 - Bushbuckridge,Mpumalanga,vd_code_match
2006,76150256,MP325,MP325 - Bushbuckridge [Bushbuckridge],Mpumalanga,2039,MP325,MP325 - Bushbuckridge,Mpumalanga,vd_code_match
2006,76150267,MP325,MP325 - Bushbuckridge [Bushbuckridge],Mpumalanga,776,MP325,MP325 - Bushbuckridge,Mpumalanga,vd_code_match
2006,76150278,MP325,MP325 - Bushbuckridge [Bushbuckridge],Mpumalanga,1888,MP325,MP325 - Bushbuckridge,Mpumalanga,vd_code_match
2006,76150289,MP325,MP325 - Bushbuckridge [Bushbuckridge],Mpumalanga,1077,MP325,MP325 - Bushbuckridge,Mpumalanga,vd_code_match
2006,76150290,MP325,MP325 - Bushbuckridge [Bushbuckridge],Mpumalanga,675,MP325,MP325 - Bushbuckridge,Mpumalanga,vd_code_match
2006,76150302,MP325,MP325 - Bushbuckridge [Bushbuckridge],Mpumalanga,894,MP325,MP325 - Bushbuckridge,Mpumalanga,vd_code_match
2006,76150313,MP325,MP325 - Bushbuckridge [Bushbuckridge],Mpumalanga,544,MP325,MP325 - Bushbuckridge,Mpumalanga,vd_code_match
2006,76150324,MP325,MP325 - Bushbuckridge [Bushbuckridge],Mpumalanga,2389,MP325,MP325 - Bushbuckridge,Mpumalanga,vd_code_match
2006,76150335,MP325,MP325 - Bushbuckridge [Bushbuckridge],Mpumalanga,1336,MP325,MP325 - Bushbuckridge,Mpumalanga,vd_code_match
2006,76150346,MP325,MP325 - Bushbuckridge [Bushbuckridge],Mpumalanga,718,MP325,MP325 - Bushbuckridge,Mpumalanga,vd_code_match
2006,76150357,MP325,MP325 - Bushbuckridge [Bushbuckridge],Mpumalanga,662,MP325,MP325 - Bushbuckridge,Mpumalanga,vd_code_match
2006,76150368,MP325,MP325 - Bushbuckridge [Bushbuckridge],Mpumalanga,496,MP325,MP325 - Bushbuckridge,Mpumalanga,vd_code_match
2006,76150379,MP325,MP325 - Bushbuckridge [Bushbuckridge],Mpumalanga,738,MP325,MP325 - Bushbuckridge,Mpumalanga,vd_code_match
2006,76150380,MP325,MP325 - Bushbuckridge [Bushbuckridge],Mpumalanga,2615,MP325,MP325 - Bushbuckridge,Mpumalanga,vd_code_match
2006,76150391,MP325,MP325 - Bushbuckridge [Bushbuckridge],Mpumalanga,1767,MP325,MP325 - Bushbuckridge,Mpumalanga,vd_code_match
2006,76150403,MP325,MP325 - Bushbuckridge [Bushbuckridge],Mpumalanga,516,MP325,MP325 - Bushbuckridge,Mpumalanga,vd_code_match
2006,76150414,MP325,MP325 - Bushbuckridge [Bushbuckridge],Mpumalanga,1483,MP325,MP325 - Bushbuckridge,Mpumalanga,vd_code_match
2006,76150425,MP325,MP325 - Bushbuckridge [Bushbuckridge],Mpumalanga,1006,MP325,MP325 - Bushbuckridge,Mpumalanga,vd_code_match
2006,76150436,MP325,MP325 - Bushbuckridge [Bushbuckridge],Mpumalanga,1399,MP325,MP325 - Bushbuckridge,Mpumalanga,vd_code_match
2006,76150447,MP325,MP325 - Bushbuckridge [Bushbuckridge],Mpumalanga,1273,MP325,MP325 - Bushbuckridge,Mpumalanga,vd_code_match
2006,76150458,MP325,MP325 - Bushbuckridge [Bushbuckridge],Mpumalanga,776,MP325,MP325 - Bushbuckridge,Mpumalanga,vd_code_match
2006,76150469,MP325,MP325 - Bushbuckridge [Bushbuckridge],Mpumalanga,934,MP325,MP325 - Bushbuckridge,Mpumalanga,vd_code_match
2006,76150470,MP325,MP325 - Bushbuckridge [Bushbuckridge],Mpumalanga,2034,MP325,MP325 - Bushbuckridge,Mpumalanga,vd_code_match
2006,76150481,MP325,MP325 - Bushbuckridge [Bushbuckridge],Mpumalanga,956,MP325,MP325 - Bushbuckridge,Mpumalanga,vd_code_match
2006,76150492,MP325,MP325 - Bushbuckridge [Bushbuckridge],Mpumalanga,1712,MP325,MP325 - Bushbuckridge,Mpumalanga,vd_code_match
2006,76150504,MP325,MP325 - Bushbuckridge [Bushbuckridge],Mpumalanga,678,MP325,MP325 - Bushbuckridge,Mpumalanga,vd_code_match
2006,76150515,MP325,MP325 - Bushbuckridge [Bushbuckridge],Mpumalanga,815,MP325,MP325 - Bushbuckridge,Mpumalanga,vd_code_match
2006,76150526,MP325,MP325 - Bushbuckridge [Bushbuckridge],Mpumalanga,1158,MP325,MP325 - Bushbuckridge,Mpumalanga,vd_code_match
2006,76150537,MP325,MP325 - Bushbuckridge [Bushbuckridge],Mpumalanga,670,MP325,MP325 - Bushbuckridge,Mpumalanga,vd_code_match
2006,76150548,MP325,MP325 - Bushbuckridge [Bushbuckridge],Mpumalanga,757,MP325,MP325 - Bushbuckridge,Mpumalanga,vd_code_match
2006,76150559,MP325,MP325 - Bushbuckridge [Bushbuckridge],Mpumalanga,743,MP325,MP325 - Bushbuckridge,Mpumalanga,vd_code_match
2006,76150560,MP325,MP325 - Bushbuckridge [Bushbuckridge],Mpumalanga,1118,MP325,MP325 - Bushbuckridge,Mpumalanga,vd_code_match
2006,76150571,MP325,MP325 - Bushbuckridge [Bushbuckridge],Mpumalanga,371,MP325,MP325 - Bushbuckridge,Mpumalanga,vd_code_match
2006,76150582,MP325,MP325 - Bushbuckridge [Bushbuckridge],Mpumalanga,686,MP325,MP325 - Bushbuckridge,Mpumalanga,vd_code_match
2006,76150593,MP325,MP325 - Bushbuckridge [Bushbuckridge],Mpumalanga,1296,MP325,MP325 - Bushbuckridge,Mpumalanga,vd_code_match
2006,76150605,MP325,MP325 - Bushbuckridge [Bushbuckridge],Mpumalanga,566,MP325,MP325 - Bushbuckridge,Mpumalanga,vd_code_match
2006,76150616,MP325,MP325 - Bushbuckridge [Bushbuckridge],Mpumalanga,817,MP325,MP325 - Bushbuckridge,Mpumalanga,vd_code_match
2006,76150627,MP325,MP325 - Bushbuckridge [Bushbuckridge],Mpumalanga,1861,MP325,MP325 - Bushbuckridge,Mpumalanga,vd_code_match
2006,76150649,MP325,MP325 - Bushbuckridge [Bushbuckridge],Mpumalanga,397,MP325,MP325 - Bushbuckridge,Mpumalanga,vd_code_match
2006,76150650,MP325,MP325 - Bushbuckridge [Bushbuckridge],Mpumalanga,970,MP325,MP325 - Bushbuckridge,Mpumalanga,vd_code_match
2006,76150661,MP325,MP325 - Bushbuckridge [Bushbuckridge],Mpumalanga,562,MP325,MP325 - Bushbuckridge,Mpumalanga,vd_code_match
2006,76160011,MP325,MP325 - Bushbuckridge [Bushbuckridge],Mpumalanga,947,MP325,MP325 - Bushbuckridge,Mpumalanga,vd_code_match
2006,76160022,MP325,MP325 - Bushbuckridge [Bushbuckridge],Mpumalanga,661,MP325,MP325 - Bushbuckridge,Mpumalanga,vd_code_match
2006,76160033,MP325,MP325 - Bushbuckridge [Bushbuckridge],Mpumalanga,299,MP325,MP325 - Bushbuckridge,Mpumalanga,vd_code_match
2006,76160044,MP325,MP325 - Bushbuckridge [Bushbuckridge],Mpumalanga,961,MP325,MP325 - Bushbuckridge,Mpumalanga,vd_code_match
2006,76160055,MP325,MP325 - Bushbuckridge [Bushbuckridge],Mpumalanga,1473,MP325,MP325 - Bushbuckridge,Mpumalanga,vd_code_match
2006,76160066,MP325,MP325 - Bushbuckridge [Bushbuckridge],Mpumalanga,1456,MP325,MP325 - Bushbuckridge,Mpumalanga,vd_code_match
2006,76160077,MP325,MP325 - Bushbuckridge [Bushbuckridge],Mpumalanga,1417,MP325,MP325 - Bushbuckridge,Mpumalanga,vd_code_match
2006,76160088,MP325,MP325 - Bushbuckridge [Bushbuckridge],Mpumalanga,585,MP325,MP325 - Bushbuckridge,Mpumalanga,vd_code_match
2006,76160099,MP325,MP325 - Bushbuckridge [Bushbuckridge],Mpumalanga,1270,MP325,MP325 - Bushbuckridge,Mpumalanga,vd_code_match
2006,76160101,MP325,MP325 - Bushbuckridge [Bushbuckridge],Mpumalanga,1695,MP325,MP325 - Bushbuckridge,Mpumalanga,vd_code_match
2006,76160112,MP325,MP325 - Bushbuckridge [Bushbuckridge],Mpumalanga,494,MP325,MP325 - Bushbuckridge,Mpumalanga,vd_code_match
2006,76160123,MP325,MP325 - Bushbuckridge [Bushbuckridge],Mpumalanga,1706,MP325,MP325 - Bushbuckridge,Mpumalanga,vd_code_match
2006,76160134,MP325,MP325 - Bushbuckridge [Bushbuckridge],Mpumalanga,711,MP325,MP325 - Bushbuckridge,Mpumalanga,vd_code_match
2006,76160145,MP325,MP325 - Bushbuckridge [Bushbuckridge],Mpumalanga,1280,MP325,MP325 - Bushbuckridge,Mpumalanga,vd_code_match
2006,76160156,MP325,MP325 - Bushbuckridge [Bushbuckridge],Mpumalanga,565,MP325,MP325 - Bushbuckridge,Mpumalanga,vd_code_match
2006,76160167,MP325,MP325 - Bushbuckridge [Bushbuckridge],Mpumalanga,997,MP325,MP325 - Bushbuckridge,Mpumalanga,vd_code_match
2006,76160178,MP325,MP325 - Bushbuckridge [Bushbuckridge],Mpumalanga,1071,MP325,MP325 - Bushbuckridge,Mpumalanga,vd_code_match
2006,76160189,MP325,MP325 - Bushbuckridge [Bushbuckridge],Mpumalanga,954,MP325,MP325 - Bushbuckridge,Mpumalanga,vd_code_match
2006,76160190,MP325,MP325 - Bushbuckridge [Bushbuckridge],Mpumalanga,1297,MP325,MP325 - Bushbuckridge,Mpumalanga,vd_code_match
2006,76160202,MP325,MP325 - Bushbuckridge [Bushbuckridge],Mpumalanga,1671,MP325,MP325 - Bushbuckridge,Mpumalanga,vd_code_match
2006,76160213,MP325,MP325 - Bushbuckridge [Bushbuckridge],Mpumalanga,777,MP325,MP325 - Bushbuckridge,Mpumalanga,vd_code_match
2006,76160224,MP325,MP325 - Bushbuckridge [Bushbuckridge],Mpumalanga,2684,MP325,MP325 - Bushbuckridge,Mpumalanga,vd_code_match
2006,76160235,MP325,MP325 - Bushbuckridge [Bushbuckridge],Mpumalanga,883,MP325,MP325 - Bushbuckridge,Mpumalanga,municipality_majority
2006,76160246,MP325,MP325 - Bushbuckridge [Bushbuckridge],Mpumalanga,1505,MP325,MP325 - Bushbuckridge,Mpumalanga,vd_code_match
2006,76160257,MP325,MP325 - Bushbuckridge [Bushbuckridge],Mpumalanga,255,MP325,MP325 - Bushbuckridge,Mpumalanga,vd_code_match
2006,76160268,MP325,MP325 - Bushbuckridge [Bushbuckridge],Mpumalanga,521,MP325,MP325 - Bushbuckridge,Mpumalanga,vd_code_match
2006,76160279,MP325,MP325 - Bushbuckridge [Bushbuckridge],Mpumalanga,1764,MP325,MP325 - Bushbuckridge,Mpumalanga,vd_code_match
2006,76160280,MP325,MP325 - Bushbuckridge [Bushbuckridge],Mpumalanga,720,MP325,MP325 - Bushbuckridge,Mpumalanga,vd_code_match
2006,76160291,MP325,MP325 - Bushbuckridge [Bushbuckridge],Mpumalanga,717,MP325,MP325 - Bushbuckridge,Mpumalanga,vd_code_match
2006,76160303,MP325,MP325 - Bushbuckridge [Bushbuckridge],Mpumalanga,661,MP325,MP325 - Bushbuckridge,Mpumalanga,vd_code_match
2006,76160314,MP325,MP325 - Bushbuckridge [Bushbuckridge],Mpumalanga,1186,MP325,MP325 - Bushbuckridge,Mpumalanga,vd_code_match
2006,76160325,MP325,MP325 - Bushbuckridge [Bushbuckridge],Mpumalanga,447,MP325,MP325 - Bushbuckridge,Mpumalanga,vd_code_match
2006,76160336,MP325,MP325 - Bushbuckridge [Bushbuckridge],Mpumalanga,512,MP325,MP325 - Bushbuckridge,Mpumalanga,vd_code_match
2006,76160358,MP325,MP325 - Bushbuckridge [Bushbuckridge],Mpumalanga,1586,MP325,MP325 - Bushbuckridge,Mpumalanga,vd_code_match
2006,76160369,MP325,MP325 - Bushbuckridge [Bushbuckridge],Mpumalanga,639,MP325,MP325 - Bushbuckridge,Mpumalanga,vd_code_match
2006,76160370,MP325,MP325 - Bushbuckridge [Bushbuckridge],Mpumalanga,1174,MP325,MP325 - Bushbuckridge,Mpumalanga,vd_code_match
2006,76160381,MP325,MP325 - Bushbuckridge [Bushbuckridge],Mpumalanga,843,MP325,MP325 - Bushbuckridge,Mpumalanga,vd_code_match
2006,76160392,MP325,MP325 - Bushbuckridge [Bushbuckridge],Mpumalanga,877,MP325,MP325 - Bushbuckridge,Mpumalanga,vd_code_match
2006,76160404,MP325,MP325 - Bushbuckridge [Bushbuckridge],Mpumalanga,495,MP325,MP325 - Bushbuckridge,Mpumalanga,vd_code_match
2006,76160415,MP325,MP325 - Bushbuckridge [Bushbuckridge],Mpumalanga,1005,MP325,MP325 - Bushbuckridge,Mpumalanga,vd_code_match
2006,76160426,MP325,MP325 - Bushbuckridge [Bushbuckridge],Mpumalanga,1464,MP325,MP325 - Bushbuckridge,Mpumalanga,vd_code_match
2006,76160437,MP325,MP325 - Bushbuckridge [Bushbuckridge],Mpumalanga,2000,MP325,MP325 - Bushbuckridge,Mpumalanga,vd_code_match
2006,76160448,MP325,MP325 - Bushbuckridge [Bushbuckridge],Mpumalanga,491,MP325,MP325 - Bushbuckridge,Mpumalanga,vd_code_match
2006,76160459,MP325,MP325 - Bushbuckridge [Bushbuckridge],Mpumalanga,1407,MP325,MP325 - Bushbuckridge,Mpumalanga,vd_code_match
2006,76160460,MP325,MP325 - Bushbuckridge [Bushbuckridge],Mpumalanga,1328,MP325,MP325 - Bushbuckridge,Mpumalanga,vd_code_match
2006,76160471,MP325,MP325 - Bushbuckridge [Bushbuckridge],Mpumalanga,768,MP325,MP325 - Bushbuckridge,Mpumalanga,vd_code_match
2006,76160482,MP325,MP325 - Bushbuckridge [Bushbuckridge],Mpumalanga,1235,MP325,MP325 - Bushbuckridge,Mpumalanga,vd_code_match
2006,76160493,MP325,MP325 - Bushbuckridge [Bushbuckridge],Mpumalanga,612,MP325,MP325 - Bushbuckridge,Mpumalanga,vd_code_match
2006,76160505,MP325,MP325 - Bushbuckridge [Bushbuckridge],Mpumalanga,678,MP325,MP325 - Bushbuckridge,Mpumalanga,vd_code_match
2006,76160516,MP325,MP325 - Bushbuckridge [Bushbuckridge],Mpumalanga,795,MP325,MP325 - Bushbuckridge,Mpumalanga,vd_code_match
2006,76160527,MP325,MP325 - Bushbuckridge [Bushbuckridge],Mpumalanga,470,MP325,MP325 - Bushbuckridge,Mpumalanga,vd_code_match
2006,76160549,MP325,MP325 - Bushbuckridge [Bushbuckridge],Mpumalanga,985,MP325,MP325 - Bushbuckridge,Mpumalanga,vd_code_match
2006,76160550,MP325,MP325 - Bushbuckridge [Bushbuckridge],Mpumalanga,1209,MP325,MP325 - Bushbuckridge,Mpumalanga,vd_code_match
2006,76160561,MP325,MP325 - Bushbuckridge [Bushbuckridge],Mpumalanga,718,MP325,MP325 - Bushbuckridge,Mpumalanga,vd_code_match
2006,76160572,MP325,MP325 - Bushbuckridge [Bushbuckridge],Mpumalanga,771,MP325,MP325 - Bushbuckridge,Mpumalanga,vd_code_match
2006,76160583,MP325,MP325 - Bushbuckridge [Bushbuckridge],Mpumalanga,698,MP325,MP325 - Bushbuckridge,Mpumalanga,vd_code_match
2006,76160606,MP325,MP325 - Bushbuckridge [Bushbuckridge],Mpumalanga,363,MP325,MP325 - Bushbuckridge,Mpumalanga,vd_code_match
2006,76160628,MP325,MP325 - Bushbuckridge [Bushbuckridge],Mpumalanga,975,MP325,MP325 - Bushbuckridge,Mpumalanga,vd_code_match
2006,76160639,MP325,MP325 - Bushbuckridge [Bushbuckridge],Mpumalanga,1306,MP325,MP325 - Bushbuckridge,Mpumalanga,vd_code_match
2006,76160640,MP325,MP325 - Bushbuckridge [Bushbuckridge],Mpumalanga,1235,MP325,MP325 - Bushbuckridge,Mpumalanga,vd_code_match
2006,76160651,MP325,MP325 - Bushbuckridge [Bushbuckridge],Mpumalanga,632,MP325,MP325 - Bushbuckridge,Mpumalanga,vd_code_match
2006,76160662,MP325,MP325 - Bushbuckridge [Bushbuckridge],Mpumalanga,1252,MP325,MP325 - Bushbuckridge,Mpumalanga,vd_code_match
2006,76160673,MP325,MP325 - Bushbuckridge [Bushbuckridge],Mpumalanga,279,MP325,MP325 - Bushbuckridge,Mpumalanga,vd_code_match
2006,76160684,MP325,MP325 - Bushbuckridge [Bushbuckridge],Mpumalanga,896,MP325,MP325 - Bushbuckridge,Mpumalanga,vd_code_match
2006,76160695,MP325,MP325 - Bushbuckridge [Bushbuckridge],Mpumalanga,176,MP325,MP325 - Bushbuckridge,Mpumalanga,vd_code_match
2006,76160707,MP325,MP325 - Bushbuckridge [Bushbuckridge],Mpumalanga,257,MP325,MP325 - Bushbuckridge,Mpumalanga,vd_code_match
2006,76160718,MP325,MP325 - Bushbuckridge [Bushbuckridge],Mpumalanga,744,MP325,MP325 - Bushbuckridge,Mpumalanga,vd_code_match
2006,76160729,MP325,MP325 - Bushbuckridge [Bushbuckridge],Mpumalanga,151,MP325,MP325 - Bushbuckridge,Mpumalanga,vd_code_match
2006,76160730,MP325,MP325 - Bushbuckridge [Bushbuckridge],Mpumalanga,1606,MP325,MP325 - Bushbuckridge,Mpumalanga,vd_code_match
2006,76160763,MP325,MP325 - Bushbuckridge [Bushbuckridge],Mpumalanga,681,MP325,MP325 - Bushbuckridge,Mpumalanga,vd_code_match
2006,76160774,MP325,MP325 - Bushbuckridge [Bushbuckridge],Mpumalanga,923,MP325,MP325 - Bushbuckridge,Mpumalanga,vd_code_match
2006,76160808,MP325,MP325 - Bushbuckridge [Bushbuckridge],Mpumalanga,564,MP325,MP325 - Bushbuckridge,Mpumalanga,vd_code_match
2006,76160820,MP325,MP325 - Bushbuckridge [Bushbuckridge],Mpumalanga,1005,MP325,MP325 - Bushbuckridge,Mpumalanga,vd_code_match
2006,76170012,MP325,MP325 - Bushbuckridge [Bushbuckridge],Mpumalanga,1254,MP325,MP325 - Bushbuckridge,Mpumalanga,vd_code_match
2006,76170023,MP325,MP325 - Bushbuckridge [Bushbuckridge],Mpumalanga,1503,MP325,MP325 - Bushbuckridge,Mpumalanga,vd_code_match
2006,76170034,MP325,MP325 - Bushbuckridge [Bushbuckridge],Mpumalanga,505,MP325,MP325 - Bushbuckridge,Mpumalanga,vd_code_match
2006,76170045,MP325,MP325 - Bushbuckridge [Bushbuckridge],Mpumalanga,945,MP325,MP325 - Bushbuckridge,Mpumalanga,vd_code_match
2006,76170056,MP325,MP325 - Bushbuckridge [Bushbuckridge],Mpumalanga,736,MP325,MP325 - Bushbuckridge,Mpumalanga,vd_code_match
2006,76170067,MP325,MP325 - Bushbuckridge [Bushbuckridge],Mpumalanga,450,MP325,MP325 - Bushbuckridge,Mpumalanga,vd_code_match
2006,76170078,MP325,MP325 - Bushbuckridge [Bushbuckridge],Mpumalanga,306,MP325,MP325 - Bushbuckridge,Mpumalanga,vd_code_match
2006,76170089,MP325,MP325 - Bushbuckridge [Bushbuckridge],Mpumalanga,3410,MP325,MP325 - Bushbuckridge,Mpumalanga,vd_code_match
2006,76170090,MP325,MP325 - Bushbuckridge [Bushbuckridge],Mpumalanga,831,MP325,MP325 - Bushbuckridge,Mpumalanga,vd_code_match
2006,76170102,MP325,MP325 - Bushbuckridge [Bushbuckridge],Mpumalanga,1172,MP325,MP325 - Bushbuckridge,Mpumalanga,vd_code_match
2006,76170113,MP325,MP325 - Bushbuckridge [Bushbuckridge],Mpumalanga,717,MP325,MP325 - Bushbuckridge,Mpumalanga,vd_code_match
2006,76170124,MP325,MP325 - Bushbuckridge [Bushbuckridge],Mpumalanga,1148,MP325,MP325 - Bushbuckridge,Mpumalanga,vd_code_match
2006,76170135,MP325,MP325 - Bushbuckridge [Bushbuckridge],Mpumalanga,917,MP325,MP325 - Bushbuckridge,Mpumalanga,vd_code_match
2006,76170146,MP325,MP325 - Bushbuckridge [Bushbuckridge],Mpumalanga,1223,MP325,MP325 - Bushbuckridge,Mpumalanga,vd_code_match
2006,76170157,MP325,MP325 - Bushbuckridge [Bushbuckridge],Mpumalanga,1541,MP325,MP325 - Bushbuckridge,Mpumalanga,vd_code_match
2006,76170168,MP325,MP325 - Bushbuckridge [Bushbuckridge],Mpumalanga,3213,MP325,MP325 - Bushbuckridge,Mpumalanga,vd_code_match
2006,76170179,MP325,MP325 - Bushbuckridge [Bushbuckridge],Mpumalanga,1793,MP325,MP325 - Bushbuckridge,Mpumalanga,vd_code_match
2006,76170180,MP325,MP325 - Bushbuckridge [Bushbuckridge],Mpumalanga,980,MP325,MP325 - Bushbuckridge,Mpumalanga,vd_code_match
2006,76170191,MP325,MP325 - Bushbuckridge [Bushbuckridge],Mpumalanga,1231,MP325,MP325 - Bushbuckridge,Mpumalanga,vd_code_match
2006,76170203,MP325,MP325 - Bushbuckridge [Bushbuckridge],Mpumalanga,669,MP325,MP325 - Bushbuckridge,Mpumalanga,vd_code_match
2006,76170214,MP325,MP325 - Bushbuckridge [Bushbuckridge],Mpumalanga,1011,MP325,MP325 - Bushbuckridge,Mpumalanga,vd_code_match
2006,76170225,MP325,MP325 - Bushbuckridge [Bushbuckridge],Mpumalanga,616,MP325,MP325 - Bushbuckridge,Mpumalanga,vd_code_match
2006,76170236,MP325,MP325 - Bushbuckridge [Bushbuckridge],Mpumalanga,1079,MP325,MP325 - Bushbuckridge,Mpumalanga,vd_code_match
2006,76170247,MP325,MP325 - Bushbuckridge [Bushbuckridge],Mpumalanga,970,MP325,MP325 - Bushbuckridge,Mpumalanga,vd_code_match
2006,76170258,MP325,MP325 - Bushbuckridge [Bushbuckridge],Mpumalanga,2652,MP325,MP325 - Bushbuckridge,Mpumalanga,vd_code_match
2006,76170269,MP325,MP325 - Bushbuckridge [Bushbuckridge],Mpumalanga,1102,MP325,MP325 - Bushbuckridge,Mpumalanga,vd_code_match
2006,76170270,MP325,MP325 - Bushbuckridge [Bushbuckridge],Mpumalanga,1356,MP325,MP325 - Bushbuckridge,Mpumalanga,vd_code_match
2006,76170281,MP325,MP325 - Bushbuckridge [Bushbuckridge],Mpumalanga,668,MP325,MP325 - Bushbuckridge,Mpumalanga,vd_code_match
2006,76170292,MP325,MP325 - Bushbuckridge [Bushbuckridge],Mpumalanga,530,MP325,MP325 - Bushbuckridge,Mpumalanga,vd_code_match
2006,76170304,MP325,MP325 - Bushbuckridge [Bushbuckridge],Mpumalanga,338,MP325,MP325 - Bushbuckridge,Mpumalanga,vd_code_match
2006,76170315,MP325,MP325 - Bushbuckridge [Bushbuckridge],Mpumalanga,773,MP325,MP325 - Bushbuckridge,Mpumalanga,vd_code_match
2006,76170326,MP325,MP325 - Bushbuckridge [Bushbuckridge],Mpumalanga,735,MP325,MP325 - Bushbuckridge,Mpumalanga,vd_code_match
2006,76170337,MP325,MP325 - Bushbuckridge [Bushbuckridge],Mpumalanga,1558,MP325,MP325 - Bushbuckridge,Mpumalanga,vd_code_match
2006,76170348,MP325,MP325 - Bushbuckridge [Bushbuckridge],Mpumalanga,966,MP325,MP325 - Bushbuckridge,Mpumalanga,vd_code_match
2006,76170359,MP325,MP325 - Bushbuckridge [Bushbuckridge],Mpumalanga,1079,MP325,MP325 - Bushbuckridge,Mpumalanga,vd_code_match
2006,76170360,MP325,MP325 - Bushbuckridge [Bushbuckridge],Mpumalanga,1346,MP325,MP325 - Bushbuckridge,Mpumalanga,vd_code_match
2006,76170371,MP325,MP325 - Bushbuckridge [Bushbuckridge],Mpumalanga,3029,MP325,MP325 - Bushbuckridge,Mpumalanga,vd_code_match
2006,76170382,MP325,MP325 - Bushbuckridge [Bushbuckridge],Mpumalanga,1339,MP325,MP325 - Bushbuckridge,Mpumalanga,vd_code_match
2006,76170393,MP325,MP325 - Bushbuckridge [Bushbuckridge],Mpumalanga,1253,MP325,MP325 - Bushbuckridge,Mpumalanga,vd_code_match
2006,76170405,MP325,MP325 - Bushbuckridge [Bushbuckridge],Mpumalanga,704,MP325,MP325 - Bushbuckridge,Mpumalanga,vd_code_match
2006,76170416,MP325,MP325 - Bushbuckridge [Bushbuckridge],Mpumalanga,808,MP325,MP325 - Bushbuckridge,Mpumalanga,vd_code_match
2006,76170427,MP325,MP325 - Bushbuckridge [Bushbuckridge],Mpumalanga,567,MP325,MP325 - Bushbuckridge,Mpumalanga,vd_code_match
2006,76170438,MP325,MP325 - Bushbuckridge [Bushbuckridge],Mpumalanga,563,MP325,MP325 - Bushbuckridge,Mpumalanga,vd_code_match
2006,76170449,MP325,MP325 - Bushbuckridge [Bushbuckridge],Mpumalanga,807,MP325,MP325 - Bushbuckridge,Mpumalanga,vd_code_match
2006,76170450,MP325,MP325 - Bushbuckridge [Bushbuckridge],Mpumalanga,779,MP325,MP325 - Bushbuckridge,Mpumalanga,vd_code_match
2006,76170461,MP325,MP325 - Bushbuckridge [Bushbuckridge],Mpumalanga,2013,MP325,MP325 - Bushbuckridge,Mpumalanga,vd_code_match
2006,76170472,MP325,MP325 - Bushbuckridge [Bushbuckridge],Mpumalanga,1612,MP325,MP325 - Bushbuckridge,Mpumalanga,vd_code_match
2006,76170483,MP325,MP325 - Bushbuckridge [Bushbuckridge],Mpumalanga,1376,MP325,MP325 - Bushbuckridge,Mpumalanga,vd_code_match
2006,76170494,MP325,MP325 - Bushbuckridge [Bushbuckridge],Mpumalanga,2589,MP325,MP325 - Bushbuckridge,Mpumalanga,vd_code_match
2006,76170506,MP325,MP325 - Bushbuckridge [Bushbuckridge],Mpumalanga,956,MP325,MP325 - Bushbuckridge,Mpumalanga,vd_code_match
2006,76170539,MP325,MP325 - Bushbuckridge [Bushbuckridge],Mpumalanga,448,MP325,MP325 - Bushbuckridge,Mpumalanga,vd_code_match
2006,76170540,MP325,MP325 - Bushbuckridge [Bushbuckridge],Mpumalanga,1068,MP325,MP325 - Bushbuckridge,Mpumalanga,vd_code_match
2006,76170551,MP325,MP325 - Bushbuckridge [Bushbuckridge],Mpumalanga,272,MP325,MP325 - Bushbuckridge,Mpumalanga,vd_code_match
2006,76170562,MP325,MP325 - Bushbuckridge [Bushbuckridge],Mpumalanga,335,MP325,MP325 - Bushbuckridge,Mpumalanga,vd_code_match
2006,76170573,MP325,MP325 - Bushbuckridge [Bushbuckridge],Mpumalanga,40,MP325,MP325 - Bushbuckridge,Mpumalanga,vd_code_match
2011,54100011,MP304,MP304 - Pixley Ka Seme [Volksrust],Mpumalanga,1690,MP304,MP304 - Dr Pixley Ka Isaka Seme,Mpumalanga,vd_code_match
2011,54100022,MP304,MP304 - Pixley Ka Seme [Volksrust],Mpumalanga,1527,MP304,MP304 - Dr Pixley Ka Isaka Seme,Mpumalanga,vd_code_match
2011,54100033,MP304,MP304 - Pixley Ka Seme [Volksrust],Mpumalanga,1799,MP304,MP304 - Dr Pixley Ka Isaka Seme,Mpumalanga,vd_code_match
2011,54100044,MP304,MP304 - Pixley Ka Seme [Volksrust],Mpumalanga,371,MP304,MP304 - Dr Pixley Ka Isaka Seme,Mpumalanga,vd_code_match
2011,54110012,MP303,MP303 - Mkhondo [Piet Retief],Mpumalanga,1226,MP303,MP303 - Mkhondo,Mpumalanga,vd_code_match
2011,54110023,MP303,MP303 - Mkhondo [Piet Retief],Mpumalanga,2430,MP303,MP303 - Mkhondo,Mpumalanga,vd_code_match
2011,54110034,MP303,MP303 - Mkhondo [Piet Retief],Mpumalanga,1342,MP303,MP303 - Mkhondo,Mpumalanga,vd_code_match
2011,54120013,MP301,MP301 - Albert Luthuli [Elukwatini/Carolina],Mpumalanga,68,MP301,MP301 - Chief Albert Luthuli,Mpumalanga,vd_code_match
2011,54120024,MP301,MP301 - Albert Luthuli [Elukwatini/Carolina],Mpumalanga,457,MP301,MP301 - Chief Albert Luthuli,Mpumalanga,vd_code_match
2011,54120035,MP301,MP301 - Albert Luthuli [Elukwatini/Carolina],Mpumalanga,331,MP301,MP301 - Chief Albert Luthuli,Mpumalanga,vd_code_match
2011,54120046,MP301,MP301 - Albert Luthuli [Elukwatini/Carolina],Mpumalanga,1430,MP301,MP301 - Chief Albert Luthuli,Mpumalanga,vd_code_match
2011,54120057,MP301,MP301 - Albert Luthuli [Elukwatini/Carolina],Mpumalanga,160,MP301,MP301 - Chief Albert Luthuli,Mpumalanga,vd_code_match
2011,54120068,MP301,MP301 - Albert Luthuli [Elukwatini/Carolina],Mpumalanga,428,MP301,MP301 - Chief Albert Luthuli,Mpumalanga,vd_code_match
2011,54120080,MP301,MP301 - Albert Luthuli [Elukwatini/Carolina],Mpumalanga,901,MP301,MP301 - Chief Albert Luthuli,Mpumalanga,vd_code_match
2011,54120091,MP301,MP301 - Albert Luthuli [Elukwatini/Carolina],Mpumalanga,402,MP301,MP301 - Chief Albert Luthuli,Mpumalanga,vd_code_match
2011,54120103,MP301,MP301 - Albert Luthuli [Elukwatini/Carolina],Mpumalanga,899,MP301,MP301 - Chief Albert Luthuli,Mpumalanga,vd_code_match
2011,54120114,MP301,MP301 - Albert Luthuli [Elukwatini/Carolina],Mpumalanga,789,MP301,MP301 - Chief Albert Luthuli,Mpumalanga,vd_code_match
2011,54120125,MP301,MP301 - Albert Luthuli [Elukwatini/Carolina],Mpumalanga,1748,MP301,MP301 - Chief Albert Luthuli,Mpumalanga,vd_code_match
2011,54120136,MP301,MP301 - Albert Luthuli [Elukwatini/Carolina],Mpumalanga,620,MP301,MP301 - Chief Albert Luthuli,Mpumalanga,vd_code_match
2011,54120147,MP301,MP301 - Albert Luthuli [Elukwatini/Carolina],Mpumalanga,225,MP301,MP301 - Chief Albert Luthuli,Mpumalanga,vd_code_match
2011,54120181,MP301,MP301 - Albert Luthuli [Elukwatini/Carolina],Mpumalanga,274,MP301,MP301 - Chief Albert Luthuli,Mpumalanga,vd_code_match
2011,54120192,MP301,MP301 - Albert Luthuli [Elukwatini/Carolina],Mpumalanga,1131,MP301,MP301 - Chief Albert Luthuli,Mpumalanga,vd_code_match
2011,54120215,MP301,MP301 - Albert Luthuli [Elukwatini/Carolina],Mpumalanga,941,MP301,MP301 - Chief Albert Luthuli,Mpumalanga,vd_code_match
2011,54120226,MP301,MP301 - Albert Luthuli [Elukwatini/Carolina],Mpumalanga,741,MP301,MP301 - Chief Albert Luthuli,Mpumalanga,vd_code_match
2011,54120237,MP301,MP301 - Albert Luthuli [Elukwatini/Carolina],Mpumalanga,226,MP301,MP301 - Chief Albert Luthuli,Mpumalanga,vd_code_match
2011,54120248,MP301,MP301 - Albert Luthuli [Elukwatini/Carolina],Mpumalanga,361,MP301,MP301 - Chief Albert Luthuli,Mpumalanga,vd_code_match
2011,54130014,MP306,MP306 - Dipaleseng [Balfour],Mpumalanga,2063,MP306,MP306 - Dipaleseng,Mpumalanga,vd_code_match
2011,54130025,MP306,MP306 - Dipaleseng [Balfour],Mpumalanga,1371,MP306,MP306 - Dipaleseng,Mpumalanga,vd_code_match
2011,54130036,MP306,MP306 - Dipaleseng [Balfour],Mpumalanga,1716,MP306,MP306 - Dipaleseng,Mpumalanga,vd_code_match
2011,54130047,MP306,MP306 - Dipaleseng [Balfour],Mpumalanga,2177,MP306,MP306 - Dipaleseng,Mpumalanga,vd_code_match
2011,54130070,MP306,MP306 - Dipaleseng [Balfour],Mpumalanga,1520,MP306,MP306 - Dipaleseng,Mpumalanga,vd_code_match
2011,54130081,MP306,MP306 - Dipaleseng [Balfour],Mpumalanga,1092,MP306,MP306 - Dipaleseng,Mpumalanga,vd_code_match
2011,54130092,MP306,MP306 - Dipaleseng [Balfour],Mpumalanga,512,MP306,MP306 - Dipaleseng,Mpumalanga,vd_code_match
2011,54130104,MP306,MP306 - Dipaleseng [Balfour],Mpumalanga,785,MP306,MP306 - Dipaleseng,Mpumalanga,vd_code_match
2011,54130115,MP306,MP306 - Dipaleseng [Balfour],Mpumalanga,339,MP306,MP306 - Dipaleseng,Mpumalanga,vd_code_match
2011,54130126,MP306,MP306 - Dipaleseng [Balfour],Mpumalanga,391,MP306,MP306 - Dipaleseng,Mpumalanga,vd_code_match
2011,54130137,MP306,MP306 - Dipaleseng [Balfour],Mpumalanga,228,MP306,MP306 - Dipaleseng,Mpumalanga,vd_code_match
2011,54140015,MP307,MP307 - Govan Mbeki [Highveld Ridge],Mpumalanga,2678,MP307,MP307 - Govan Mbeki,Mpumalanga,vd_code_match
2011,54140026,MP307,MP307 - Govan Mbeki [Highveld Ridge],Mpumalanga,830,MP307,MP307 - Govan Mbeki,Mpumalanga,vd_code_match
2011,54140037,MP307,MP307 - Govan Mbeki [Highveld Ridge],Mpumalanga,683,MP307,MP307 - Govan Mbeki,Mpumalanga,vd_code_match
2011,54140048,MP307,MP307 - Govan Mbeki [Highveld Ridge],Mpumalanga,2773,MP307,MP307 - Govan Mbeki,Mpumalanga,vd_code_match
2011,54140059,MP307,MP307 - Govan Mbeki [Highveld Ridge],Mpumalanga,1825,MP307,MP307 - Govan Mbeki,Mpumalanga,vd_code_match
2011,54140060,MP307,MP307 - Govan Mbeki [Highveld Ridge],Mpumalanga,2038,MP307,MP307 - Govan Mbeki,Mpumalanga,vd_code_match
2011,54140071,MP307,MP307 - Govan Mbeki [Highveld Ridge],Mpumalanga,1727,MP307,MP307 - Govan Mbeki,Mpumalanga,vd_code_match
2011,54140082,MP307,MP307 - Govan Mbeki [Highveld Ridge],Mpumalanga,1963,MP307,MP307 - Govan Mbeki,Mpumalanga,vd_code_match
2011,54140093,MP307,MP307 - Govan Mbeki [Highveld Ridge],Mpumalanga,1986,MP307,MP307 - Govan Mbeki,Mpumalanga,vd_code_match
2011,54140105,MP307,MP307 - Govan Mbeki [Highveld Ridge],Mpumalanga,2351,MP307,MP307 - Govan Mbeki,Mpumalanga,vd_code_match
2011,54140116,MP307,MP307 - Govan Mbeki [Highveld Ridge],Mpumalanga,1299,MP307,MP307 - Govan Mbeki,Mpumalanga,vd_code_match
2011,54140127,MP307,MP307 - Govan Mbeki [Highveld Ridge],Mpumalanga,2118,MP307,MP307 - Govan Mbeki,Mpumalanga,vd_code_match
2011,54140138,MP307,MP307 - Govan Mbeki [Highveld Ridge],Mpumalanga,2104,MP307,MP307 - Govan Mbeki,Mpumalanga,vd_code_match
2011,54140149,MP307,MP307 - Govan Mbeki [Highveld Ridge],Mpumalanga,854,MP307,MP307 - Govan Mbeki,Mpumalanga,vd_code_match
2011,54140150,MP307,MP307 - Govan Mbeki [Highveld Ridge],Mpumalanga,1608,MP307,MP307 - Govan Mbeki,Mpumalanga,vd_code_match
2011,54150016,MP302,MP302 - Msukaligwa [Ermelo],Mpumalanga,2223,MP302,MP302 - Msukaligwa,Mpumalanga,vd_code_match
2011,54150027,MP302,MP302 - Msukaligwa [Ermelo],Mpumalanga,1680,MP302,MP302 - Msukaligwa,Mpumalanga,vd_code_match
2011,54150038,MP302,MP302 - Msukaligwa [Ermelo],Mpumalanga,239,MP302,MP302 - Msukaligwa,Mpumalanga,vd_code_match
2011,54160017,MP301,MP301 - Albert Luthuli [Elukwatini/Carolina],Mpumalanga,2281,MP301,MP301 - Chief Albert Luthuli,Mpumalanga,vd_code_match
2011,54160028,MP301,MP301 - Albert Luthuli [Elukwatini/Carolina],Mpumalanga,2101,MP301,MP301 - Chief Albert Luthuli,Mpumalanga,vd_code_match
2011,54160039,MP301,MP301 - Albert Luthuli [Elukwatini/Carolina],Mpumalanga,1446,MP301,MP301 - Chief Albert Luthuli,Mpumalanga,vd_code_match
2011,54160040,MP301,MP301 - Albert Luthuli [Elukwatini/Carolina],Mpumalanga,1421,MP301,MP301 - Chief Albert Luthuli,Mpumalanga,vd_code_match
2011,54160051,MP301,MP301 - Albert Luthuli [Elukwatini/Carolina],Mpumalanga,455,MP301,MP301 - Chief Albert Luthuli,Mpumalanga,vd_code_match
2011,54160062,MP301,MP301 - Albert Luthuli [Elukwatini/Carolina],Mpumalanga,147,MP301,MP301 - Chief Albert Luthuli,Mpumalanga,vd_code_match
2011,54160073,MP301,MP301 - Albert Luthuli [Elukwatini/Carolina],Mpumalanga,106,MP301,MP301 - Chief Albert Luthuli,Mpumalanga,vd_code_match
2011,54160084,MP301,MP301 - Albert Luthuli [Elukwatini/Carolina],Mpumalanga,53,MP301,MP301 - Chief Albert Luthuli,Mpumalanga,vd_code_match
2011,54170018,MP302,MP302 - Msukaligwa [Ermelo],Mpumalanga,1206,MP302,MP302 - Msukaligwa,Mpumalanga,vd_code_match
2011,54170029,MP302,MP302 - Msukaligwa [Ermelo],Mpumalanga,635,MP302,MP302 - Msukaligwa,Mpumalanga,vd_code_match
2011,54180019,MP302,MP302 - Msukaligwa [Ermelo],Mpumalanga,2118,MP302,MP302 - Msukaligwa,Mpumalanga,vd_code_match
2011,54180020,MP302,MP302 - Msukaligwa [Ermelo],Mpumalanga,327,MP302,MP302 - Msukaligwa,Mpumalanga,vd_code_match
2011,54190010,MP311,MP311 - Delmas [Delmas],Mpumalanga,2265,MP311,MP311 - Victor Khanye,Mpumalanga,vd_code_match
2011,54190021,MP311,MP311 - Delmas [Delmas],Mpumalanga,2520,MP311,MP311 - Victor Khanye,Mpumalanga,vd_code_match
2011,54190032,MP311,MP311 - Delmas [Delmas],Mpumalanga,2502,MP311,MP311 - Victor Khanye,Mpumalanga,vd_code_match
2011,54190043,MP311,MP311 - Delmas [Delmas],Mpumalanga,2984,MP311,MP311 - Victor Khanye,Mpumalanga,vd_code_match
2011,54190054,MP311,MP311 - Delmas [Delmas],Mpumalanga,1946,MP311,MP311 - Victor Khanye,Mpumalanga,vd_code_match
2011,54190065,MP311,MP311 - Delmas [Delmas],Mpumalanga,953,MP311,MP311 - Victor Khanye,Mpumalanga,vd_code_match
2011,54190076,MP311,MP311 - Delmas [Delmas],Mpumalanga,2250,MP311,MP311 - Victor Khanye,Mpumalanga,vd_code_match
2011,54190087,MP311,MP311 - Delmas [Delmas],Mpumalanga,1954,MP311,MP311 - Victor Khanye,Mpumalanga,vd_code_match
2011,54190098,MP311,MP311 - Delmas [Delmas],Mpumalanga,1107,MP311,MP311 - Victor Khanye,Mpumalanga,vd_code_match
2011,54190100,MP311,MP311 - Delmas [Delmas],Mpumalanga,1104,MP311,MP311 - Victor Khanye,Mpumalanga,vd_code_match
2011,54190111,MP311,MP311 - Delmas [Delmas],Mpumalanga,1291,MP311,MP311 - Victor Khanye,Mpumalanga,vd_code_match
2011,54190122,MP311,MP311 - Delmas [Delmas],Mpumalanga,752,MP311,MP311 - Victor Khanye,Mpumalanga,vd_code_match
2011,54190133,MP311,MP311 - Delmas [Delmas],Mpumalanga,594,MP311,MP311 - Victor Khanye,Mpumalanga,vd_code_match
2011,54190144,MP311,MP311 - Delmas [Delmas],Mpumalanga,1118,MP311,MP311 - Victor Khanye,Mpumalanga,vd_code_match
2011,54200012,MP301,MP301 - Albert Luthuli [Elukwatini/Carolina],Mpumalanga,623,MP301,MP301 - Chief Albert Luthuli,Mpumalanga,vd_code_match
2011,54200023,MP301,MP301 - Albert Luthuli [Elukwatini/Carolina],Mpumalanga,386,MP301,MP301 - Chief Albert Luthuli,Mpumalanga,vd_code_match
2011,54200034,MP301,MP301 - Albert Luthuli [Elukwatini/Carolina],Mpumalanga,2041,MP301,MP301 - Chief Albert Luthuli,Mpumalanga,vd_code_match
2011,54200045,MP301,MP301 - Albert Luthuli [Elukwatini/Carolina],Mpumalanga,629,MP301,MP301 - Chief Albert Luthuli,Mpumalanga,vd_code_match
2011,54200056,MP301,MP301 - Albert Luthuli [Elukwatini/Carolina],Mpumalanga,59,MP301,MP301 - Chief Albert Luthuli,Mpumalanga,vd_code_match
2011,54200067,MP301,MP301 - Albert Luthuli [Elukwatini/Carolina],Mpumalanga,158,MP301,MP301 - Chief Albert Luthuli,Mpumalanga,vd_code_match
2011,54200078,MP301,MP301 - Albert Luthuli [Elukwatini/Carolina],Mpumalanga,301,MP301,MP301 - Chief Albert Luthuli,Mpumalanga,vd_code_match
2011,54210013,MP301,MP301 - Albert Luthuli [Elukwatini/Carolina],Mpumalanga,1695,MP301,MP301 - Chief Albert Luthuli,Mpumalanga,vd_code_match
2011,54210024,MP301,MP301 - Albert Luthuli [Elukwatini/Carolina],Mpumalanga,1374,MP301,MP301 - Chief Albert Luthuli,Mpumalanga,vd_code_match
2011,54210035,MP301,MP301 - Albert Luthuli [Elukwatini/Carolina],Mpumalanga,1219,MP301,MP301 - Chief Albert Luthuli,Mpumalanga,vd_code_match
2011,54210046,MP301,MP301 - Albert Luthuli [Elukwatini/Carolina],Mpumalanga,1803,MP301,MP301 - Chief Albert Luthuli,Mpumalanga,vd_code_match
2011,54210057,MP301,MP301 - Albert Luthuli [Elukwatini/Carolina],Mpumalanga,1472,MP301,MP301 - Chief Albert Luthuli,Mpumalanga,vd_code_match
2011,54210068,MP301,MP301 - Albert Luthuli [Elukwatini/Carolina],Mpumalanga,918,MP301,MP301 - Chief Albert Luthuli,Mpumalanga,vd_code_match
2011,54210079,MP301,MP301 - Albert Luthuli [Elukwatini/Carolina],Mpumalanga,1716,MP301,MP301 - Chief Albert Luthuli,Mpumalanga,vd_code_match
2011,54210080,MP301,MP301 - Albert Luthuli [Elukwatini/Carolina],Mpumalanga,1685,MP301,MP301 - Chief Albert Luthuli,Mpumalanga,vd_code_match
2011,54210091,MP301,MP301 - Albert Luthuli [Elukwatini/Carolina],Mpumalanga,1770,MP301,MP301 - Chief Albert Luthuli,Mpumalanga,vd_code_match
2011,54210103,MP301,MP301 - Albert Luthuli [Elukwatini/Carolina],Mpumalanga,2146,MP301,MP301 - Chief Albert Luthuli,Mpumalanga,vd_code_match
2011,54210114,MP301,MP301 - Albert Luthuli [Elukwatini/Carolina],Mpumalanga,1920,MP301,MP301 - Chief Albert Luthuli,Mpumalanga,vd_code_match
2011,54210125,MP301,MP301 - Albert Luthuli [Elukwatini/Carolina],Mpumalanga,437,MP301,MP301 - Chief Albert Luthuli,Mpumalanga,vd_code_match
2011,54210169,MP301,MP301 - Albert Luthuli [Elukwatini/Carolina],Mpumalanga,445,MP301,MP301 - Chief Albert Luthuli,Mpumalanga,vd_code_match
2011,54210170,MP301,MP301 - Albert Luthuli [Elukwatini/Carolina],Mpumalanga,877,MP301,MP301 - Chief Albert Luthuli,Mpumalanga,vd_code_match
2011,54210181,MP301,MP301 - Albert Luthuli [Elukwatini/Carolina],Mpumalanga,198,MP301,MP301 - Chief Albert Luthuli,Mpumalanga,municipality_majority
2011,54210192,MP301,MP301 - Albert Luthuli [Elukwatini/Carolina],Mpumalanga,671,MP301,MP301 - Chief Albert Luthuli,Mpumalanga,vd_code_match
2011,54210204,MP301,MP301 - Albert Luthuli [Elukwatini/Carolina],Mpumalanga,1050,MP301,MP301 - Chief Albert Luthuli,Mpumalanga,vd_code_match
2011,54210215,MP301,MP301 - Albert Luthuli [Elukwatini/Carolina],Mpumalanga,123,MP301,MP301 - Chief Albert Luthuli,Mpumalanga,vd_code_match
2011,54210226,MP301,MP301 - Albert Luthuli [Elukwatini/Carolina],Mpumalanga,826,MP301,MP301 - Chief Albert Luthuli,Mpumalanga,vd_code_match
2011,54210237,MP301,MP301 - Albert Luthuli [Elukwatini/Carolina],Mpumalanga,876,MP301,MP301 - Chief Albert Luthuli,Mpumalanga,vd_code_match
2011,54210248,MP301,MP301 - Albert Luthuli [Elukwatini/Carolina],Mpumalanga,730,MP301,MP301 - Chief Albert Luthuli,Mpumalanga,vd_code_match
2011,54210259,MP301,MP301 - Albert Luthuli [Elukwatini/Carolina],Mpumalanga,863,MP301,MP301 - Chief Albert Luthuli,Mpumalanga,vd_code_match
2011,54210260,MP301,MP301 - Albert Luthuli [Elukwatini/Carolina],Mpumalanga,171,MP301,MP301 - Chief Albert Luthuli,Mpumalanga,vd_code_match
2011,54210271,MP301,MP301 - Albert Luthuli [Elukwatini/Carolina],Mpumalanga,216,MP301,MP301 - Chief Albert Luthuli,Mpumalanga,vd_code_match
2011,54210282,MP301,MP301 - Albert Luthuli [Elukwatini/Carolina],Mpumalanga,317,MP301,MP301 - Chief Albert Luthuli,Mpumalanga,vd_code_match
2011,54210293,MP301,MP301 - Albert Luthuli [Elukwatini/Carolina],Mpumalanga,394,MP301,MP301 - Chief Albert Luthuli,Mpumalanga,vd_code_match
2011,54210305,MP301,MP301 - Albert Luthuli [Elukwatini/Carolina],Mpumalanga,274,MP301,MP301 - Chief Albert Luthuli,Mpumalanga,vd_code_match
2011,54210316,MP301,MP301 - Albert Luthuli [Elukwatini/Carolina],Mpumalanga,338,MP301,MP301 - Chief Albert Luthuli,Mpumalanga,vd_code_match
2011,54220014,MP301,MP301 - Albert Luthuli [Elukwatini/Carolina],Mpumalanga,1971,MP301,MP301 - Chief Albert Luthuli,Mpumalanga,vd_code_match
2011,54220025,MP301,MP301 - Albert Luthuli [Elukwatini/Carolina],Mpumalanga,1369,MP301,MP301 - Chief Albert Luthuli,Mpumalanga,vd_code_match
2011,54220036,MP301,MP301 - Albert Luthuli [Elukwatini/Carolina],Mpumalanga,924,MP301,MP301 - Chief Albert Luthuli,Mpumalanga,vd_code_match
2011,54220047,MP301,MP301 - Albert Luthuli [Elukwatini/Carolina],Mpumalanga,1256,MP301,MP301 - Chief Albert Luthuli,Mpumalanga,vd_code_match
2011,54220058,MP301,MP301 - Albert Luthuli [Elukwatini/Carolina],Mpumalanga,990,MP301,MP301 - Chief Albert Luthuli,Mpumalanga,vd_code_match
2011,54220069,MP301,MP301 - Albert Luthuli [Elukwatini/Carolina],Mpumalanga,1528,MP301,MP301 - Chief Albert Luthuli,Mpumalanga,vd_code_match
2011,54220070,MP301,MP301 - Albert Luthuli [Elukwatini/Carolina],Mpumalanga,699,MP301,MP301 - Chief Albert Luthuli,Mpumalanga,vd_code_match
2011,54220081,MP301,MP301 - Albert Luthuli [Elukwatini/Carolina],Mpumalanga,876,MP301,MP301 - Chief Albert Luthuli,Mpumalanga,vd_code_match
2011,54220092,MP301,MP301 - Albert Luthuli [Elukwatini/Carolina],Mpumalanga,2073,MP301,MP301 - Chief Albert Luthuli,Mpumalanga,vd_code_match
2011,54220104,MP301,MP301 - Albert Luthuli [Elukwatini/Carolina],Mpumalanga,1263,MP301,MP301 - Chief Albert Luthuli,Mpumalanga,vd_code_match
2011,54220115,MP301,MP301 - Albert Luthuli [Elukwatini/Carolina],Mpumalanga,1591,MP301,MP301 - Chief Albert Luthuli,Mpumalanga,vd_code_match
2011,54220126,MP301,MP301 - Albert Luthuli [Elukwatini/Carolina],Mpumalanga,1851,MP301,MP301 - Chief Albert Luthuli,Mpumalanga,vd_code_match
2011,54220137,MP301,MP301 - Albert Luthuli [Elukwatini/Carolina],Mpumalanga,939,MP301,MP301 - Chief Albert Luthuli,Mpumalanga,vd_code_match
2011,54220148,MP301,MP301 - Albert Luthuli [Elukwatini/Carolina],Mpumalanga,1231,MP301,MP301 - Chief Albert Luthuli,Mpumalanga,vd_code_match
2011,54220159,MP301,MP301 - Albert Luthuli [Elukwatini/Carolina],Mpumalanga,1276,MP301,MP301 - Chief Albert Luthuli,Mpumalanga,vd_code_match
2011,54220160,MP301,MP301 - Albert Luthuli [Elukwatini/Carolina],Mpumalanga,726,MP301,MP301 - Chief Albert Luthuli,Mpumalanga,vd_code_match
2011,54220171,MP301,MP301 - Albert Luthuli [Elukwatini/Carolina],Mpumalanga,595,MP301,MP301 - Chief Albert Luthuli,Mpumalanga,vd_code_match
2011,54220182,MP301,MP301 - Albert Luthuli [Elukwatini/Carolina],Mpumalanga,265,MP301,MP301 - Chief Albert Luthuli,Mpumalanga,vd_code_match
2011,54220205,MP301,MP301 - Albert Luthuli [Elukwatini/Carolina],Mpumalanga,503,MP301,MP301 - Chief Albert Luthuli,Mpumalanga,vd_code_match
2011,54220216,MP301,MP301 - Albert Luthuli [Elukwatini/Carolina],Mpumalanga,755,MP301,MP301 - Chief Albert Luthuli,Mpumalanga,vd_code_match
2011,54220227,MP301,MP301 - Albert Luthuli [Elukwatini/Carolina],Mpumalanga,433,MP301,MP301 - Chief Albert Luthuli,Mpumalanga,vd_code_match
2011,54220238,MP301,MP301 - Albert Luthuli [Elukwatini/Carolina],Mpumalanga,391,MP301,MP301 - Chief Albert Luthuli,Mpumalanga,vd_code_match
2011,54220249,MP301,MP301 - Albert Luthuli [Elukwatini/Carolina],Mpumalanga,1034,MP301,MP301 - Chief Albert Luthuli,Mpumalanga,vd_code_match
2011,54220250,MP301,MP301 - Albert Luthuli [Elukwatini/Carolina],Mpumalanga,358,MP301,MP301 - Chief Albert Luthuli,Mpumalanga,vd_code_match
2011,54220261,MP301,MP301 - Albert Luthuli [Elukwatini/Carolina],Mpumalanga,240,MP301,MP301 - Chief Albert Luthuli,Mpumalanga,vd_code_match
2011,54220272,MP301,MP301 - Albert Luthuli [Elukwatini/Carolina],Mpumalanga,289,MP301,MP301 - Chief Albert Luthuli,Mpumalanga,vd_code_match
2011,54220283,MP301,MP301 - Albert Luthuli [Elukwatini/Carolina],Mpumalanga,1024,MP301,MP301 - Chief Albert Luthuli,Mpumalanga,vd_code_match
2011,54220294,MP301,MP301 - Albert Luthuli [Elukwatini/Carolina],Mpumalanga,206,MP301,MP301 - Chief Albert Luthuli,Mpumalanga,vd_code_match
2011,54220306,MP301,MP301 - Albert Luthuli [Elukwatini/Carolina],Mpumalanga,550,MP301,MP301 - Chief Albert Luthuli,Mpumalanga,vd_code_match
2011,54220317,MP301,MP301 - Albert Luthuli [Elukwatini/Carolina],Mpumalanga,296,MP301,MP301 - Chief Albert Luthuli,Mpumalanga,vd_code_match
2011,54220328,MP301,MP301 - Albert Luthuli [Elukwatini/Carolina],Mpumalanga,426,MP301,MP301 - Chief Albert Luthuli,Mpumalanga,vd_code_match
2011,54220339,MP301,MP301 - Albert Luthuli [Elukwatini/Carolina],Mpumalanga,301,MP301,MP301 - Chief Albert Luthuli,Mpumalanga,vd_code_match
2011,54220340,MP301,MP301 - Albert Luthuli [Elukwatini/Carolina],Mpumalanga,261,MP301,MP301 - Chief Albert Luthuli,Mpumalanga,vd_code_match
2011,54220351,MP301,MP301 - Albert Luthuli [Elukwatini/Carolina],Mpumalanga,239,MP301,MP301 - Chief Albert Luthuli,Mpumalanga,vd_code_match
2011,54220362,MP301,MP301 - Albert Luthuli [Elukwatini/Carolina],Mpumalanga,711,MP301,MP301 - Chief Albert Luthuli,Mpumalanga,vd_code_match
2011,54230015,MP302,MP302 - Msukaligwa [Ermelo],Mpumalanga,2513,MP302,MP302 - Msukaligwa,Mpumalanga,vd_code_match
2011,54230026,MP302,MP302 - Msukaligwa [Ermelo],Mpumalanga,2284,MP302,MP302 - Msukaligwa,Mpumalanga,vd_code_match
2011,54230037,MP302,MP302 - Msukaligwa [Ermelo],Mpumalanga,1673,MP302,MP302 - Msukaligwa,Mpumalanga,vd_code_match
2011,54230048,MP302,MP302 - Msukaligwa [Ermelo],Mpumalanga,1263,MP302,MP302 - Msukaligwa,Mpumalanga,vd_code_match
2011,54230059,MP302,MP302 - Msukaligwa [Ermelo],Mpumalanga,2302,MP302,MP302 - Msukaligwa,Mpumalanga,vd_code_match
2011,54230060,MP302,MP302 - Msukaligwa [Ermelo],Mpumalanga,2141,MP302,MP302 - Msukaligwa,Mpumalanga,vd_code_match
2011,54230071,MP302,MP302 - Msukaligwa [Ermelo],Mpumalanga,2354,MP302,MP302 - Msukaligwa,Mpumalanga,vd_code_match
2011,54230082,MP302,MP302 - Msukaligwa [Ermelo],Mpumalanga,2782,MP302,MP302 - Msukaligwa,Mpumalanga,vd_code_match
2011,54230093,MP302,MP302 - Msukaligwa [Ermelo],Mpumalanga,3239,MP302,MP302 - Msukaligwa,Mpumalanga,vd_code_match
2011,54230105,MP302,MP302 - Msukaligwa [Ermelo],Mpumalanga,2043,MP302,MP302 - Msukaligwa,Mpumalanga,vd_code_match
2011,54230116,MP302,MP302 - Msukaligwa [Ermelo],Mpumalanga,1855,MP302,MP302 - Msukaligwa,Mpumalanga,vd_code_match
2011,54230127,MP302,MP302 - Msukaligwa [Ermelo],Mpumalanga,1119,MP302,MP302 - Msukaligwa,Mpumalanga,vd_code_match
2011,54230138,MP302,MP302 - Msukaligwa [Ermelo],Mpumalanga,721,MP302,MP302 - Msukaligwa,Mpumalanga,vd_code_match
2011,54230149,MP302,MP302 - Msukaligwa [Ermelo],Mpumalanga,1013,MP302,MP302 - Msukaligwa,Mpumalanga,vd_code_match
2011,54230150,MP302,MP302 - Msukaligwa [Ermelo],Mpumalanga,1004,MP302,MP302 - Msukaligwa,Mpumalanga,vd_code_match
2011,54230161,MP302,MP302 - Msukaligwa [Ermelo],Mpumalanga,909,MP302,MP302 - Msukaligwa,Mpumalanga,vd_code_match
2011,54230172,MP302,MP302 - Msukaligwa [Ermelo],Mpumalanga,437,MP302,MP302 - Msukaligwa,Mpumalanga,vd_code_match
2011,54230183,MP302,MP302 - Msukaligwa [Ermelo],Mpumalanga,917,MP302,MP302 - Msukaligwa,Mpumalanga,vd_code_match
2011,54230194,MP302,MP302 - Msukaligwa [Ermelo],Mpumalanga,846,MP302,MP302 - Msukaligwa,Mpumalanga,vd_code_match
2011,54230206,MP302,MP302 - Msukaligwa [Ermelo],Mpumalanga,1345,MP302,MP302 - Msukaligwa,Mpumalanga,vd_code_match
2011,54230217,MP302,MP302 - Msukaligwa [Ermelo],Mpumalanga,1600,MP302,MP302 - Msukaligwa,Mpumalanga,vd_code_match
2011,54230228,MP302,MP302 - Msukaligwa [Ermelo],Mpumalanga,382,MP302,MP302 - Msukaligwa,Mpumalanga,vd_code_match
2011,54230239,MP302,MP302 - Msukaligwa [Ermelo],Mpumalanga,244,MP302,MP302 - Msukaligwa,Mpumalanga,vd_code_match
2011,54230240,MP302,MP302 - Msukaligwa [Ermelo],Mpumalanga,169,MP302,MP302 - Msukaligwa,Mpumalanga,vd_code_match
2011,54240016,MP306,MP306 - Dipaleseng [Balfour],Mpumalanga,2131,MP306,MP306 - Dipaleseng,Mpumalanga,vd_code_match
2011,54240027,MP306,MP306 - Dipaleseng [Balfour],Mpumalanga,410,MP306,MP306 - Dipaleseng,Mpumalanga,vd_code_match
2011,54240038,MP306,MP306 - Dipaleseng [Balfour],Mpumalanga,854,MP306,MP306 - Dipaleseng,Mpumalanga,vd_code_match
2011,54250017,MP306,MP306 - Dipaleseng [Balfour],Mpumalanga,1048,MP306,MP306 - Dipaleseng,Mpumalanga,vd_code_match
2011,54250028,MP306,MP306 - Dipaleseng [Balfour],Mpumalanga,771,MP306,MP306 - Dipaleseng,Mpumalanga,vd_code_match
2011,54260018,MP307,MP307 - Govan Mbeki [Highveld Ridge],Mpumalanga,3487,MP307,MP307 - Govan Mbeki,Mpumalanga,vd_code_match
2011,54260029,MP307,MP307 - Govan Mbeki [Highveld Ridge],Mpumalanga,3115,MP307,MP307 - Govan Mbeki,Mpumalanga,vd_code_match
2011,54260041,MP307,MP307 - Govan Mbeki [Highveld Ridge],Mpumalanga,3459,MP307,MP307 - Govan Mbeki,Mpumalanga,vd_code_match
2011,54260052,MP307,MP307 - Govan Mbeki [Highveld Ridge],Mpumalanga,2841,MP307,MP307 - Govan Mbeki,Mpumalanga,vd_code_match
2011,54260063,MP307,MP307 - Govan Mbeki [Highveld Ridge],Mpumalanga,2206,MP307,MP307 - Govan Mbeki,Mpumalanga,vd_code_match
2011,54260074,MP307,MP307 - Govan Mbeki [Highveld Ridge],Mpumalanga,2476,MP307,MP307 - Govan Mbeki,Mpumalanga,vd_code_match
2011,54260085,MP307,MP307 - Govan Mbeki [Highveld Ridge],Mpumalanga,3880,MP307,MP307 - Govan Mbeki,Mpumalanga,vd_code_match
2011,54260096,MP307,MP307 - Govan Mbeki [Highveld Ridge],Mpumalanga,2102,MP307,MP307 - Govan Mbeki,Mpumalanga,vd_code_match
2011,54260108,MP307,MP307 - Govan Mbeki [Highveld Ridge],Mpumalanga,1988,MP307,MP307 - Govan Mbeki,Mpumalanga,vd_code_match
2011,54260119,MP307,MP307 - Govan Mbeki [Highveld Ridge],Mpumalanga,2496,MP307,MP307 - Govan Mbeki,Mpumalanga,vd_code_match
2011,54260120,MP307,MP307 - Govan Mbeki [Highveld Ridge],Mpumalanga,2171,MP307,MP307 - Govan Mbeki,Mpumalanga,vd_code_match
2011,54260131,MP307,MP307 - Govan Mbeki [Highveld Ridge],Mpumalanga,2061,MP307,MP307 - Govan Mbeki,Mpumalanga,vd_code_match
2011,54260142,MP307,MP307 - Govan Mbeki [Highveld Ridge],Mpumalanga,1994,MP307,MP307 - Govan Mbeki,Mpumalanga,vd_code_match
2011,54260153,MP307,MP307 - Govan Mbeki [Highveld Ridge],Mpumalanga,3176,MP307,MP307 - Govan Mbeki,Mpumalanga,vd_code_match
2011,54260175,MP307,MP307 - Govan Mbeki [Highveld Ridge],Mpumalanga,2041,MP307,MP307 - Govan Mbeki,Mpumalanga,vd_code_match
2011,54260186,MP307,MP307 - Govan Mbeki [Highveld Ridge],Mpumalanga,3042,MP307,MP307 - Govan Mbeki,Mpumalanga,vd_code_match
2011,54260197,MP307,MP307 - Govan Mbeki [Highveld Ridge],Mpumalanga,2695,MP307,MP307 - Govan Mbeki,Mpumalanga,vd_code_match
2011,54260209,MP307,MP307 - Govan Mbeki [Highveld Ridge],Mpumalanga,1123,MP307,MP307 - Govan Mbeki,Mpumalanga,vd_code_match
2011,54260210,MP307,MP307 - Govan Mbeki [Highveld Ridge],Mpumalanga,2786,MP307,MP307 - Govan Mbeki,Mpumalanga,vd_code_match
2011,54260221,MP307,MP307 - Govan Mbeki [Highveld Ridge],Mpumalanga,2863,MP307,MP307 - Govan Mbeki,Mpumalanga,vd_code_match
2011,54260232,MP307,MP307 - Govan Mbeki [Highveld Ridge],Mpumalanga,2429,MP307,MP307 - Govan Mbeki,Mpumalanga,vd_code_match
2011,54260243,MP307,MP307 - Govan Mbeki [Highveld Ridge],Mpumalanga,920,MP307,MP307 - Govan Mbeki,Mpumalanga,vd_code_match
2011,54260254,MP307,MP307 - Govan Mbeki [Highveld Ridge],Mpumalanga,2522,MP307,MP307 - Govan Mbeki,Mpumalanga,vd_code_match
2011,54260265,MP307,MP307 - Govan Mbeki [Highveld Ridge],Mpumalanga,2303,MP307,MP307 - Govan Mbeki,Mpumalanga,vd_code_match
2011,54260276,MP307,MP307 - Govan Mbeki [Highveld Ridge],Mpumalanga,1569,MP307,MP307 - Govan Mbeki,Mpumalanga,municipality_majority
2011,54260287,MP307,MP307 - Govan Mbeki [Highveld Ridge],Mpumalanga,2690,MP307,MP307 - Govan Mbeki,Mpumalanga,vd_code_match
2011,54260298,MP307,MP307 - Govan Mbeki [Highveld Ridge],Mpumalanga,1183,MP307,MP307 - Govan Mbeki,Mpumalanga,vd_code_match
2011,54260300,MP307,MP307 - Govan Mbeki [Highveld Ridge],Mpumalanga,2200,MP307,MP307 - Govan Mbeki,Mpumalanga,vd_code_match
2011,54260311,MP307,MP307 - Govan Mbeki [Highveld Ridge],Mpumalanga,455,MP307,MP307 - Govan Mbeki,Mpumalanga,vd_code_match
2011,54260333,MP307,MP307 - Govan Mbeki [Highveld Ridge],Mpumalanga,563,MP307,MP307 - Govan Mbeki,Mpumalanga,vd_code_match
2011,54260344,MP307,MP307 - Govan Mbeki [Highveld Ridge],Mpumalanga,448,MP307,MP307 - Govan Mbeki,Mpumalanga,vd_code_match
2011,54260355,MP307,MP307 - Govan Mbeki [Highveld Ridge],Mpumalanga,387,MP307,MP307 - Govan Mbeki,Mpumalanga,vd_code_match
2011,54260366,MP307,MP307 - Govan Mbeki [Highveld Ridge],Mpumalanga,655,MP307,MP307 - Govan Mbeki,Mpumalanga,vd_code_match
2011,54260377,MP307,MP307 - Govan Mbeki [Highveld Ridge],Mpumalanga,546,MP307,MP307 - Govan Mbeki,Mpumalanga,vd_code_match
2011,54260388,MP307,MP307 - Govan Mbeki [Highveld Ridge],Mpumalanga,1082,MP307,MP307 - Govan Mbeki,Mpumalanga,vd_code_match
2011,54260399,MP307,MP307 - Govan Mbeki [Highveld Ridge],Mpumalanga,2130,MP307,MP307 - Govan Mbeki,Mpumalanga,vd_code_match
2011,54260401,MP307,MP307 - Govan Mbeki [Highveld Ridge],Mpumalanga,880,MP307,MP307 - Govan Mbeki,Mpumalanga,vd_code_match
2011,54260412,MP307,MP307 - Govan Mbeki [Highveld Ridge],Mpumalanga,1398,MP307,MP307 - Govan Mbeki,Mpumalanga,vd_code_match
2011,54260423,MP307,MP307 - Govan Mbeki [Highveld Ridge],Mpumalanga,487,MP307,MP307 - Govan Mbeki,Mpumalanga,vd_code_match
2011,54260434,MP307,MP307 - Govan Mbeki [Highveld Ridge],Mpumalanga,1473,MP307,MP307 - Govan Mbeki,Mpumalanga,vd_code_match
2011,54260445,MP307,MP307 - Govan Mbeki [Highveld Ridge],Mpumalanga,1165,MP307,MP307 - Govan Mbeki,Mpumalanga,vd_code_match
2011,54260456,MP307,MP307 - Govan Mbeki [Highveld Ridge],Mpumalanga,1339,MP307,MP307 - Govan Mbeki,Mpumalanga,vd_code_match
2011,54260467,MP307,MP307 - Govan Mbeki [Highveld Ridge],Mpumalanga,778,MP307,MP307 - Govan Mbeki,Mpumalanga,vd_code_match
2011,54260478,MP307,MP307 - Govan Mbeki [Highveld Ridge],Mpumalanga,218,MP307,MP307 - Govan Mbeki,Mpumalanga,vd_code_match
2011,54260490,MP307,MP307 - Govan Mbeki [Highveld Ridge],Mpumalanga,169,MP307,MP307 - Govan Mbeki,Mpumalanga,vd_code_match
2011,54260502,MP307,MP307 - Govan Mbeki [Highveld Ridge],Mpumalanga,64,MP307,MP307 - Govan Mbeki,Mpumalanga,vd_code_match
2011,54260513,MP307,MP307 - Govan Mbeki [Highveld Ridge],Mpumalanga,569,MP307,MP307 - Govan Mbeki,Mpumalanga,vd_code_match
2011,54270019,MP312,MP312 - Emalahleni [Witbank],Mpumalanga,3382,MP312,MP312 - Emalahleni,Mpumalanga,vd_code_match
2011,54270020,MP312,MP312 - Emalahleni [Witbank],Mpumalanga,2196,MP312,MP312 - Emalahleni,Mpumalanga,vd_code_match
2011,54270031,MP312,MP312 - Emalahleni [Witbank],Mpumalanga,3035,MP312,MP312 - Emalahleni,Mpumalanga,vd_code_match
2011,54270042,MP312,MP312 - Emalahleni [Witbank],Mpumalanga,1204,MP312,MP312 - Emalahleni,Mpumalanga,vd_code_match
2011,54270053,MP312,MP312 - Emalahleni [Witbank],Mpumalanga,887,MP312,MP312 - Emalahleni,Mpumalanga,vd_code_match
2011,54270064,MP312,MP312 - Emalahleni [Witbank],Mpumalanga,244,MP312,MP312 - Emalahleni,Mpumalanga,vd_code_match
2011,54280010,MP307,MP307 - Govan Mbeki [Highveld Ridge],Mpumalanga,1980,MP307,MP307 - Govan Mbeki,Mpumalanga,vd_code_match
2011,54280021,MP307,MP307 - Govan Mbeki [Highveld Ridge],Mpumalanga,2195,MP307,MP307 - Govan Mbeki,Mpumalanga,vd_code_match
2011,54280032,MP307,MP307 - Govan Mbeki [Highveld Ridge],Mpumalanga,2315,MP307,MP307 - Govan Mbeki,Mpumalanga,vd_code_match
2011,54280043,MP307,MP307 - Govan Mbeki [Highveld Ridge],Mpumalanga,2393,MP307,MP307 - Govan Mbeki,Mpumalanga,vd_code_match
2011,54280065,MP307,MP307 - Govan Mbeki [Highveld Ridge],Mpumalanga,1263,MP307,MP307 - Govan Mbeki,Mpumalanga,vd_code_match
2011,54280076,MP307,MP307 - Govan Mbeki [Highveld Ridge],Mpumalanga,2346,MP307,MP307 - Govan Mbeki,Mpumalanga,vd_code_match
2011,54280087,MP307,MP307 - Govan Mbeki [Highveld Ridge],Mpumalanga,667,MP307,MP307 - Govan Mbeki,Mpumalanga,vd_code_match
2011,54280098,MP307,MP307 - Govan Mbeki [Highveld Ridge],Mpumalanga,364,MP307,MP307 - Govan Mbeki,Mpumalanga,vd_code_match
2011,54280100,MP307,MP307 - Govan Mbeki [Highveld Ridge],Mpumalanga,625,MP307,MP307 - Govan Mbeki,Mpumalanga,vd_code_match
2011,54290011,MP302,MP302 - Msukaligwa [Ermelo],Mpumalanga,1869,MP302,MP302 - Msukaligwa,Mpumalanga,vd_code_match
2011,54290022,MP302,MP302 - Msukaligwa [Ermelo],Mpumalanga,1746,MP302,MP302 - Msukaligwa,Mpumalanga,vd_code_match
2011,54300013,MP305,MP305 - Lekwa [Standerton],Mpumalanga,2370,MP305,MP305 - Lekwa,Mpumalanga,vd_code_match
2011,54300024,MP305,MP305 - Lekwa [Standerton],Mpumalanga,1070,MP305,MP305 - Lekwa,Mpumalanga,vd_code_match
2011,54310014,MP304,MP304 - Pixley Ka Seme [Volksrust],Mpumalanga,2468,MP304,MP304 - Dr Pixley Ka Isaka Seme,Mpumalanga,vd_code_match
2011,54320015,MP303,MP303 - Mkhondo [Piet Retief],Mpumalanga,2375,MP303,MP303 - Mkhondo,Mpumalanga,vd_code_match
2011,54320026,MP303,MP303 - Mkhondo [Piet Retief],Mpumalanga,1876,MP303,MP303 - Mkhondo,Mpumalanga,vd_code_match
2011,54320037,MP303,MP303 - Mkhondo [Piet Retief],Mpumalanga,1367,MP303,MP303 - Mkhondo,Mpumalanga,vd_code_match
2011,54320048,MP303,MP303 - Mkhondo [Piet Retief],Mpumalanga,2102,MP303,MP303 - Mkhondo,Mpumalanga,vd_code_match
2011,54320059,MP303,MP303 - Mkhondo [Piet Retief],Mpumalanga,1437,MP303,MP303 - Mkhondo,Mpumalanga,vd_code_match
2011,54320060,MP303,MP303 - Mkhondo [Piet Retief],Mpumalanga,4407,MP303,MP303 - Mkhondo,Mpumalanga,vd_code_match
2011,54320071,MP303,MP303 - Mkhondo [Piet Retief],Mpumalanga,1771,MP303,MP303 - Mkhondo,Mpumalanga,vd_code_match
2011,54320082,MP303,MP303 - Mkhondo [Piet Retief],Mpumalanga,1723,MP303,MP303 - Mkhondo,Mpumalanga,vd_code_match
2011,54320093,MP303,MP303 - Mkhondo [Piet Retief],Mpumalanga,1119,MP303,MP303 - Mkhondo,Mpumalanga,vd_code_match
2011,54320105,MP303,MP303 - Mkhondo [Piet Retief],Mpumalanga,1165,MP303,MP303 - Mkhondo,Mpumalanga,vd_code_match
2011,54320116,MP303,MP303 - Mkhondo [Piet Retief],Mpumalanga,612,MP303,MP303 - Mkhondo,Mpumalanga,vd_code_match
2011,54320127,MP303,MP303 - Mkhondo [Piet Retief],Mpumalanga,1171,MP303,MP303 - Mkhondo,Mpumalanga,vd_code_match
2011,54320138,MP303,MP303 - Mkhondo [Piet Retief],Mpumalanga,1671,MP303,MP303 - Mkhondo,Mpumalanga,vd_code_match
2011,54320149,MP303,MP303 - Mkhondo [Piet Retief],Mpumalanga,406,MP303,MP303 - Mkhondo,Mpumalanga,vd_code_match
2011,54320150,MP303,MP303 - Mkhondo [Piet Retief],Mpumalanga,1160,MP303,MP303 - Mkhondo,Mpumalanga,vd_code_match
2011,54330016,MP305,MP305 - Lekwa [Standerton],Mpumalanga,3049,MP305,MP305 - Lekwa,Mpumalanga,vd_code_match
2011,54330027,MP305,MP305 - Lekwa [Standerton],Mpumalanga,1669,MP305,MP305 - Lekwa,Mpumalanga,vd_code_match
2011,54330038,MP305,MP305 - Lekwa [Standerton],Mpumalanga,2790,MP305,MP305 - Lekwa,Mpumalanga,vd_code_match
2011,54330049,MP305,MP305 - Lekwa [Standerton],Mpumalanga,1749,MP305,MP305 - Lekwa,Mpumalanga,vd_code_match
2011,54330050,MP305,MP305 - Lekwa [Standerton],Mpumalanga,1198,MP305,MP305 - Lekwa,Mpumalanga,vd_code_match
2011,54330061,MP305,MP305 - Lekwa [Standerton],Mpumalanga,1873,MP305,MP305 - Lekwa,Mpumalanga,vd_code_match
2011,54330072,MP305,MP305 - Lekwa [Standerton],Mpumalanga,2822,MP305,MP305 - Lekwa,Mpumalanga,vd_code_match
2011,54330094,MP305,MP305 - Lekwa [Standerton],Mpumalanga,1631,MP305,MP305 - Lekwa,Mpumalanga,vd_code_match
2011,54330106,MP305,MP305 - Lekwa [Standerton],Mpumalanga,1714,MP305,MP305 - Lekwa,Mpumalanga,vd_code_match
2011,54330117,MP305,MP305 - Lekwa [Standerton],Mpumalanga,2380,MP305,MP305 - Lekwa,Mpumalanga,vd_code_match
2011,54330128,MP305,MP305 - Lekwa [Standerton],Mpumalanga,1411,MP305,MP305 - Lekwa,Mpumalanga,vd_code_match
2011,54330139,MP305,MP305 - Lekwa [Standerton],Mpumalanga,2932,MP305,MP305 - Lekwa,Mpumalanga,vd_code_match
2011,54330140,MP305,MP305 - Lekwa [Standerton],Mpumalanga,1021,MP305,MP305 - Lekwa,Mpumalanga,vd_code_match
2011,54330151,MP305,MP305 - Lekwa [Standerton],Mpumalanga,3068,MP305,MP305 - Lekwa,Mpumalanga,vd_code_match
2011,54330162,MP305,MP305 - Lekwa [Standerton],Mpumalanga,1451,MP305,MP305 - Lekwa,Mpumalanga,vd_code_match
2011,54330173,MP305,MP305 - Lekwa [Standerton],Mpumalanga,130,MP305,MP305 - Lekwa,Mpumalanga,vd_code_match
2011,54330184,MP305,MP305 - Lekwa [Standerton],Mpumalanga,596,MP305,MP305 - Lekwa,Mpumalanga,vd_code_match
2011,54330195,MP305,MP305 - Lekwa [Standerton],Mpumalanga,389,MP305,MP305 - Lekwa,Mpumalanga,vd_code_match
2011,54330207,MP305,MP305 - Lekwa [Standerton],Mpumalanga,406,MP305,MP305 - Lekwa,Mpumalanga,vd_code_match
2011,54330218,MP305,MP305 - Lekwa [Standerton],Mpumalanga,396,MP305,MP305 - Lekwa,Mpumalanga,vd_code_match
2011,54330229,MP305,MP305 - Lekwa [Standerton],Mpumalanga,528,MP305,MP305 - Lekwa,Mpumalanga,vd_code_match
2011,54340017,MP304,MP304 - Pixley Ka Seme [Volksrust],Mpumalanga,2610,MP304,MP304 - Dr Pixley Ka Isaka Seme,Mpumalanga,vd_code_match
2011,54340028,MP304,MP304 - Pixley Ka Seme [Volksrust],Mpumalanga,2259,MP304,MP304 - Dr Pixley Ka Isaka Seme,Mpumalanga,vd_code_match
2011,54340039,MP304,MP304 - Pixley Ka Seme [Volksrust],Mpumalanga,1139,MP304,MP304 - Dr Pixley Ka Isaka Seme,Mpumalanga,vd_code_match
2011,54340040,MP304,MP304 - Pixley Ka Seme [Volksrust],Mpumalanga,1726,MP304,MP304 - Dr Pixley Ka Isaka Seme,Mpumalanga,vd_code_match
2011,54340051,MP304,MP304 - Pixley Ka Seme [Volksrust],Mpumalanga,1612,MP304,MP304 - Dr Pixley Ka Isaka Seme,Mpumalanga,vd_code_match
2011,54340062,MP304,MP304 - Pixley Ka Seme [Volksrust],Mpumalanga,587,MP304,MP304 - Dr Pixley Ka Isaka Seme,Mpumalanga,vd_code_match
2011,54340073,MP304,MP304 - Pixley Ka Seme [Volksrust],Mpumalanga,1957,MP304,MP304 - Dr Pixley Ka Isaka Seme,Mpumalanga,vd_code_match
2011,54350018,MP304,MP304 - Pixley Ka Seme [Volksrust],Mpumalanga,962,MP304,MP304 - Dr Pixley Ka Isaka Seme,Mpumalanga,vd_code_match
2011,54350029,MP304,MP304 - Pixley Ka Seme [Volksrust],Mpumalanga,1248,MP304,MP304 - Dr Pixley Ka Isaka Seme,Mpumalanga,vd_code_match
2011,54350030,MP304,MP304 - Pixley Ka Seme [Volksrust],Mpumalanga,1058,MP304,MP304 - Dr Pixley Ka Isaka Seme,Mpumalanga,vd_code_match
2011,54360019,MP304,MP304 - Pixley Ka Seme [Volksrust],Mpumalanga,1397,MP304,MP304 - Dr Pixley Ka Isaka Seme,Mpumalanga,vd_code_match
2011,54360020,MP304,MP304 - Pixley Ka Seme [Volksrust],Mpumalanga,306,MP304,MP304 - Dr Pixley Ka Isaka Seme,Mpumalanga,vd_code_match
2011,54360031,MP304,MP304 - Pixley Ka Seme [Volksrust],Mpumalanga,646,MP304,MP304 - Dr Pixley Ka Isaka Seme,Mpumalanga,vd_code_match
2011,54360042,MP304,MP304 - Pixley Ka Seme [Volksrust],Mpumalanga,229,MP304,MP304 - Dr Pixley Ka Isaka Seme,Mpumalanga,vd_code_match
2011,54360053,MP304,MP304 - Pixley Ka Seme [Volksrust],Mpumalanga,625,MP304,MP304 - Dr Pixley Ka Isaka Seme,Mpumalanga,vd_code_match
2011,54360064,MP304,MP304 - Pixley Ka Seme [Volksrust],Mpumalanga,1341,MP304,MP304 - Dr Pixley Ka Isaka Seme,Mpumalanga,vd_code_match
2011,54360075,MP304,MP304 - Pixley Ka Seme [Volksrust],Mpumalanga,671,MP304,MP304 - Dr Pixley Ka Isaka Seme,Mpumalanga,vd_code_match
2011,54360086,MP304,MP304 - Pixley Ka Seme [Volksrust],Mpumalanga,1044,MP304,MP304 - Dr Pixley Ka Isaka Seme,Mpumalanga,vd_code_match
2011,54360097,MP304,MP304 - Pixley Ka Seme [Volksrust],Mpumalanga,1376,MP304,MP304 - Dr Pixley Ka Isaka Seme,Mpumalanga,vd_code_match
2011,54360109,MP304,MP304 - Pixley Ka Seme [Volksrust],Mpumalanga,330,MP304,MP304 - Dr Pixley Ka Isaka Seme,Mpumalanga,vd_code_match
2011,54360110,MP304,MP304 - Pixley Ka Seme [Volksrust],Mpumalanga,1070,MP304,MP304 - Dr Pixley Ka Isaka Seme,Mpumalanga,vd_code_match
2011,54360121,MP304,MP304 - Pixley Ka Seme [Volksrust],Mpumalanga,91,MP304,MP304 - Dr Pixley Ka Isaka Seme,Mpumalanga,vd_code_match
2011,54370021,MP306,MP306 - Dipaleseng [Balfour],Mpumalanga,48,MP306,MP306 - Dipaleseng,Mpumalanga,vd_code_match
2011,54370032,MP306,MP306 - Dipaleseng [Balfour],Mpumalanga,901,MP306,MP306 - Dipaleseng,Mpumalanga,vd_code_match
2011,54370054,MP306,MP306 - Dipaleseng [Balfour],Mpumalanga,216,MP306,MP306 - Dipaleseng,Mpumalanga,vd_code_match
2011,54370065,MP306,MP306 - Dipaleseng [Balfour],Mpumalanga,138,MP306,MP306 - Dipaleseng,Mpumalanga,vd_code_match
2011,54370076,MP306,MP306 - Dipaleseng [Balfour],Mpumalanga,144,MP306,MP306 - Dipaleseng,Mpumalanga,vd_code_match
2011,54370087,MP306,MP306 - Dipaleseng [Balfour],Mpumalanga,55,MP306,MP306 - Dipaleseng,Mpumalanga,vd_code_match
2011,54370098,MP306,MP306 - Dipaleseng [Balfour],Mpumalanga,118,MP306,MP306 - Dipaleseng,Mpumalanga,vd_code_match
2011,54380011,MP307,MP307 - Govan Mbeki [Highveld Ridge],Mpumalanga,304,MP307,MP307 - Govan Mbeki,Mpumalanga,vd_code_match
2011,54380022,MP302,MP302 - Msukaligwa [Ermelo],Mpumalanga,336,MP302,MP302 - Msukaligwa,Mpumalanga,vd_code_match
2011,54380033,MP305,MP305 - Lekwa [Standerton],Mpumalanga,350,MP305,MP305 - Lekwa,Mpumalanga,vd_code_match
2011,54380044,MP307,MP307 - Govan Mbeki [Highveld Ridge],Mpumalanga,300,MP307,MP307 - Govan Mbeki,Mpumalanga,vd_code_match
2011,54380055,MP307,MP307 - Govan Mbeki [Highveld Ridge],Mpumalanga,307,MP307,MP307 - Govan Mbeki,Mpumalanga,vd_code_match
2011,54380066,MP307,MP307 - Govan Mbeki [Highveld Ridge],Mpumalanga,154,MP307,MP307 - Govan Mbeki,Mpumalanga,vd_code_match
2011,54380077,MP307,MP307 - Govan Mbeki [Highveld Ridge],Mpumalanga,223,MP307,MP307 - Govan Mbeki,Mpumalanga,vd_code_match
2011,54390012,MP301,MP301 - Albert Luthuli [Elukwatini/Carolina],Mpumalanga,172,MP301,MP301 - Chief Albert Luthuli,Mpumalanga,vd_code_match
2011,54390023,MP301,MP301 - Albert Luthuli [Elukwatini/Carolina],Mpumalanga,262,MP301,MP301 - Chief Albert Luthuli,Mpumalanga,vd_code_match
2011,54390034,MP301,MP301 - Albert Luthuli [Elukwatini/Carolina],Mpumalanga,435,MP301,MP301 - Chief Albert Luthuli,Mpumalanga,vd_code_match
2011,54390045,MP301,MP301 - Albert Luthuli [Elukwatini/Carolina],Mpumalanga,309,MP301,MP301 - Chief Albert Luthuli,Mpumalanga,vd_code_match
2011,54390056,MP301,MP301 - Albert Luthuli [Elukwatini/Carolina],Mpumalanga,202,MP301,MP301 - Chief Albert Luthuli,Mpumalanga,vd_code_match
2011,54390067,MP301,MP301 - Albert Luthuli [Elukwatini/Carolina],Mpumalanga,150,MP301,MP301 - Chief Albert Luthuli,Mpumalanga,vd_code_match
2011,54400014,MP311,MP311 - Delmas [Delmas],Mpumalanga,447,MP311,MP311 - Victor Khanye,Mpumalanga,vd_code_match
2011,54400036,MP311,MP311 - Delmas [Delmas],Mpumalanga,657,MP311,MP311 - Victor Khanye,Mpumalanga,vd_code_match
2011,54400047,MP311,MP311 - Delmas [Delmas],Mpumalanga,347,MP311,MP311 - Victor Khanye,Mpumalanga,vd_code_match
2011,54400058,MP311,MP311 - Delmas [Delmas],Mpumalanga,305,MP311,MP311 - Victor Khanye,Mpumalanga,vd_code_match
2011,54400069,MP311,MP311 - Delmas [Delmas],Mpumalanga,279,MP311,MP311 - Victor Khanye,Mpumalanga,vd_code_match
2011,54400070,MP311,MP311 - Delmas [Delmas],Mpumalanga,738,MP311,MP311 - Victor Khanye,Mpumalanga,vd_code_match
2011,54400081,MP311,MP311 - Delmas [Delmas],Mpumalanga,281,MP311,MP311 - Victor Khanye,Mpumalanga,vd_code_match
2011,54400092,MP311,MP311 - Delmas [Delmas],Mpumalanga,521,MP311,MP311 - Victor Khanye,Mpumalanga,vd_code_match
2011,54400104,MP311,MP311 - Delmas [Delmas],Mpumalanga,1071,MP311,MP311 - Victor Khanye,Mpumalanga,vd_code_match
2011,54400126,MP311,MP311 - Delmas [Delmas],Mpumalanga,340,MP311,MP311 - Victor Khanye,Mpumalanga,vd_code_match
2011,54410015,MP301,MP301 - Albert Luthuli [Elukwatini/Carolina],Mpumalanga,225,MP301,MP301 - Chief Albert Luthuli,Mpumalanga,vd_code_match
2011,54410026,MP302,MP302 - Msukaligwa [Ermelo],Mpumalanga,2204,MP302,MP302 - Msukaligwa,Mpumalanga,vd_code_match
2011,54410037,MP302,MP302 - Msukaligwa [Ermelo],Mpumalanga,221,MP302,MP302 - Msukaligwa,Mpumalanga,vd_code_match
2011,54410048,MP302,MP302 - Msukaligwa [Ermelo],Mpumalanga,153,MP302,MP302 - Msukaligwa,Mpumalanga,vd_code_match
2011,54410059,MP305,MP305 - Lekwa [Standerton],Mpumalanga,303,MP305,MP305 - Lekwa,Mpumalanga,vd_code_match
2011,54410060,MP304,MP304 - Pixley Ka Seme [Volksrust],Mpumalanga,132,MP304,MP304 - Dr Pixley Ka Isaka Seme,Mpumalanga,vd_code_match
2011,54410071,MP302,MP302 - Msukaligwa [Ermelo],Mpumalanga,311,MP302,MP302 - Msukaligwa,Mpumalanga,vd_code_match
2011,54410082,MP302,MP302 - Msukaligwa [Ermelo],Mpumalanga,725,MP302,MP302 - Msukaligwa,Mpumalanga,vd_code_match
2011,54410093,MP302,MP302 - Msukaligwa [Ermelo],Mpumalanga,2113,MP302,MP302 - Msukaligwa,Mpumalanga,vd_code_match
2011,54410105,MP302,MP302 - Msukaligwa [Ermelo],Mpumalanga,319,MP302,MP302 - Msukaligwa,Mpumalanga,vd_code_match
2011,54410116,MP302,MP302 - Msukaligwa [Ermelo],Mpumalanga,589,MP302,MP302 - Msukaligwa,Mpumalanga,vd_code_match
2011,54410127,MP302,MP302 - Msukaligwa [Ermelo],Mpumalanga,2092,MP302,MP302 - Msukaligwa,Mpumalanga,vd_code_match
2011,54410138,MP302,MP302 - Msukaligwa [Ermelo],Mpumalanga,448,MP302,MP302 - Msukaligwa,Mpumalanga,vd_code_match
2011,54410149,MP301,MP301 - Albert Luthuli [Elukwatini/Carolina],Mpumalanga,290,MP301,MP301 - Chief Albert Luthuli,Mpumalanga,vd_code_match
2011,54410150,MP302,MP302 - Msukaligwa [Ermelo],Mpumalanga,743,MP302,MP302 - Msukaligwa,Mpumalanga,vd_code_match
2011,54410161,MP302,MP302 - Msukaligwa [Ermelo],Mpumalanga,702,MP302,MP302 - Msukaligwa,Mpumalanga,vd_code_match
2011,54410172,MP303,MP303 - Mkhondo [Piet Retief],Mpumalanga,800,MP303,MP303 - Mkhondo,Mpumalanga,vd_code_match
2011,54410183,MP303,MP303 - Mkhondo [Piet Retief],Mpumalanga,324,MP303,MP303 - Mkhondo,Mpumalanga,vd_code_match
2011,54410194,MP302,MP302 - Msukaligwa [Ermelo],Mpumalanga,1947,MP302,MP302 - Msukaligwa,Mpumalanga,vd_code_match
2011,54410206,MP301,MP301 - Albert Luthuli [Elukwatini/Carolina],Mpumalanga,656,MP301,MP301 - Chief Albert Luthuli,Mpumalanga,vd_code_match
2011,54410217,MP302,MP302 - Msukaligwa [Ermelo],Mpumalanga,501,MP302,MP302 - Msukaligwa,Mpumalanga,vd_code_match
2011,54410228,MP301,MP301 - Albert Luthuli [Elukwatini/Carolina],Mpumalanga,149,MP301,MP301 - Chief Albert Luthuli,Mpumalanga,vd_code_match
2011,54410239,MP302,MP302 - Msukaligwa [Ermelo],Mpumalanga,135,MP302,MP302 - Msukaligwa,Mpumalanga,vd_code_match
2011,54410240,MP302,MP302 - Msukaligwa [Ermelo],Mpumalanga,74,MP302,MP302 - Msukaligwa,Mpumalanga,vd_code_match
2011,54410251,MP302,MP302 - Msukaligwa [Ermelo],Mpumalanga,134,MP302,MP302 - Msukaligwa,Mpumalanga,vd_code_match
2011,54410262,MP302,MP302 - Msukaligwa [Ermelo],Mpumalanga,236,MP302,MP302 - Msukaligwa,Mpumalanga,vd_code_match
2011,54410273,MP302,MP302 - Msukaligwa [Ermelo],Mpumalanga,88,MP302,MP302 - Msukaligwa,Mpumalanga,vd_code_match
2011,54410284,MP302,MP302 - Msukaligwa [Ermelo],Mpumalanga,547,MP302,MP302 - Msukaligwa,Mpumalanga,vd_code_match
2011,54410295,MP303,MP303 - Mkhondo [Piet Retief],Mpumalanga,263,MP303,MP303 - Mkhondo,Mpumalanga,vd_code_match
2011,54410307,MP303,MP303 - Mkhondo [Piet Retief],Mpumalanga,201,MP303,MP303 - Mkhondo,Mpumalanga,vd_code_match
2011,54410318,MP302,MP302 - Msukaligwa [Ermelo],Mpumalanga,507,MP302,MP302 - Msukaligwa,Mpumalanga,vd_code_match
2011,54410329,MP302,MP302 - Msukaligwa [Ermelo],Mpumalanga,61,MP302,MP302 - Msukaligwa,Mpumalanga,municipality_majority
2011,54420016,MP311,MP311 - Delmas [Delmas],Mpumalanga,338,MP311,MP311 - Victor Khanye,Mpumalanga,vd_code_match
2011,54420038,MP307,MP307 - Govan Mbeki [Highveld Ridge],Mpumalanga,367,MP307,MP307 - Govan Mbeki,Mpumalanga,vd_code_match
2011,54420049,MP307,MP307 - Govan Mbeki [Highveld Ridge],Mpumalanga,156,MP307,MP307 - Govan Mbeki,Mpumalanga,vd_code_match
2011,54420050,MP307,MP307 - Govan Mbeki [Highveld Ridge],Mpumalanga,361,MP307,MP307 - Govan Mbeki,Mpumalanga,vd_code_match
2011,54420072,MP307,MP307 - Govan Mbeki [Highveld Ridge],Mpumalanga,487,MP307,MP307 - Govan Mbeki,Mpumalanga,vd_code_match
2011,54420083,MP307,MP307 - Govan Mbeki [Highveld Ridge],Mpumalanga,308,MP307,MP307 - Govan Mbeki,Mpumalanga,vd_code_match
2011,54420094,MP307,MP307 - Govan Mbeki [Highveld Ridge],Mpumalanga,378,MP307,MP307 - Govan Mbeki,Mpumalanga,municipality_majority
2011,54420106,MP307,MP307 - Govan Mbeki [Highveld Ridge],Mpumalanga,1965,MP307,MP307 - Govan Mbeki,Mpumalanga,vd_code_match
2011,54420128,MP307,MP307 - Govan Mbeki [Highveld Ridge],Mpumalanga,456,MP307,MP307 - Govan Mbeki,Mpumalanga,vd_code_match
2011,54420139,MP307,MP307 - Govan Mbeki [Highveld Ridge],Mpumalanga,793,MP307,MP307 - Govan Mbeki,Mpumalanga,vd_code_match
2011,54420140,MP307,MP307 - Govan Mbeki [Highveld Ridge],Mpumalanga,604,MP307,MP307 - Govan Mbeki,Mpumalanga,vd_code_match
2011,54420151,MP307,MP307 - Govan Mbeki [Highveld Ridge],Mpumalanga,204,MP307,MP307 - Govan Mbeki,Mpumalanga,vd_code_match
2011,54430028,MP312,MP312 - Emalahleni [Witbank],Mpumalanga,1070,MP312,MP312 - Emalahleni,Mpumalanga,vd_code_match
2011,54430039,MP312,MP312 - Emalahleni [Witbank],Mpumalanga,1037,MP312,MP312 - Emalahleni,Mpumalanga,vd_code_match
2011,54430040,MP312,MP312 - Emalahleni [Witbank],Mpumalanga,317,MP312,MP312 - Emalahleni,Mpumalanga,vd_code_match
2011,54430051,MP312,MP312 - Emalahleni [Witbank],Mpumalanga,2537,MP312,MP312 - Emalahleni,Mpumalanga,vd_code_match
2011,54430062,MP312,MP312 - Emalahleni [Witbank],Mpumalanga,786,MP312,MP312 - Emalahleni,Mpumalanga,vd_code_match
2011,54430073,MP312,MP312 - Emalahleni [Witbank],Mpumalanga,198,MP312,MP312 - Emalahleni,Mpumalanga,vd_code_match
2011,54430084,MP312,MP312 - Emalahleni [Witbank],Mpumalanga,93,MP312,MP312 - Emalahleni,Mpumalanga,vd_code_match
2011,54430095,MP312,MP312 - Emalahleni [Witbank],Mpumalanga,536,MP312,MP312 - Emalahleni,Mpumalanga,vd_code_match
2011,54440018,MP303,MP303 - Mkhondo [Piet Retief],Mpumalanga,669,MP303,MP303 - Mkhondo,Mpumalanga,vd_code_match
2011,54440029,MP303,MP303 - Mkhondo [Piet Retief],Mpumalanga,313,MP303,MP303 - Mkhondo,Mpumalanga,vd_code_match
2011,54440030,MP303,MP303 - Mkhondo [Piet Retief],Mpumalanga,1088,MP303,MP303 - Mkhondo,Mpumalanga,vd_code_match
2011,54440041,MP303,MP303 - Mkhondo [Piet Retief],Mpumalanga,1005,MP303,MP303 - Mkhondo,Mpumalanga,vd_code_match
2011,54440052,MP303,MP303 - Mkhondo [Piet Retief],Mpumalanga,336,MP303,MP303 - Mkhondo,Mpumalanga,vd_code_match
2011,54440063,MP303,MP303 - Mkhondo [Piet Retief],Mpumalanga,410,MP303,MP303 - Mkhondo,Mpumalanga,vd_code_match
2011,54440074,MP303,MP303 - Mkhondo [Piet Retief],Mpumalanga,489,MP303,MP303 - Mkhondo,Mpumalanga,vd_code_match
2011,54440085,MP303,MP303 - Mkhondo [Piet Retief],Mpumalanga,1386,MP303,MP303 - Mkhondo,Mpumalanga,vd_code_match
2011,54440096,MP303,MP303 - Mkhondo [Piet Retief],Mpumalanga,1311,MP303,MP303 - Mkhondo,Mpumalanga,vd_code_match
2011,54440119,MP303,MP303 - Mkhondo [Piet Retief],Mpumalanga,791,MP303,MP303 - Mkhondo,Mpumalanga,vd_code_match
2011,54440120,MP303,MP303 - Mkhondo [Piet Retief],Mpumalanga,603,MP303,MP303 - Mkhondo,Mpumalanga,vd_code_match
2011,54440131,MP303,MP303 - Mkhondo [Piet Retief],Mpumalanga,979,MP303,MP303 - Mkhondo,Mpumalanga,vd_code_match
2011,54440142,MP303,MP303 - Mkhondo [Piet Retief],Mpumalanga,1810,MP303,MP303 - Mkhondo,Mpumalanga,vd_code_match
2011,54440153,MP303,MP303 - Mkhondo [Piet Retief],Mpumalanga,1005,MP303,MP303 - Mkhondo,Mpumalanga,vd_code_match
2011,54440164,MP303,MP303 - Mkhondo [Piet Retief],Mpumalanga,577,MP303,MP303 - Mkhondo,Mpumalanga,vd_code_match
2011,54440175,MP303,MP303 - Mkhondo [Piet Retief],Mpumalanga,713,MP303,MP303 - Mkhondo,Mpumalanga,vd_code_match
2011,54440186,MP303,MP303 - Mkhondo [Piet Retief],Mpumalanga,805,MP303,MP303 - Mkhondo,Mpumalanga,vd_code_match
2011,54440197,MP303,MP303 - Mkhondo [Piet Retief],Mpumalanga,584,MP303,MP303 - Mkhondo,Mpumalanga,vd_code_match
2011,54440209,MP303,MP303 - Mkhondo [Piet Retief],Mpumalanga,1303,MP303,MP303 - Mkhondo,Mpumalanga,vd_code_match
2011,54440210,MP303,MP303 - Mkhondo [Piet Retief],Mpumalanga,296,MP303,MP303 - Mkhondo,Mpumalanga,vd_code_match
2011,54440221,MP303,MP303 - Mkhondo [Piet Retief],Mpumalanga,284,MP303,MP303 - Mkhondo,Mpumalanga,vd_code_match
2011,54440232,MP303,MP303 - Mkhondo [Piet Retief],Mpumalanga,443,MP303,MP303 - Mkhondo,Mpumalanga,vd_code_match
2011,54440243,MP303,MP303 - Mkhondo [Piet Retief],Mpumalanga,284,MP303,MP303 - Mkhondo,Mpumalanga,vd_code_match
2011,54440254,MP303,MP303 - Mkhondo [Piet Retief],Mpumalanga,137,MP303,MP303 - Mkhondo,Mpumalanga,vd_code_match
2011,54440276,MP303,MP303 - Mkhondo [Piet Retief],Mpumalanga,468,MP303,MP303 - Mkhondo,Mpumalanga,vd_code_match
2011,54440287,MP303,MP303 - Mkhondo [Piet Retief],Mpumalanga,159,MP303,MP303 - Mkhondo,Mpumalanga,vd_code_match
2011,54440298,MP303,MP303 - Mkhondo [Piet Retief],Mpumalanga,535,MP303,MP303 - Mkhondo,Mpumalanga,vd_code_match
2011,54440300,MP303,MP303 - Mkhondo [Piet Retief],Mpumalanga,506,MP303,MP303 - Mkhondo,Mpumalanga,vd_code_match
2011,54440311,MP303,MP303 - Mkhondo [Piet Retief],Mpumalanga,477,MP303,MP303 - Mkhondo,Mpumalanga,vd_code_match
2011,54440322,MP303,MP303 - Mkhondo [Piet Retief],Mpumalanga,1200,MP303,MP303 - Mkhondo,Mpumalanga,vd_code_match
2011,54440333,MP303,MP303 - Mkhondo [Piet Retief],Mpumalanga,865,MP303,MP303 - Mkhondo,Mpumalanga,vd_code_match
2011,54440344,MP303,MP303 - Mkhondo [Piet Retief],Mpumalanga,201,MP303,MP303 - Mkhondo,Mpumalanga,vd_code_match
2011,54440355,MP303,MP303 - Mkhondo [Piet Retief],Mpumalanga,657,MP303,MP303 - Mkhondo,Mpumalanga,vd_code_match
2011,54440366,MP303,MP303 - Mkhondo [Piet Retief],Mpumalanga,317,MP303,MP303 - Mkhondo,Mpumalanga,vd_code_match
2011,54440377,MP303,MP303 - Mkhondo [Piet Retief],Mpumalanga,332,MP303,MP303 - Mkhondo,Mpumalanga,vd_code_match
2011,54440388,MP303,MP303 - Mkhondo [Piet Retief],Mpumalanga,202,MP303,MP303 - Mkhondo,Mpumalanga,vd_code_match
2011,54450019,MP305,MP305 - Lekwa [Standerton],Mpumalanga,1529,MP305,MP305 - Lekwa,Mpumalanga,vd_code_match
2011,54450020,MP305,MP305 - Lekwa [Standerton],Mpumalanga,387,MP305,MP305 - Lekwa,Mpumalanga,vd_code_match
2011,54450031,MP305,MP305 - Lekwa [Standerton],Mpumalanga,476,MP305,MP305 - Lekwa,Mpumalanga,vd_code_match
2011,54450042,MP306,MP306 - Dipaleseng [Balfour],Mpumalanga,519,MP306,MP306 - Dipaleseng,Mpumalanga,vd_code_match
2011,54450053,MP305,MP305 - Lekwa [Standerton],Mpumalanga,337,MP305,MP305 - Lekwa,Mpumalanga,vd_code_match
2011,54450064,MP305,MP305 - Lekwa [Standerton],Mpumalanga,1241,MP305,MP305 - Lekwa,Mpumalanga,vd_code_match
2011,54450075,MP305,MP305 - Lekwa [Standerton],Mpumalanga,1796,MP305,MP305 - Lekwa,Mpumalanga,vd_code_match
2011,54450086,MP305,MP305 - Lekwa [Standerton],Mpumalanga,553,MP305,MP305 - Lekwa,Mpumalanga,vd_code_match
2011,54450097,MP307,MP307 - Govan Mbeki [Highveld Ridge],Mpumalanga,600,MP307,MP307 - Govan Mbeki,Mpumalanga,vd_code_match
2011,54450143,MP305,MP305 - Lekwa [Standerton],Mpumalanga,376,MP305,MP305 - Lekwa,Mpumalanga,vd_code_match
2011,54450154,MP305,MP305 - Lekwa [Standerton],Mpumalanga,351,MP305,MP305 - Lekwa,Mpumalanga,vd_code_match
2011,54450165,MP305,MP305 - Lekwa [Standerton],Mpumalanga,200,MP305,MP305 - Lekwa,Mpumalanga,vd_code_match
2011,54450176,MP305,MP305 - Lekwa [Standerton],Mpumalanga,249,MP305,MP305 - Lekwa,Mpumalanga,vd_code_match
2011,54450187,MP305,MP305 - Lekwa [Standerton],Mpumalanga,2190,MP305,MP305 - Lekwa,Mpumalanga,vd_code_match
2011,54450198,MP305,MP305 - Lekwa [Standerton],Mpumalanga,97,MP305,MP305 - Lekwa,Mpumalanga,vd_code_match
2011,54450200,MP305,MP305 - Lekwa [Standerton],Mpumalanga,81,MP305,MP305 - Lekwa,Mpumalanga,vd_code_match
2011,54450211,MP305,MP305 - Lekwa [Standerton],Mpumalanga,1797,MP305,MP305 - Lekwa,Mpumalanga,vd_code_match
2011,54450222,MP305,MP305 - Lekwa [Standerton],Mpumalanga,248,MP305,MP305 - Lekwa,Mpumalanga,vd_code_match
2011,54460010,MP304,MP304 - Pixley Ka Seme [Volksrust],Mpumalanga,268,MP304,MP304 - Dr Pixley Ka Isaka Seme,Mpumalanga,vd_code_match
2011,54460021,MP304,MP304 - Pixley Ka Seme [Volksrust],Mpumalanga,236,MP304,MP304 - Dr Pixley Ka Isaka Seme,Mpumalanga,vd_code_match
2011,54460032,MP304,MP304 - Pixley Ka Seme [Volksrust],Mpumalanga,206,MP304,MP304 - Dr Pixley Ka Isaka Seme,Mpumalanga,vd_code_match
2011,54460043,MP304,MP304 - Pixley Ka Seme [Volksrust],Mpumalanga,362,MP304,MP304 - Dr Pixley Ka Isaka Seme,Mpumalanga,vd_code_match
2011,54460076,MP304,MP304 - Pixley Ka Seme [Volksrust],Mpumalanga,168,MP304,MP304 - Dr Pixley Ka Isaka Seme,Mpumalanga,vd_code_match
2011,54460087,MP304,MP304 - Pixley Ka Seme [Volksrust],Mpumalanga,200,MP304,MP304 - Dr Pixley Ka Isaka Seme,Mpumalanga,vd_code_match
2011,54470011,MP304,MP304 - Pixley Ka Seme [Volksrust],Mpumalanga,227,MP304,MP304 - Dr Pixley Ka Isaka Seme,Mpumalanga,vd_code_match
2011,54470044,MP303,MP303 - Mkhondo [Piet Retief],Mpumalanga,412,MP303,MP303 - Mkhondo,Mpumalanga,vd_code_match
2011,54470055,MP304,MP304 - Pixley Ka Seme [Volksrust],Mpumalanga,166,MP304,MP304 - Dr Pixley Ka Isaka Seme,Mpumalanga,vd_code_match
2011,54470077,MP303,MP303 - Mkhondo [Piet Retief],Mpumalanga,409,MP303,MP303 - Mkhondo,Mpumalanga,vd_code_match
2011,54470088,MP303,MP303 - Mkhondo [Piet Retief],Mpumalanga,2063,MP303,MP303 - Mkhondo,Mpumalanga,vd_code_match
2011,54470099,MP303,MP303 - Mkhondo [Piet Retief],Mpumalanga,1237,MP303,MP303 - Mkhondo,Mpumalanga,vd_code_match
2011,54470112,MP303,MP303 - Mkhondo [Piet Retief],Mpumalanga,2275,MP303,MP303 - Mkhondo,Mpumalanga,vd_code_match
2011,54470134,MP304,MP304 - Pixley Ka Seme [Volksrust],Mpumalanga,300,MP304,MP304 - Dr Pixley Ka Isaka Seme,Mpumalanga,vd_code_match
2011,54470145,MP304,MP304 - Pixley Ka Seme [Volksrust],Mpumalanga,174,MP304,MP304 - Dr Pixley Ka Isaka Seme,Mpumalanga,vd_code_match
2011,54470156,MP303,MP303 - Mkhondo [Piet Retief],Mpumalanga,968,MP303,MP303 - Mkhondo,Mpumalanga,vd_code_match
2011,54470167,MP303,MP303 - Mkhondo [Piet Retief],Mpumalanga,549,MP303,MP303 - Mkhondo,Mpumalanga,vd_code_match
2011,54470178,MP303,MP303 - Mkhondo [Piet Retief],Mpumalanga,407,MP303,MP303 - Mkhondo,Mpumalanga,vd_code_match
2011,54470189,MP303,MP303 - Mkhondo [Piet Retief],Mpumalanga,395,MP303,MP303 - Mkhondo,Mpumalanga,vd_code_match
2011,54470190,MP303,MP303 - Mkhondo [Piet Retief],Mpumalanga,422,MP303,MP303 - Mkhondo,Mpumalanga,vd_code_match
2011,54470202,MP303,MP303 - Mkhondo [Piet Retief],Mpumalanga,234,MP303,MP303 - Mkhondo,Mpumalanga,vd_code_match
2011,54490013,MP314,MP314 - Emakhazeni [Belfast],Mpumalanga,2411,MP314,MP314 - Emakhazeni,Mpumalanga,vd_code_match
2011,54490024,MP314,MP314 - Emakhazeni [Belfast],Mpumalanga,1160,MP314,MP314 - Emakhazeni,Mpumalanga,vd_code_match
2011,54490035,MP314,MP314 - Emakhazeni [Belfast],Mpumalanga,1404,MP314,MP314 - Emakhazeni,Mpumalanga,vd_code_match
2011,54490046,MP314,MP314 - Emakhazeni [Belfast],Mpumalanga,898,MP314,MP314 - Emakhazeni,Mpumalanga,vd_code_match
2011,54490057,MP314,MP314 - Emakhazeni [Belfast],Mpumalanga,1593,MP314,MP314 - Emakhazeni,Mpumalanga,vd_code_match
2011,54490068,MP314,MP314 - Emakhazeni [Belfast],Mpumalanga,724,MP314,MP314 - Emakhazeni,Mpumalanga,vd_code_match
2011,54500015,MP314,MP314 - Emakhazeni [Belfast],Mpumalanga,1691,MP314,MP314 - Emakhazeni,Mpumalanga,vd_code_match
2011,54500026,MP314,MP314 - Emakhazeni [Belfast],Mpumalanga,451,MP314,MP314 - Emakhazeni,Mpumalanga,vd_code_match
2011,54500037,MP314,MP314 - Emakhazeni [Belfast],Mpumalanga,496,MP314,MP314 - Emakhazeni,Mpumalanga,vd_code_match
2011,54530018,MP313,MP313 - Steve Tshwete [Middelburg],Mpumalanga,1963,MP313,MP313 - Steve Tshwete,Mpumalanga,vd_code_match
2011,54530029,MP313,MP313 - Steve Tshwete [Middelburg],Mpumalanga,2216,MP313,MP313 - Steve Tshwete,Mpumalanga,vd_code_match
2011,54530030,MP313,MP313 - Steve Tshwete [Middelburg],Mpumalanga,2453,MP313,MP313 - Steve Tshwete,Mpumalanga,vd_code_match
2011,54530041,MP313,MP313 - Steve Tshwete [Middelburg],Mpumalanga,1277,MP313,MP313 - Steve Tshwete,Mpumalanga,vd_code_match
2011,54530052,MP313,MP313 - Steve Tshwete [Middelburg],Mpumalanga,2498,MP313,MP313 - Steve Tshwete,Mpumalanga,vd_code_match
2011,54540019,MP315,MP315 - Thembisile [KwaMhlanga],Mpumalanga,1196,MP315,MP315 - Thembisile Hani,Mpumalanga,vd_code_match
2011,54540020,MP315,MP315 - Thembisile [KwaMhlanga],Mpumalanga,2285,MP315,MP315 - Thembisile Hani,Mpumalanga,vd_code_match
2011,54540042,MP315,MP315 - Thembisile [KwaMhlanga],Mpumalanga,1659,MP315,MP315 - Thembisile Hani,Mpumalanga,vd_code_match
2011,54540053,MP315,MP315 - Thembisile [KwaMhlanga],Mpumalanga,1161,MP315,MP315 - Thembisile Hani,Mpumalanga,vd_code_match
2011,54540064,MP315,MP315 - Thembisile [KwaMhlanga],Mpumalanga,1842,MP315,MP315 - Thembisile Hani,Mpumalanga,vd_code_match
2011,54540075,MP315,MP315 - Thembisile [KwaMhlanga],Mpumalanga,2713,MP315,MP315 - Thembisile Hani,Mpumalanga,vd_code_match
2011,54540086,MP315,MP315 - Thembisile [KwaMhlanga],Mpumalanga,1623,MP315,MP315 - Thembisile Hani,Mpumalanga,vd_code_match
2011,54540097,MP315,MP315 - Thembisile [KwaMhlanga],Mpumalanga,2247,MP315,MP315 - Thembisile Hani,Mpumalanga,vd_code_match
2011,54540109,MP315,MP315 - Thembisile [KwaMhlanga],Mpumalanga,1119,MP315,MP315 - Thembisile Hani,Mpumalanga,vd_code_match
2011,54540110,MP315,MP315 - Thembisile [KwaMhlanga],Mpumalanga,1049,MP315,MP315 - Thembisile Hani,Mpumalanga,vd_code_match
2011,54540121,MP315,MP315 - Thembisile [KwaMhlanga],Mpumalanga,2310,MP315,MP315 - Thembisile Hani,Mpumalanga,vd_code_match
2011,54540132,MP315,MP315 - Thembisile [KwaMhlanga],Mpumalanga,2551,MP315,MP315 - Thembisile Hani,Mpumalanga,vd_code_match
2011,54540143,MP315,MP315 - Thembisile [KwaMhlanga],Mpumalanga,1646,MP315,MP315 - Thembisile Hani,Mpumalanga,vd_code_match
2011,54540154,MP315,MP315 - Thembisile [KwaMhlanga],Mpumalanga,2810,MP315,MP315 - Thembisile Hani,Mpumalanga,vd_code_match
2011,54540165,MP315,MP315 - Thembisile [KwaMhlanga],Mpumalanga,1690,MP315,MP315 - Thembisile Hani,Mpumalanga,vd_code_match
2011,54540176,MP315,MP315 - Thembisile [KwaMhlanga],Mpumalanga,415,MP315,MP315 - Thembisile Hani,Mpumalanga,vd_code_match
2011,54540187,MP315,MP315 - Thembisile [KwaMhlanga],Mpumalanga,1422,MP315,MP315 - Thembisile Hani,Mpumalanga,vd_code_match
2011,54540198,MP315,MP315 - Thembisile [KwaMhlanga],Mpumalanga,1274,MP315,MP315 - Thembisile Hani,Mpumalanga,vd_code_match
2011,54540200,MP315,MP315 - Thembisile [KwaMhlanga],Mpumalanga,2470,MP315,MP315 - Thembisile Hani,Mpumalanga,vd_code_match
2011,54540211,MP315,MP315 - Thembisile [KwaMhlanga],Mpumalanga,2134,MP315,MP315 - Thembisile Hani,Mpumalanga,vd_code_match
2011,54540222,MP315,MP315 - Thembisile [KwaMhlanga],Mpumalanga,1637,MP315,MP315 - Thembisile Hani,Mpumalanga,vd_code_match
2011,54540233,MP315,MP315 - Thembisile [KwaMhlanga],Mpumalanga,1673,MP315,MP315 - Thembisile Hani,Mpumalanga,vd_code_match
2011,54540299,MP315,MP315 - Thembisile [KwaMhlanga],Mpumalanga,2396,MP315,MP315 - Thembisile Hani,Mpumalanga,vd_code_match
2011,54540301,MP315,MP315 - Thembisile [KwaMhlanga],Mpumalanga,1288,MP315,MP315 - Thembisile Hani,Mpumalanga,vd_code_match
2011,54540312,MP315,MP315 - Thembisile [KwaMhlanga],Mpumalanga,568,MP315,MP315 - Thembisile Hani,Mpumalanga,vd_code_match
2011,54540334,MP315,MP315 - Thembisile [KwaMhlanga],Mpumalanga,2556,MP315,MP315 - Thembisile Hani,Mpumalanga,vd_code_match
2011,54540356,MP315,MP315 - Thembisile [KwaMhlanga],Mpumalanga,1300,MP315,MP315 - Thembisile Hani,Mpumalanga,vd_code_match
2011,54540367,MP315,MP315 - Thembisile [KwaMhlanga],Mpumalanga,374,MP315,MP315 - Thembisile Hani,Mpumalanga,vd_code_match
2011,54540378,MP315,MP315 - Thembisile [KwaMhlanga],Mpumalanga,128,MP315,MP315 - Thembisile Hani,Mpumalanga,vd_code_match
2011,54540389,MP315,MP315 - Thembisile [KwaMhlanga],Mpumalanga,1226,MP315,MP315 - Thembisile Hani,Mpumalanga,vd_code_match
2011,54540390,MP315,MP315 - Thembisile [KwaMhlanga],Mpumalanga,2141,MP315,MP315 - Thembisile Hani,Mpumalanga,vd_code_match
2011,54540402,MP315,MP315 - Thembisile [KwaMhlanga],Mpumalanga,875,MP315,MP315 - Thembisile Hani,Mpumalanga,vd_code_match
2011,54540413,MP315,MP315 - Thembisile [KwaMhlanga],Mpumalanga,259,MP315,MP315 - Thembisile Hani,Mpumalanga,vd_code_match
2011,54540424,MP315,MP315 - Thembisile [KwaMhlanga],Mpumalanga,959,MP315,MP315 - Thembisile Hani,Mpumalanga,vd_code_match
2011,54540435,MP315,MP315 - Thembisile [KwaMhlanga],Mpumalanga,1325,MP315,MP315 - Thembisile Hani,Mpumalanga,vd_code_match
2011,54540446,MP315,MP315 - Thembisile [KwaMhlanga],Mpumalanga,922,MP315,MP315 - Thembisile Hani,Mpumalanga,vd_code_match
2011,54540457,MP315,MP315 - Thembisile [KwaMhlanga],Mpumalanga,476,MP315,MP315 - Thembisile Hani,Mpumalanga,vd_code_match
2011,54540468,MP315,MP315 - Thembisile [KwaMhlanga],Mpumalanga,370,MP315,MP315 - Thembisile Hani,Mpumalanga,vd_code_match
2011,54540479,MP315,MP315 - Thembisile [KwaMhlanga],Mpumalanga,997,MP315,MP315 - Thembisile Hani,Mpumalanga,vd_code_match
2011,54540480,MP315,MP315 - Thembisile [KwaMhlanga],Mpumalanga,292,MP315,MP315 - Thembisile Hani,Mpumalanga,municipality_majority
2011,54540491,MP315,MP315 - Thembisile [KwaMhlanga],Mpumalanga,472,MP315,MP315 - Thembisile Hani,Mpumalanga,vd_code_match
2011,54540503,MP315,MP315 - Thembisile [KwaMhlanga],Mpumalanga,155,MP315,MP315 - Thembisile Hani,Mpumalanga,vd_code_match
2011,54540514,MP315,MP315 - Thembisile [KwaMhlanga],Mpumalanga,939,MP315,MP315 - Thembisile Hani,Mpumalanga,vd_code_match
2011,54540525,MP315,MP315 - Thembisile [KwaMhlanga],Mpumalanga,269,MP315,MP315 - Thembisile Hani,Mpumalanga,municipality_majority
2011,54540536,MP315,MP315 - Thembisile [KwaMhlanga],Mpumalanga,567,MP315,MP315 - Thembisile Hani,Mpumalanga,vd_code_match
2011,54540547,MP315,MP315 - Thembisile [KwaMhlanga],Mpumalanga,654,MP315,MP315 - Thembisile Hani,Mpumalanga,vd_code_match
2011,54540558,MP315,MP315 - Thembisile [KwaMhlanga],Mpumalanga,758,MP315,MP315 - Thembisile Hani,Mpumalanga,vd_code_match
2011,54540569,MP315,MP315 - Thembisile [KwaMhlanga],Mpumalanga,457,MP315,MP315 - Thembisile Hani,Mpumalanga,vd_code_match
2011,54540570,MP315,MP315 - Thembisile [KwaMhlanga],Mpumalanga,813,MP315,MP315 - Thembisile Hani,Mpumalanga,vd_code_match
2011,54540581,MP315,MP315 - Thembisile [KwaMhlanga],Mpumalanga,330,MP315,MP315 - Thembisile Hani,Mpumalanga,vd_code_match
2011,54540592,MP315,MP315 - Thembisile [KwaMhlanga],Mpumalanga,590,MP315,MP315 - Thembisile Hani,Mpumalanga,vd_code_match
2011,54540604,MP315,MP315 - Thembisile [KwaMhlanga],Mpumalanga,294,MP315,MP315 - Thembisile Hani,Mpumalanga,municipality_majority
2011,54540615,MP315,MP315 - Thembisile [KwaMhlanga],Mpumalanga,362,MP315,MP315 - Thembisile Hani,Mpumalanga,vd_code_match
2011,54540626,MP315,MP315 - Thembisile [KwaMhlanga],Mpumalanga,318,MP315,MP315 - Thembisile Hani,Mpumalanga,vd_code_match
2011,54540637,MP315,MP315 - Thembisile [KwaMhlanga],Mpumalanga,422,MP315,MP315 - Thembisile Hani,Mpumalanga,vd_code_match
2011,54540648,MP315,MP315 - Thembisile [KwaMhlanga],Mpumalanga,771,MP315,MP315 - Thembisile Hani,Mpumalanga,vd_code_match
2011,54540659,MP315,MP315 - Thembisile [KwaMhlanga],Mpumalanga,650,MP315,MP315 - Thembisile Hani,Mpumalanga,vd_code_match
2011,54540660,MP315,MP315 - Thembisile [KwaMhlanga],Mpumalanga,763,MP315,MP315 - Thembisile Hani,Mpumalanga,vd_code_match
2011,54540671,MP315,MP315 - Thembisile [KwaMhlanga],Mpumalanga,907,MP315,MP315 - Thembisile Hani,Mpumalanga,vd_code_match
2011,54540682,MP315,MP315 - Thembisile [KwaMhlanga],Mpumalanga,293,MP315,MP315 - Thembisile Hani,Mpumalanga,vd_code_match
2011,54540693,MP315,MP315 - Thembisile [KwaMhlanga],Mpumalanga,636,MP315,MP315 - Thembisile Hani,Mpumalanga,vd_code_match
2011,54540705,MP315,MP315 - Thembisile [KwaMhlanga],Mpumalanga,1385,MP315,MP315 - Thembisile Hani,Mpumalanga,vd_code_match
2011,54540716,MP315,MP315 - Thembisile [KwaMhlanga],Mpumalanga,1170,MP315,MP315 - Thembisile Hani,Mpumalanga,vd_code_match
2011,54540727,MP315,MP315 - Thembisile [KwaMhlanga],Mpumalanga,505,MP315,MP315 - Thembisile Hani,Mpumalanga,vd_code_match
2011,54540738,MP315,MP315 - Thembisile [KwaMhlanga],Mpumalanga,481,MP315,MP315 - Thembisile Hani,Mpumalanga,vd_code_match
2011,54540749,MP315,MP315 - Thembisile [KwaMhlanga],Mpumalanga,840,MP315,MP315 - Thembisile Hani,Mpumalanga,vd_code_match
2011,54540750,MP315,MP315 - Thembisile [KwaMhlanga],Mpumalanga,570,MP315,MP315 - Thembisile Hani,Mpumalanga,vd_code_match
2011,54540761,MP315,MP315 - Thembisile [KwaMhlanga],Mpumalanga,998,MP315,MP315 - Thembisile Hani,Mpumalanga,vd_code_match
2011,54540772,MP315,MP315 - Thembisile [KwaMhlanga],Mpumalanga,759,MP315,MP315 - Thembisile Hani,Mpumalanga,vd_code_match
2011,54540783,MP315,MP315 - Thembisile [KwaMhlanga],Mpumalanga,282,MP315,MP315 - Thembisile Hani,Mpumalanga,vd_code_match
2011,54540794,MP315,MP315 - Thembisile [KwaMhlanga],Mpumalanga,231,MP315,MP315 - Thembisile Hani,Mpumalanga,vd_code_match
2011,54540806,MP315,MP315 - Thembisile [KwaMhlanga],Mpumalanga,807,MP315,MP315 - Thembisile Hani,Mpumalanga,vd_code_match
2011,54540817,MP315,MP315 - Thembisile [KwaMhlanga],Mpumalanga,307,MP315,MP315 - Thembisile Hani,Mpumalanga,vd_code_match
2011,54540828,MP315,MP315 - Thembisile [KwaMhlanga],Mpumalanga,56,MP315,MP315 - Thembisile Hani,Mpumalanga,vd_code_match
2011,54540839,MP315,MP315 - Thembisile [KwaMhlanga],Mpumalanga,432,MP315,MP315 - Thembisile Hani,Mpumalanga,vd_code_match
2011,54540840,MP315,MP315 - Thembisile [KwaMhlanga],Mpumalanga,267,MP315,MP315 - Thembisile Hani,Mpumalanga,vd_code_match
2011,54540862,MP315,MP315 - Thembisile [KwaMhlanga],Mpumalanga,237,MP315,MP315 - Thembisile Hani,Mpumalanga,vd_code_match
2011,54540873,MP315,MP315 - Thembisile [KwaMhlanga],Mpumalanga,177,MP315,MP315 - Thembisile Hani,Mpumalanga,vd_code_match
2011,54550010,MP314,MP314 - Emakhazeni [Belfast],Mpumalanga,1330,MP314,MP314 - Emakhazeni,Mpumalanga,vd_code_match
2011,54550021,MP314,MP314 - Emakhazeni [Belfast],Mpumalanga,1064,MP314,MP314 - Emakhazeni,Mpumalanga,vd_code_match
2011,54550032,MP314,MP314 - Emakhazeni [Belfast],Mpumalanga,711,MP314,MP314 - Emakhazeni,Mpumalanga,vd_code_match
2011,54570012,MP316,MP316 - Dr JS Moroka [Mdutjana],Mpumalanga,2047,MP316,MP316 - Dr JS Moroka,Mpumalanga,vd_code_match
2011,54570034,MP316,MP316 - Dr JS Moroka [Mdutjana],Mpumalanga,1370,MP316,MP316 - Dr JS Moroka,Mpumalanga,vd_code_match
2011,54570045,MP316,MP316 - Dr JS Moroka [Mdutjana],Mpumalanga,1106,MP316,MP316 - Dr JS Moroka,Mpumalanga,vd_code_match
2011,54570056,MP316,MP316 - Dr JS Moroka [Mdutjana],Mpumalanga,632,MP316,MP316 - Dr JS Moroka,Mpumalanga,vd_code_match
2011,54570067,MP316,MP316 - Dr JS Moroka [Mdutjana],Mpumalanga,1386,MP316,MP316 - Dr JS Moroka,Mpumalanga,vd_code_match
2011,54570089,MP316,MP316 - Dr JS Moroka [Mdutjana],Mpumalanga,1134,MP316,MP316 - Dr JS Moroka,Mpumalanga,vd_code_match
2011,54570090,MP316,MP316 - Dr JS Moroka [Mdutjana],Mpumalanga,1007,MP316,MP316 - Dr JS Moroka,Mpumalanga,vd_code_match
2011,54570102,MP316,MP316 - Dr JS Moroka [Mdutjana],Mpumalanga,834,MP316,MP316 - Dr JS Moroka,Mpumalanga,vd_code_match
2011,54570113,MP316,MP316 - Dr JS Moroka [Mdutjana],Mpumalanga,985,MP316,MP316 - Dr JS Moroka,Mpumalanga,vd_code_match
2011,54570124,MP316,MP316 - Dr JS Moroka [Mdutjana],Mpumalanga,1164,MP316,MP316 - Dr JS Moroka,Mpumalanga,vd_code_match
2011,54570135,MP316,MP316 - Dr JS Moroka [Mdutjana],Mpumalanga,1976,MP316,MP316 - Dr JS Moroka,Mpumalanga,vd_code_match
2011,54570146,MP316,MP316 - Dr JS Moroka [Mdutjana],Mpumalanga,1104,MP316,MP316 - Dr JS Moroka,Mpumalanga,vd_code_match
2011,54570168,MP316,MP316 - Dr JS Moroka [Mdutjana],Mpumalanga,492,MP316,MP316 - Dr JS Moroka,Mpumalanga,vd_code_match
2011,54570179,MP316,MP316 - Dr JS Moroka [Mdutjana],Mpumalanga,1556,MP316,MP316 - Dr JS Moroka,Mpumalanga,vd_code_match
2011,54570180,MP316,MP316 - Dr JS Moroka [Mdutjana],Mpumalanga,870,MP316,MP316 - Dr JS Moroka,Mpumalanga,vd_code_match
2011,54570191,MP316,MP316 - Dr JS Moroka [Mdutjana],Mpumalanga,1003,MP316,MP316 - Dr JS Moroka,Mpumalanga,vd_code_match
2011,54570203,MP316,MP316 - Dr JS Moroka [Mdutjana],Mpumalanga,697,MP316,MP316 - Dr JS Moroka,Mpumalanga,vd_code_match
2011,54570214,MP316,MP316 - Dr JS Moroka [Mdutjana],Mpumalanga,918,MP316,MP316 - Dr JS Moroka,Mpumalanga,vd_code_match
2011,54570225,MP316,MP316 - Dr JS Moroka [Mdutjana],Mpumalanga,1216,MP316,MP316 - Dr JS Moroka,Mpumalanga,vd_code_match
2011,54570236,MP316,MP316 - Dr JS Moroka [Mdutjana],Mpumalanga,1274,MP316,MP316 - Dr JS Moroka,Mpumalanga,vd_code_match
2011,54570247,MP316,MP316 - Dr JS Moroka [Mdutjana],Mpumalanga,1363,MP316,MP316 - Dr JS Moroka,Mpumalanga,vd_code_match
2011,54570258,MP316,MP316 - Dr JS Moroka [Mdutjana],Mpumalanga,1349,MP316,MP316 - Dr JS Moroka,Mpumalanga,vd_code_match
2011,54570269,MP316,MP316 - Dr JS Moroka [Mdutjana],Mpumalanga,1003,MP316,MP316 - Dr JS Moroka,Mpumalanga,vd_code_match
2011,54570270,MP316,MP316 - Dr JS Moroka [Mdutjana],Mpumalanga,954,MP316,MP316 - Dr JS Moroka,Mpumalanga,vd_code_match
2011,54570281,MP316,MP316 - Dr JS Moroka [Mdutjana],Mpumalanga,922,MP316,MP316 - Dr JS Moroka,Mpumalanga,vd_code_match
2011,54570292,MP316,MP316 - Dr JS Moroka [Mdutjana],Mpumalanga,710,MP316,MP316 - Dr JS Moroka,Mpumalanga,vd_code_match
2011,54570304,MP316,MP316 - Dr JS Moroka [Mdutjana],Mpumalanga,547,MP316,MP316 - Dr JS Moroka,Mpumalanga,vd_code_match
2011,54570315,MP316,MP316 - Dr JS Moroka [Mdutjana],Mpumalanga,719,MP316,MP316 - Dr JS Moroka,Mpumalanga,vd_code_match
2011,54570326,MP316,MP316 - Dr JS Moroka [Mdutjana],Mpumalanga,1706,MP316,MP316 - Dr JS Moroka,Mpumalanga,vd_code_match
2011,54570337,MP316,MP316 - Dr JS Moroka [Mdutjana],Mpumalanga,283,MP316,MP316 - Dr JS Moroka,Mpumalanga,vd_code_match
2011,54570348,MP316,MP316 - Dr JS Moroka [Mdutjana],Mpumalanga,344,MP316,MP316 - Dr JS Moroka,Mpumalanga,vd_code_match
2011,54570359,MP316,MP316 - Dr JS Moroka [Mdutjana],Mpumalanga,815,MP316,MP316 - Dr JS Moroka,Mpumalanga,vd_code_match
2011,54570360,MP316,MP316 - Dr JS Moroka [Mdutjana],Mpumalanga,555,MP316,MP316 - Dr JS Moroka,Mpumalanga,vd_code_match
2011,54570371,MP316,MP316 - Dr JS Moroka [Mdutjana],Mpumalanga,756,MP316,MP316 - Dr JS Moroka,Mpumalanga,vd_code_match
2011,54580013,MP316,MP316 - Dr JS Moroka [Mdutjana],Mpumalanga,1441,MP316,MP316 - Dr JS Moroka,Mpumalanga,vd_code_match
2011,54580035,MP316,MP316 - Dr JS Moroka [Mdutjana],Mpumalanga,2177,MP316,MP316 - Dr JS Moroka,Mpumalanga,vd_code_match
2011,54580046,MP316,MP316 - Dr JS Moroka [Mdutjana],Mpumalanga,1879,MP316,MP316 - Dr JS Moroka,Mpumalanga,vd_code_match
2011,54580057,MP316,MP316 - Dr JS Moroka [Mdutjana],Mpumalanga,1724,MP316,MP316 - Dr JS Moroka,Mpumalanga,vd_code_match
2011,54580068,MP316,MP316 - Dr JS Moroka [Mdutjana],Mpumalanga,1637,MP316,MP316 - Dr JS Moroka,Mpumalanga,vd_code_match
2011,54580079,MP316,MP316 - Dr JS Moroka [Mdutjana],Mpumalanga,2019,MP316,MP316 - Dr JS Moroka,Mpumalanga,vd_code_match
2011,54580080,MP316,MP316 - Dr JS Moroka [Mdutjana],Mpumalanga,1642,MP316,MP316 - Dr JS Moroka,Mpumalanga,vd_code_match
2011,54580091,MP316,MP316 - Dr JS Moroka [Mdutjana],Mpumalanga,1467,MP316,MP316 - Dr JS Moroka,Mpumalanga,vd_code_match
2011,54580103,MP316,MP316 - Dr JS Moroka [Mdutjana],Mpumalanga,830,MP316,MP316 - Dr JS Moroka,Mpumalanga,vd_code_match
2011,54580114,MP316,MP316 - Dr JS Moroka [Mdutjana],Mpumalanga,444,MP316,MP316 - Dr JS Moroka,Mpumalanga,vd_code_match
2011,54580125,MP316,MP316 - Dr JS Moroka [Mdutjana],Mpumalanga,886,MP316,MP316 - Dr JS Moroka,Mpumalanga,vd_code_match
2011,54580136,MP316,MP316 - Dr JS Moroka [Mdutjana],Mpumalanga,1409,MP316,MP316 - Dr JS Moroka,Mpumalanga,vd_code_match
2011,54580158,MP316,MP316 - Dr JS Moroka [Mdutjana],Mpumalanga,1215,MP316,MP316 - Dr JS Moroka,Mpumalanga,vd_code_match
2011,54580169,MP316,MP316 - Dr JS Moroka [Mdutjana],Mpumalanga,1223,MP316,MP316 - Dr JS Moroka,Mpumalanga,vd_code_match
2011,54580181,MP315,MP315 - Thembisile [KwaMhlanga],Mpumalanga,373,MP315,MP315 - Thembisile Hani,Mpumalanga,vd_code_match
2011,54580192,MP316,MP316 - Dr JS Moroka [Mdutjana],Mpumalanga,1371,MP316,MP316 - Dr JS Moroka,Mpumalanga,vd_code_match
2011,54580204,MP316,MP316 - Dr JS Moroka [Mdutjana],Mpumalanga,943,MP316,MP316 - Dr JS Moroka,Mpumalanga,vd_code_match
2011,54580215,MP316,MP316 - Dr JS Moroka [Mdutjana],Mpumalanga,900,MP316,MP316 - Dr JS Moroka,Mpumalanga,vd_code_match
2011,54580226,MP316,MP316 - Dr JS Moroka [Mdutjana],Mpumalanga,19,MP316,MP316 - Dr JS Moroka,Mpumalanga,vd_code_match
2011,54580237,MP316,MP316 - Dr JS Moroka [Mdutjana],Mpumalanga,913,MP316,MP316 - Dr JS Moroka,Mpumalanga,vd_code_match
2011,54580248,MP316,MP316 - Dr JS Moroka [Mdutjana],Mpumalanga,617,MP316,MP316 - Dr JS Moroka,Mpumalanga,vd_code_match
2011,54580259,MP316,MP316 - Dr JS Moroka [Mdutjana],Mpumalanga,480,MP316,MP316 - Dr JS Moroka,Mpumalanga,vd_code_match
2011,54580260,MP316,MP316 - Dr JS Moroka [Mdutjana],Mpumalanga,896,MP316,MP316 - Dr JS Moroka,Mpumalanga,vd_code_match
2011,54580271,MP316,MP316 - Dr JS Moroka [Mdutjana],Mpumalanga,737,MP316,MP316 - Dr JS Moroka,Mpumalanga,vd_code_match
2011,54580282,MP316,MP316 - Dr JS Moroka [Mdutjana],Mpumalanga,422,MP316,MP316 - Dr JS Moroka,Mpumalanga,vd_code_match
2011,54590014,MP316,MP316 - Dr JS Moroka [Mdutjana],Mpumalanga,1563,MP316,MP316 - Dr JS Moroka,Mpumalanga,vd_code_match
2011,54590025,MP316,MP316 - Dr JS Moroka [Mdutjana],Mpumalanga,1757,MP316,MP316 - Dr JS Moroka,Mpumalanga,vd_code_match
2011,54590036,MP316,MP316 - Dr JS Moroka [Mdutjana],Mpumalanga,1725,MP316,MP316 - Dr JS Moroka,Mpumalanga,vd_code_match
2011,54590047,MP316,MP316 - Dr JS Moroka [Mdutjana],Mpumalanga,1574,MP316,MP316 - Dr JS Moroka,Mpumalanga,vd_code_match
2011,54590058,MP316,MP316 - Dr JS Moroka [Mdutjana],Mpumalanga,2178,MP316,MP316 - Dr JS Moroka,Mpumalanga,vd_code_match
2011,54590069,MP316,MP316 - Dr JS Moroka [Mdutjana],Mpumalanga,1345,MP316,MP316 - Dr JS Moroka,Mpumalanga,vd_code_match
2011,54590070,MP316,MP316 - Dr JS Moroka [Mdutjana],Mpumalanga,1573,MP316,MP316 - Dr JS Moroka,Mpumalanga,vd_code_match
2011,54590081,MP316,MP316 - Dr JS Moroka [Mdutjana],Mpumalanga,1740,MP316,MP316 - Dr JS Moroka,Mpumalanga,vd_code_match
2011,54590092,MP316,MP316 - Dr JS Moroka [Mdutjana],Mpumalanga,2573,MP316,MP316 - Dr JS Moroka,Mpumalanga,vd_code_match
2011,54590104,MP316,MP316 - Dr JS Moroka [Mdutjana],Mpumalanga,1308,MP316,MP316 - Dr JS Moroka,Mpumalanga,vd_code_match
2011,54590115,MP316,MP316 - Dr JS Moroka [Mdutjana],Mpumalanga,1770,MP316,MP316 - Dr JS Moroka,Mpumalanga,vd_code_match
2011,54590126,MP316,MP316 - Dr JS Moroka [Mdutjana],Mpumalanga,1501,MP316,MP316 - Dr JS Moroka,Mpumalanga,vd_code_match
2011,54590137,MP316,MP316 - Dr JS Moroka [Mdutjana],Mpumalanga,1440,MP316,MP316 - Dr JS Moroka,Mpumalanga,vd_code_match
2011,54590148,MP316,MP316 - Dr JS Moroka [Mdutjana],Mpumalanga,1420,MP316,MP316 - Dr JS Moroka,Mpumalanga,vd_code_match
2011,54590159,MP316,MP316 - Dr JS Moroka [Mdutjana],Mpumalanga,1648,MP316,MP316 - Dr JS Moroka,Mpumalanga,vd_code_match
2011,54590160,MP316,MP316 - Dr JS Moroka [Mdutjana],Mpumalanga,1421,MP316,MP316 - Dr JS Moroka,Mpumalanga,vd_code_match
2011,54590171,MP316,MP316 - Dr JS Moroka [Mdutjana],Mpumalanga,2099,MP316,MP316 - Dr JS Moroka,Mpumalanga,vd_code_match
2011,54590182,MP316,MP316 - Dr JS Moroka [Mdutjana],Mpumalanga,1656,MP316,MP316 - Dr JS Moroka,Mpumalanga,vd_code_match
2011,54590193,MP316,MP316 - Dr JS Moroka [Mdutjana],Mpumalanga,1503,MP316,MP316 - Dr JS Moroka,Mpumalanga,vd_code_match
2011,54590205,MP316,MP316 - Dr JS Moroka [Mdutjana],Mpumalanga,1752,MP316,MP316 - Dr JS Moroka,Mpumalanga,vd_code_match
2011,54590216,MP316,MP316 - Dr JS Moroka [Mdutjana],Mpumalanga,2010,MP316,MP316 - Dr JS Moroka,Mpumalanga,vd_code_match
2011,54590227,MP316,MP316 - Dr JS Moroka [Mdutjana],Mpumalanga,1249,MP316,MP316 - Dr JS Moroka,Mpumalanga,vd_code_match
2011,54590238,MP316,MP316 - Dr JS Moroka [Mdutjana],Mpumalanga,1816,MP316,MP316 - Dr JS Moroka,Mpumalanga,vd_code_match
2011,54590250,MP316,MP316 - Dr JS Moroka [Mdutjana],Mpumalanga,827,MP316,MP316 - Dr JS Moroka,Mpumalanga,vd_code_match
2011,54590261,MP316,MP316 - Dr JS Moroka [Mdutjana],Mpumalanga,1212,MP316,MP316 - Dr JS Moroka,Mpumalanga,vd_code_match
2011,54590272,MP316,MP316 - Dr JS Moroka [Mdutjana],Mpumalanga,1297,MP316,MP316 - Dr JS Moroka,Mpumalanga,vd_code_match
2011,54590283,MP316,MP316 - Dr JS Moroka [Mdutjana],Mpumalanga,984,MP316,MP316 - Dr JS Moroka,Mpumalanga,vd_code_match
2011,54590294,MP316,MP316 - Dr JS Moroka [Mdutjana],Mpumalanga,418,MP316,MP316 - Dr JS Moroka,Mpumalanga,vd_code_match
2011,54590306,MP316,MP316 - Dr JS Moroka [Mdutjana],Mpumalanga,1327,MP316,MP316 - Dr JS Moroka,Mpumalanga,vd_code_match
2011,54590328,MP316,MP316 - Dr JS Moroka [Mdutjana],Mpumalanga,944,MP316,MP316 - Dr JS Moroka,Mpumalanga,vd_code_match
2011,54590339,MP316,MP316 - Dr JS Moroka [Mdutjana],Mpumalanga,642,MP316,MP316 - Dr JS Moroka,Mpumalanga,vd_code_match
2011,54590340,MP316,MP316 - Dr JS Moroka [Mdutjana],Mpumalanga,1777,MP316,MP316 - Dr JS Moroka,Mpumalanga,vd_code_match
2011,54590351,MP316,MP316 - Dr JS Moroka [Mdutjana],Mpumalanga,959,MP316,MP316 - Dr JS Moroka,Mpumalanga,vd_code_match
2011,54590362,MP316,MP316 - Dr JS Moroka [Mdutjana],Mpumalanga,894,MP316,MP316 - Dr JS Moroka,Mpumalanga,vd_code_match
2011,54590373,MP316,MP316 - Dr JS Moroka [Mdutjana],Mpumalanga,205,MP316,MP316 - Dr JS Moroka,Mpumalanga,vd_code_match
2011,54590384,MP316,MP316 - Dr JS Moroka [Mdutjana],Mpumalanga,855,MP316,MP316 - Dr JS Moroka,Mpumalanga,vd_code_match
2011,54590395,MP316,MP316 - Dr JS Moroka [Mdutjana],Mpumalanga,457,MP316,MP316 - Dr JS Moroka,Mpumalanga,vd_code_match
2011,54590407,MP316,MP316 - Dr JS Moroka [Mdutjana],Mpumalanga,462,MP316,MP316 - Dr JS Moroka,Mpumalanga,vd_code_match
2011,54590418,MP316,MP316 - Dr JS Moroka [Mdutjana],Mpumalanga,606,MP316,MP316 - Dr JS Moroka,Mpumalanga,vd_code_match
2011,54590429,MP316,MP316 - Dr JS Moroka [Mdutjana],Mpumalanga,777,MP316,MP316 - Dr JS Moroka,Mpumalanga,vd_code_match
2011,54590430,MP316,MP316 - Dr JS Moroka [Mdutjana],Mpumalanga,948,MP316,MP316 - Dr JS Moroka,Mpumalanga,vd_code_match
2011,54590441,MP316,MP316 - Dr JS Moroka [Mdutjana],Mpumalanga,540,MP316,MP316 - Dr JS Moroka,Mpumalanga,vd_code_match
2011,54590452,MP316,MP316 - Dr JS Moroka [Mdutjana],Mpumalanga,733,MP316,MP316 - Dr JS Moroka,Mpumalanga,vd_code_match
2011,54590463,MP316,MP316 - Dr JS Moroka [Mdutjana],Mpumalanga,383,MP316,MP316 - Dr JS Moroka,Mpumalanga,vd_code_match
2011,54590474,MP316,MP316 - Dr JS Moroka [Mdutjana],Mpumalanga,158,MP316,MP316 - Dr JS Moroka,Mpumalanga,vd_code_match
2011,54600016,MP313,MP313 - Steve Tshwete [Middelburg],Mpumalanga,1477,MP313,MP313 - Steve Tshwete,Mpumalanga,vd_code_match
2011,54600027,MP313,MP313 - Steve Tshwete [Middelburg],Mpumalanga,2465,MP313,MP313 - Steve Tshwete,Mpumalanga,vd_code_match
2011,54600038,MP313,MP313 - Steve Tshwete [Middelburg],Mpumalanga,3037,MP313,MP313 - Steve Tshwete,Mpumalanga,vd_code_match
2011,54600049,MP313,MP313 - Steve Tshwete [Middelburg],Mpumalanga,1914,MP313,MP313 - Steve Tshwete,Mpumalanga,vd_code_match
2011,54600050,MP313,MP313 - Steve Tshwete [Middelburg],Mpumalanga,1559,MP313,MP313 - Steve Tshwete,Mpumalanga,vd_code_match
2011,54600061,MP313,MP313 - Steve Tshwete [Middelburg],Mpumalanga,3303,MP313,MP313 - Steve Tshwete,Mpumalanga,vd_code_match
2011,54600072,MP313,MP313 - Steve Tshwete [Middelburg],Mpumalanga,3178,MP313,MP313 - Steve Tshwete,Mpumalanga,vd_code_match
2011,54600083,MP313,MP313 - Steve Tshwete [Middelburg],Mpumalanga,2439,MP313,MP313 - Steve Tshwete,Mpumalanga,vd_code_match
2011,54600094,MP313,MP313 - Steve Tshwete [Middelburg],Mpumalanga,2348,MP313,MP313 - Steve Tshwete,Mpumalanga,vd_code_match
2011,54600106,MP313,MP313 - Steve Tshwete [Middelburg],Mpumalanga,2948,MP313,MP313 - Steve Tshwete,Mpumalanga,vd_code_match
2011,54600117,MP313,MP313 - Steve Tshwete [Middelburg],Mpumalanga,1271,MP313,MP313 - Steve Tshwete,Mpumalanga,vd_code_match
2011,54600128,MP313,MP313 - Steve Tshwete [Middelburg],Mpumalanga,2448,MP313,MP313 - Steve Tshwete,Mpumalanga,vd_code_match
2011,54600139,MP313,MP313 - Steve Tshwete [Middelburg],Mpumalanga,2336,MP313,MP313 - Steve Tshwete,Mpumalanga,vd_code_match
2011,54600140,MP313,MP313 - Steve Tshwete [Middelburg],Mpumalanga,3858,MP313,MP313 - Steve Tshwete,Mpumalanga,vd_code_match
2011,54600151,MP313,MP313 - Steve Tshwete [Middelburg],Mpumalanga,2108,MP313,MP313 - Steve Tshwete,Mpumalanga,vd_code_match
2011,54600162,MP313,MP313 - Steve Tshwete [Middelburg],Mpumalanga,2761,MP313,MP313 - Steve Tshwete,Mpumalanga,vd_code_match
2011,54600173,MP313,MP313 - Steve Tshwete [Middelburg],Mpumalanga,2294,MP313,MP313 - Steve Tshwete,Mpumalanga,vd_code_match
2011,54600184,MP313,MP313 - Steve Tshwete [Middelburg],Mpumalanga,2057,MP313,MP313 - Steve Tshwete,Mpumalanga,vd_code_match
2011,54600195,MP313,MP313 - Steve Tshwete [Middelburg],Mpumalanga,2712,MP313,MP313 - Steve Tshwete,Mpumalanga,vd_code_match
2011,54600207,MP313,MP313 - Steve Tshwete [Middelburg],Mpumalanga,3379,MP313,MP313 - Steve Tshwete,Mpumalanga,vd_code_match
2011,54600218,MP313,MP313 - Steve Tshwete [Middelburg],Mpumalanga,2030,MP313,MP313 - Steve Tshwete,Mpumalanga,vd_code_match
2011,54600229,MP313,MP313 - Steve Tshwete [Middelburg],Mpumalanga,1960,MP313,MP313 - Steve Tshwete,Mpumalanga,vd_code_match
2011,54600230,MP313,MP313 - Steve Tshwete [Middelburg],Mpumalanga,1170,MP313,MP313 - Steve Tshwete,Mpumalanga,vd_code_match
2011,54600241,MP313,MP313 - Steve Tshwete [Middelburg],Mpumalanga,947,MP313,MP313 - Steve Tshwete,Mpumalanga,vd_code_match
2011,54600252,MP313,MP313 - Steve Tshwete [Middelburg],Mpumalanga,3743,MP313,MP313 - Steve Tshwete,Mpumalanga,vd_code_match
2011,54600263,MP313,MP313 - Steve Tshwete [Middelburg],Mpumalanga,756,MP313,MP313 - Steve Tshwete,Mpumalanga,vd_code_match
2011,54600274,MP313,MP313 - Steve Tshwete [Middelburg],Mpumalanga,708,MP313,MP313 - Steve Tshwete,Mpumalanga,vd_code_match
2011,54600285,MP313,MP313 - Steve Tshwete [Middelburg],Mpumalanga,802,MP313,MP313 - Steve Tshwete,Mpumalanga,vd_code_match
2011,54600296,MP313,MP313 - Steve Tshwete [Middelburg],Mpumalanga,409,MP313,MP313 - Steve Tshwete,Mpumalanga,vd_code_match
2011,54600308,MP313,MP313 - Steve Tshwete [Middelburg],Mpumalanga,324,MP313,MP313 - Steve Tshwete,Mpumalanga,vd_code_match
2011,54600319,MP313,MP313 - Steve Tshwete [Middelburg],Mpumalanga,675,MP313,MP313 - Steve Tshwete,Mpumalanga,vd_code_match
2011,54600320,MP313,MP313 - Steve Tshwete [Middelburg],Mpumalanga,577,MP313,MP313 - Steve Tshwete,Mpumalanga,vd_code_match
2011,54610028,MP315,MP315 - Thembisile [KwaMhlanga],Mpumalanga,2016,MP315,MP315 - Thembisile Hani,Mpumalanga,vd_code_match
2011,54610039,MP315,MP315 - Thembisile [KwaMhlanga],Mpumalanga,2419,MP315,MP315 - Thembisile Hani,Mpumalanga,vd_code_match
2011,54610040,MP315,MP315 - Thembisile [KwaMhlanga],Mpumalanga,2273,MP315,MP315 - Thembisile Hani,Mpumalanga,vd_code_match
2011,54610051,MP315,MP315 - Thembisile [KwaMhlanga],Mpumalanga,1984,MP315,MP315 - Thembisile Hani,Mpumalanga,vd_code_match
2011,54610062,MP315,MP315 - Thembisile [KwaMhlanga],Mpumalanga,1840,MP315,MP315 - Thembisile Hani,Mpumalanga,vd_code_match
2011,54610073,MP315,MP315 - Thembisile [KwaMhlanga],Mpumalanga,1724,MP315,MP315 - Thembisile Hani,Mpumalanga,vd_code_match
2011,54610084,MP315,MP315 - Thembisile [KwaMhlanga],Mpumalanga,2133,MP315,MP315 - Thembisile Hani,Mpumalanga,vd_code_match
2011,54610095,MP315,MP315 - Thembisile [KwaMhlanga],Mpumalanga,836,MP315,MP315 - Thembisile Hani,Mpumalanga,vd_code_match
2011,54610107,MP315,MP315 - Thembisile [KwaMhlanga],Mpumalanga,2836,MP315,MP315 - Thembisile Hani,Mpumalanga,vd_code_match
2011,54610118,MP315,MP315 - Thembisile [KwaMhlanga],Mpumalanga,2284,MP315,MP315 - Thembisile Hani,Mpumalanga,vd_code_match
2011,54610129,MP315,MP315 - Thembisile [KwaMhlanga],Mpumalanga,1369,MP315,MP315 - Thembisile Hani,Mpumalanga,vd_code_match
2011,54610141,MP315,MP315 - Thembisile [KwaMhlanga],Mpumalanga,1936,MP315,MP315 - Thembisile Hani,Mpumalanga,vd_code_match
2011,54610152,MP315,MP315 - Thembisile [KwaMhlanga],Mpumalanga,1491,MP315,MP315 - Thembisile Hani,Mpumalanga,vd_code_match
2011,54610163,MP315,MP315 - Thembisile [KwaMhlanga],Mpumalanga,2053,MP315,MP315 - Thembisile Hani,Mpumalanga,vd_code_match
2011,54610174,MP315,MP315 - Thembisile [KwaMhlanga],Mpumalanga,1655,MP315,MP315 - Thembisile Hani,Mpumalanga,vd_code_match
2011,54610185,MP315,MP315 - Thembisile [KwaMhlanga],Mpumalanga,1646,MP315,MP315 - Thembisile Hani,Mpumalanga,vd_code_match
2011,54610196,MP315,MP315 - Thembisile [KwaMhlanga],Mpumalanga,1320,MP315,MP315 - Thembisile Hani,Mpumalanga,vd_code_match
2011,54610208,MP315,MP315 - Thembisile [KwaMhlanga],Mpumalanga,976,MP315,MP315 - Thembisile Hani,Mpumalanga,vd_code_match
2011,54610219,MP315,MP315 - Thembisile [KwaMhlanga],Mpumalanga,1973,MP315,MP315 - Thembisile Hani,Mpumalanga,vd_code_match
2011,54610220,MP315,MP315 - Thembisile [KwaMhlanga],Mpumalanga,151,MP315,MP315 - Thembisile Hani,Mpumalanga,vd_code_match
2011,54610231,MP315,MP315 - Thembisile [KwaMhlanga],Mpumalanga,1881,MP315,MP315 - Thembisile Hani,Mpumalanga,vd_code_match
2011,54610242,MP315,MP315 - Thembisile [KwaMhlanga],Mpumalanga,1505,MP315,MP315 - Thembisile Hani,Mpumalanga,vd_code_match
2011,54610253,MP315,MP315 - Thembisile [KwaMhlanga],Mpumalanga,2008,MP315,MP315 - Thembisile Hani,Mpumalanga,vd_code_match
2011,54610264,MP315,MP315 - Thembisile [KwaMhlanga],Mpumalanga,1465,MP315,MP315 - Thembisile Hani,Mpumalanga,vd_code_match
2011,54610275,MP315,MP315 - Thembisile [KwaMhlanga],Mpumalanga,1401,MP315,MP315 - Thembisile Hani,Mpumalanga,vd_code_match
2011,54610286,MP315,MP315 - Thembisile [KwaMhlanga],Mpumalanga,1061,MP315,MP315 - Thembisile Hani,Mpumalanga,vd_code_match
2011,54610309,MP315,MP315 - Thembisile [KwaMhlanga],Mpumalanga,699,MP315,MP315 - Thembisile Hani,Mpumalanga,vd_code_match
2011,54610310,MP315,MP315 - Thembisile [KwaMhlanga],Mpumalanga,890,MP315,MP315 - Thembisile Hani,Mpumalanga,vd_code_match
2011,54610321,MP315,MP315 - Thembisile [KwaMhlanga],Mpumalanga,444,MP315,MP315 - Thembisile Hani,Mpumalanga,vd_code_match
2011,54610332,MP315,MP315 - Thembisile [KwaMhlanga],Mpumalanga,555,MP315,MP315 - Thembisile Hani,Mpumalanga,vd_code_match
2011,54610343,MP315,MP315 - Thembisile [KwaMhlanga],Mpumalanga,731,MP315,MP315 - Thembisile Hani,Mpumalanga,vd_code_match
2011,54610354,MP315,MP315 - Thembisile [KwaMhlanga],Mpumalanga,536,MP315,MP315 - Thembisile Hani,Mpumalanga,vd_code_match
2011,54610365,MP315,MP315 - Thembisile [KwaMhlanga],Mpumalanga,506,MP315,MP315 - Thembisile Hani,Mpumalanga,vd_code_match
2011,54610376,MP315,MP315 - Thembisile [KwaMhlanga],Mpumalanga,1060,MP315,MP315 - Thembisile Hani,Mpumalanga,vd_code_match
2011,54610400,MP315,MP315 - Thembisile [KwaMhlanga],Mpumalanga,219,MP315,MP315 - Thembisile Hani,Mpumalanga,municipality_majority
2011,54610411,MP315,MP315 - Thembisile [KwaMhlanga],Mpumalanga,1034,MP315,MP315 - Thembisile Hani,Mpumalanga,vd_code_match
2011,54610422,MP315,MP315 - Thembisile [KwaMhlanga],Mpumalanga,807,MP315,MP315 - Thembisile Hani,Mpumalanga,vd_code_match
2011,54610433,MP315,MP315 - Thembisile [KwaMhlanga],Mpumalanga,338,MP315,MP315 - Thembisile Hani,Mpumalanga,vd_code_match
2011,54610444,MP315,MP315 - Thembisile [KwaMhlanga],Mpumalanga,772,MP315,MP315 - Thembisile Hani,Mpumalanga,vd_code_match
2011,54610455,MP315,MP315 - Thembisile [KwaMhlanga],Mpumalanga,258,MP315,MP315 - Thembisile Hani,Mpumalanga,vd_code_match
2011,54610466,MP315,MP315 - Thembisile [KwaMhlanga],Mpumalanga,575,MP315,MP315 - Thembisile Hani,Mpumalanga,vd_code_match
2011,54610477,MP315,MP315 - Thembisile [KwaMhlanga],Mpumalanga,576,MP315,MP315 - Thembisile Hani,Mpumalanga,vd_code_match
2011,54610488,MP315,MP315 - Thembisile [KwaMhlanga],Mpumalanga,473,MP315,MP315 - Thembisile Hani,Mpumalanga,vd_code_match
2011,54610499,MP315,MP315 - Thembisile [KwaMhlanga],Mpumalanga,1346,MP315,MP315 - Thembisile Hani,Mpumalanga,vd_code_match
2011,54610501,MP315,MP315 - Thembisile [KwaMhlanga],Mpumalanga,466,MP315,MP315 - Thembisile Hani,Mpumalanga,vd_code_match
2011,54610512,MP315,MP315 - Thembisile [KwaMhlanga],Mpumalanga,554,MP315,MP315 - Thembisile Hani,Mpumalanga,vd_code_match
2011,54610523,MP315,MP315 - Thembisile [KwaMhlanga],Mpumalanga,242,MP315,MP315 - Thembisile Hani,Mpumalanga,vd_code_match
2011,54610534,MP315,MP315 - Thembisile [KwaMhlanga],Mpumalanga,71,MP315,MP315 - Thembisile Hani,Mpumalanga,vd_code_match
2011,54610545,MP315,MP315 - Thembisile [KwaMhlanga],Mpumalanga,365,MP315,MP315 - Thembisile Hani,Mpumalanga,vd_code_match
2011,54610556,MP315,MP315 - Thembisile [KwaMhlanga],Mpumalanga,305,MP315,MP315 - Thembisile Hani,Mpumalanga,vd_code_match
2011,54610567,MP315,MP315 - Thembisile [KwaMhlanga],Mpumalanga,105,MP315,MP315 - Thembisile Hani,Mpumalanga,vd_code_match
2011,54610578,MP315,MP315 - Thembisile [KwaMhlanga],Mpumalanga,173,MP315,MP315 - Thembisile Hani,Mpumalanga,vd_code_match
2011,54620423,MP315,MP315 - Thembisile [KwaMhlanga],Mpumalanga,748,MP315,MP315 - Thembisile Hani,Mpumalanga,vd_code_match
2011,54630019,MP312,MP312 - Emalahleni [Witbank],Mpumalanga,3049,MP312,MP312 - Emalahleni,Mpumalanga,vd_code_match
2011,54630020,MP312,MP312 - Emalahleni [Witbank],Mpumalanga,2636,MP312,MP312 - Emalahleni,Mpumalanga,vd_code_match
2011,54630031,MP312,MP312 - Emalahleni [Witbank],Mpumalanga,2958,MP312,MP312 - Emalahleni,Mpumalanga,vd_code_match
2011,54630042,MP312,MP312 - Emalahleni [Witbank],Mpumalanga,1637,MP312,MP312 - Emalahleni,Mpumalanga,vd_code_match
2011,54630053,MP312,MP312 - Emalahleni [Witbank],Mpumalanga,2367,MP312,MP312 - Emalahleni,Mpumalanga,vd_code_match
2011,54630064,MP312,MP312 - Emalahleni [Witbank],Mpumalanga,1519,MP312,MP312 - Emalahleni,Mpumalanga,vd_code_match
2011,54630075,MP312,MP312 - Emalahleni [Witbank],Mpumalanga,334,MP312,MP312 - Emalahleni,Mpumalanga,municipality_majority
2011,54640010,MP314,MP314 - Emakhazeni [Belfast],Mpumalanga,1696,MP314,MP314 - Emakhazeni,Mpumalanga,vd_code_match
2011,54640021,MP314,MP314 - Emakhazeni [Belfast],Mpumalanga,662,MP314,MP314 - Emakhazeni,Mpumalanga,vd_code_match
2011,54640032,MP314,MP314 - Emakhazeni [Belfast],Mpumalanga,827,MP314,MP314 - Emakhazeni,Mpumalanga,vd_code_match
2011,54650011,MP312,MP312 - Emalahleni [Witbank],Mpumalanga,3823,MP312,MP312 - Emalahleni,Mpumalanga,vd_code_match
2011,54650022,MP312,MP312 - Emalahleni [Witbank],Mpumalanga,2158,MP312,MP312 - Emalahleni,Mpumalanga,vd_code_match
2011,54650033,MP312,MP312 - Emalahleni [Witbank],Mpumalanga,3189,MP312,MP312 - Emalahleni,Mpumalanga,vd_code_match
2011,54650044,MP312,MP312 - Emalahleni [Witbank],Mpumalanga,4673,MP312,MP312 - Emalahleni,Mpumalanga,vd_code_match
2011,54650055,MP312,MP312 - Emalahleni [Witbank],Mpumalanga,2424,MP312,MP312 - Emalahleni,Mpumalanga,vd_code_match
2011,54650066,MP312,MP312 - Emalahleni [Witbank],Mpumalanga,2134,MP312,MP312 - Emalahleni,Mpumalanga,vd_code_match
2011,54650077,MP312,MP312 - Emalahleni [Witbank],Mpumalanga,1995,MP312,MP312 - Emalahleni,Mpumalanga,vd_code_match
2011,54650088,MP312,MP312 - Emalahleni [Witbank],Mpumalanga,1931,MP312,MP312 - Emalahleni,Mpumalanga,vd_code_match
2011,54650099,MP312,MP312 - Emalahleni [Witbank],Mpumalanga,3249,MP312,MP312 - Emalahleni,Mpumalanga,vd_code_match
2011,54650101,MP312,MP312 - Emalahleni [Witbank],Mpumalanga,3218,MP312,MP312 - Emalahleni,Mpumalanga,vd_code_match
2011,54650112,MP312,MP312 - Emalahleni [Witbank],Mpumalanga,1961,MP312,MP312 - Emalahleni,Mpumalanga,vd_code_match
2011,54650123,MP312,MP312 - Emalahleni [Witbank],Mpumalanga,5137,MP312,MP312 - Emalahleni,Mpumalanga,vd_code_match
2011,54650145,MP312,MP312 - Emalahleni [Witbank],Mpumalanga,2552,MP312,MP312 - Emalahleni,Mpumalanga,vd_code_match
2011,54650156,MP312,MP312 - Emalahleni [Witbank],Mpumalanga,2841,MP312,MP312 - Emalahleni,Mpumalanga,vd_code_match
2011,54650167,MP312,MP312 - Emalahleni [Witbank],Mpumalanga,2130,MP312,MP312 - Emalahleni,Mpumalanga,vd_code_match
2011,54650178,MP312,MP312 - Emalahleni [Witbank],Mpumalanga,2508,MP312,MP312 - Emalahleni,Mpumalanga,vd_code_match
2011,54650189,MP312,MP312 - Emalahleni [Witbank],Mpumalanga,1776,MP312,MP312 - Emalahleni,Mpumalanga,vd_code_match
2011,54650190,MP312,MP312 - Emalahleni [Witbank],Mpumalanga,2468,MP312,MP312 - Emalahleni,Mpumalanga,vd_code_match
2011,54650202,MP312,MP312 - Emalahleni [Witbank],Mpumalanga,2431,MP312,MP312 - Emalahleni,Mpumalanga,vd_code_match
2011,54650213,MP312,MP312 - Emalahleni [Witbank],Mpumalanga,1872,MP312,MP312 - Emalahleni,Mpumalanga,vd_code_match
2011,54650224,MP312,MP312 - Emalahleni [Witbank],Mpumalanga,2822,MP312,MP312 - Emalahleni,Mpumalanga,vd_code_match
2011,54650235,MP312,MP312 - Emalahleni [Witbank],Mpumalanga,2407,MP312,MP312 - Emalahleni,Mpumalanga,vd_code_match
2011,54650246,MP312,MP312 - Emalahleni [Witbank],Mpumalanga,3042,MP312,MP312 - Emalahleni,Mpumalanga,vd_code_match
2011,54650257,MP312,MP312 - Emalahleni [Witbank],Mpumalanga,2928,MP312,MP312 - Emalahleni,Mpumalanga,vd_code_match
2011,54650268,MP312,MP312 - Emalahleni [Witbank],Mpumalanga,2329,MP312,MP312 - Emalahleni,Mpumalanga,vd_code_match
2011,54650279,MP312,MP312 - Emalahleni [Witbank],Mpumalanga,1481,MP312,MP312 - Emalahleni,Mpumalanga,vd_code_match
2011,54650280,MP312,MP312 - Emalahleni [Witbank],Mpumalanga,1436,MP312,MP312 - Emalahleni,Mpumalanga,vd_code_match
2011,54650291,MP312,MP312 - Emalahleni [Witbank],Mpumalanga,2704,MP312,MP312 - Emalahleni,Mpumalanga,vd_code_match
2011,54650303,MP312,MP312 - Emalahleni [Witbank],Mpumalanga,2284,MP312,MP312 - Emalahleni,Mpumalanga,vd_code_match
2011,54650314,MP312,MP312 - Emalahleni [Witbank],Mpumalanga,1784,MP312,MP312 - Emalahleni,Mpumalanga,vd_code_match
2011,54650336,MP312,MP312 - Emalahleni [Witbank],Mpumalanga,2717,MP312,MP312 - Emalahleni,Mpumalanga,vd_code_match
2011,54650347,MP312,MP312 - Emalahleni [Witbank],Mpumalanga,2840,MP312,MP312 - Emalahleni,Mpumalanga,vd_code_match
2011,54650358,MP312,MP312 - Emalahleni [Witbank],Mpumalanga,1598,MP312,MP312 - Emalahleni,Mpumalanga,vd_code_match
2011,54650369,MP312,MP312 - Emalahleni [Witbank],Mpumalanga,1981,MP312,MP312 - Emalahleni,Mpumalanga,vd_code_match
2011,54650370,MP312,MP312 - Emalahleni [Witbank],Mpumalanga,1353,MP312,MP312 - Emalahleni,Mpumalanga,vd_code_match
2011,54650381,MP312,MP312 - Emalahleni [Witbank],Mpumalanga,4030,MP312,MP312 - Emalahleni,Mpumalanga,vd_code_match
2011,54650392,MP312,MP312 - Emalahleni [Witbank],Mpumalanga,2014,MP312,MP312 - Emalahleni,Mpumalanga,vd_code_match
2011,54650404,MP312,MP312 - Emalahleni [Witbank],Mpumalanga,557,MP312,MP312 - Emalahleni,Mpumalanga,vd_code_match
2011,54650415,MP312,MP312 - Emalahleni [Witbank],Mpumalanga,1850,MP312,MP312 - Emalahleni,Mpumalanga,vd_code_match
2011,54650426,MP312,MP312 - Emalahleni [Witbank],Mpumalanga,2443,MP312,MP312 - Emalahleni,Mpumalanga,vd_code_match
2011,54650437,MP312,MP312 - Emalahleni [Witbank],Mpumalanga,1651,MP312,MP312 - Emalahleni,Mpumalanga,vd_code_match
2011,54650448,MP312,MP312 - Emalahleni [Witbank],Mpumalanga,2743,MP312,MP312 - Emalahleni,Mpumalanga,vd_code_match
2011,54650459,MP312,MP312 - Emalahleni [Witbank],Mpumalanga,1212,MP312,MP312 - Emalahleni,Mpumalanga,vd_code_match
2011,54650460,MP312,MP312 - Emalahleni [Witbank],Mpumalanga,320,MP312,MP312 - Emalahleni,Mpumalanga,vd_code_match
2011,54650471,MP312,MP312 - Emalahleni [Witbank],Mpumalanga,808,MP312,MP312 - Emalahleni,Mpumalanga,vd_code_match
2011,54650482,MP312,MP312 - Emalahleni [Witbank],Mpumalanga,2181,MP312,MP312 - Emalahleni,Mpumalanga,vd_code_match
2011,54650493,MP312,MP312 - Emalahleni [Witbank],Mpumalanga,408,MP312,MP312 - Emalahleni,Mpumalanga,vd_code_match
2011,54650505,MP312,MP312 - Emalahleni [Witbank],Mpumalanga,1207,MP312,MP312 - Emalahleni,Mpumalanga,vd_code_match
2011,54650516,MP312,MP312 - Emalahleni [Witbank],Mpumalanga,1399,MP312,MP312 - Emalahleni,Mpumalanga,vd_code_match
2011,54650527,MP312,MP312 - Emalahleni [Witbank],Mpumalanga,1556,MP312,MP312 - Emalahleni,Mpumalanga,vd_code_match
2011,54650538,MP312,MP312 - Emalahleni [Witbank],Mpumalanga,174,MP312,MP312 - Emalahleni,Mpumalanga,vd_code_match
2011,54650549,MP312,MP312 - Emalahleni [Witbank],Mpumalanga,1497,MP312,MP312 - Emalahleni,Mpumalanga,vd_code_match
2011,54650550,MP312,MP312 - Emalahleni [Witbank],Mpumalanga,431,MP312,MP312 - Emalahleni,Mpumalanga,vd_code_match
2011,54650561,MP312,MP312 - Emalahleni [Witbank],Mpumalanga,787,MP312,MP312 - Emalahleni,Mpumalanga,vd_code_match
2011,54650572,MP312,MP312 - Emalahleni [Witbank],Mpumalanga,306,MP312,MP312 - Emalahleni,Mpumalanga,vd_code_match
2011,54650583,MP312,MP312 - Emalahleni [Witbank],Mpumalanga,1232,MP312,MP312 - Emalahleni,Mpumalanga,vd_code_match
2011,54650594,MP312,MP312 - Emalahleni [Witbank],Mpumalanga,1535,MP312,MP312 - Emalahleni,Mpumalanga,vd_code_match
2011,54650606,MP312,MP312 - Emalahleni [Witbank],Mpumalanga,494,MP312,MP312 - Emalahleni,Mpumalanga,vd_code_match
2011,54650617,MP312,MP312 - Emalahleni [Witbank],Mpumalanga,2187,MP312,MP312 - Emalahleni,Mpumalanga,vd_code_match
2011,54650628,MP312,MP312 - Emalahleni [Witbank],Mpumalanga,2031,MP312,MP312 - Emalahleni,Mpumalanga,vd_code_match
2011,54650639,MP312,MP312 - Emalahleni [Witbank],Mpumalanga,616,MP312,MP312 - Emalahleni,Mpumalanga,vd_code_match
2011,54650640,MP312,MP312 - Emalahleni [Witbank],Mpumalanga,244,MP312,MP312 - Emalahleni,Mpumalanga,vd_code_match
2011,54650651,MP312,MP312 - Emalahleni [Witbank],Mpumalanga,365,MP312,MP312 - Emalahleni,Mpumalanga,vd_code_match
2011,54650662,MP312,MP312 - Emalahleni [Witbank],Mpumalanga,488,MP312,MP312 - Emalahleni,Mpumalanga,vd_code_match
2011,54650673,MP312,MP312 - Emalahleni [Witbank],Mpumalanga,181,MP312,MP312 - Emalahleni,Mpumalanga,vd_code_match
2011,54650684,MP312,MP312 - Emalahleni [Witbank],Mpumalanga,209,MP312,MP312 - Emalahleni,Mpumalanga,vd_code_match
2011,54650695,MP312,MP312 - Emalahleni [Witbank],Mpumalanga,223,MP312,MP312 - Emalahleni,Mpumalanga,vd_code_match
2011,54650718,MP312,MP312 - Emalahleni [Witbank],Mpumalanga,286,MP312,MP312 - Emalahleni,Mpumalanga,vd_code_match
2011,54650729,MP312,MP312 - Emalahleni [Witbank],Mpumalanga,297,MP312,MP312 - Emalahleni,Mpumalanga,vd_code_match
2011,54650730,MP312,MP312 - Emalahleni [Witbank],Mpumalanga,223,MP312,MP312 - Emalahleni,Mpumalanga,vd_code_match
2011,54650741,MP312,MP312 - Emalahleni [Witbank],Mpumalanga,345,MP312,MP312 - Emalahleni,Mpumalanga,vd_code_match
2011,54650752,MP312,MP312 - Emalahleni [Witbank],Mpumalanga,221,MP312,MP312 - Emalahleni,Mpumalanga,vd_code_match
2011,54660012,MP321,MP321 - Thaba Chweu [Sabie],Mpumalanga,688,MP321,MP321 - Thaba Chweu,Mpumalanga,vd_code_match
2011,54660023,MP314,MP314 - Emakhazeni [Belfast],Mpumalanga,298,MP314,MP314 - Emakhazeni,Mpumalanga,vd_code_match
2011,54660034,MP314,MP314 - Emakhazeni [Belfast],Mpumalanga,123,MP314,MP314 - Emakhazeni,Mpumalanga,vd_code_match
2011,54660045,MP314,MP314 - Emakhazeni [Belfast],Mpumalanga,151,MP314,MP314 - Emakhazeni,Mpumalanga,vd_code_match
2011,54660056,MP314,MP314 - Emakhazeni [Belfast],Mpumalanga,376,MP314,MP314 - Emakhazeni,Mpumalanga,municipality_majority
2011,54660067,MP314,MP314 - Emakhazeni [Belfast],Mpumalanga,1267,MP314,MP314 - Emakhazeni,Mpumalanga,vd_code_match
2011,54660078,MP314,MP314 - Emakhazeni [Belfast],Mpumalanga,211,MP314,MP314 - Emakhazeni,Mpumalanga,vd_code_match
2011,54660090,MP314,MP314 - Emakhazeni [Belfast],Mpumalanga,230,MP314,MP314 - Emakhazeni,Mpumalanga,vd_code_match
2011,54660102,MP314,MP314 - Emakhazeni [Belfast],Mpumalanga,754,MP314,MP314 - Emakhazeni,Mpumalanga,vd_code_match
2011,54660113,MP314,MP314 - Emakhazeni [Belfast],Mpumalanga,295,MP314,MP314 - Emakhazeni,Mpumalanga,vd_code_match
2011,54660124,MP314,MP314 - Emakhazeni [Belfast],Mpumalanga,182,MP314,MP314 - Emakhazeni,Mpumalanga,vd_code_match
2011,54660135,MP314,MP314 - Emakhazeni [Belfast],Mpumalanga,84,MP314,MP314 - Emakhazeni,Mpumalanga,vd_code_match
2011,54660146,MP314,MP314 - Emakhazeni [Belfast],Mpumalanga,83,MP314,MP314 - Emakhazeni,Mpumalanga,vd_code_match
2011,54660157,MP314,MP314 - Emakhazeni [Belfast],Mpumalanga,175,MP314,MP314 - Emakhazeni,Mpumalanga,vd_code_match
2011,54660168,MP314,MP314 - Emakhazeni [Belfast],Mpumalanga,145,MP314,MP314 - Emakhazeni,Mpumalanga,vd_code_match
2011,54660179,MP314,MP314 - Emakhazeni [Belfast],Mpumalanga,226,MP314,MP314 - Emakhazeni,Mpumalanga,vd_code_match
2011,54660180,MP314,MP314 - Emakhazeni [Belfast],Mpumalanga,113,MP314,MP314 - Emakhazeni,Mpumalanga,vd_code_match
2011,54680025,MP313,MP313 - Steve Tshwete [Middelburg],Mpumalanga,2465,MP313,MP313 - Steve Tshwete,Mpumalanga,vd_code_match
2011,54680036,MP314,MP314 - Emakhazeni [Belfast],Mpumalanga,728,MP314,MP314 - Emakhazeni,Mpumalanga,vd_code_match
2011,54680058,MP313,MP313 - Steve Tshwete [Middelburg],Mpumalanga,1446,MP313,MP313 - Steve Tshwete,Mpumalanga,vd_code_match
2011,54680069,MP313,MP313 - Steve Tshwete [Middelburg],Mpumalanga,1056,MP313,MP313 - Steve Tshwete,Mpumalanga,vd_code_match
2011,54680070,MP313,MP313 - Steve Tshwete [Middelburg],Mpumalanga,2933,MP313,MP313 - Steve Tshwete,Mpumalanga,vd_code_match
2011,54680081,MP313,MP313 - Steve Tshwete [Middelburg],Mpumalanga,2566,MP313,MP313 - Steve Tshwete,Mpumalanga,vd_code_match
2011,54680092,MP313,MP313 - Steve Tshwete [Middelburg],Mpumalanga,649,MP313,MP313 - Steve Tshwete,Mpumalanga,vd_code_match
2011,54680104,MP313,MP313 - Steve Tshwete [Middelburg],Mpumalanga,268,MP313,MP313 - Steve Tshwete,Mpumalanga,vd_code_match
2011,54680115,MP313,MP313 - Steve Tshwete [Middelburg],Mpumalanga,608,MP313,MP313 - Steve Tshwete,Mpumalanga,vd_code_match
2011,54680126,MP313,MP313 - Steve Tshwete [Middelburg],Mpumalanga,1137,MP313,MP313 - Steve Tshwete,Mpumalanga,vd_code_match
2011,54680148,MP313,MP313 - Steve Tshwete [Middelburg],Mpumalanga,1477,MP313,MP313 - Steve Tshwete,Mpumalanga,vd_code_match
2011,54680159,MP313,MP313 - Steve Tshwete [Middelburg],Mpumalanga,1391,MP313,MP313 - Steve Tshwete,Mpumalanga,vd_code_match
2011,54680160,MP314,MP314 - Emakhazeni [Belfast],Mpumalanga,205,MP314,MP314 - Emakhazeni,Mpumalanga,vd_code_match
2011,54680171,MP314,MP314 - Emakhazeni [Belfast],Mpumalanga,600,MP314,MP314 - Emakhazeni,Mpumalanga,vd_code_match
2011,54680238,MP313,MP313 - Steve Tshwete [Middelburg],Mpumalanga,1404,MP313,MP313 - Steve Tshwete,Mpumalanga,vd_code_match
2011,54680249,MP314,MP314 - Emakhazeni [Belfast],Mpumalanga,178,MP314,MP314 - Emakhazeni,Mpumalanga,vd_code_match
2011,54680261,MP313,MP313 - Steve Tshwete [Middelburg],Mpumalanga,2449,MP313,MP313 - Steve Tshwete,Mpumalanga,vd_code_match
2011,54680272,MP313,MP313 - Steve Tshwete [Middelburg],Mpumalanga,1262,MP313,MP313 - Steve Tshwete,Mpumalanga,vd_code_match
2011,54680283,MP313,MP313 - Steve Tshwete [Middelburg],Mpumalanga,169,MP313,MP313 - Steve Tshwete,Mpumalanga,vd_code_match
2011,54680294,MP313,MP313 - Steve Tshwete [Middelburg],Mpumalanga,855,MP313,MP313 - Steve Tshwete,Mpumalanga,vd_code_match
2011,54680306,MP313,MP313 - Steve Tshwete [Middelburg],Mpumalanga,503,MP313,MP313 - Steve Tshwete,Mpumalanga,vd_code_match
2011,54680317,MP313,MP313 - Steve Tshwete [Middelburg],Mpumalanga,480,MP313,MP313 - Steve Tshwete,Mpumalanga,vd_code_match
2011,54680328,MP313,MP313 - Steve Tshwete [Middelburg],Mpumalanga,270,MP313,MP313 - Steve Tshwete,Mpumalanga,vd_code_match
2011,54680339,MP313,MP313 - Steve Tshwete [Middelburg],Mpumalanga,272,MP313,MP313 - Steve Tshwete,Mpumalanga,vd_code_match
2011,54690015,MP314,MP314 - Emakhazeni [Belfast],Mpumalanga,110,MP314,MP314 - Emakhazeni,Mpumalanga,vd_code_match
2011,54690026,MP314,MP314 - Emakhazeni [Belfast],Mpumalanga,149,MP314,MP314 - Emakhazeni,Mpumalanga,vd_code_match
2011,54690037,MP314,MP314 - Emakhazeni [Belfast],Mpumalanga,367,MP314,MP314 - Emakhazeni,Mpumalanga,vd_code_match
2011,54690048,MP314,MP314 - Emakhazeni [Belfast],Mpumalanga,332,MP314,MP314 - Emakhazeni,Mpumalanga,vd_code_match
2011,54700017,MP312,MP312 - Emalahleni [Witbank],Mpumalanga,611,MP312,MP312 - Emalahleni,Mpumalanga,vd_code_match
2011,54700028,MP312,MP312 - Emalahleni [Witbank],Mpumalanga,586,MP312,MP312 - Emalahleni,Mpumalanga,vd_code_match
2011,54700039,MP312,MP312 - Emalahleni [Witbank],Mpumalanga,387,MP312,MP312 - Emalahleni,Mpumalanga,vd_code_match
2011,54700051,MP312,MP312 - Emalahleni [Witbank],Mpumalanga,2283,MP312,MP312 - Emalahleni,Mpumalanga,vd_code_match
2011,54700062,MP315,MP315 - Thembisile [KwaMhlanga],Mpumalanga,249,MP315,MP315 - Thembisile Hani,Mpumalanga,vd_code_match
2011,54700073,MP312,MP312 - Emalahleni [Witbank],Mpumalanga,854,MP312,MP312 - Emalahleni,Mpumalanga,vd_code_match
2011,54700084,MP312,MP312 - Emalahleni [Witbank],Mpumalanga,1334,MP312,MP312 - Emalahleni,Mpumalanga,vd_code_match
2011,54700095,MP312,MP312 - Emalahleni [Witbank],Mpumalanga,1666,MP312,MP312 - Emalahleni,Mpumalanga,vd_code_match
2011,54700118,MP312,MP312 - Emalahleni [Witbank],Mpumalanga,733,MP312,MP312 - Emalahleni,Mpumalanga,vd_code_match
2011,54700129,MP312,MP312 - Emalahleni [Witbank],Mpumalanga,286,MP312,MP312 - Emalahleni,Mpumalanga,vd_code_match
2011,54720019,MP323,MP323 - Umjindi [Barberton],Mpumalanga,3223,MP326,MP326 - City of Mbombela,Mpumalanga,vd_code_match
2011,54720020,MP323,MP323 - Umjindi [Barberton],Mpumalanga,2396,MP326,MP326 - City of Mbombela,Mpumalanga,vd_code_match
2011,54720031,MP323,MP323 - Umjindi [Barberton],Mpumalanga,1436,MP326,MP326 - City of Mbombela,Mpumalanga,vd_code_match
2011,54720042,MP323,MP323 - Umjindi [Barberton],Mpumalanga,2054,MP326,MP326 - City of Mbombela,Mpumalanga,vd_code_match
2011,54720053,MP323,MP323 - Umjindi [Barberton],Mpumalanga,1507,MP326,MP326 - City of Mbombela,Mpumalanga,vd_code_match
2011,54720064,MP323,MP323 - Umjindi [Barberton],Mpumalanga,1747,MP326,MP326 - City of Mbombela,Mpumalanga,vd_code_match
2011,54720075,MP323,MP323 - Umjindi [Barberton],Mpumalanga,739,MP326,MP326 - City of Mbombela,Mpumalanga,vd_code_match
2011,54720086,MP323,MP323 - Umjindi [Barberton],Mpumalanga,2263,MP326,MP326 - City of Mbombela,Mpumalanga,vd_code_match
2011,54720097,MP323,MP323 - Umjindi [Barberton],Mpumalanga,2454,MP326,MP326 - City of Mbombela,Mpumalanga,vd_code_match
2011,54720109,MP323,MP323 - Umjindi [Barberton],Mpumalanga,909,MP326,MP326 - City of Mbombela,Mpumalanga,vd_code_match
2011,54720110,MP323,MP323 - Umjindi [Barberton],Mpumalanga,522,MP326,MP326 - City of Mbombela,Mpumalanga,vd_code_match
2011,54720121,MP323,MP323 - Umjindi [Barberton],Mpumalanga,544,MP326,MP326 - City of Mbombela,Mpumalanga,vd_code_match
2011,54730010,MP321,MP321 - Thaba Chweu [Sabie],Mpumalanga,1952,MP321,MP321 - Thaba Chweu,Mpumalanga,vd_code_match
2011,54740011,MP322,MP322 - Mbombela [Nelspruit],Mpumalanga,1685,MP326,MP326 - City of Mbombela,Mpumalanga,vd_code_match
2011,54740022,MP322,MP322 - Mbombela [Nelspruit],Mpumalanga,1418,MP326,MP326 - City of Mbombela,Mpumalanga,vd_code_match
2011,54740033,MP322,MP322 - Mbombela [Nelspruit],Mpumalanga,2508,MP326,MP326 - City of Mbombela,Mpumalanga,vd_code_match
2011,54740044,MP322,MP322 - Mbombela [Nelspruit],Mpumalanga,2011,MP326,MP326 - City of Mbombela,Mpumalanga,vd_code_match
2011,54740055,MP322,MP322 - Mbombela [Nelspruit],Mpumalanga,1589,MP326,MP326 - City of Mbombela,Mpumalanga,vd_code_match
2011,54740066,MP322,MP322 - Mbombela [Nelspruit],Mpumalanga,1834,MP326,MP326 - City of Mbombela,Mpumalanga,vd_code_match
2011,54740077,MP322,MP322 - Mbombela [Nelspruit],Mpumalanga,3033,MP326,MP326 - City of Mbombela,Mpumalanga,vd_code_match
2011,54740088,MP322,MP322 - Mbombela [Nelspruit],Mpumalanga,1888,MP326,MP326 - City of Mbombela,Mpumalanga,vd_code_match
2011,54740099,MP322,MP322 - Mbombela [Nelspruit],Mpumalanga,1854,MP326,MP326 - City of Mbombela,Mpumalanga,vd_code_match
2011,54740101,MP322,MP322 - Mbombela [Nelspruit],Mpumalanga,949,MP326,MP326 - City of Mbombela,Mpumalanga,vd_code_match
2011,54740112,MP322,MP322 - Mbombela [Nelspruit],Mpumalanga,284,MP326,MP326 - City of Mbombela,Mpumalanga,vd_code_match
2011,54740123,MP322,MP322 - Mbombela [Nelspruit],Mpumalanga,1262,MP326,MP326 - City of Mbombela,Mpumalanga,vd_code_match
2011,54740134,MP322,MP322 - Mbombela [Nelspruit],Mpumalanga,564,MP326,MP326 - City of Mbombela,Mpumalanga,vd_code_match
2011,54740145,MP322,MP322 - Mbombela [Nelspruit],Mpumalanga,760,MP326,MP326 - City of Mbombela,Mpumalanga,vd_code_match
2011,54740156,MP322,MP322 - Mbombela [Nelspruit],Mpumalanga,798,MP326,MP326 - City of Mbombela,Mpumalanga,vd_code_match
2011,54740167,MP322,MP322 - Mbombela [Nelspruit],Mpumalanga,441,MP326,MP326 - City of Mbombela,Mpumalanga,vd_code_match
2011,54740178,MP322,MP322 - Mbombela [Nelspruit],Mpumalanga,543,MP326,MP326 - City of Mbombela,Mpumalanga,vd_code_match
2011,54740189,MP322,MP322 - Mbombela [Nelspruit],Mpumalanga,300,MP326,MP326 - City of Mbombela,Mpumalanga,vd_code_match
2011,54740190,MP322,MP322 - Mbombela [Nelspruit],Mpumalanga,358,MP326,MP326 - City of Mbombela,Mpumalanga,vd_code_match
2011,54750012,MP324,MP324 - Nkomazi [Nkomazi],Mpumalanga,3425,MP324,MP324 - Nkomazi,Mpumalanga,vd_code_match
2011,54750023,MP324,MP324 - Nkomazi [Nkomazi],Mpumalanga,1253,MP324,MP324 - Nkomazi,Mpumalanga,vd_code_match
2011,54750034,MP324,MP324 - Nkomazi [Nkomazi],Mpumalanga,1325,MP324,MP324 - Nkomazi,Mpumalanga,vd_code_match
2011,54750045,MP324,MP324 - Nkomazi [Nkomazi],Mpumalanga,725,MP324,MP324 - Nkomazi,Mpumalanga,vd_code_match
2011,54750056,MP324,MP324 - Nkomazi [Nkomazi],Mpumalanga,779,MP324,MP324 - Nkomazi,Mpumalanga,vd_code_match
2011,54750067,MP324,MP324 - Nkomazi [Nkomazi],Mpumalanga,328,MP324,MP324 - Nkomazi,Mpumalanga,vd_code_match
2011,54750078,MP324,MP324 - Nkomazi [Nkomazi],Mpumalanga,207,MP324,MP324 - Nkomazi,Mpumalanga,vd_code_match
2011,54760013,MP321,MP321 - Thaba Chweu [Sabie],Mpumalanga,2469,MP321,MP321 - Thaba Chweu,Mpumalanga,vd_code_match
2011,54760024,MP321,MP321 - Thaba Chweu [Sabie],Mpumalanga,2589,MP321,MP321 - Thaba Chweu,Mpumalanga,vd_code_match
2011,54760035,MP321,MP321 - Thaba Chweu [Sabie],Mpumalanga,1514,MP321,MP321 - Thaba Chweu,Mpumalanga,vd_code_match
2011,54760046,MP321,MP321 - Thaba Chweu [Sabie],Mpumalanga,3527,MP321,MP321 - Thaba Chweu,Mpumalanga,vd_code_match
2011,54760057,MP321,MP321 - Thaba Chweu [Sabie],Mpumalanga,1656,MP321,MP321 - Thaba Chweu,Mpumalanga,vd_code_match
2011,54760068,MP321,MP321 - Thaba Chweu [Sabie],Mpumalanga,615,MP321,MP321 - Thaba Chweu,Mpumalanga,vd_code_match
2011,54760079,MP321,MP321 - Thaba Chweu [Sabie],Mpumalanga,989,MP321,MP321 - Thaba Chweu,Mpumalanga,vd_code_match
2011,54760080,MP321,MP321 - Thaba Chweu [Sabie],Mpumalanga,671,MP321,MP321 - Thaba Chweu,Mpumalanga,vd_code_match
2011,54760091,MP321,MP321 - Thaba Chweu [Sabie],Mpumalanga,836,MP321,MP321 - Thaba Chweu,Mpumalanga,vd_code_match
2011,54760103,MP321,MP321 - Thaba Chweu [Sabie],Mpumalanga,857,MP321,MP321 - Thaba Chweu,Mpumalanga,vd_code_match
2011,54760114,MP321,MP321 - Thaba Chweu [Sabie],Mpumalanga,921,MP321,MP321 - Thaba Chweu,Mpumalanga,vd_code_match
2011,54760125,MP321,MP321 - Thaba Chweu [Sabie],Mpumalanga,778,MP321,MP321 - Thaba Chweu,Mpumalanga,vd_code_match
2011,54770014,MP324,MP324 - Nkomazi [Nkomazi],Mpumalanga,2195,MP324,MP324 - Nkomazi,Mpumalanga,vd_code_match
2011,54770036,MP324,MP324 - Nkomazi [Nkomazi],Mpumalanga,521,MP324,MP324 - Nkomazi,Mpumalanga,vd_code_match
2011,54770047,MP324,MP324 - Nkomazi [Nkomazi],Mpumalanga,326,MP324,MP324 - Nkomazi,Mpumalanga,vd_code_match
2011,54770058,MP324,MP324 - Nkomazi [Nkomazi],Mpumalanga,137,MP324,MP324 - Nkomazi,Mpumalanga,vd_code_match
2011,54780015,MP324,MP324 - Nkomazi [Nkomazi],Mpumalanga,710,MP324,MP324 - Nkomazi,Mpumalanga,vd_code_match
2011,54790016,MP322,MP322 - Mbombela [Nelspruit],Mpumalanga,2879,MP326,MP326 - City of Mbombela,Mpumalanga,vd_code_match
2011,54790027,MP322,MP322 - Mbombela [Nelspruit],Mpumalanga,1356,MP326,MP326 - City of Mbombela,Mpumalanga,vd_code_match
2011,54790038,MP322,MP322 - Mbombela [Nelspruit],Mpumalanga,1651,MP326,MP326 - City of Mbombela,Mpumalanga,vd_code_match
2011,54790049,MP322,MP322 - Mbombela [Nelspruit],Mpumalanga,2364,MP326,MP326 - City of Mbombela,Mpumalanga,vd_code_match
2011,54790050,MP322,MP322 - Mbombela [Nelspruit],Mpumalanga,1319,MP326,MP326 - City of Mbombela,Mpumalanga,vd_code_match
2011,54790061,MP322,MP322 - Mbombela [Nelspruit],Mpumalanga,1145,MP326,MP326 - City of Mbombela,Mpumalanga,vd_code_match
2011,54790072,MP322,MP322 - Mbombela [Nelspruit],Mpumalanga,1979,MP326,MP326 - City of Mbombela,Mpumalanga,vd_code_match
2011,54790083,MP322,MP322 - Mbombela [Nelspruit],Mpumalanga,1465,MP326,MP326 - City of Mbombela,Mpumalanga,vd_code_match
2011,54790094,MP322,MP322 - Mbombela [Nelspruit],Mpumalanga,4258,MP326,MP326 - City of Mbombela,Mpumalanga,vd_code_match
2011,54790106,MP322,MP322 - Mbombela [Nelspruit],Mpumalanga,2012,MP326,MP326 - City of Mbombela,Mpumalanga,vd_code_match
2011,54790117,MP322,MP322 - Mbombela [Nelspruit],Mpumalanga,2940,MP326,MP326 - City of Mbombela,Mpumalanga,vd_code_match
2011,54790139,MP322,MP322 - Mbombela [Nelspruit],Mpumalanga,3634,MP326,MP326 - City of Mbombela,Mpumalanga,vd_code_match
2011,54790140,MP322,MP322 - Mbombela [Nelspruit],Mpumalanga,2550,MP326,MP326 - City of Mbombela,Mpumalanga,vd_code_match
2011,54790151,MP322,MP322 - Mbombela [Nelspruit],Mpumalanga,1910,MP326,MP326 - City of Mbombela,Mpumalanga,vd_code_match
2011,54790162,MP322,MP322 - Mbombela [Nelspruit],Mpumalanga,1841,MP326,MP326 - City of Mbombela,Mpumalanga,vd_code_match
2011,54790173,MP322,MP322 - Mbombela [Nelspruit],Mpumalanga,1713,MP326,MP326 - City of Mbombela,Mpumalanga,vd_code_match
2011,54790184,MP322,MP322 - Mbombela [Nelspruit],Mpumalanga,1317,MP326,MP326 - City of Mbombela,Mpumalanga,vd_code_match
2011,54790195,MP322,MP322 - Mbombela [Nelspruit],Mpumalanga,761,MP326,MP326 - City of Mbombela,Mpumalanga,vd_code_match
2011,54790207,MP322,MP322 - Mbombela [Nelspruit],Mpumalanga,2551,MP326,MP326 - City of Mbombela,Mpumalanga,vd_code_match
2011,54790218,MP322,MP322 - Mbombela [Nelspruit],Mpumalanga,3474,MP326,MP326 - City of Mbombela,Mpumalanga,vd_code_match
2011,54790229,MP322,MP322 - Mbombela [Nelspruit],Mpumalanga,1028,MP326,MP326 - City of Mbombela,Mpumalanga,vd_code_match
2011,54790230,MP322,MP322 - Mbombela [Nelspruit],Mpumalanga,2701,MP326,MP326 - City of Mbombela,Mpumalanga,vd_code_match
2011,54790241,MP322,MP322 - Mbombela [Nelspruit],Mpumalanga,1457,MP326,MP326 - City of Mbombela,Mpumalanga,vd_code_match
2011,54790252,MP322,MP322 - Mbombela [Nelspruit],Mpumalanga,2066,MP326,MP326 - City of Mbombela,Mpumalanga,vd_code_match
2011,54790274,MP322,MP322 - Mbombela [Nelspruit],Mpumalanga,3039,MP326,MP326 - City of Mbombela,Mpumalanga,vd_code_match
2011,54790285,MP322,MP322 - Mbombela [Nelspruit],Mpumalanga,2496,MP326,MP326 - City of Mbombela,Mpumalanga,vd_code_match
2011,54790296,MP322,MP322 - Mbombela [Nelspruit],Mpumalanga,1527,MP326,MP326 - City of Mbombela,Mpumalanga,vd_code_match
2011,54790308,MP322,MP322 - Mbombela [Nelspruit],Mpumalanga,2125,MP326,MP326 - City of Mbombela,Mpumalanga,vd_code_match
2011,54790319,MP322,MP322 - Mbombela [Nelspruit],Mpumalanga,3582,MP326,MP326 - City of Mbombela,Mpumalanga,vd_code_match
2011,54790320,MP322,MP322 - Mbombela [Nelspruit],Mpumalanga,2154,MP326,MP326 - City of Mbombela,Mpumalanga,vd_code_match
2011,54790331,MP322,MP322 - Mbombela [Nelspruit],Mpumalanga,3381,MP326,MP326 - City of Mbombela,Mpumalanga,vd_code_match
2011,54790342,MP322,MP322 - Mbombela [Nelspruit],Mpumalanga,1852,MP326,MP326 - City of Mbombela,Mpumalanga,vd_code_match
2011,54790353,MP322,MP322 - Mbombela [Nelspruit],Mpumalanga,2155,MP326,MP326 - City of Mbombela,Mpumalanga,vd_code_match
2011,54790364,MP322,MP322 - Mbombela [Nelspruit],Mpumalanga,861,MP326,MP326 - City of Mbombela,Mpumalanga,vd_code_match
2011,54790375,MP322,MP322 - Mbombela [Nelspruit],Mpumalanga,1675,MP326,MP326 - City of Mbombela,Mpumalanga,vd_code_match
2011,54790386,MP322,MP322 - Mbombela [Nelspruit],Mpumalanga,2343,MP326,MP326 - City of Mbombela,Mpumalanga,vd_code_match
2011,54790397,MP322,MP322 - Mbombela [Nelspruit],Mpumalanga,2470,MP326,MP326 - City of Mbombela,Mpumalanga,vd_code_match
2011,54790409,MP322,MP322 - Mbombela [Nelspruit],Mpumalanga,939,MP326,MP326 - City of Mbombela,Mpumalanga,vd_code_match
2011,54790410,MP322,MP322 - Mbombela [Nelspruit],Mpumalanga,2293,MP326,MP326 - City of Mbombela,Mpumalanga,vd_code_match
2011,54790421,MP322,MP322 - Mbombela [Nelspruit],Mpumalanga,2325,MP326,MP326 - City of Mbombela,Mpumalanga,vd_code_match
2011,54790432,MP322,MP322 - Mbombela [Nelspruit],Mpumalanga,3102,MP326,MP326 - City of Mbombela,Mpumalanga,vd_code_match
2011,54790443,MP322,MP322 - Mbombela [Nelspruit],Mpumalanga,2797,MP326,MP326 - City of Mbombela,Mpumalanga,vd_code_match
2011,54790454,MP322,MP322 - Mbombela [Nelspruit],Mpumalanga,1017,MP326,MP326 - City of Mbombela,Mpumalanga,vd_code_match
2011,54790465,MP322,MP322 - Mbombela [Nelspruit],Mpumalanga,1905,MP326,MP326 - City of Mbombela,Mpumalanga,vd_code_match
2011,54790476,MP322,MP322 - Mbombela [Nelspruit],Mpumalanga,48,MP326,MP326 - City of Mbombela,Mpumalanga,municipality_majority
2011,54790487,MP322,MP322 - Mbombela [Nelspruit],Mpumalanga,725,MP326,MP326 - City of Mbombela,Mpumalanga,vd_code_match
2011,54790498,MP322,MP322 - Mbombela [Nelspruit],Mpumalanga,1449,MP326,MP326 - City of Mbombela,Mpumalanga,vd_code_match
2011,54790500,MP322,MP322 - Mbombela [Nelspruit],Mpumalanga,686,MP326,MP326 - City of Mbombela,Mpumalanga,vd_code_match
2011,54790511,MP322,MP322 - Mbombela [Nelspruit],Mpumalanga,1173,MP326,MP326 - City of Mbombela,Mpumalanga,vd_code_match
2011,54790522,MP322,MP322 - Mbombela [Nelspruit],Mpumalanga,623,MP326,MP326 - City of Mbombela,Mpumalanga,vd_code_match
2011,54790533,MP322,MP322 - Mbombela [Nelspruit],Mpumalanga,788,MP326,MP326 - City of Mbombela,Mpumalanga,vd_code_match
2011,54790544,MP322,MP322 - Mbombela [Nelspruit],Mpumalanga,1382,MP326,MP326 - City of Mbombela,Mpumalanga,vd_code_match
2011,54790555,MP322,MP322 - Mbombela [Nelspruit],Mpumalanga,1139,MP326,MP326 - City of Mbombela,Mpumalanga,vd_code_match
2011,54790566,MP322,MP322 - Mbombela [Nelspruit],Mpumalanga,970,MP326,MP326 - City of Mbombela,Mpumalanga,vd_code_match
2011,54790577,MP322,MP322 - Mbombela [Nelspruit],Mpumalanga,669,MP326,MP326 - City of Mbombela,Mpumalanga,vd_code_match
2011,54790588,MP322,MP322 - Mbombela [Nelspruit],Mpumalanga,1087,MP326,MP326 - City of Mbombela,Mpumalanga,vd_code_match
2011,54790599,MP322,MP322 - Mbombela [Nelspruit],Mpumalanga,1362,MP326,MP326 - City of Mbombela,Mpumalanga,vd_code_match
2011,54790601,MP322,MP322 - Mbombela [Nelspruit],Mpumalanga,673,MP326,MP326 - City of Mbombela,Mpumalanga,vd_code_match
2011,54790612,MP322,MP322 - Mbombela [Nelspruit],Mpumalanga,736,MP326,MP326 - City of Mbombela,Mpumalanga,vd_code_match
2011,54790623,MP322,MP322 - Mbombela [Nelspruit],Mpumalanga,1113,MP326,MP326 - City of Mbombela,Mpumalanga,vd_code_match
2011,54790634,MP322,MP322 - Mbombela [Nelspruit],Mpumalanga,1381,MP326,MP326 - City of Mbombela,Mpumalanga,vd_code_match
2011,54790645,MP322,MP322 - Mbombela [Nelspruit],Mpumalanga,800,MP326,MP326 - City of Mbombela,Mpumalanga,vd_code_match
2011,54790656,MP322,MP322 - Mbombela [Nelspruit],Mpumalanga,1106,MP326,MP326 - City of Mbombela,Mpumalanga,vd_code_match
2011,54790667,MP322,MP322 - Mbombela [Nelspruit],Mpumalanga,782,MP326,MP326 - City of Mbombela,Mpumalanga,vd_code_match
2011,54790678,MP322,MP322 - Mbombela [Nelspruit],Mpumalanga,219,MP326,MP326 - City of Mbombela,Mpumalanga,vd_code_match
2011,54790690,MP322,MP322 - Mbombela [Nelspruit],Mpumalanga,326,MP326,MP326 - City of Mbombela,Mpumalanga,vd_code_match
2011,54790702,MP322,MP322 - Mbombela [Nelspruit],Mpumalanga,240,MP326,MP326 - City of Mbombela,Mpumalanga,vd_code_match
2011,54790713,MP322,MP322 - Mbombela [Nelspruit],Mpumalanga,194,MP326,MP326 - City of Mbombela,Mpumalanga,vd_code_match
2011,54790724,MP322,MP322 - Mbombela [Nelspruit],Mpumalanga,168,MP326,MP326 - City of Mbombela,Mpumalanga,vd_code_match
2011,54790735,MP322,MP322 - Mbombela [Nelspruit],Mpumalanga,193,MP326,MP326 - City of Mbombela,Mpumalanga,vd_code_match
2011,54790746,MP322,MP322 - Mbombela [Nelspruit],Mpumalanga,498,MP326,MP326 - City of Mbombela,Mpumalanga,vd_code_match
2011,54790757,MP322,MP322 - Mbombela [Nelspruit],Mpumalanga,309,MP326,MP326 - City of Mbombela,Mpumalanga,vd_code_match
2011,54790768,MP322,MP322 - Mbombela [Nelspruit],Mpumalanga,200,MP326,MP326 - City of Mbombela,Mpumalanga,vd_code_match
2011,54790791,MP322,MP322 - Mbombela [Nelspruit],Mpumalanga,277,MP326,MP326 - City of Mbombela,Mpumalanga,vd_code_match
2011,54790803,MP322,MP322 - Mbombela [Nelspruit],Mpumalanga,258,MP326,MP326 - City of Mbombela,Mpumalanga,vd_code_match
2011,54800018,MP321,MP321 - Thaba Chweu [Sabie],Mpumalanga,2458,MP321,MP321 - Thaba Chweu,Mpumalanga,vd_code_match
2011,54800029,MP321,MP321 - Thaba Chweu [Sabie],Mpumalanga,3424,MP321,MP321 - Thaba Chweu,Mpumalanga,vd_code_match
2011,54800030,MP321,MP321 - Thaba Chweu [Sabie],Mpumalanga,701,MP321,MP321 - Thaba Chweu,Mpumalanga,vd_code_match
2011,54800041,MP321,MP321 - Thaba Chweu [Sabie],Mpumalanga,396,MP321,MP321 - Thaba Chweu,Mpumalanga,vd_code_match
2011,54830011,MP322,MP322 - Mbombela [Nelspruit],Mpumalanga,3518,MP326,MP326 - City of Mbombela,Mpumalanga,vd_code_match
2011,54830022,MP322,MP322 - Mbombela [Nelspruit],Mpumalanga,3478,MP326,MP326 - City of Mbombela,Mpumalanga,vd_code_match
2011,54830033,MP322,MP322 - Mbombela [Nelspruit],Mpumalanga,2108,MP326,MP326 - City of Mbombela,Mpumalanga,vd_code_match
2011,54830044,MP322,MP322 - Mbombela [Nelspruit],Mpumalanga,2435,MP326,MP326 - City of Mbombela,Mpumalanga,vd_code_match
2011,54830055,MP322,MP322 - Mbombela [Nelspruit],Mpumalanga,2492,MP326,MP326 - City of Mbombela,Mpumalanga,vd_code_match
2011,54830066,MP322,MP322 - Mbombela [Nelspruit],Mpumalanga,2684,MP326,MP326 - City of Mbombela,Mpumalanga,vd_code_match
2011,54830077,MP322,MP322 - Mbombela [Nelspruit],Mpumalanga,1326,MP326,MP326 - City of Mbombela,Mpumalanga,vd_code_match
2011,54830088,MP322,MP322 - Mbombela [Nelspruit],Mpumalanga,2657,MP326,MP326 - City of Mbombela,Mpumalanga,vd_code_match
2011,54830099,MP322,MP322 - Mbombela [Nelspruit],Mpumalanga,312,MP326,MP326 - City of Mbombela,Mpumalanga,vd_code_match
2011,54830101,MP322,MP322 - Mbombela [Nelspruit],Mpumalanga,244,MP326,MP326 - City of Mbombela,Mpumalanga,vd_code_match
2011,54830112,MP322,MP322 - Mbombela [Nelspruit],Mpumalanga,273,MP326,MP326 - City of Mbombela,Mpumalanga,vd_code_match
2011,54840012,MP323,MP323 - Umjindi [Barberton],Mpumalanga,489,MP326,MP326 - City of Mbombela,Mpumalanga,vd_code_match
2011,54840034,MP323,MP323 - Umjindi [Barberton],Mpumalanga,427,MP326,MP326 - City of Mbombela,Mpumalanga,vd_code_match
2011,54840045,MP323,MP323 - Umjindi [Barberton],Mpumalanga,254,MP326,MP326 - City of Mbombela,Mpumalanga,vd_code_match
2011,54840056,MP323,MP323 - Umjindi [Barberton],Mpumalanga,171,MP326,MP326 - City of Mbombela,Mpumalanga,vd_code_match
2011,54840067,MP323,MP323 - Umjindi [Barberton],Mpumalanga,713,MP326,MP326 - City of Mbombela,Mpumalanga,vd_code_match
2011,54840078,MP323,MP323 - Umjindi [Barberton],Mpumalanga,817,MP326,MP326 - City of Mbombela,Mpumalanga,vd_code_match
2011,54840089,MP323,MP323 - Umjindi [Barberton],Mpumalanga,521,MP326,MP326 - City of Mbombela,Mpumalanga,vd_code_match
2011,54840102,MP323,MP323 - Umjindi [Barberton],Mpumalanga,198,MP326,MP326 - City of Mbombela,Mpumalanga,vd_code_match
2011,54840113,MP323,MP323 - Umjindi [Barberton],Mpumalanga,793,MP326,MP326 - City of Mbombela,Mpumalanga,vd_code_match
2011,54840135,MP323,MP323 - Umjindi [Barberton],Mpumalanga,868,MP326,MP326 - City of Mbombela,Mpumalanga,vd_code_match
2011,54840146,MP323,MP323 - Umjindi [Barberton],Mpumalanga,1486,MP326,MP326 - City of Mbombela,Mpumalanga,vd_code_match
2011,54840157,MP323,MP323 - Umjindi [Barberton],Mpumalanga,1329,MP326,MP326 - City of Mbombela,Mpumalanga,vd_code_match
2011,54840179,MP323,MP323 - Umjindi [Barberton],Mpumalanga,148,MP326,MP326 - City of Mbombela,Mpumalanga,vd_code_match
2011,54840180,MP323,MP323 - Umjindi [Barberton],Mpumalanga,99,MP326,MP326 - City of Mbombela,Mpumalanga,vd_code_match
2011,54850013,MP325,MP325 - Bushbuckridge [Bushbuckridge],Mpumalanga,484,MP325,MP325 - Bushbuckridge,Mpumalanga,vd_code_match
2011,54850024,MP325,MP325 - Bushbuckridge [Bushbuckridge],Mpumalanga,225,MP325,MP325 - Bushbuckridge,Mpumalanga,vd_code_match
2011,54860014,MP321,MP321 - Thaba Chweu [Sabie],Mpumalanga,978,MP321,MP321 - Thaba Chweu,Mpumalanga,vd_code_match
2011,54860036,MP321,MP321 - Thaba Chweu [Sabie],Mpumalanga,909,MP321,MP321 - Thaba Chweu,Mpumalanga,vd_code_match
2011,54860070,MP321,MP321 - Thaba Chweu [Sabie],Mpumalanga,1063,MP321,MP321 - Thaba Chweu,Mpumalanga,vd_code_match
2011,54860137,MP321,MP321 - Thaba Chweu [Sabie],Mpumalanga,403,MP321,MP321 - Thaba Chweu,Mpumalanga,vd_code_match
2011,54860159,MP321,MP321 - Thaba Chweu [Sabie],Mpumalanga,144,MP321,MP321 - Thaba Chweu,Mpumalanga,vd_code_match
2011,54860193,MP321,MP321 - Thaba Chweu [Sabie],Mpumalanga,203,MP321,MP321 - Thaba Chweu,Mpumalanga,vd_code_match
2011,54860205,MP321,MP321 - Thaba Chweu [Sabie],Mpumalanga,143,MP321,MP321 - Thaba Chweu,Mpumalanga,vd_code_match
2011,54860216,MP321,MP321 - Thaba Chweu [Sabie],Mpumalanga,104,MP321,MP321 - Thaba Chweu,Mpumalanga,vd_code_match
2011,54870015,MP322,MP322 - Mbombela [Nelspruit],Mpumalanga,245,MP326,MP326 - City of Mbombela,Mpumalanga,vd_code_match
2011,54870026,MP322,MP322 - Mbombela [Nelspruit],Mpumalanga,525,MP326,MP326 - City of Mbombela,Mpumalanga,vd_code_match
2011,54870037,MP322,MP322 - Mbombela [Nelspruit],Mpumalanga,1028,MP326,MP326 - City of Mbombela,Mpumalanga,vd_code_match
2011,54870048,MP322,MP322 - Mbombela [Nelspruit],Mpumalanga,1135,MP326,MP326 - City of Mbombela,Mpumalanga,vd_code_match
2011,54870059,MP322,MP322 - Mbombela [Nelspruit],Mpumalanga,311,MP326,MP326 - City of Mbombela,Mpumalanga,vd_code_match
2011,54870060,MP322,MP322 - Mbombela [Nelspruit],Mpumalanga,1244,MP326,MP326 - City of Mbombela,Mpumalanga,vd_code_match
2011,54870082,MP321,MP321 - Thaba Chweu [Sabie],Mpumalanga,766,MP321,MP321 - Thaba Chweu,Mpumalanga,vd_code_match
2011,54870093,MP322,MP322 - Mbombela [Nelspruit],Mpumalanga,374,MP326,MP326 - City of Mbombela,Mpumalanga,vd_code_match
2011,54870105,MP322,MP322 - Mbombela [Nelspruit],Mpumalanga,115,MP326,MP326 - City of Mbombela,Mpumalanga,municipality_majority
2011,54870116,MP322,MP322 - Mbombela [Nelspruit],Mpumalanga,1154,MP326,MP326 - City of Mbombela,Mpumalanga,vd_code_match
2011,54870138,MP322,MP322 - Mbombela [Nelspruit],Mpumalanga,1032,MP326,MP326 - City of Mbombela,Mpumalanga,vd_code_match
2011,54870149,MP322,MP322 - Mbombela [Nelspruit],Mpumalanga,584,MP326,MP326 - City of Mbombela,Mpumalanga,vd_code_match
2011,54870161,MP322,MP322 - Mbombela [Nelspruit],Mpumalanga,167,MP326,MP326 - City of Mbombela,Mpumalanga,municipality_majority
2011,54870172,MP322,MP322 - Mbombela [Nelspruit],Mpumalanga,654,MP326,MP326 - City of Mbombela,Mpumalanga,vd_code_match
2011,54870183,MP322,MP322 - Mbombela [Nelspruit],Mpumalanga,2615,MP326,MP326 - City of Mbombela,Mpumalanga,vd_code_match
2011,54870194,MP322,MP322 - Mbombela [Nelspruit],Mpumalanga,1138,MP326,MP326 - City of Mbombela,Mpumalanga,vd_code_match
2011,54870228,MP322,MP322 - Mbombela [Nelspruit],Mpumalanga,661,MP326,MP326 - City of Mbombela,Mpumalanga,vd_code_match
2011,54870239,MP322,MP322 - Mbombela [Nelspruit],Mpumalanga,131,MP326,MP326 - City of Mbombela,Mpumalanga,vd_code_match
2011,54870240,MP322,MP322 - Mbombela [Nelspruit],Mpumalanga,86,MP326,MP326 - City of Mbombela,Mpumalanga,vd_code_match
2011,54870251,MP322,MP322 - Mbombela [Nelspruit],Mpumalanga,249,MP326,MP326 - City of Mbombela,Mpumalanga,vd_code_match
2011,54870262,MP322,MP322 - Mbombela [Nelspruit],Mpumalanga,1413,MP326,MP326 - City of Mbombela,Mpumalanga,vd_code_match
2011,54870273,MP322,MP322 - Mbombela [Nelspruit],Mpumalanga,183,MP326,MP326 - City of Mbombela,Mpumalanga,vd_code_match
2011,54880016,MP324,MP324 - Nkomazi [Nkomazi],Mpumalanga,1302,MP324,MP324 - Nkomazi,Mpumalanga,vd_code_match
2011,54880027,MP324,MP324 - Nkomazi [Nkomazi],Mpumalanga,242,MP324,MP324 - Nkomazi,Mpumalanga,vd_code_match
2011,54880038,MP324,MP324 - Nkomazi [Nkomazi],Mpumalanga,1231,MP324,MP324 - Nkomazi,Mpumalanga,vd_code_match
2011,54880049,MP324,MP324 - Nkomazi [Nkomazi],Mpumalanga,1253,MP324,MP324 - Nkomazi,Mpumalanga,vd_code_match
2011,54880050,MP324,MP324 - Nkomazi [Nkomazi],Mpumalanga,1527,MP324,MP324 - Nkomazi,Mpumalanga,vd_code_match
2011,54880061,MP324,MP324 - Nkomazi [Nkomazi],Mpumalanga,1462,MP324,MP324 - Nkomazi,Mpumalanga,vd_code_match
2011,54880083,MP324,MP324 - Nkomazi [Nkomazi],Mpumalanga,2131,MP324,MP324 - Nkomazi,Mpumalanga,vd_code_match
2011,54880094,MP324,MP324 - Nkomazi [Nkomazi],Mpumalanga,1648,MP324,MP324 - Nkomazi,Mpumalanga,vd_code_match
2011,54880106,MP324,MP324 - Nkomazi [Nkomazi],Mpumalanga,1642,MP324,MP324 - Nkomazi,Mpumalanga,vd_code_match
2011,54880117,MP324,MP324 - Nkomazi [Nkomazi],Mpumalanga,1663,MP324,MP324 - Nkomazi,Mpumalanga,vd_code_match
2011,54880139,MP324,MP324 - Nkomazi [Nkomazi],Mpumalanga,2467,MP324,MP324 - Nkomazi,Mpumalanga,vd_code_match
2011,54880162,MP324,MP324 - Nkomazi [Nkomazi],Mpumalanga,2118,MP324,MP324 - Nkomazi,Mpumalanga,vd_code_match
2011,54880173,MP324,MP324 - Nkomazi [Nkomazi],Mpumalanga,531,MP324,MP324 - Nkomazi,Mpumalanga,vd_code_match
2011,54880184,MP324,MP324 - Nkomazi [Nkomazi],Mpumalanga,850,MP324,MP324 - Nkomazi,Mpumalanga,vd_code_match
2011,54880195,MP324,MP324 - Nkomazi [Nkomazi],Mpumalanga,1853,MP324,MP324 - Nkomazi,Mpumalanga,vd_code_match
2011,54880207,MP324,MP324 - Nkomazi [Nkomazi],Mpumalanga,874,MP324,MP324 - Nkomazi,Mpumalanga,vd_code_match
2011,54880229,MP324,MP324 - Nkomazi [Nkomazi],Mpumalanga,1461,MP324,MP324 - Nkomazi,Mpumalanga,vd_code_match
2011,54880230,MP324,MP324 - Nkomazi [Nkomazi],Mpumalanga,1603,MP324,MP324 - Nkomazi,Mpumalanga,vd_code_match
2011,54880241,MP324,MP324 - Nkomazi [Nkomazi],Mpumalanga,1407,MP324,MP324 - Nkomazi,Mpumalanga,vd_code_match
2011,54880252,MP324,MP324 - Nkomazi [Nkomazi],Mpumalanga,710,MP324,MP324 - Nkomazi,Mpumalanga,vd_code_match
2011,54880263,MP324,MP324 - Nkomazi [Nkomazi],Mpumalanga,530,MP324,MP324 - Nkomazi,Mpumalanga,vd_code_match
2011,54880274,MP324,MP324 - Nkomazi [Nkomazi],Mpumalanga,749,MP324,MP324 - Nkomazi,Mpumalanga,vd_code_match
2011,54880285,MP324,MP324 - Nkomazi [Nkomazi],Mpumalanga,2058,MP324,MP324 - Nkomazi,Mpumalanga,vd_code_match
2011,54880296,MP324,MP324 - Nkomazi [Nkomazi],Mpumalanga,902,MP324,MP324 - Nkomazi,Mpumalanga,vd_code_match
2011,54880308,MP324,MP324 - Nkomazi [Nkomazi],Mpumalanga,1759,MP324,MP324 - Nkomazi,Mpumalanga,vd_code_match
2011,54880319,MP324,MP324 - Nkomazi [Nkomazi],Mpumalanga,1139,MP324,MP324 - Nkomazi,Mpumalanga,vd_code_match
2011,54880342,MP324,MP324 - Nkomazi [Nkomazi],Mpumalanga,2633,MP324,MP324 - Nkomazi,Mpumalanga,vd_code_match
2011,54880364,MP324,MP324 - Nkomazi [Nkomazi],Mpumalanga,654,MP324,MP324 - Nkomazi,Mpumalanga,vd_code_match
2011,54880375,MP324,MP324 - Nkomazi [Nkomazi],Mpumalanga,960,MP324,MP324 - Nkomazi,Mpumalanga,vd_code_match
2011,54880386,MP324,MP324 - Nkomazi [Nkomazi],Mpumalanga,785,MP324,MP324 - Nkomazi,Mpumalanga,vd_code_match
2011,54880397,MP324,MP324 - Nkomazi [Nkomazi],Mpumalanga,1363,MP324,MP324 - Nkomazi,Mpumalanga,vd_code_match
2011,54880409,MP324,MP324 - Nkomazi [Nkomazi],Mpumalanga,677,MP324,MP324 - Nkomazi,Mpumalanga,vd_code_match
2011,54880410,MP324,MP324 - Nkomazi [Nkomazi],Mpumalanga,1554,MP324,MP324 - Nkomazi,Mpumalanga,vd_code_match
2011,54880421,MP324,MP324 - Nkomazi [Nkomazi],Mpumalanga,2091,MP324,MP324 - Nkomazi,Mpumalanga,vd_code_match
2011,54880432,MP324,MP324 - Nkomazi [Nkomazi],Mpumalanga,507,MP324,MP324 - Nkomazi,Mpumalanga,vd_code_match
2011,54880443,MP324,MP324 - Nkomazi [Nkomazi],Mpumalanga,733,MP324,MP324 - Nkomazi,Mpumalanga,vd_code_match
2011,54880454,MP324,MP324 - Nkomazi [Nkomazi],Mpumalanga,736,MP324,MP324 - Nkomazi,Mpumalanga,vd_code_match
2011,54880465,MP324,MP324 - Nkomazi [Nkomazi],Mpumalanga,719,MP324,MP324 - Nkomazi,Mpumalanga,vd_code_match
2011,54880476,MP324,MP324 - Nkomazi [Nkomazi],Mpumalanga,411,MP324,MP324 - Nkomazi,Mpumalanga,vd_code_match
2011,54880487,MP324,MP324 - Nkomazi [Nkomazi],Mpumalanga,996,MP324,MP324 - Nkomazi,Mpumalanga,vd_code_match
2011,54880498,MP324,MP324 - Nkomazi [Nkomazi],Mpumalanga,697,MP324,MP324 - Nkomazi,Mpumalanga,vd_code_match
2011,54880500,MP324,MP324 - Nkomazi [Nkomazi],Mpumalanga,367,MP324,MP324 - Nkomazi,Mpumalanga,vd_code_match
2011,54880511,MP324,MP324 - Nkomazi [Nkomazi],Mpumalanga,658,MP324,MP324 - Nkomazi,Mpumalanga,vd_code_match
2011,54880522,MP324,MP324 - Nkomazi [Nkomazi],Mpumalanga,359,MP324,MP324 - Nkomazi,Mpumalanga,vd_code_match
2011,54880533,MP324,MP324 - Nkomazi [Nkomazi],Mpumalanga,368,MP324,MP324 - Nkomazi,Mpumalanga,vd_code_match
2011,54880544,MP324,MP324 - Nkomazi [Nkomazi],Mpumalanga,379,MP324,MP324 - Nkomazi,Mpumalanga,vd_code_match
2011,54880555,MP324,MP324 - Nkomazi [Nkomazi],Mpumalanga,391,MP324,MP324 - Nkomazi,Mpumalanga,vd_code_match
2011,54880566,MP324,MP324 - Nkomazi [Nkomazi],Mpumalanga,263,MP324,MP324 - Nkomazi,Mpumalanga,vd_code_match
2011,54880577,MP324,MP324 - Nkomazi [Nkomazi],Mpumalanga,283,MP324,MP324 - Nkomazi,Mpumalanga,vd_code_match
2011,54880588,MP324,MP324 - Nkomazi [Nkomazi],Mpumalanga,140,MP324,MP324 - Nkomazi,Mpumalanga,vd_code_match
2011,54880599,MP324,MP324 - Nkomazi [Nkomazi],Mpumalanga,351,MP324,MP324 - Nkomazi,Mpumalanga,vd_code_match
2011,54880601,MP324,MP324 - Nkomazi [Nkomazi],Mpumalanga,321,MP324,MP324 - Nkomazi,Mpumalanga,vd_code_match
2011,54880612,MP324,MP324 - Nkomazi [Nkomazi],Mpumalanga,429,MP324,MP324 - Nkomazi,Mpumalanga,vd_code_match
2011,54880623,MP324,MP324 - Nkomazi [Nkomazi],Mpumalanga,164,MP324,MP324 - Nkomazi,Mpumalanga,vd_code_match
2011,54880634,MP324,MP324 - Nkomazi [Nkomazi],Mpumalanga,216,MP324,MP324 - Nkomazi,Mpumalanga,vd_code_match
2011,54880645,MP324,MP324 - Nkomazi [Nkomazi],Mpumalanga,213,MP324,MP324 - Nkomazi,Mpumalanga,vd_code_match
2011,54890017,MP324,MP324 - Nkomazi [Nkomazi],Mpumalanga,1347,MP324,MP324 - Nkomazi,Mpumalanga,vd_code_match
2011,54890039,MP324,MP324 - Nkomazi [Nkomazi],Mpumalanga,98,MP324,MP324 - Nkomazi,Mpumalanga,vd_code_match
2011,54890040,MP324,MP324 - Nkomazi [Nkomazi],Mpumalanga,426,MP324,MP324 - Nkomazi,Mpumalanga,vd_code_match
2011,54890051,MP324,MP324 - Nkomazi [Nkomazi],Mpumalanga,446,MP324,MP324 - Nkomazi,Mpumalanga,vd_code_match
2011,54890073,MP324,MP324 - Nkomazi [Nkomazi],Mpumalanga,392,MP324,MP324 - Nkomazi,Mpumalanga,vd_code_match
2011,54890084,MP324,MP324 - Nkomazi [Nkomazi],Mpumalanga,864,MP324,MP324 - Nkomazi,Mpumalanga,vd_code_match
2011,54890095,MP323,MP323 - Umjindi [Barberton],Mpumalanga,957,MP326,MP326 - City of Mbombela,Mpumalanga,vd_code_match
2011,54890118,MP324,MP324 - Nkomazi [Nkomazi],Mpumalanga,833,MP324,MP324 - Nkomazi,Mpumalanga,vd_code_match
2011,54890130,MP324,MP324 - Nkomazi [Nkomazi],Mpumalanga,762,MP324,MP324 - Nkomazi,Mpumalanga,vd_code_match
2011,54890141,MP324,MP324 - Nkomazi [Nkomazi],Mpumalanga,1187,MP324,MP324 - Nkomazi,Mpumalanga,vd_code_match
2011,54890152,MP324,MP324 - Nkomazi [Nkomazi],Mpumalanga,982,MP324,MP324 - Nkomazi,Mpumalanga,vd_code_match
2011,54890163,MP324,MP324 - Nkomazi [Nkomazi],Mpumalanga,1670,MP324,MP324 - Nkomazi,Mpumalanga,vd_code_match
2011,54890174,MP324,MP324 - Nkomazi [Nkomazi],Mpumalanga,1138,MP324,MP324 - Nkomazi,Mpumalanga,vd_code_match
2011,54890185,MP324,MP324 - Nkomazi [Nkomazi],Mpumalanga,702,MP324,MP324 - Nkomazi,Mpumalanga,vd_code_match
2011,54890196,MP324,MP324 - Nkomazi [Nkomazi],Mpumalanga,1084,MP324,MP324 - Nkomazi,Mpumalanga,vd_code_match
2011,54890208,MP324,MP324 - Nkomazi [Nkomazi],Mpumalanga,1721,MP324,MP324 - Nkomazi,Mpumalanga,vd_code_match
2011,54890219,MP324,MP324 - Nkomazi [Nkomazi],Mpumalanga,1117,MP324,MP324 - Nkomazi,Mpumalanga,vd_code_match
2011,54890220,MP324,MP324 - Nkomazi [Nkomazi],Mpumalanga,1755,MP324,MP324 - Nkomazi,Mpumalanga,vd_code_match
2011,54890231,MP324,MP324 - Nkomazi [Nkomazi],Mpumalanga,967,MP324,MP324 - Nkomazi,Mpumalanga,vd_code_match
2011,54890242,MP324,MP324 - Nkomazi [Nkomazi],Mpumalanga,1350,MP324,MP324 - Nkomazi,Mpumalanga,vd_code_match
2011,54890253,MP324,MP324 - Nkomazi [Nkomazi],Mpumalanga,1002,MP324,MP324 - Nkomazi,Mpumalanga,vd_code_match
2011,54890264,MP324,MP324 - Nkomazi [Nkomazi],Mpumalanga,1405,MP324,MP324 - Nkomazi,Mpumalanga,vd_code_match
2011,54890275,MP324,MP324 - Nkomazi [Nkomazi],Mpumalanga,1358,MP324,MP324 - Nkomazi,Mpumalanga,vd_code_match
2011,54890286,MP324,MP324 - Nkomazi [Nkomazi],Mpumalanga,415,MP324,MP324 - Nkomazi,Mpumalanga,vd_code_match
2011,54890297,MP324,MP324 - Nkomazi [Nkomazi],Mpumalanga,638,MP324,MP324 - Nkomazi,Mpumalanga,vd_code_match
2011,54890309,MP324,MP324 - Nkomazi [Nkomazi],Mpumalanga,1186,MP324,MP324 - Nkomazi,Mpumalanga,vd_code_match
2011,54890310,MP324,MP324 - Nkomazi [Nkomazi],Mpumalanga,1298,MP324,MP324 - Nkomazi,Mpumalanga,vd_code_match
2011,54890321,MP324,MP324 - Nkomazi [Nkomazi],Mpumalanga,1052,MP324,MP324 - Nkomazi,Mpumalanga,vd_code_match
2011,54890332,MP324,MP324 - Nkomazi [Nkomazi],Mpumalanga,1525,MP324,MP324 - Nkomazi,Mpumalanga,vd_code_match
2011,54890343,MP324,MP324 - Nkomazi [Nkomazi],Mpumalanga,354,MP324,MP324 - Nkomazi,Mpumalanga,vd_code_match
2011,54890354,MP324,MP324 - Nkomazi [Nkomazi],Mpumalanga,527,MP324,MP324 - Nkomazi,Mpumalanga,vd_code_match
2011,54890365,MP324,MP324 - Nkomazi [Nkomazi],Mpumalanga,692,MP324,MP324 - Nkomazi,Mpumalanga,vd_code_match
2011,54890376,MP324,MP324 - Nkomazi [Nkomazi],Mpumalanga,1048,MP324,MP324 - Nkomazi,Mpumalanga,vd_code_match
2011,54890387,MP324,MP324 - Nkomazi [Nkomazi],Mpumalanga,1597,MP324,MP324 - Nkomazi,Mpumalanga,vd_code_match
2011,54890398,MP324,MP324 - Nkomazi [Nkomazi],Mpumalanga,1633,MP324,MP324 - Nkomazi,Mpumalanga,vd_code_match
2011,54890400,MP324,MP324 - Nkomazi [Nkomazi],Mpumalanga,1380,MP324,MP324 - Nkomazi,Mpumalanga,vd_code_match
2011,54890411,MP324,MP324 - Nkomazi [Nkomazi],Mpumalanga,1386,MP324,MP324 - Nkomazi,Mpumalanga,vd_code_match
2011,54890422,MP324,MP324 - Nkomazi [Nkomazi],Mpumalanga,700,MP324,MP324 - Nkomazi,Mpumalanga,vd_code_match
2011,54890433,MP324,MP324 - Nkomazi [Nkomazi],Mpumalanga,1317,MP324,MP324 - Nkomazi,Mpumalanga,vd_code_match
2011,54890444,MP324,MP324 - Nkomazi [Nkomazi],Mpumalanga,766,MP324,MP324 - Nkomazi,Mpumalanga,vd_code_match
2011,54890455,MP324,MP324 - Nkomazi [Nkomazi],Mpumalanga,1499,MP324,MP324 - Nkomazi,Mpumalanga,vd_code_match
2011,54890466,MP324,MP324 - Nkomazi [Nkomazi],Mpumalanga,727,MP324,MP324 - Nkomazi,Mpumalanga,vd_code_match
2011,54890477,MP324,MP324 - Nkomazi [Nkomazi],Mpumalanga,1155,MP324,MP324 - Nkomazi,Mpumalanga,vd_code_match
2011,54890499,MP324,MP324 - Nkomazi [Nkomazi],Mpumalanga,703,MP324,MP324 - Nkomazi,Mpumalanga,vd_code_match
2011,54890501,MP324,MP324 - Nkomazi [Nkomazi],Mpumalanga,681,MP324,MP324 - Nkomazi,Mpumalanga,vd_code_match
2011,54890512,MP324,MP324 - Nkomazi [Nkomazi],Mpumalanga,1463,MP324,MP324 - Nkomazi,Mpumalanga,vd_code_match
2011,54890523,MP324,MP324 - Nkomazi [Nkomazi],Mpumalanga,953,MP324,MP324 - Nkomazi,Mpumalanga,vd_code_match
2011,54890534,MP324,MP324 - Nkomazi [Nkomazi],Mpumalanga,1532,MP324,MP324 - Nkomazi,Mpumalanga,vd_code_match
2011,54890556,MP324,MP324 - Nkomazi [Nkomazi],Mpumalanga,893,MP324,MP324 - Nkomazi,Mpumalanga,vd_code_match
2011,54890567,MP324,MP324 - Nkomazi [Nkomazi],Mpumalanga,1312,MP324,MP324 - Nkomazi,Mpumalanga,vd_code_match
2011,54890578,MP324,MP324 - Nkomazi [Nkomazi],Mpumalanga,890,MP324,MP324 - Nkomazi,Mpumalanga,vd_code_match
2011,54890589,MP324,MP324 - Nkomazi [Nkomazi],Mpumalanga,1049,MP324,MP324 - Nkomazi,Mpumalanga,vd_code_match
2011,54890590,MP324,MP324 - Nkomazi [Nkomazi],Mpumalanga,1011,MP324,MP324 - Nkomazi,Mpumalanga,vd_code_match
2011,54890602,MP324,MP324 - Nkomazi [Nkomazi],Mpumalanga,546,MP324,MP324 - Nkomazi,Mpumalanga,vd_code_match
2011,54890613,MP324,MP324 - Nkomazi [Nkomazi],Mpumalanga,663,MP324,MP324 - Nkomazi,Mpumalanga,vd_code_match
2011,54890624,MP324,MP324 - Nkomazi [Nkomazi],Mpumalanga,1698,MP324,MP324 - Nkomazi,Mpumalanga,vd_code_match
2011,54890635,MP324,MP324 - Nkomazi [Nkomazi],Mpumalanga,687,MP324,MP324 - Nkomazi,Mpumalanga,vd_code_match
2011,54890646,MP324,MP324 - Nkomazi [Nkomazi],Mpumalanga,894,MP324,MP324 - Nkomazi,Mpumalanga,vd_code_match
2011,54890657,MP324,MP324 - Nkomazi [Nkomazi],Mpumalanga,2133,MP324,MP324 - Nkomazi,Mpumalanga,vd_code_match
2011,54890668,MP324,MP324 - Nkomazi [Nkomazi],Mpumalanga,630,MP324,MP324 - Nkomazi,Mpumalanga,vd_code_match
2011,54890679,MP324,MP324 - Nkomazi [Nkomazi],Mpumalanga,1343,MP324,MP324 - Nkomazi,Mpumalanga,vd_code_match
2011,54890680,MP324,MP324 - Nkomazi [Nkomazi],Mpumalanga,1036,MP324,MP324 - Nkomazi,Mpumalanga,vd_code_match
2011,54890691,MP324,MP324 - Nkomazi [Nkomazi],Mpumalanga,794,MP324,MP324 - Nkomazi,Mpumalanga,vd_code_match
2011,54890703,MP324,MP324 - Nkomazi [Nkomazi],Mpumalanga,125,MP324,MP324 - Nkomazi,Mpumalanga,vd_code_match
2011,54890725,MP324,MP324 - Nkomazi [Nkomazi],Mpumalanga,162,MP324,MP324 - Nkomazi,Mpumalanga,vd_code_match
2011,54890736,MP324,MP324 - Nkomazi [Nkomazi],Mpumalanga,443,MP324,MP324 - Nkomazi,Mpumalanga,vd_code_match
2011,54890747,MP324,MP324 - Nkomazi [Nkomazi],Mpumalanga,774,MP324,MP324 - Nkomazi,Mpumalanga,vd_code_match
2011,54890758,MP324,MP324 - Nkomazi [Nkomazi],Mpumalanga,754,MP324,MP324 - Nkomazi,Mpumalanga,vd_code_match
2011,54890769,MP324,MP324 - Nkomazi [Nkomazi],Mpumalanga,625,MP324,MP324 - Nkomazi,Mpumalanga,vd_code_match
2011,54890770,MP324,MP324 - Nkomazi [Nkomazi],Mpumalanga,545,MP324,MP324 - Nkomazi,Mpumalanga,vd_code_match
2011,54890781,MP324,MP324 - Nkomazi [Nkomazi],Mpumalanga,1123,MP324,MP324 - Nkomazi,Mpumalanga,vd_code_match
2011,54890792,MP324,MP324 - Nkomazi [Nkomazi],Mpumalanga,1534,MP324,MP324 - Nkomazi,Mpumalanga,vd_code_match
2011,54890804,MP324,MP324 - Nkomazi [Nkomazi],Mpumalanga,867,MP324,MP324 - Nkomazi,Mpumalanga,vd_code_match
2011,54890815,MP324,MP324 - Nkomazi [Nkomazi],Mpumalanga,1154,MP324,MP324 - Nkomazi,Mpumalanga,vd_code_match
2011,54890826,MP324,MP324 - Nkomazi [Nkomazi],Mpumalanga,1246,MP324,MP324 - Nkomazi,Mpumalanga,vd_code_match
2011,54890837,MP324,MP324 - Nkomazi [Nkomazi],Mpumalanga,548,MP324,MP324 - Nkomazi,Mpumalanga,vd_code_match
2011,54890848,MP324,MP324 - Nkomazi [Nkomazi],Mpumalanga,333,MP324,MP324 - Nkomazi,Mpumalanga,vd_code_match
2011,54890859,MP324,MP324 - Nkomazi [Nkomazi],Mpumalanga,509,MP324,MP324 - Nkomazi,Mpumalanga,vd_code_match
2011,54890860,MP324,MP324 - Nkomazi [Nkomazi],Mpumalanga,379,MP324,MP324 - Nkomazi,Mpumalanga,vd_code_match
2011,54890871,MP324,MP324 - Nkomazi [Nkomazi],Mpumalanga,266,MP324,MP324 - Nkomazi,Mpumalanga,vd_code_match
2011,54890882,MP324,MP324 - Nkomazi [Nkomazi],Mpumalanga,739,MP324,MP324 - Nkomazi,Mpumalanga,vd_code_match
2011,54890893,MP324,MP324 - Nkomazi [Nkomazi],Mpumalanga,306,MP324,MP324 - Nkomazi,Mpumalanga,vd_code_match
2011,54890905,MP324,MP324 - Nkomazi [Nkomazi],Mpumalanga,234,MP324,MP324 - Nkomazi,Mpumalanga,vd_code_match
2011,54890916,MP324,MP324 - Nkomazi [Nkomazi],Mpumalanga,212,MP324,MP324 - Nkomazi,Mpumalanga,vd_code_match
2011,54890927,MP324,MP324 - Nkomazi [Nkomazi],Mpumalanga,273,MP324,MP324 - Nkomazi,Mpumalanga,vd_code_match
2011,54890938,MP324,MP324 - Nkomazi [Nkomazi],Mpumalanga,245,MP324,MP324 - Nkomazi,Mpumalanga,vd_code_match
2011,54890949,MP324,MP324 - Nkomazi [Nkomazi],Mpumalanga,283,MP324,MP324 - Nkomazi,Mpumalanga,vd_code_match
2011,54890950,MP324,MP324 - Nkomazi [Nkomazi],Mpumalanga,169,MP324,MP324 - Nkomazi,Mpumalanga,vd_code_match
2011,54890961,MP324,MP324 - Nkomazi [Nkomazi],Mpumalanga,293,MP324,MP324 - Nkomazi,Mpumalanga,vd_code_match
2011,54890972,MP324,MP324 - Nkomazi [Nkomazi],Mpumalanga,395,MP324,MP324 - Nkomazi,Mpumalanga,vd_code_match
2011,54890983,MP324,MP324 - Nkomazi [Nkomazi],Mpumalanga,209,MP324,MP324 - Nkomazi,Mpumalanga,vd_code_match
2011,54890994,MP324,MP324 - Nkomazi [Nkomazi],Mpumalanga,340,MP324,MP324 - Nkomazi,Mpumalanga,vd_code_match
2011,54900019,MP321,MP321 - Thaba Chweu [Sabie],Mpumalanga,701,MP321,MP321 - Thaba Chweu,Mpumalanga,vd_code_match
2011,54900020,MP321,MP321 - Thaba Chweu [Sabie],Mpumalanga,1928,MP321,MP321 - Thaba Chweu,Mpumalanga,vd_code_match
2011,54900031,MP321,MP321 - Thaba Chweu [Sabie],Mpumalanga,1193,MP321,MP321 - Thaba Chweu,Mpumalanga,vd_code_match
2011,54900042,MP321,MP321 - Thaba Chweu [Sabie],Mpumalanga,1411,MP321,MP321 - Thaba Chweu,Mpumalanga,vd_code_match
2011,54900053,MP321,MP321 - Thaba Chweu [Sabie],Mpumalanga,922,MP321,MP321 - Thaba Chweu,Mpumalanga,vd_code_match
2011,54900064,MP321,MP321 - Thaba Chweu [Sabie],Mpumalanga,1378,MP321,MP321 - Thaba Chweu,Mpumalanga,vd_code_match
2011,54900075,MP321,MP321 - Thaba Chweu [Sabie],Mpumalanga,317,MP321,MP321 - Thaba Chweu,Mpumalanga,vd_code_match
2011,54900086,MP321,MP321 - Thaba Chweu [Sabie],Mpumalanga,453,MP321,MP321 - Thaba Chweu,Mpumalanga,vd_code_match
2011,54900097,MP321,MP321 - Thaba Chweu [Sabie],Mpumalanga,1860,MP321,MP321 - Thaba Chweu,Mpumalanga,vd_code_match
2011,54900109,MP321,MP321 - Thaba Chweu [Sabie],Mpumalanga,277,MP321,MP321 - Thaba Chweu,Mpumalanga,vd_code_match
2011,54900110,MP321,MP321 - Thaba Chweu [Sabie],Mpumalanga,249,MP321,MP321 - Thaba Chweu,Mpumalanga,vd_code_match
2011,54900121,MP321,MP321 - Thaba Chweu [Sabie],Mpumalanga,361,MP321,MP321 - Thaba Chweu,Mpumalanga,vd_code_match
2011,54900132,MP321,MP321 - Thaba Chweu [Sabie],Mpumalanga,292,MP321,MP321 - Thaba Chweu,Mpumalanga,vd_code_match
2011,54900154,MP321,MP321 - Thaba Chweu [Sabie],Mpumalanga,138,MP321,MP321 - Thaba Chweu,Mpumalanga,vd_code_match
2011,54900176,MP321,MP321 - Thaba Chweu [Sabie],Mpumalanga,299,MP321,MP321 - Thaba Chweu,Mpumalanga,vd_code_match
2011,54900187,MP321,MP321 - Thaba Chweu [Sabie],Mpumalanga,329,MP321,MP321 - Thaba Chweu,Mpumalanga,vd_code_match
2011,54900198,MP321,MP321 - Thaba Chweu [Sabie],Mpumalanga,366,MP321,MP321 - Thaba Chweu,Mpumalanga,vd_code_match
2011,54910010,MP321,MP321 - Thaba Chweu [Sabie],Mpumalanga,930,MP321,MP321 - Thaba Chweu,Mpumalanga,vd_code_match
2011,54910054,MP322,MP322 - Mbombela [Nelspruit],Mpumalanga,565,MP326,MP326 - City of Mbombela,Mpumalanga,vd_code_match
2011,54910065,MP322,MP322 - Mbombela [Nelspruit],Mpumalanga,2119,MP326,MP326 - City of Mbombela,Mpumalanga,vd_code_match
2011,54910076,MP322,MP322 - Mbombela [Nelspruit],Mpumalanga,2092,MP326,MP326 - City of Mbombela,Mpumalanga,vd_code_match
2011,54910087,MP322,MP322 - Mbombela [Nelspruit],Mpumalanga,2340,MP326,MP326 - City of Mbombela,Mpumalanga,vd_code_match
2011,54910100,MP322,MP322 - Mbombela [Nelspruit],Mpumalanga,1508,MP326,MP326 - City of Mbombela,Mpumalanga,vd_code_match
2011,54910111,MP322,MP322 - Mbombela [Nelspruit],Mpumalanga,1488,MP326,MP326 - City of Mbombela,Mpumalanga,vd_code_match
2011,54910144,MP322,MP322 - Mbombela [Nelspruit],Mpumalanga,935,MP326,MP326 - City of Mbombela,Mpumalanga,vd_code_match
2011,54910155,MP322,MP322 - Mbombela [Nelspruit],Mpumalanga,1692,MP326,MP326 - City of Mbombela,Mpumalanga,vd_code_match
2011,54910177,MP322,MP322 - Mbombela [Nelspruit],Mpumalanga,2004,MP326,MP326 - City of Mbombela,Mpumalanga,vd_code_match
2011,54910188,MP322,MP322 - Mbombela [Nelspruit],Mpumalanga,1502,MP326,MP326 - City of Mbombela,Mpumalanga,vd_code_match
2011,54910212,MP322,MP322 - Mbombela [Nelspruit],Mpumalanga,795,MP326,MP326 - City of Mbombela,Mpumalanga,vd_code_match
2011,54910223,MP322,MP322 - Mbombela [Nelspruit],Mpumalanga,1296,MP326,MP326 - City of Mbombela,Mpumalanga,vd_code_match
2011,54910234,MP322,MP322 - Mbombela [Nelspruit],Mpumalanga,1957,MP326,MP326 - City of Mbombela,Mpumalanga,vd_code_match
2011,54910245,MP322,MP322 - Mbombela [Nelspruit],Mpumalanga,815,MP326,MP326 - City of Mbombela,Mpumalanga,vd_code_match
2011,54910256,MP322,MP322 - Mbombela [Nelspruit],Mpumalanga,926,MP326,MP326 - City of Mbombela,Mpumalanga,vd_code_match
2011,54910267,MP322,MP322 - Mbombela [Nelspruit],Mpumalanga,1620,MP326,MP326 - City of Mbombela,Mpumalanga,vd_code_match
2011,54910278,MP322,MP322 - Mbombela [Nelspruit],Mpumalanga,1727,MP326,MP326 - City of Mbombela,Mpumalanga,vd_code_match
2011,54910290,MP322,MP322 - Mbombela [Nelspruit],Mpumalanga,837,MP326,MP326 - City of Mbombela,Mpumalanga,vd_code_match
2011,54910313,MP322,MP322 - Mbombela [Nelspruit],Mpumalanga,1185,MP326,MP326 - City of Mbombela,Mpumalanga,vd_code_match
2011,54910324,MP322,MP322 - Mbombela [Nelspruit],Mpumalanga,849,MP326,MP326 - City of Mbombela,Mpumalanga,vd_code_match
2011,54910335,MP322,MP322 - Mbombela [Nelspruit],Mpumalanga,1694,MP326,MP326 - City of Mbombela,Mpumalanga,vd_code_match
2011,54910346,MP322,MP322 - Mbombela [Nelspruit],Mpumalanga,1849,MP326,MP326 - City of Mbombela,Mpumalanga,vd_code_match
2011,54910357,MP322,MP322 - Mbombela [Nelspruit],Mpumalanga,2296,MP326,MP326 - City of Mbombela,Mpumalanga,vd_code_match
2011,54910368,MP322,MP322 - Mbombela [Nelspruit],Mpumalanga,1205,MP326,MP326 - City of Mbombela,Mpumalanga,vd_code_match
2011,54910379,MP322,MP322 - Mbombela [Nelspruit],Mpumalanga,1567,MP326,MP326 - City of Mbombela,Mpumalanga,vd_code_match
2011,54910380,MP322,MP322 - Mbombela [Nelspruit],Mpumalanga,1128,MP326,MP326 - City of Mbombela,Mpumalanga,vd_code_match
2011,54910391,MP322,MP322 - Mbombela [Nelspruit],Mpumalanga,474,MP326,MP326 - City of Mbombela,Mpumalanga,vd_code_match
2011,54910403,MP322,MP322 - Mbombela [Nelspruit],Mpumalanga,1354,MP326,MP326 - City of Mbombela,Mpumalanga,vd_code_match
2011,54910414,MP322,MP322 - Mbombela [Nelspruit],Mpumalanga,1485,MP326,MP326 - City of Mbombela,Mpumalanga,vd_code_match
2011,54910425,MP322,MP322 - Mbombela [Nelspruit],Mpumalanga,1049,MP326,MP326 - City of Mbombela,Mpumalanga,vd_code_match
2011,54910436,MP322,MP322 - Mbombela [Nelspruit],Mpumalanga,1423,MP326,MP326 - City of Mbombela,Mpumalanga,vd_code_match
2011,54910447,MP322,MP322 - Mbombela [Nelspruit],Mpumalanga,1090,MP326,MP326 - City of Mbombela,Mpumalanga,vd_code_match
2011,54910458,MP322,MP322 - Mbombela [Nelspruit],Mpumalanga,1496,MP326,MP326 - City of Mbombela,Mpumalanga,vd_code_match
2011,54910470,MP322,MP322 - Mbombela [Nelspruit],Mpumalanga,1744,MP326,MP326 - City of Mbombela,Mpumalanga,vd_code_match
2011,54910481,MP322,MP322 - Mbombela [Nelspruit],Mpumalanga,1176,MP326,MP326 - City of Mbombela,Mpumalanga,vd_code_match
2011,54910504,MP322,MP322 - Mbombela [Nelspruit],Mpumalanga,895,MP326,MP326 - City of Mbombela,Mpumalanga,vd_code_match
2011,54910515,MP322,MP322 - Mbombela [Nelspruit],Mpumalanga,1054,MP326,MP326 - City of Mbombela,Mpumalanga,vd_code_match
2011,54910526,MP322,MP322 - Mbombela [Nelspruit],Mpumalanga,1870,MP326,MP326 - City of Mbombela,Mpumalanga,vd_code_match
2011,54910537,MP322,MP322 - Mbombela [Nelspruit],Mpumalanga,674,MP326,MP326 - City of Mbombela,Mpumalanga,vd_code_match
2011,54910548,MP322,MP322 - Mbombela [Nelspruit],Mpumalanga,1652,MP326,MP326 - City of Mbombela,Mpumalanga,vd_code_match
2011,54910571,MP322,MP322 - Mbombela [Nelspruit],Mpumalanga,1564,MP326,MP326 - City of Mbombela,Mpumalanga,vd_code_match
2011,54910582,MP322,MP322 - Mbombela [Nelspruit],Mpumalanga,517,MP326,MP326 - City of Mbombela,Mpumalanga,vd_code_match
2011,54910593,MP322,MP322 - Mbombela [Nelspruit],Mpumalanga,986,MP326,MP326 - City of Mbombela,Mpumalanga,vd_code_match
2011,54910616,MP322,MP322 - Mbombela [Nelspruit],Mpumalanga,2022,MP326,MP326 - City of Mbombela,Mpumalanga,vd_code_match
2011,54910627,MP322,MP322 - Mbombela [Nelspruit],Mpumalanga,377,MP326,MP326 - City of Mbombela,Mpumalanga,vd_code_match
2011,54910649,MP322,MP322 - Mbombela [Nelspruit],Mpumalanga,643,MP326,MP326 - City of Mbombela,Mpumalanga,vd_code_match
2011,54910650,MP322,MP322 - Mbombela [Nelspruit],Mpumalanga,797,MP326,MP326 - City of Mbombela,Mpumalanga,vd_code_match
2011,54910661,MP322,MP322 - Mbombela [Nelspruit],Mpumalanga,498,MP326,MP326 - City of Mbombela,Mpumalanga,vd_code_match
2011,54910683,MP322,MP322 - Mbombela [Nelspruit],Mpumalanga,286,MP326,MP326 - City of Mbombela,Mpumalanga,vd_code_match
2011,54910694,MP322,MP322 - Mbombela [Nelspruit],Mpumalanga,764,MP326,MP326 - City of Mbombela,Mpumalanga,vd_code_match
2011,54910706,MP322,MP322 - Mbombela [Nelspruit],Mpumalanga,321,MP326,MP326 - City of Mbombela,Mpumalanga,vd_code_match
2011,54910717,MP322,MP322 - Mbombela [Nelspruit],Mpumalanga,345,MP326,MP326 - City of Mbombela,Mpumalanga,vd_code_match
2011,54910728,MP322,MP322 - Mbombela [Nelspruit],Mpumalanga,885,MP326,MP326 - City of Mbombela,Mpumalanga,vd_code_match
2011,54910739,MP322,MP322 - Mbombela [Nelspruit],Mpumalanga,796,MP326,MP326 - City of Mbombela,Mpumalanga,vd_code_match
2011,54910740,MP322,MP322 - Mbombela [Nelspruit],Mpumalanga,1024,MP326,MP326 - City of Mbombela,Mpumalanga,vd_code_match
2011,54910751,MP322,MP322 - Mbombela [Nelspruit],Mpumalanga,956,MP326,MP326 - City of Mbombela,Mpumalanga,vd_code_match
2011,54910762,MP321,MP321 - Thaba Chweu [Sabie],Mpumalanga,466,MP321,MP321 - Thaba Chweu,Mpumalanga,vd_code_match
2011,54910773,MP322,MP322 - Mbombela [Nelspruit],Mpumalanga,811,MP326,MP326 - City of Mbombela,Mpumalanga,vd_code_match
2011,54910784,MP322,MP322 - Mbombela [Nelspruit],Mpumalanga,777,MP326,MP326 - City of Mbombela,Mpumalanga,vd_code_match
2011,54910795,MP322,MP322 - Mbombela [Nelspruit],Mpumalanga,539,MP326,MP326 - City of Mbombela,Mpumalanga,vd_code_match
2011,54910807,MP322,MP322 - Mbombela [Nelspruit],Mpumalanga,246,MP326,MP326 - City of Mbombela,Mpumalanga,vd_code_match
2011,54910818,MP322,MP322 - Mbombela [Nelspruit],Mpumalanga,406,MP326,MP326 - City of Mbombela,Mpumalanga,vd_code_match
2011,54910829,MP322,MP322 - Mbombela [Nelspruit],Mpumalanga,700,MP326,MP326 - City of Mbombela,Mpumalanga,vd_code_match
2011,54910830,MP322,MP322 - Mbombela [Nelspruit],Mpumalanga,1083,MP326,MP326 - City of Mbombela,Mpumalanga,vd_code_match
2011,54910841,MP322,MP322 - Mbombela [Nelspruit],Mpumalanga,674,MP326,MP326 - City of Mbombela,Mpumalanga,vd_code_match
2011,54910852,MP322,MP322 - Mbombela [Nelspruit],Mpumalanga,413,MP326,MP326 - City of Mbombela,Mpumalanga,vd_code_match
2011,54910863,MP322,MP322 - Mbombela [Nelspruit],Mpumalanga,924,MP326,MP326 - City of Mbombela,Mpumalanga,vd_code_match
2011,54910874,MP322,MP322 - Mbombela [Nelspruit],Mpumalanga,172,MP326,MP326 - City of Mbombela,Mpumalanga,vd_code_match
2011,54910885,MP322,MP322 - Mbombela [Nelspruit],Mpumalanga,142,MP326,MP326 - City of Mbombela,Mpumalanga,vd_code_match
2011,54910896,MP322,MP322 - Mbombela [Nelspruit],Mpumalanga,564,MP326,MP326 - City of Mbombela,Mpumalanga,vd_code_match
2011,54910908,MP322,MP322 - Mbombela [Nelspruit],Mpumalanga,242,MP326,MP326 - City of Mbombela,Mpumalanga,vd_code_match
2011,54910919,MP322,MP322 - Mbombela [Nelspruit],Mpumalanga,188,MP326,MP326 - City of Mbombela,Mpumalanga,vd_code_match
2011,54910920,MP322,MP322 - Mbombela [Nelspruit],Mpumalanga,198,MP326,MP326 - City of Mbombela,Mpumalanga,vd_code_match
2011,54910931,MP322,MP322 - Mbombela [Nelspruit],Mpumalanga,268,MP326,MP326 - City of Mbombela,Mpumalanga,vd_code_match
2011,54910942,MP322,MP322 - Mbombela [Nelspruit],Mpumalanga,282,MP326,MP326 - City of Mbombela,Mpumalanga,vd_code_match
2011,54910953,MP322,MP322 - Mbombela [Nelspruit],Mpumalanga,261,MP326,MP326 - City of Mbombela,Mpumalanga,vd_code_match
2011,54910964,MP322,MP322 - Mbombela [Nelspruit],Mpumalanga,200,MP326,MP326 - City of Mbombela,Mpumalanga,vd_code_match
2011,54910975,MP322,MP322 - Mbombela [Nelspruit],Mpumalanga,206,MP326,MP326 - City of Mbombela,Mpumalanga,vd_code_match
2011,76150010,MP325,MP325 - Bushbuckridge [Bushbuckridge],Mpumalanga,747,MP325,MP325 - Bushbuckridge,Mpumalanga,vd_code_match
2011,76150021,MP325,MP325 - Bushbuckridge [Bushbuckridge],Mpumalanga,847,MP325,MP325 - Bushbuckridge,Mpumalanga,vd_code_match
2011,76150032,MP325,MP325 - Bushbuckridge [Bushbuckridge],Mpumalanga,2868,MP325,MP325 - Bushbuckridge,Mpumalanga,vd_code_match
2011,76150043,MP325,MP325 - Bushbuckridge [Bushbuckridge],Mpumalanga,998,MP325,MP325 - Bushbuckridge,Mpumalanga,vd_code_match
2011,76150054,MP325,MP325 - Bushbuckridge [Bushbuckridge],Mpumalanga,712,MP325,MP325 - Bushbuckridge,Mpumalanga,vd_code_match
2011,76150065,MP325,MP325 - Bushbuckridge [Bushbuckridge],Mpumalanga,1175,MP325,MP325 - Bushbuckridge,Mpumalanga,vd_code_match
2011,76150076,MP325,MP325 - Bushbuckridge [Bushbuckridge],Mpumalanga,929,MP325,MP325 - Bushbuckridge,Mpumalanga,vd_code_match
2011,76150087,MP325,MP325 - Bushbuckridge [Bushbuckridge],Mpumalanga,732,MP325,MP325 - Bushbuckridge,Mpumalanga,vd_code_match
2011,76150098,MP325,MP325 - Bushbuckridge [Bushbuckridge],Mpumalanga,450,MP325,MP325 - Bushbuckridge,Mpumalanga,vd_code_match
2011,76150100,MP325,MP325 - Bushbuckridge [Bushbuckridge],Mpumalanga,676,MP325,MP325 - Bushbuckridge,Mpumalanga,vd_code_match
2011,76150111,MP325,MP325 - Bushbuckridge [Bushbuckridge],Mpumalanga,1039,MP325,MP325 - Bushbuckridge,Mpumalanga,vd_code_match
2011,76150122,MP325,MP325 - Bushbuckridge [Bushbuckridge],Mpumalanga,937,MP325,MP325 - Bushbuckridge,Mpumalanga,vd_code_match
2011,76150133,MP325,MP325 - Bushbuckridge [Bushbuckridge],Mpumalanga,867,MP325,MP325 - Bushbuckridge,Mpumalanga,vd_code_match
2011,76150144,MP325,MP325 - Bushbuckridge [Bushbuckridge],Mpumalanga,347,MP325,MP325 - Bushbuckridge,Mpumalanga,vd_code_match
2011,76150155,MP325,MP325 - Bushbuckridge [Bushbuckridge],Mpumalanga,1125,MP325,MP325 - Bushbuckridge,Mpumalanga,vd_code_match
2011,76150166,MP325,MP325 - Bushbuckridge [Bushbuckridge],Mpumalanga,769,MP325,MP325 - Bushbuckridge,Mpumalanga,vd_code_match
2011,76150177,MP325,MP325 - Bushbuckridge [Bushbuckridge],Mpumalanga,874,MP325,MP325 - Bushbuckridge,Mpumalanga,vd_code_match
2011,76150188,MP325,MP325 - Bushbuckridge [Bushbuckridge],Mpumalanga,1122,MP325,MP325 - Bushbuckridge,Mpumalanga,vd_code_match
2011,76150199,MP325,MP325 - Bushbuckridge [Bushbuckridge],Mpumalanga,1373,MP325,MP325 - Bushbuckridge,Mpumalanga,vd_code_match
2011,76150201,MP325,MP325 - Bushbuckridge [Bushbuckridge],Mpumalanga,627,MP325,MP325 - Bushbuckridge,Mpumalanga,vd_code_match
2011,76150212,MP325,MP325 - Bushbuckridge [Bushbuckridge],Mpumalanga,1734,MP325,MP325 - Bushbuckridge,Mpumalanga,vd_code_match
2011,76150223,MP325,MP325 - Bushbuckridge [Bushbuckridge],Mpumalanga,911,MP325,MP325 - Bushbuckridge,Mpumalanga,vd_code_match
2011,76150234,MP325,MP325 - Bushbuckridge [Bushbuckridge],Mpumalanga,797,MP325,MP325 - Bushbuckridge,Mpumalanga,vd_code_match
2011,76150245,MP325,MP325 - Bushbuckridge [Bushbuckridge],Mpumalanga,1335,MP325,MP325 - Bushbuckridge,Mpumalanga,vd_code_match
2011,76150256,MP325,MP325 - Bushbuckridge [Bushbuckridge],Mpumalanga,2186,MP325,MP325 - Bushbuckridge,Mpumalanga,vd_code_match
2011,76150267,MP325,MP325 - Bushbuckridge [Bushbuckridge],Mpumalanga,596,MP325,MP325 - Bushbuckridge,Mpumalanga,vd_code_match
2011,76150278,MP325,MP325 - Bushbuckridge [Bushbuckridge],Mpumalanga,1943,MP325,MP325 - Bushbuckridge,Mpumalanga,vd_code_match
2011,76150289,MP325,MP325 - Bushbuckridge [Bushbuckridge],Mpumalanga,1218,MP325,MP325 - Bushbuckridge,Mpumalanga,vd_code_match
2011,76150290,MP325,MP325 - Bushbuckridge [Bushbuckridge],Mpumalanga,775,MP325,MP325 - Bushbuckridge,Mpumalanga,vd_code_match
2011,76150302,MP325,MP325 - Bushbuckridge [Bushbuckridge],Mpumalanga,987,MP325,MP325 - Bushbuckridge,Mpumalanga,vd_code_match
2011,76150313,MP325,MP325 - Bushbuckridge [Bushbuckridge],Mpumalanga,570,MP325,MP325 - Bushbuckridge,Mpumalanga,vd_code_match
2011,76150324,MP325,MP325 - Bushbuckridge [Bushbuckridge],Mpumalanga,1680,MP325,MP325 - Bushbuckridge,Mpumalanga,vd_code_match
2011,76150335,MP325,MP325 - Bushbuckridge [Bushbuckridge],Mpumalanga,1160,MP325,MP325 - Bushbuckridge,Mpumalanga,vd_code_match
2011,76150346,MP325,MP325 - Bushbuckridge [Bushbuckridge],Mpumalanga,791,MP325,MP325 - Bushbuckridge,Mpumalanga,vd_code_match
2011,76150357,MP325,MP325 - Bushbuckridge [Bushbuckridge],Mpumalanga,723,MP325,MP325 - Bushbuckridge,Mpumalanga,vd_code_match
2011,76150368,MP325,MP325 - Bushbuckridge [Bushbuckridge],Mpumalanga,553,MP325,MP325 - Bushbuckridge,Mpumalanga,vd_code_match
2011,76150379,MP325,MP325 - Bushbuckridge [Bushbuckridge],Mpumalanga,751,MP325,MP325 - Bushbuckridge,Mpumalanga,vd_code_match
2011,76150380,MP325,MP325 - Bushbuckridge [Bushbuckridge],Mpumalanga,2202,MP325,MP325 - Bushbuckridge,Mpumalanga,vd_code_match
2011,76150391,MP325,MP325 - Bushbuckridge [Bushbuckridge],Mpumalanga,1708,MP325,MP325 - Bushbuckridge,Mpumalanga,vd_code_match
2011,76150403,MP325,MP325 - Bushbuckridge [Bushbuckridge],Mpumalanga,538,MP325,MP325 - Bushbuckridge,Mpumalanga,vd_code_match
2011,76150414,MP325,MP325 - Bushbuckridge [Bushbuckridge],Mpumalanga,1578,MP325,MP325 - Bushbuckridge,Mpumalanga,vd_code_match
2011,76150425,MP325,MP325 - Bushbuckridge [Bushbuckridge],Mpumalanga,1113,MP325,MP325 - Bushbuckridge,Mpumalanga,vd_code_match
2011,76150436,MP325,MP325 - Bushbuckridge [Bushbuckridge],Mpumalanga,1324,MP325,MP325 - Bushbuckridge,Mpumalanga,vd_code_match
2011,76150447,MP325,MP325 - Bushbuckridge [Bushbuckridge],Mpumalanga,1308,MP325,MP325 - Bushbuckridge,Mpumalanga,vd_code_match
2011,76150458,MP325,MP325 - Bushbuckridge [Bushbuckridge],Mpumalanga,857,MP325,MP325 - Bushbuckridge,Mpumalanga,vd_code_match
2011,76150469,MP325,MP325 - Bushbuckridge [Bushbuckridge],Mpumalanga,1052,MP325,MP325 - Bushbuckridge,Mpumalanga,vd_code_match
2011,76150470,MP325,MP325 - Bushbuckridge [Bushbuckridge],Mpumalanga,2226,MP325,MP325 - Bushbuckridge,Mpumalanga,vd_code_match
2011,76150481,MP325,MP325 - Bushbuckridge [Bushbuckridge],Mpumalanga,998,MP325,MP325 - Bushbuckridge,Mpumalanga,vd_code_match
2011,76150492,MP325,MP325 - Bushbuckridge [Bushbuckridge],Mpumalanga,1900,MP325,MP325 - Bushbuckridge,Mpumalanga,vd_code_match
2011,76150504,MP325,MP325 - Bushbuckridge [Bushbuckridge],Mpumalanga,829,MP325,MP325 - Bushbuckridge,Mpumalanga,vd_code_match
2011,76150515,MP325,MP325 - Bushbuckridge [Bushbuckridge],Mpumalanga,898,MP325,MP325 - Bushbuckridge,Mpumalanga,vd_code_match
2011,76150526,MP325,MP325 - Bushbuckridge [Bushbuckridge],Mpumalanga,998,MP325,MP325 - Bushbuckridge,Mpumalanga,vd_code_match
2011,76150537,MP325,MP325 - Bushbuckridge [Bushbuckridge],Mpumalanga,677,MP325,MP325 - Bushbuckridge,Mpumalanga,vd_code_match
2011,76150548,MP325,MP325 - Bushbuckridge [Bushbuckridge],Mpumalanga,991,MP325,MP325 - Bushbuckridge,Mpumalanga,vd_code_match
2011,76150559,MP325,MP325 - Bushbuckridge [Bushbuckridge],Mpumalanga,779,MP325,MP325 - Bushbuckridge,Mpumalanga,vd_code_match
2011,76150560,MP325,MP325 - Bushbuckridge [Bushbuckridge],Mpumalanga,1177,MP325,MP325 - Bushbuckridge,Mpumalanga,vd_code_match
2011,76150571,MP325,MP325 - Bushbuckridge [Bushbuckridge],Mpumalanga,420,MP325,MP325 - Bushbuckridge,Mpumalanga,vd_code_match
2011,76150582,MP325,MP325 - Bushbuckridge [Bushbuckridge],Mpumalanga,759,MP325,MP325 - Bushbuckridge,Mpumalanga,vd_code_match
2011,76150593,MP325,MP325 - Bushbuckridge [Bushbuckridge],Mpumalanga,1281,MP325,MP325 - Bushbuckridge,Mpumalanga,vd_code_match
2011,76150605,MP325,MP325 - Bushbuckridge [Bushbuckridge],Mpumalanga,634,MP325,MP325 - Bushbuckridge,Mpumalanga,vd_code_match
2011,76150616,MP325,MP325 - Bushbuckridge [Bushbuckridge],Mpumalanga,900,MP325,MP325 - Bushbuckridge,Mpumalanga,vd_code_match
2011,76150627,MP325,MP325 - Bushbuckridge [Bushbuckridge],Mpumalanga,1675,MP325,MP325 - Bushbuckridge,Mpumalanga,vd_code_match
2011,76150649,MP325,MP325 - Bushbuckridge [Bushbuckridge],Mpumalanga,470,MP325,MP325 - Bushbuckridge,Mpumalanga,vd_code_match
2011,76150650,MP325,MP325 - Bushbuckridge [Bushbuckridge],Mpumalanga,1234,MP325,MP325 - Bushbuckridge,Mpumalanga,vd_code_match
2011,76150661,MP325,MP325 - Bushbuckridge [Bushbuckridge],Mpumalanga,919,MP325,MP325 - Bushbuckridge,Mpumalanga,vd_code_match
2011,76150672,MP325,MP325 - Bushbuckridge [Bushbuckridge],Mpumalanga,908,MP325,MP325 - Bushbuckridge,Mpumalanga,vd_code_match
2011,76150683,MP325,MP325 - Bushbuckridge [Bushbuckridge],Mpumalanga,480,MP325,MP325 - Bushbuckridge,Mpumalanga,vd_code_match
2011,76150694,MP325,MP325 - Bushbuckridge [Bushbuckridge],Mpumalanga,372,MP325,MP325 - Bushbuckridge,Mpumalanga,vd_code_match
2011,76150706,MP325,MP325 - Bushbuckridge [Bushbuckridge],Mpumalanga,192,MP325,MP325 - Bushbuckridge,Mpumalanga,vd_code_match
2011,76150717,MP325,MP325 - Bushbuckridge [Bushbuckridge],Mpumalanga,334,MP325,MP325 - Bushbuckridge,Mpumalanga,vd_code_match
2011,76150728,MP325,MP325 - Bushbuckridge [Bushbuckridge],Mpumalanga,159,MP325,MP325 - Bushbuckridge,Mpumalanga,vd_code_match
2011,76150739,MP325,MP325 - Bushbuckridge [Bushbuckridge],Mpumalanga,210,MP325,MP325 - Bushbuckridge,Mpumalanga,vd_code_match
2011,76150740,MP325,MP325 - Bushbuckridge [Bushbuckridge],Mpumalanga,429,MP325,MP325 - Bushbuckridge,Mpumalanga,vd_code_match
2011,76150751,MP325,MP325 - Bushbuckridge [Bushbuckridge],Mpumalanga,284,MP325,MP325 - Bushbuckridge,Mpumalanga,vd_code_match
2011,76150762,MP325,MP325 - Bushbuckridge [Bushbuckridge],Mpumalanga,203,MP325,MP325 - Bushbuckridge,Mpumalanga,vd_code_match
2011,76150773,MP325,MP325 - Bushbuckridge [Bushbuckridge],Mpumalanga,175,MP325,MP325 - Bushbuckridge,Mpumalanga,vd_code_match
2011,76150784,MP325,MP325 - Bushbuckridge [Bushbuckridge],Mpumalanga,267,MP325,MP325 - Bushbuckridge,Mpumalanga,vd_code_match
2011,76150795,MP325,MP325 - Bushbuckridge [Bushbuckridge],Mpumalanga,147,MP325,MP325 - Bushbuckridge,Mpumalanga,municipality_majority
2011,76150807,MP325,MP325 - Bushbuckridge [Bushbuckridge],Mpumalanga,334,MP325,MP325 - Bushbuckridge,Mpumalanga,vd_code_match
2011,76150818,MP325,MP325 - Bushbuckridge [Bushbuckridge],Mpumalanga,299,MP325,MP325 - Bushbuckridge,Mpumalanga,vd_code_match
2011,76160011,MP325,MP325 - Bushbuckridge [Bushbuckridge],Mpumalanga,1472,MP325,MP325 - Bushbuckridge,Mpumalanga,vd_code_match
2011,76160022,MP325,MP325 - Bushbuckridge [Bushbuckridge],Mpumalanga,804,MP325,MP325 - Bushbuckridge,Mpumalanga,vd_code_match
2011,76160033,MP325,MP325 - Bushbuckridge [Bushbuckridge],Mpumalanga,325,MP325,MP325 - Bushbuckridge,Mpumalanga,vd_code_match
2011,76160044,MP325,MP325 - Bushbuckridge [Bushbuckridge],Mpumalanga,1041,MP325,MP325 - Bushbuckridge,Mpumalanga,vd_code_match
2011,76160055,MP325,MP325 - Bushbuckridge [Bushbuckridge],Mpumalanga,1438,MP325,MP325 - Bushbuckridge,Mpumalanga,vd_code_match
2011,76160066,MP325,MP325 - Bushbuckridge [Bushbuckridge],Mpumalanga,1264,MP325,MP325 - Bushbuckridge,Mpumalanga,vd_code_match
2011,76160077,MP325,MP325 - Bushbuckridge [Bushbuckridge],Mpumalanga,1360,MP325,MP325 - Bushbuckridge,Mpumalanga,vd_code_match
2011,76160088,MP325,MP325 - Bushbuckridge [Bushbuckridge],Mpumalanga,624,MP325,MP325 - Bushbuckridge,Mpumalanga,vd_code_match
2011,76160099,MP325,MP325 - Bushbuckridge [Bushbuckridge],Mpumalanga,1257,MP325,MP325 - Bushbuckridge,Mpumalanga,vd_code_match
2011,76160101,MP325,MP325 - Bushbuckridge [Bushbuckridge],Mpumalanga,1439,MP325,MP325 - Bushbuckridge,Mpumalanga,vd_code_match
2011,76160112,MP325,MP325 - Bushbuckridge [Bushbuckridge],Mpumalanga,525,MP325,MP325 - Bushbuckridge,Mpumalanga,vd_code_match
2011,76160123,MP325,MP325 - Bushbuckridge [Bushbuckridge],Mpumalanga,1808,MP325,MP325 - Bushbuckridge,Mpumalanga,vd_code_match
2011,76160134,MP325,MP325 - Bushbuckridge [Bushbuckridge],Mpumalanga,654,MP325,MP325 - Bushbuckridge,Mpumalanga,vd_code_match
2011,76160145,MP325,MP325 - Bushbuckridge [Bushbuckridge],Mpumalanga,1009,MP325,MP325 - Bushbuckridge,Mpumalanga,vd_code_match
2011,76160156,MP325,MP325 - Bushbuckridge [Bushbuckridge],Mpumalanga,636,MP325,MP325 - Bushbuckridge,Mpumalanga,vd_code_match
2011,76160167,MP325,MP325 - Bushbuckridge [Bushbuckridge],Mpumalanga,1073,MP325,MP325 - Bushbuckridge,Mpumalanga,vd_code_match
2011,76160178,MP325,MP325 - Bushbuckridge [Bushbuckridge],Mpumalanga,1208,MP325,MP325 - Bushbuckridge,Mpumalanga,vd_code_match
2011,76160189,MP325,MP325 - Bushbuckridge [Bushbuckridge],Mpumalanga,996,MP325,MP325 - Bushbuckridge,Mpumalanga,vd_code_match
2011,76160190,MP325,MP325 - Bushbuckridge [Bushbuckridge],Mpumalanga,1259,MP325,MP325 - Bushbuckridge,Mpumalanga,vd_code_match
2011,76160202,MP325,MP325 - Bushbuckridge [Bushbuckridge],Mpumalanga,1899,MP325,MP325 - Bushbuckridge,Mpumalanga,vd_code_match
2011,76160213,MP325,MP325 - Bushbuckridge [Bushbuckridge],Mpumalanga,853,MP325,MP325 - Bushbuckridge,Mpumalanga,vd_code_match
2011,76160224,MP325,MP325 - Bushbuckridge [Bushbuckridge],Mpumalanga,2114,MP325,MP325 - Bushbuckridge,Mpumalanga,vd_code_match
2011,76160235,MP325,MP325 - Bushbuckridge [Bushbuckridge],Mpumalanga,959,MP325,MP325 - Bushbuckridge,Mpumalanga,municipality_majority
2011,76160246,MP325,MP325 - Bushbuckridge [Bushbuckridge],Mpumalanga,1593,MP325,MP325 - Bushbuckridge,Mpumalanga,vd_code_match
2011,76160257,MP325,MP325 - Bushbuckridge [Bushbuckridge],Mpumalanga,272,MP325,MP325 - Bushbuckridge,Mpumalanga,vd_code_match
2011,76160268,MP325,MP325 - Bushbuckridge [Bushbuckridge],Mpumalanga,616,MP325,MP325 - Bushbuckridge,Mpumalanga,vd_code_match
2011,76160279,MP325,MP325 - Bushbuckridge [Bushbuckridge],Mpumalanga,1703,MP325,MP325 - Bushbuckridge,Mpumalanga,vd_code_match
2011,76160280,MP325,MP325 - Bushbuckridge [Bushbuckridge],Mpumalanga,908,MP325,MP325 - Bushbuckridge,Mpumalanga,vd_code_match
2011,76160291,MP325,MP325 - Bushbuckridge [Bushbuckridge],Mpumalanga,761,MP325,MP325 - Bushbuckridge,Mpumalanga,vd_code_match
2011,76160303,MP325,MP325 - Bushbuckridge [Bushbuckridge],Mpumalanga,697,MP325,MP325 - Bushbuckridge,Mpumalanga,vd_code_match
2011,76160314,MP325,MP325 - Bushbuckridge [Bushbuckridge],Mpumalanga,1135,MP325,MP325 - Bushbuckridge,Mpumalanga,vd_code_match
2011,76160325,MP325,MP325 - Bushbuckridge [Bushbuckridge],Mpumalanga,532,MP325,MP325 - Bushbuckridge,Mpumalanga,vd_code_match
2011,76160336,MP325,MP325 - Bushbuckridge [Bushbuckridge],Mpumalanga,531,MP325,MP325 - Bushbuckridge,Mpumalanga,vd_code_match
2011,76160358,MP325,MP325 - Bushbuckridge [Bushbuckridge],Mpumalanga,1356,MP325,MP325 - Bushbuckridge,Mpumalanga,vd_code_match
2011,76160369,MP325,MP325 - Bushbuckridge [Bushbuckridge],Mpumalanga,760,MP325,MP325 - Bushbuckridge,Mpumalanga,vd_code_match
2011,76160370,MP325,MP325 - Bushbuckridge [Bushbuckridge],Mpumalanga,1127,MP325,MP325 - Bushbuckridge,Mpumalanga,vd_code_match
2011,76160381,MP325,MP325 - Bushbuckridge [Bushbuckridge],Mpumalanga,994,MP325,MP325 - Bushbuckridge,Mpumalanga,vd_code_match
2011,76160392,MP325,MP325 - Bushbuckridge [Bushbuckridge],Mpumalanga,818,MP325,MP325 - Bushbuckridge,Mpumalanga,vd_code_match
2011,76160404,MP325,MP325 - Bushbuckridge [Bushbuckridge],Mpumalanga,539,MP325,MP325 - Bushbuckridge,Mpumalanga,vd_code_match
2011,76160415,MP325,MP325 - Bushbuckridge [Bushbuckridge],Mpumalanga,1274,MP325,MP325 - Bushbuckridge,Mpumalanga,vd_code_match
2011,76160426,MP325,MP325 - Bushbuckridge [Bushbuckridge],Mpumalanga,1663,MP325,MP325 - Bushbuckridge,Mpumalanga,vd_code_match
2011,76160437,MP325,MP325 - Bushbuckridge [Bushbuckridge],Mpumalanga,2027,MP325,MP325 - Bushbuckridge,Mpumalanga,vd_code_match
2011,76160448,MP325,MP325 - Bushbuckridge [Bushbuckridge],Mpumalanga,448,MP325,MP325 - Bushbuckridge,Mpumalanga,vd_code_match
2011,76160459,MP325,MP325 - Bushbuckridge [Bushbuckridge],Mpumalanga,1548,MP325,MP325 - Bushbuckridge,Mpumalanga,vd_code_match
2011,76160460,MP325,MP325 - Bushbuckridge [Bushbuckridge],Mpumalanga,1322,MP325,MP325 - Bushbuckridge,Mpumalanga,vd_code_match
2011,76160471,MP325,MP325 - Bushbuckridge [Bushbuckridge],Mpumalanga,983,MP325,MP325 - Bushbuckridge,Mpumalanga,vd_code_match
2011,76160482,MP325,MP325 - Bushbuckridge [Bushbuckridge],Mpumalanga,1420,MP325,MP325 - Bushbuckridge,Mpumalanga,vd_code_match
2011,76160493,MP325,MP325 - Bushbuckridge [Bushbuckridge],Mpumalanga,640,MP325,MP325 - Bushbuckridge,Mpumalanga,vd_code_match
2011,76160505,MP325,MP325 - Bushbuckridge [Bushbuckridge],Mpumalanga,727,MP325,MP325 - Bushbuckridge,Mpumalanga,vd_code_match
2011,76160516,MP325,MP325 - Bushbuckridge [Bushbuckridge],Mpumalanga,816,MP325,MP325 - Bushbuckridge,Mpumalanga,vd_code_match
2011,76160527,MP325,MP325 - Bushbuckridge [Bushbuckridge],Mpumalanga,632,MP325,MP325 - Bushbuckridge,Mpumalanga,vd_code_match
2011,76160549,MP325,MP325 - Bushbuckridge [Bushbuckridge],Mpumalanga,962,MP325,MP325 - Bushbuckridge,Mpumalanga,vd_code_match
2011,76160550,MP325,MP325 - Bushbuckridge [Bushbuckridge],Mpumalanga,1256,MP325,MP325 - Bushbuckridge,Mpumalanga,vd_code_match
2011,76160561,MP325,MP325 - Bushbuckridge [Bushbuckridge],Mpumalanga,724,MP325,MP325 - Bushbuckridge,Mpumalanga,vd_code_match
2011,76160572,MP325,MP325 - Bushbuckridge [Bushbuckridge],Mpumalanga,829,MP325,MP325 - Bushbuckridge,Mpumalanga,vd_code_match
2011,76160583,MP325,MP325 - Bushbuckridge [Bushbuckridge],Mpumalanga,813,MP325,MP325 - Bushbuckridge,Mpumalanga,vd_code_match
2011,76160606,MP325,MP325 - Bushbuckridge [Bushbuckridge],Mpumalanga,443,MP325,MP325 - Bushbuckridge,Mpumalanga,vd_code_match
2011,76160628,MP325,MP325 - Bushbuckridge [Bushbuckridge],Mpumalanga,986,MP325,MP325 - Bushbuckridge,Mpumalanga,vd_code_match
2011,76160639,MP325,MP325 - Bushbuckridge [Bushbuckridge],Mpumalanga,1393,MP325,MP325 - Bushbuckridge,Mpumalanga,vd_code_match
2011,76160640,MP325,MP325 - Bushbuckridge [Bushbuckridge],Mpumalanga,1298,MP325,MP325 - Bushbuckridge,Mpumalanga,vd_code_match
2011,76160651,MP325,MP325 - Bushbuckridge [Bushbuckridge],Mpumalanga,621,MP325,MP325 - Bushbuckridge,Mpumalanga,vd_code_match
2011,76160662,MP325,MP325 - Bushbuckridge [Bushbuckridge],Mpumalanga,1229,MP325,MP325 - Bushbuckridge,Mpumalanga,vd_code_match
2011,76160673,MP325,MP325 - Bushbuckridge [Bushbuckridge],Mpumalanga,337,MP325,MP325 - Bushbuckridge,Mpumalanga,vd_code_match
2011,76160684,MP325,MP325 - Bushbuckridge [Bushbuckridge],Mpumalanga,1231,MP325,MP325 - Bushbuckridge,Mpumalanga,vd_code_match
2011,76160695,MP325,MP325 - Bushbuckridge [Bushbuckridge],Mpumalanga,207,MP325,MP325 - Bushbuckridge,Mpumalanga,vd_code_match
2011,76160707,MP325,MP325 - Bushbuckridge [Bushbuckridge],Mpumalanga,296,MP325,MP325 - Bushbuckridge,Mpumalanga,vd_code_match
2011,76160718,MP325,MP325 - Bushbuckridge [Bushbuckridge],Mpumalanga,890,MP325,MP325 - Bushbuckridge,Mpumalanga,vd_code_match
2011,76160729,MP325,MP325 - Bushbuckridge [Bushbuckridge],Mpumalanga,194,MP325,MP325 - Bushbuckridge,Mpumalanga,vd_code_match
2011,76160730,MP325,MP325 - Bushbuckridge [Bushbuckridge],Mpumalanga,926,MP325,MP325 - Bushbuckridge,Mpumalanga,vd_code_match
2011,76160763,MP325,MP325 - Bushbuckridge [Bushbuckridge],Mpumalanga,860,MP325,MP325 - Bushbuckridge,Mpumalanga,vd_code_match
2011,76160774,MP325,MP325 - Bushbuckridge [Bushbuckridge],Mpumalanga,859,MP325,MP325 - Bushbuckridge,Mpumalanga,vd_code_match
2011,76160808,MP325,MP325 - Bushbuckridge [Bushbuckridge],Mpumalanga,605,MP325,MP325 - Bushbuckridge,Mpumalanga,vd_code_match
2011,76160820,MP325,MP325 - Bushbuckridge [Bushbuckridge],Mpumalanga,1127,MP325,MP325 - Bushbuckridge,Mpumalanga,vd_code_match
2011,76160831,MP325,MP325 - Bushbuckridge [Bushbuckridge],Mpumalanga,834,MP325,MP325 - Bushbuckridge,Mpumalanga,vd_code_match
2011,76160842,MP325,MP325 - Bushbuckridge [Bushbuckridge],Mpumalanga,277,MP325,MP325 - Bushbuckridge,Mpumalanga,vd_code_match
2011,76160853,MP325,MP325 - Bushbuckridge [Bushbuckridge],Mpumalanga,572,MP325,MP325 - Bushbuckridge,Mpumalanga,vd_code_match
2011,76160875,MP325,MP325 - Bushbuckridge [Bushbuckridge],Mpumalanga,531,MP325,MP325 - Bushbuckridge,Mpumalanga,vd_code_match
2011,76160886,MP325,MP325 - Bushbuckridge [Bushbuckridge],Mpumalanga,212,MP325,MP325 - Bushbuckridge,Mpumalanga,vd_code_match
2011,76160897,MP325,MP325 - Bushbuckridge [Bushbuckridge],Mpumalanga,318,MP325,MP325 - Bushbuckridge,Mpumalanga,vd_code_match
2011,76160909,MP325,MP325 - Bushbuckridge [Bushbuckridge],Mpumalanga,344,MP325,MP325 - Bushbuckridge,Mpumalanga,vd_code_match
2011,76160910,MP325,MP325 - Bushbuckridge [Bushbuckridge],Mpumalanga,87,MP325,MP325 - Bushbuckridge,Mpumalanga,municipality_majority
2011,76160921,MP325,MP325 - Bushbuckridge [Bushbuckridge],Mpumalanga,80,MP325,MP325 - Bushbuckridge,Mpumalanga,vd_code_match
2011,76160932,MP325,MP325 - Bushbuckridge [Bushbuckridge],Mpumalanga,210,MP325,MP325 - Bushbuckridge,Mpumalanga,vd_code_match
2011,76160943,MP325,MP325 - Bushbuckridge [Bushbuckridge],Mpumalanga,497,MP325,MP325 - Bushbuckridge,Mpumalanga,vd_code_match
2011,76160954,MP325,MP325 - Bushbuckridge [Bushbuckridge],Mpumalanga,257,MP325,MP325 - Bushbuckridge,Mpumalanga,vd_code_match
2011,76160965,MP325,MP325 - Bushbuckridge [Bushbuckridge],Mpumalanga,248,MP325,MP325 - Bushbuckridge,Mpumalanga,vd_code_match
2011,76160976,MP325,MP325 - Bushbuckridge [Bushbuckridge],Mpumalanga,189,MP325,MP325 - Bushbuckridge,Mpumalanga,vd_code_match
2011,76160987,MP325,MP325 - Bushbuckridge [Bushbuckridge],Mpumalanga,343,MP325,MP325 - Bushbuckridge,Mpumalanga,vd_code_match
2011,76160998,MP325,MP325 - Bushbuckridge [Bushbuckridge],Mpumalanga,343,MP325,MP325 - Bushbuckridge,Mpumalanga,vd_code_match
2011,76161001,MP325,MP325 - Bushbuckridge [Bushbuckridge],Mpumalanga,545,MP325,MP325 - Bushbuckridge,Mpumalanga,vd_code_match
2011,76161012,MP325,MP325 - Bushbuckridge [Bushbuckridge],Mpumalanga,168,MP325,MP325 - Bushbuckridge,Mpumalanga,vd_code_match
2011,76161023,MP325,MP325 - Bushbuckridge [Bushbuckridge],Mpumalanga,188,MP325,MP325 - Bushbuckridge,Mpumalanga,vd_code_match
2011,76161034,MP325,MP325 - Bushbuckridge [Bushbuckridge],Mpumalanga,286,MP325,MP325 - Bushbuckridge,Mpumalanga,vd_code_match
2011,76170012,MP325,MP325 - Bushbuckridge [Bushbuckridge],Mpumalanga,1327,MP325,MP325 - Bushbuckridge,Mpumalanga,vd_code_match
2011,76170023,MP325,MP325 - Bushbuckridge [Bushbuckridge],Mpumalanga,1565,MP325,MP325 - Bushbuckridge,Mpumalanga,vd_code_match
2011,76170034,MP325,MP325 - Bushbuckridge [Bushbuckridge],Mpumalanga,543,MP325,MP325 - Bushbuckridge,Mpumalanga,vd_code_match
2011,76170045,MP325,MP325 - Bushbuckridge [Bushbuckridge],Mpumalanga,984,MP325,MP325 - Bushbuckridge,Mpumalanga,vd_code_match
2011,76170056,MP325,MP325 - Bushbuckridge [Bushbuckridge],Mpumalanga,926,MP325,MP325 - Bushbuckridge,Mpumalanga,vd_code_match
2011,76170067,MP325,MP325 - Bushbuckridge [Bushbuckridge],Mpumalanga,458,MP325,MP325 - Bushbuckridge,Mpumalanga,vd_code_match
2011,76170078,MP325,MP325 - Bushbuckridge [Bushbuckridge],Mpumalanga,350,MP325,MP325 - Bushbuckridge,Mpumalanga,vd_code_match
2011,76170089,MP325,MP325 - Bushbuckridge [Bushbuckridge],Mpumalanga,2804,MP325,MP325 - Bushbuckridge,Mpumalanga,vd_code_match
2011,76170090,MP325,MP325 - Bushbuckridge [Bushbuckridge],Mpumalanga,933,MP325,MP325 - Bushbuckridge,Mpumalanga,vd_code_match
2011,76170102,MP325,MP325 - Bushbuckridge [Bushbuckridge],Mpumalanga,1297,MP325,MP325 - Bushbuckridge,Mpumalanga,vd_code_match
2011,76170113,MP325,MP325 - Bushbuckridge [Bushbuckridge],Mpumalanga,739,MP325,MP325 - Bushbuckridge,Mpumalanga,vd_code_match
2011,76170124,MP325,MP325 - Bushbuckridge [Bushbuckridge],Mpumalanga,1143,MP325,MP325 - Bushbuckridge,Mpumalanga,vd_code_match
2011,76170135,MP325,MP325 - Bushbuckridge [Bushbuckridge],Mpumalanga,1089,MP325,MP325 - Bushbuckridge,Mpumalanga,vd_code_match
2011,76170146,MP325,MP325 - Bushbuckridge [Bushbuckridge],Mpumalanga,1213,MP325,MP325 - Bushbuckridge,Mpumalanga,vd_code_match
2011,76170157,MP325,MP325 - Bushbuckridge [Bushbuckridge],Mpumalanga,1465,MP325,MP325 - Bushbuckridge,Mpumalanga,vd_code_match
2011,76170168,MP325,MP325 - Bushbuckridge [Bushbuckridge],Mpumalanga,2862,MP325,MP325 - Bushbuckridge,Mpumalanga,vd_code_match
2011,76170179,MP325,MP325 - Bushbuckridge [Bushbuckridge],Mpumalanga,1815,MP325,MP325 - Bushbuckridge,Mpumalanga,vd_code_match
2011,76170180,MP325,MP325 - Bushbuckridge [Bushbuckridge],Mpumalanga,1062,MP325,MP325 - Bushbuckridge,Mpumalanga,vd_code_match
2011,76170191,MP325,MP325 - Bushbuckridge [Bushbuckridge],Mpumalanga,1165,MP325,MP325 - Bushbuckridge,Mpumalanga,vd_code_match
2011,76170203,MP325,MP325 - Bushbuckridge [Bushbuckridge],Mpumalanga,906,MP325,MP325 - Bushbuckridge,Mpumalanga,vd_code_match
2011,76170214,MP325,MP325 - Bushbuckridge [Bushbuckridge],Mpumalanga,1278,MP325,MP325 - Bushbuckridge,Mpumalanga,vd_code_match
2011,76170225,MP325,MP325 - Bushbuckridge [Bushbuckridge],Mpumalanga,649,MP325,MP325 - Bushbuckridge,Mpumalanga,vd_code_match
2011,76170236,MP325,MP325 - Bushbuckridge [Bushbuckridge],Mpumalanga,1061,MP325,MP325 - Bushbuckridge,Mpumalanga,vd_code_match
2011,76170247,MP325,MP325 - Bushbuckridge [Bushbuckridge],Mpumalanga,1131,MP325,MP325 - Bushbuckridge,Mpumalanga,vd_code_match
2011,76170258,MP325,MP325 - Bushbuckridge [Bushbuckridge],Mpumalanga,2741,MP325,MP325 - Bushbuckridge,Mpumalanga,vd_code_match
2011,76170269,MP325,MP325 - Bushbuckridge [Bushbuckridge],Mpumalanga,1191,MP325,MP325 - Bushbuckridge,Mpumalanga,vd_code_match
2011,76170270,MP325,MP325 - Bushbuckridge [Bushbuckridge],Mpumalanga,1391,MP325,MP325 - Bushbuckridge,Mpumalanga,vd_code_match
2011,76170281,MP325,MP325 - Bushbuckridge [Bushbuckridge],Mpumalanga,740,MP325,MP325 - Bushbuckridge,Mpumalanga,vd_code_match
2011,76170292,MP325,MP325 - Bushbuckridge [Bushbuckridge],Mpumalanga,575,MP325,MP325 - Bushbuckridge,Mpumalanga,vd_code_match
2011,76170304,MP325,MP325 - Bushbuckridge [Bushbuckridge],Mpumalanga,382,MP325,MP325 - Bushbuckridge,Mpumalanga,vd_code_match
2011,76170315,MP325,MP325 - Bushbuckridge [Bushbuckridge],Mpumalanga,868,MP325,MP325 - Bushbuckridge,Mpumalanga,vd_code_match
2011,76170326,MP325,MP325 - Bushbuckridge [Bushbuckridge],Mpumalanga,830,MP325,MP325 - Bushbuckridge,Mpumalanga,vd_code_match
2011,76170337,MP325,MP325 - Bushbuckridge [Bushbuckridge],Mpumalanga,1300,MP325,MP325 - Bushbuckridge,Mpumalanga,vd_code_match
2011,76170348,MP325,MP325 - Bushbuckridge [Bushbuckridge],Mpumalanga,1180,MP325,MP325 - Bushbuckridge,Mpumalanga,vd_code_match
2011,76170359,MP325,MP325 - Bushbuckridge [Bushbuckridge],Mpumalanga,998,MP325,MP325 - Bushbuckridge,Mpumalanga,vd_code_match
2011,76170360,MP325,MP325 - Bushbuckridge [Bushbuckridge],Mpumalanga,1461,MP325,MP325 - Bushbuckridge,Mpumalanga,vd_code_match
2011,76170371,MP325,MP325 - Bushbuckridge [Bushbuckridge],Mpumalanga,2707,MP325,MP325 - Bushbuckridge,Mpumalanga,vd_code_match
2011,76170382,MP325,MP325 - Bushbuckridge [Bushbuckridge],Mpumalanga,1259,MP325,MP325 - Bushbuckridge,Mpumalanga,vd_code_match
2011,76170393,MP325,MP325 - Bushbuckridge [Bushbuckridge],Mpumalanga,1411,MP325,MP325 - Bushbuckridge,Mpumalanga,vd_code_match
2011,76170405,MP325,MP325 - Bushbuckridge [Bushbuckridge],Mpumalanga,691,MP325,MP325 - Bushbuckridge,Mpumalanga,vd_code_match
2011,76170416,MP325,MP325 - Bushbuckridge [Bushbuckridge],Mpumalanga,954,MP325,MP325 - Bushbuckridge,Mpumalanga,vd_code_match
2011,76170427,MP325,MP325 - Bushbuckridge [Bushbuckridge],Mpumalanga,397,MP325,MP325 - Bushbuckridge,Mpumalanga,vd_code_match
2011,76170438,MP325,MP325 - Bushbuckridge [Bushbuckridge],Mpumalanga,594,MP325,MP325 - Bushbuckridge,Mpumalanga,vd_code_match
2011,76170449,MP325,MP325 - Bushbuckridge [Bushbuckridge],Mpumalanga,836,MP325,MP325 - Bushbuckridge,Mpumalanga,vd_code_match
2011,76170450,MP325,MP325 - Bushbuckridge [Bushbuckridge],Mpumalanga,710,MP325,MP325 - Bushbuckridge,Mpumalanga,vd_code_match
2011,76170461,MP325,MP325 - Bushbuckridge [Bushbuckridge],Mpumalanga,1953,MP325,MP325 - Bushbuckridge,Mpumalanga,vd_code_match
2011,76170472,MP325,MP325 - Bushbuckridge [Bushbuckridge],Mpumalanga,1484,MP325,MP325 - Bushbuckridge,Mpumalanga,vd_code_match
2011,76170483,MP325,MP325 - Bushbuckridge [Bushbuckridge],Mpumalanga,1668,MP325,MP325 - Bushbuckridge,Mpumalanga,vd_code_match
2011,76170494,MP325,MP325 - Bushbuckridge [Bushbuckridge],Mpumalanga,2260,MP325,MP325 - Bushbuckridge,Mpumalanga,vd_code_match
2011,76170506,MP325,MP325 - Bushbuckridge [Bushbuckridge],Mpumalanga,1025,MP325,MP325 - Bushbuckridge,Mpumalanga,vd_code_match
2011,76170539,MP325,MP325 - Bushbuckridge [Bushbuckridge],Mpumalanga,770,MP325,MP325 - Bushbuckridge,Mpumalanga,vd_code_match
2011,76170540,MP325,MP325 - Bushbuckridge [Bushbuckridge],Mpumalanga,1187,MP325,MP325 - Bushbuckridge,Mpumalanga,vd_code_match
2011,76170551,MP325,MP325 - Bushbuckridge [Bushbuckridge],Mpumalanga,428,MP325,MP325 - Bushbuckridge,Mpumalanga,vd_code_match
2011,76170562,MP325,MP325 - Bushbuckridge [Bushbuckridge],Mpumalanga,1033,MP325,MP325 - Bushbuckridge,Mpumalanga,vd_code_match
2011,76170573,MP325,MP325 - Bushbuckridge [Bushbuckridge],Mpumalanga,137,MP325,MP325 - Bushbuckridge,Mpumalanga,vd_code_match
2011,76170584,MP325,MP325 - Bushbuckridge [Bushbuckridge],Mpumalanga,652,MP325,MP325 - Bushbuckridge,Mpumalanga,vd_code_match
2011,76170595,MP325,MP325 - Bushbuckridge [Bushbuckridge],Mpumalanga,396,MP325,MP325 - Bushbuckridge,Mpumalanga,vd_code_match
2011,76170607,MP325,MP325 - Bushbuckridge [Bushbuckridge],Mpumalanga,688,MP325,MP325 - Bushbuckridge,Mpumalanga,vd_code_match
2011,76170618,MP325,MP325 - Bushbuckridge [Bushbuckridge],Mpumalanga,598,MP325,MP325 - Bushbuckridge,Mpumalanga,vd_code_match
2011,76170629,MP325,MP325 - Bushbuckridge [Bushbuckridge],Mpumalanga,183,MP325,MP325 - Bushbuckridge,Mpumalanga,vd_code_match
2011,76170630,MP325,MP325 - Bushbuckridge [Bushbuckridge],Mpumalanga,253,MP325,MP325 - Bushbuckridge,Mpumalanga,vd_code_match
2011,76170641,MP325,MP325 - Bushbuckridge [Bushbuckridge],Mpumalanga,248,MP326,MP326 - City of Mbombela,Mpumalanga,vd_code_match
2011,76170652,MP325,MP325 - Bushbuckridge [Bushbuckridge],Mpumalanga,184,MP325,MP325 - Bushbuckridge,Mpumalanga,vd_code_match
2011,76170663,MP325,MP325 - Bushbuckridge [Bushbuckridge],Mpumalanga,209,MP325,MP325 - Bushbuckridge,Mpumalanga,vd_code_match
2011,76170674,MP325,MP325 - Bushbuckridge [Bushbuckridge],Mpumalanga,188,MP325,MP325 - Bushbuckridge,Mpumalanga,vd_code_match
2011,76170685,MP325,MP325 - Bushbuckridge [Bushbuckridge],Mpumalanga,438,MP325,MP325 - Bushbuckridge,Mpumalanga,vd_code_match
2011,76170696,MP325,MP325 - Bushbuckridge [Bushbuckridge],Mpumalanga,275,MP325,MP325 - Bushbuckridge,Mpumalanga,vd_code_match
2011,76170708,MP325,MP325 - Bushbuckridge [Bushbuckridge],Mpumalanga,180,MP325,MP325 - Bushbuckridge,Mpumalanga,vd_code_match
2011,76170719,MP325,MP325 - Bushbuckridge [Bushbuckridge],Mpumalanga,142,MP325,MP325 - Bushbuckridge,Mpumalanga,vd_code_match
2011,76170720,MP325,MP325 - Bushbuckridge [Bushbuckridge],Mpumalanga,336,MP325,MP325 - Bushbuckridge,Mpumalanga,vd_code_match
2011,76170731,MP325,MP325 - Bushbuckridge [Bushbuckridge],Mpumalanga,118,MP325,MP325 - Bushbuckridge,Mpumalanga,vd_code_match
2011,76170742,MP325,MP325 - Bushbuckridge [Bushbuckridge],Mpumalanga,630,MP325,MP325 - Bushbuckridge,Mpumalanga,vd_code_match
2011,76170753,MP325,MP325 - Bushbuckridge [Bushbuckridge],Mpumalanga,201,MP325,MP325 - Bushbuckridge,Mpumalanga,vd_code_match
2016,54100011,MP304,MP304 - Dr Pixley Ka Isaka Seme,Mpumalanga,1645,MP304,MP304 - Dr Pixley Ka Isaka Seme,Mpumalanga,vd_code_match
2016,54100022,MP304,MP304 - Dr Pixley Ka Isaka Seme,Mpumalanga,1620,MP304,MP304 - Dr Pixley Ka Isaka Seme,Mpumalanga,vd_code_match
2016,54100033,MP304,MP304 - Dr Pixley Ka Isaka Seme,Mpumalanga,2006,MP304,MP304 - Dr Pixley Ka Isaka Seme,Mpumalanga,vd_code_match
2016,54100044,MP304,MP304 - Dr Pixley Ka Isaka Seme,Mpumalanga,726,MP304,MP304 - Dr Pixley Ka Isaka Seme,Mpumalanga,vd_code_match
2016,54100055,MP304,MP304 - Dr Pixley Ka Isaka Seme,Mpumalanga,77,MP304,MP304 - Dr Pixley Ka Isaka Seme,Mpumalanga,vd_code_match
2016,54110012,MP303,MP303 - Mkhondo,Mpumalanga,1458,MP303,MP303 - Mkhondo,Mpumalanga,vd_code_match
2016,54110023,MP303,MP303 - Mkhondo,Mpumalanga,2540,MP303,MP303 - Mkhondo,Mpumalanga,vd_code_match
2016,54110034,MP303,MP303 - Mkhondo,Mpumalanga,1543,MP303,MP303 - Mkhondo,Mpumalanga,vd_code_match
2016,54120013,MP301,MP301 - Chief Albert Luthuli,Mpumalanga,223,MP301,MP301 - Chief Albert Luthuli,Mpumalanga,vd_code_match
2016,54120024,MP301,MP301 - Chief Albert Luthuli,Mpumalanga,479,MP301,MP301 - Chief Albert Luthuli,Mpumalanga,vd_code_match
2016,54120035,MP301,MP301 - Chief Albert Luthuli,Mpumalanga,381,MP301,MP301 - Chief Albert Luthuli,Mpumalanga,vd_code_match
2016,54120046,MP301,MP301 - Chief Albert Luthuli,Mpumalanga,903,MP301,MP301 - Chief Albert Luthuli,Mpumalanga,vd_code_match
2016,54120057,MP301,MP301 - Chief Albert Luthuli,Mpumalanga,176,MP301,MP301 - Chief Albert Luthuli,Mpumalanga,vd_code_match
2016,54120068,MP301,MP301 - Chief Albert Luthuli,Mpumalanga,440,MP301,MP301 - Chief Albert Luthuli,Mpumalanga,vd_code_match
2016,54120080,MP301,MP301 - Chief Albert Luthuli,Mpumalanga,862,MP301,MP301 - Chief Albert Luthuli,Mpumalanga,vd_code_match
2016,54120091,MP301,MP301 - Chief Albert Luthuli,Mpumalanga,330,MP301,MP301 - Chief Albert Luthuli,Mpumalanga,vd_code_match
2016,54120103,MP301,MP301 - Chief Albert Luthuli,Mpumalanga,880,MP301,MP301 - Chief Albert Luthuli,Mpumalanga,vd_code_match
2016,54120114,MP301,MP301 - Chief Albert Luthuli,Mpumalanga,863,MP301,MP301 - Chief Albert Luthuli,Mpumalanga,vd_code_match
2016,54120125,MP301,MP301 - Chief Albert Luthuli,Mpumalanga,1343,MP301,MP301 - Chief Albert Luthuli,Mpumalanga,vd_code_match
2016,54120136,MP301,MP301 - Chief Albert Luthuli,Mpumalanga,471,MP301,MP301 - Chief Albert Luthuli,Mpumalanga,vd_code_match
2016,54120147,MP301,MP301 - Chief Albert Luthuli,Mpumalanga,222,MP301,MP301 - Chief Albert Luthuli,Mpumalanga,vd_code_match
2016,54120181,MP301,MP301 - Chief Albert Luthuli,Mpumalanga,308,MP301,MP301 - Chief Albert Luthuli,Mpumalanga,vd_code_match
2016,54120192,MP301,MP301 - Chief Albert Luthuli,Mpumalanga,1221,MP301,MP301 - Chief Albert Luthuli,Mpumalanga,vd_code_match
2016,54120215,MP301,MP301 - Chief Albert Luthuli,Mpumalanga,969,MP301,MP301 - Chief Albert Luthuli,Mpumalanga,vd_code_match
2016,54120226,MP301,MP301 - Chief Albert Luthuli,Mpumalanga,1234,MP301,MP301 - Chief Albert Luthuli,Mpumalanga,vd_code_match
2016,54120237,MP301,MP301 - Chief Albert Luthuli,Mpumalanga,332,MP301,MP301 - Chief Albert Luthuli,Mpumalanga,vd_code_match
2016,54120248,MP301,MP301 - Chief Albert Luthuli,Mpumalanga,695,MP301,MP301 - Chief Albert Luthuli,Mpumalanga,vd_code_match
2016,54120259,MP301,MP301 - Chief Albert Luthuli,Mpumalanga,332,MP301,MP301 - Chief Albert Luthuli,Mpumalanga,vd_code_match
2016,54120260,MP301,MP301 - Chief Albert Luthuli,Mpumalanga,350,MP301,MP301 - Chief Albert Luthuli,Mpumalanga,vd_code_match
2016,54120271,MP301,MP301 - Chief Albert Luthuli,Mpumalanga,509,MP301,MP301 - Chief Albert Luthuli,Mpumalanga,vd_code_match
2016,54120282,MP301,MP301 - Chief Albert Luthuli,Mpumalanga,118,MP301,MP301 - Chief Albert Luthuli,Mpumalanga,vd_code_match
2016,54130014,MP306,MP306 - Dipaleseng,Mpumalanga,1561,MP306,MP306 - Dipaleseng,Mpumalanga,vd_code_match
2016,54130025,MP306,MP306 - Dipaleseng,Mpumalanga,1146,MP306,MP306 - Dipaleseng,Mpumalanga,vd_code_match
2016,54130036,MP306,MP306 - Dipaleseng,Mpumalanga,1582,MP306,MP306 - Dipaleseng,Mpumalanga,vd_code_match
2016,54130047,MP306,MP306 - Dipaleseng,Mpumalanga,1829,MP306,MP306 - Dipaleseng,Mpumalanga,vd_code_match
2016,54130070,MP306,MP306 - Dipaleseng,Mpumalanga,1410,MP306,MP306 - Dipaleseng,Mpumalanga,vd_code_match
2016,54130081,MP306,MP306 - Dipaleseng,Mpumalanga,1043,MP306,MP306 - Dipaleseng,Mpumalanga,vd_code_match
2016,54130092,MP306,MP306 - Dipaleseng,Mpumalanga,699,MP306,MP306 - Dipaleseng,Mpumalanga,vd_code_match
2016,54130104,MP306,MP306 - Dipaleseng,Mpumalanga,916,MP306,MP306 - Dipaleseng,Mpumalanga,vd_code_match
2016,54130115,MP306,MP306 - Dipaleseng,Mpumalanga,419,MP306,MP306 - Dipaleseng,Mpumalanga,vd_code_match
2016,54130126,MP306,MP306 - Dipaleseng,Mpumalanga,566,MP306,MP306 - Dipaleseng,Mpumalanga,vd_code_match
2016,54130137,MP306,MP306 - Dipaleseng,Mpumalanga,641,MP306,MP306 - Dipaleseng,Mpumalanga,vd_code_match
2016,54130148,MP306,MP306 - Dipaleseng,Mpumalanga,499,MP306,MP306 - Dipaleseng,Mpumalanga,vd_code_match
2016,54130159,MP306,MP306 - Dipaleseng,Mpumalanga,500,MP306,MP306 - Dipaleseng,Mpumalanga,vd_code_match
2016,54130160,MP306,MP306 - Dipaleseng,Mpumalanga,605,MP306,MP306 - Dipaleseng,Mpumalanga,vd_code_match
2016,54130171,MP306,MP306 - Dipaleseng,Mpumalanga,62,MP306,MP306 - Dipaleseng,Mpumalanga,vd_code_match
2016,54140015,MP307,MP307 - Govan Mbeki,Mpumalanga,2696,MP307,MP307 - Govan Mbeki,Mpumalanga,vd_code_match
2016,54140026,MP307,MP307 - Govan Mbeki,Mpumalanga,1172,MP307,MP307 - Govan Mbeki,Mpumalanga,vd_code_match
2016,54140037,MP307,MP307 - Govan Mbeki,Mpumalanga,1210,MP307,MP307 - Govan Mbeki,Mpumalanga,vd_code_match
2016,54140048,MP307,MP307 - Govan Mbeki,Mpumalanga,2508,MP307,MP307 - Govan Mbeki,Mpumalanga,vd_code_match
2016,54140059,MP307,MP307 - Govan Mbeki,Mpumalanga,2587,MP307,MP307 - Govan Mbeki,Mpumalanga,vd_code_match
2016,54140060,MP307,MP307 - Govan Mbeki,Mpumalanga,1794,MP307,MP307 - Govan Mbeki,Mpumalanga,vd_code_match
2016,54140071,MP307,MP307 - Govan Mbeki,Mpumalanga,1742,MP307,MP307 - Govan Mbeki,Mpumalanga,vd_code_match
2016,54140082,MP307,MP307 - Govan Mbeki,Mpumalanga,2763,MP307,MP307 - Govan Mbeki,Mpumalanga,vd_code_match
2016,54140093,MP307,MP307 - Govan Mbeki,Mpumalanga,2105,MP307,MP307 - Govan Mbeki,Mpumalanga,vd_code_match
2016,54140105,MP307,MP307 - Govan Mbeki,Mpumalanga,2810,MP307,MP307 - Govan Mbeki,Mpumalanga,vd_code_match
2016,54140116,MP307,MP307 - Govan Mbeki,Mpumalanga,1318,MP307,MP307 - Govan Mbeki,Mpumalanga,vd_code_match
2016,54140127,MP307,MP307 - Govan Mbeki,Mpumalanga,1556,MP307,MP307 - Govan Mbeki,Mpumalanga,vd_code_match
2016,54140138,MP307,MP307 - Govan Mbeki,Mpumalanga,2567,MP307,MP307 - Govan Mbeki,Mpumalanga,vd_code_match
2016,54140149,MP307,MP307 - Govan Mbeki,Mpumalanga,992,MP307,MP307 - Govan Mbeki,Mpumalanga,vd_code_match
2016,54140150,MP307,MP307 - Govan Mbeki,Mpumalanga,2169,MP307,MP307 - Govan Mbeki,Mpumalanga,vd_code_match
2016,54150016,MP302,MP302 - Msukaligwa,Mpumalanga,2724,MP302,MP302 - Msukaligwa,Mpumalanga,vd_code_match
2016,54150027,MP302,MP302 - Msukaligwa,Mpumalanga,1475,MP302,MP302 - Msukaligwa,Mpumalanga,vd_code_match
2016,54150038,MP302,MP302 - Msukaligwa,Mpumalanga,580,MP302,MP302 - Msukaligwa,Mpumalanga,vd_code_match
2016,54160017,MP301,MP301 - Chief Albert Luthuli,Mpumalanga,1698,MP301,MP301 - Chief Albert Luthuli,Mpumalanga,vd_code_match
2016,54160028,MP301,MP301 - Chief Albert Luthuli,Mpumalanga,1063,MP301,MP301 - Chief Albert Luthuli,Mpumalanga,vd_code_match
2016,54160039,MP301,MP301 - Chief Albert Luthuli,Mpumalanga,1191,MP301,MP301 - Chief Albert Luthuli,Mpumalanga,vd_code_match
2016,54160040,MP301,MP301 - Chief Albert Luthuli,Mpumalanga,2057,MP301,MP301 - Chief Albert Luthuli,Mpumalanga,vd_code_match
2016,54160051,MP301,MP301 - Chief Albert Luthuli,Mpumalanga,511,MP301,MP301 - Chief Albert Luthuli,Mpumalanga,vd_code_match
2016,54160062,MP301,MP301 - Chief Albert Luthuli,Mpumalanga,399,MP301,MP301 - Chief Albert Luthuli,Mpumalanga,vd_code_match
2016,54160073,MP301,MP301 - Chief Albert Luthuli,Mpumalanga,177,MP301,MP301 - Chief Albert Luthuli,Mpumalanga,vd_code_match
2016,54160084,MP301,MP301 - Chief Albert Luthuli,Mpumalanga,406,MP301,MP301 - Chief Albert Luthuli,Mpumalanga,vd_code_match
2016,54160095,MP301,MP301 - Chief Albert Luthuli,Mpumalanga,1396,MP301,MP301 - Chief Albert Luthuli,Mpumalanga,vd_code_match
2016,54160107,MP301,MP301 - Chief Albert Luthuli,Mpumalanga,441,MP301,MP301 - Chief Albert Luthuli,Mpumalanga,vd_code_match
2016,54170018,MP302,MP302 - Msukaligwa,Mpumalanga,832,MP302,MP302 - Msukaligwa,Mpumalanga,vd_code_match
2016,54170029,MP302,MP302 - Msukaligwa,Mpumalanga,890,MP302,MP302 - Msukaligwa,Mpumalanga,vd_code_match
2016,54180019,MP302,MP302 - Msukaligwa,Mpumalanga,2173,MP302,MP302 - Msukaligwa,Mpumalanga,vd_code_match
2016,54180020,MP302,MP302 - Msukaligwa,Mpumalanga,464,MP302,MP302 - Msukaligwa,Mpumalanga,vd_code_match
2016,54190010,MP311,MP311 - Victor Khanye,Mpumalanga,1952,MP311,MP311 - Victor Khanye,Mpumalanga,vd_code_match
2016,54190021,MP311,MP311 - Victor Khanye,Mpumalanga,2407,MP311,MP311 - Victor Khanye,Mpumalanga,vd_code_match
2016,54190032,MP311,MP311 - Victor Khanye,Mpumalanga,1956,MP311,MP311 - Victor Khanye,Mpumalanga,vd_code_match
2016,54190043,MP311,MP311 - Victor Khanye,Mpumalanga,2411,MP311,MP311 - Victor Khanye,Mpumalanga,vd_code_match
2016,54190054,MP311,MP311 - Victor Khanye,Mpumalanga,2107,MP311,MP311 - Victor Khanye,Mpumalanga,vd_code_match
2016,54190065,MP311,MP311 - Victor Khanye,Mpumalanga,1126,MP311,MP311 - Victor Khanye,Mpumalanga,vd_code_match
2016,54190076,MP311,MP311 - Victor Khanye,Mpumalanga,2099,MP311,MP311 - Victor Khanye,Mpumalanga,vd_code_match
2016,54190087,MP311,MP311 - Victor Khanye,Mpumalanga,2295,MP311,MP311 - Victor Khanye,Mpumalanga,vd_code_match
2016,54190098,MP311,MP311 - Victor Khanye,Mpumalanga,1309,MP311,MP311 - Victor Khanye,Mpumalanga,vd_code_match
2016,54190100,MP311,MP311 - Victor Khanye,Mpumalanga,1363,MP311,MP311 - Victor Khanye,Mpumalanga,vd_code_match
2016,54190111,MP311,MP311 - Victor Khanye,Mpumalanga,1578,MP311,MP311 - Victor Khanye,Mpumalanga,vd_code_match
2016,54190122,MP311,MP311 - Victor Khanye,Mpumalanga,1261,MP311,MP311 - Victor Khanye,Mpumalanga,vd_code_match
2016,54190133,MP311,MP311 - Victor Khanye,Mpumalanga,794,MP311,MP311 - Victor Khanye,Mpumalanga,vd_code_match
2016,54190144,MP311,MP311 - Victor Khanye,Mpumalanga,1700,MP311,MP311 - Victor Khanye,Mpumalanga,vd_code_match
2016,54190155,MP311,MP311 - Victor Khanye,Mpumalanga,1185,MP311,MP311 - Victor Khanye,Mpumalanga,vd_code_match
2016,54200012,MP301,MP301 - Chief Albert Luthuli,Mpumalanga,389,MP301,MP301 - Chief Albert Luthuli,Mpumalanga,vd_code_match
2016,54200023,MP301,MP301 - Chief Albert Luthuli,Mpumalanga,404,MP301,MP301 - Chief Albert Luthuli,Mpumalanga,vd_code_match
2016,54200034,MP301,MP301 - Chief Albert Luthuli,Mpumalanga,1852,MP301,MP301 - Chief Albert Luthuli,Mpumalanga,vd_code_match
2016,54200045,MP301,MP301 - Chief Albert Luthuli,Mpumalanga,657,MP301,MP301 - Chief Albert Luthuli,Mpumalanga,vd_code_match
2016,54200056,MP301,MP301 - Chief Albert Luthuli,Mpumalanga,64,MP301,MP301 - Chief Albert Luthuli,Mpumalanga,vd_code_match
2016,54200067,MP301,MP301 - Chief Albert Luthuli,Mpumalanga,178,MP301,MP301 - Chief Albert Luthuli,Mpumalanga,vd_code_match
2016,54200078,MP301,MP301 - Chief Albert Luthuli,Mpumalanga,608,MP301,MP301 - Chief Albert Luthuli,Mpumalanga,vd_code_match
2016,54200089,MP301,MP301 - Chief Albert Luthuli,Mpumalanga,372,MP301,MP301 - Chief Albert Luthuli,Mpumalanga,vd_code_match
2016,54210013,MP301,MP301 - Chief Albert Luthuli,Mpumalanga,1760,MP301,MP301 - Chief Albert Luthuli,Mpumalanga,vd_code_match
2016,54210024,MP301,MP301 - Chief Albert Luthuli,Mpumalanga,1501,MP301,MP301 - Chief Albert Luthuli,Mpumalanga,vd_code_match
2016,54210035,MP301,MP301 - Chief Albert Luthuli,Mpumalanga,1120,MP301,MP301 - Chief Albert Luthuli,Mpumalanga,vd_code_match
2016,54210046,MP301,MP301 - Chief Albert Luthuli,Mpumalanga,1895,MP301,MP301 - Chief Albert Luthuli,Mpumalanga,vd_code_match
2016,54210057,MP301,MP301 - Chief Albert Luthuli,Mpumalanga,1297,MP301,MP301 - Chief Albert Luthuli,Mpumalanga,vd_code_match
2016,54210068,MP301,MP301 - Chief Albert Luthuli,Mpumalanga,801,MP301,MP301 - Chief Albert Luthuli,Mpumalanga,vd_code_match
2016,54210079,MP301,MP301 - Chief Albert Luthuli,Mpumalanga,1619,MP301,MP301 - Chief Albert Luthuli,Mpumalanga,vd_code_match
2016,54210080,MP301,MP301 - Chief Albert Luthuli,Mpumalanga,1386,MP301,MP301 - Chief Albert Luthuli,Mpumalanga,vd_code_match
2016,54210091,MP301,MP301 - Chief Albert Luthuli,Mpumalanga,1623,MP301,MP301 - Chief Albert Luthuli,Mpumalanga,vd_code_match
2016,54210103,MP301,MP301 - Chief Albert Luthuli,Mpumalanga,1769,MP301,MP301 - Chief Albert Luthuli,Mpumalanga,vd_code_match
2016,54210114,MP301,MP301 - Chief Albert Luthuli,Mpumalanga,1742,MP301,MP301 - Chief Albert Luthuli,Mpumalanga,vd_code_match
2016,54210125,MP301,MP301 - Chief Albert Luthuli,Mpumalanga,433,MP301,MP301 - Chief Albert Luthuli,Mpumalanga,vd_code_match
2016,54210169,MP301,MP301 - Chief Albert Luthuli,Mpumalanga,508,MP301,MP301 - Chief Albert Luthuli,Mpumalanga,vd_code_match
2016,54210170,MP301,MP301 - Chief Albert Luthuli,Mpumalanga,989,MP301,MP301 - Chief Albert Luthuli,Mpumalanga,vd_code_match
2016,54210192,MP301,MP301 - Chief Albert Luthuli,Mpumalanga,774,MP301,MP301 - Chief Albert Luthuli,Mpumalanga,vd_code_match
2016,54210204,MP301,MP301 - Chief Albert Luthuli,Mpumalanga,1217,MP301,MP301 - Chief Albert Luthuli,Mpumalanga,vd_code_match
2016,54210215,MP301,MP301 - Chief Albert Luthuli,Mpumalanga,143,MP301,MP301 - Chief Albert Luthuli,Mpumalanga,vd_code_match
2016,54210226,MP301,MP301 - Chief Albert Luthuli,Mpumalanga,963,MP301,MP301 - Chief Albert Luthuli,Mpumalanga,vd_code_match
2016,54210237,MP301,MP301 - Chief Albert Luthuli,Mpumalanga,1165,MP301,MP301 - Chief Albert Luthuli,Mpumalanga,vd_code_match
2016,54210248,MP301,MP301 - Chief Albert Luthuli,Mpumalanga,1039,MP301,MP301 - Chief Albert Luthuli,Mpumalanga,vd_code_match
2016,54210259,MP301,MP301 - Chief Albert Luthuli,Mpumalanga,993,MP301,MP301 - Chief Albert Luthuli,Mpumalanga,vd_code_match
2016,54210260,MP301,MP301 - Chief Albert Luthuli,Mpumalanga,457,MP301,MP301 - Chief Albert Luthuli,Mpumalanga,vd_code_match
2016,54210271,MP301,MP301 - Chief Albert Luthuli,Mpumalanga,508,MP301,MP301 - Chief Albert Luthuli,Mpumalanga,vd_code_match
2016,54210282,MP301,MP301 - Chief Albert Luthuli,Mpumalanga,751,MP301,MP301 - Chief Albert Luthuli,Mpumalanga,vd_code_match
2016,54210293,MP301,MP301 - Chief Albert Luthuli,Mpumalanga,603,MP301,MP301 - Chief Albert Luthuli,Mpumalanga,vd_code_match
2016,54210305,MP301,MP301 - Chief Albert Luthuli,Mpumalanga,346,MP301,MP301 - Chief Albert Luthuli,Mpumalanga,vd_code_match
2016,54210316,MP301,MP301 - Chief Albert Luthuli,Mpumalanga,646,MP301,MP301 - Chief Albert Luthuli,Mpumalanga,vd_code_match
2016,54210327,MP301,MP301 - Chief Albert Luthuli,Mpumalanga,326,MP301,MP301 - Chief Albert Luthuli,Mpumalanga,vd_code_match
2016,54210338,MP301,MP301 - Chief Albert Luthuli,Mpumalanga,416,MP301,MP301 - Chief Albert Luthuli,Mpumalanga,vd_code_match
2016,54210349,MP301,MP301 - Chief Albert Luthuli,Mpumalanga,389,MP301,MP301 - Chief Albert Luthuli,Mpumalanga,vd_code_match
2016,54210350,MP301,MP301 - Chief Albert Luthuli,Mpumalanga,217,MP301,MP301 - Chief Albert Luthuli,Mpumalanga,vd_code_match
2016,54210361,MP301,MP301 - Chief Albert Luthuli,Mpumalanga,255,MP301,MP301 - Chief Albert Luthuli,Mpumalanga,vd_code_match
2016,54220014,MP301,MP301 - Chief Albert Luthuli,Mpumalanga,1415,MP301,MP301 - Chief Albert Luthuli,Mpumalanga,vd_code_match
2016,54220025,MP301,MP301 - Chief Albert Luthuli,Mpumalanga,1216,MP301,MP301 - Chief Albert Luthuli,Mpumalanga,vd_code_match
2016,54220036,MP301,MP301 - Chief Albert Luthuli,Mpumalanga,942,MP301,MP301 - Chief Albert Luthuli,Mpumalanga,vd_code_match
2016,54220047,MP301,MP301 - Chief Albert Luthuli,Mpumalanga,1407,MP301,MP301 - Chief Albert Luthuli,Mpumalanga,vd_code_match
2016,54220058,MP301,MP301 - Chief Albert Luthuli,Mpumalanga,1033,MP301,MP301 - Chief Albert Luthuli,Mpumalanga,vd_code_match
2016,54220069,MP301,MP301 - Chief Albert Luthuli,Mpumalanga,1400,MP301,MP301 - Chief Albert Luthuli,Mpumalanga,vd_code_match
2016,54220070,MP301,MP301 - Chief Albert Luthuli,Mpumalanga,770,MP301,MP301 - Chief Albert Luthuli,Mpumalanga,vd_code_match
2016,54220081,MP301,MP301 - Chief Albert Luthuli,Mpumalanga,919,MP301,MP301 - Chief Albert Luthuli,Mpumalanga,vd_code_match
2016,54220092,MP301,MP301 - Chief Albert Luthuli,Mpumalanga,1448,MP301,MP301 - Chief Albert Luthuli,Mpumalanga,vd_code_match
2016,54220104,MP301,MP301 - Chief Albert Luthuli,Mpumalanga,1392,MP301,MP301 - Chief Albert Luthuli,Mpumalanga,vd_code_match
2016,54220115,MP301,MP301 - Chief Albert Luthuli,Mpumalanga,1679,MP301,MP301 - Chief Albert Luthuli,Mpumalanga,vd_code_match
2016,54220126,MP301,MP301 - Chief Albert Luthuli,Mpumalanga,1245,MP301,MP301 - Chief Albert Luthuli,Mpumalanga,vd_code_match
2016,54220137,MP301,MP301 - Chief Albert Luthuli,Mpumalanga,962,MP301,MP301 - Chief Albert Luthuli,Mpumalanga,vd_code_match
2016,54220148,MP301,MP301 - Chief Albert Luthuli,Mpumalanga,1062,MP301,MP301 - Chief Albert Luthuli,Mpumalanga,vd_code_match
2016,54220159,MP301,MP301 - Chief Albert Luthuli,Mpumalanga,1306,MP301,MP301 - Chief Albert Luthuli,Mpumalanga,vd_code_match
2016,54220160,MP301,MP301 - Chief Albert Luthuli,Mpumalanga,731,MP301,MP301 - Chief Albert Luthuli,Mpumalanga,vd_code_match
2016,54220171,MP301,MP301 - Chief Albert Luthuli,Mpumalanga,689,MP301,MP301 - Chief Albert Luthuli,Mpumalanga,vd_code_match
2016,54220182,MP301,MP301 - Chief Albert Luthuli,Mpumalanga,261,MP301,MP301 - Chief Albert Luthuli,Mpumalanga,vd_code_match
2016,54220205,MP301,MP301 - Chief Albert Luthuli,Mpumalanga,545,MP301,MP301 - Chief Albert Luthuli,Mpumalanga,vd_code_match
2016,54220216,MP301,MP301 - Chief Albert Luthuli,Mpumalanga,892,MP301,MP301 - Chief Albert Luthuli,Mpumalanga,vd_code_match
2016,54220227,MP301,MP301 - Chief Albert Luthuli,Mpumalanga,566,MP301,MP301 - Chief Albert Luthuli,Mpumalanga,vd_code_match
2016,54220238,MP301,MP301 - Chief Albert Luthuli,Mpumalanga,427,MP301,MP301 - Chief Albert Luthuli,Mpumalanga,vd_code_match
2016,54220249,MP301,MP301 - Chief Albert Luthuli,Mpumalanga,1013,MP301,MP301 - Chief Albert Luthuli,Mpumalanga,vd_code_match
2016,54220250,MP301,MP301 - Chief Albert Luthuli,Mpumalanga,405,MP301,MP301 - Chief Albert Luthuli,Mpumalanga,vd_code_match
2016,54220261,MP301,MP301 - Chief Albert Luthuli,Mpumalanga,234,MP301,MP301 - Chief Albert Luthuli,Mpumalanga,vd_code_match
2016,54220272,MP301,MP301 - Chief Albert Luthuli,Mpumalanga,344,MP301,MP301 - Chief Albert Luthuli,Mpumalanga,vd_code_match
2016,54220283,MP301,MP301 - Chief Albert Luthuli,Mpumalanga,1206,MP301,MP301 - Chief Albert Luthuli,Mpumalanga,vd_code_match
2016,54220294,MP301,MP301 - Chief Albert Luthuli,Mpumalanga,242,MP301,MP301 - Chief Albert Luthuli,Mpumalanga,vd_code_match
2016,54220306,MP301,MP301 - Chief Albert Luthuli,Mpumalanga,764,MP301,MP301 - Chief Albert Luthuli,Mpumalanga,vd_code_match
2016,54220317,MP301,MP301 - Chief Albert Luthuli,Mpumalanga,491,MP301,MP301 - Chief Albert Luthuli,Mpumalanga,vd_code_match
2016,54220328,MP301,MP301 - Chief Albert Luthuli,Mpumalanga,645,MP301,MP301 - Chief Albert Luthuli,Mpumalanga,vd_code_match
2016,54220339,MP301,MP301 - Chief Albert Luthuli,Mpumalanga,501,MP301,MP301 - Chief Albert Luthuli,Mpumalanga,vd_code_match
2016,54220340,MP301,MP301 - Chief Albert Luthuli,Mpumalanga,492,MP301,MP301 - Chief Albert Luthuli,Mpumalanga,vd_code_match
2016,54220351,MP301,MP301 - Chief Albert Luthuli,Mpumalanga,350,MP301,MP301 - Chief Albert Luthuli,Mpumalanga,vd_code_match
2016,54220362,MP301,MP301 - Chief Albert Luthuli,Mpumalanga,593,MP301,MP301 - Chief Albert Luthuli,Mpumalanga,vd_code_match
2016,54220373,MP301,MP301 - Chief Albert Luthuli,Mpumalanga,187,MP301,MP301 - Chief Albert Luthuli,Mpumalanga,vd_code_match
2016,54220384,MP301,MP301 - Chief Albert Luthuli,Mpumalanga,456,MP301,MP301 - Chief Albert Luthuli,Mpumalanga,vd_code_match
2016,54220395,MP301,MP301 - Chief Albert Luthuli,Mpumalanga,659,MP301,MP301 - Chief Albert Luthuli,Mpumalanga,vd_code_match
2016,54220407,MP301,MP301 - Chief Albert Luthuli,Mpumalanga,747,MP301,MP301 - Chief Albert Luthuli,Mpumalanga,vd_code_match
2016,54220418,MP301,MP301 - Chief Albert Luthuli,Mpumalanga,401,MP301,MP301 - Chief Albert Luthuli,Mpumalanga,vd_code_match
2016,54220430,MP301,MP301 - Chief Albert Luthuli,Mpumalanga,577,MP301,MP301 - Chief Albert Luthuli,Mpumalanga,vd_code_match
2016,54230015,MP302,MP302 - Msukaligwa,Mpumalanga,2144,MP302,MP302 - Msukaligwa,Mpumalanga,vd_code_match
2016,54230026,MP302,MP302 - Msukaligwa,Mpumalanga,1907,MP302,MP302 - Msukaligwa,Mpumalanga,vd_code_match
2016,54230037,MP302,MP302 - Msukaligwa,Mpumalanga,1883,MP302,MP302 - Msukaligwa,Mpumalanga,vd_code_match
2016,54230048,MP302,MP302 - Msukaligwa,Mpumalanga,1131,MP302,MP302 - Msukaligwa,Mpumalanga,vd_code_match
2016,54230059,MP302,MP302 - Msukaligwa,Mpumalanga,2145,MP302,MP302 - Msukaligwa,Mpumalanga,vd_code_match
2016,54230060,MP302,MP302 - Msukaligwa,Mpumalanga,1859,MP302,MP302 - Msukaligwa,Mpumalanga,vd_code_match
2016,54230071,MP302,MP302 - Msukaligwa,Mpumalanga,2161,MP302,MP302 - Msukaligwa,Mpumalanga,vd_code_match
2016,54230082,MP302,MP302 - Msukaligwa,Mpumalanga,2319,MP302,MP302 - Msukaligwa,Mpumalanga,vd_code_match
2016,54230093,MP302,MP302 - Msukaligwa,Mpumalanga,1990,MP302,MP302 - Msukaligwa,Mpumalanga,vd_code_match
2016,54230105,MP302,MP302 - Msukaligwa,Mpumalanga,1943,MP302,MP302 - Msukaligwa,Mpumalanga,vd_code_match
2016,54230116,MP302,MP302 - Msukaligwa,Mpumalanga,1855,MP302,MP302 - Msukaligwa,Mpumalanga,vd_code_match
2016,54230127,MP302,MP302 - Msukaligwa,Mpumalanga,1097,MP302,MP302 - Msukaligwa,Mpumalanga,vd_code_match
2016,54230138,MP302,MP302 - Msukaligwa,Mpumalanga,731,MP302,MP302 - Msukaligwa,Mpumalanga,vd_code_match
2016,54230149,MP302,MP302 - Msukaligwa,Mpumalanga,1024,MP302,MP302 - Msukaligwa,Mpumalanga,vd_code_match
2016,54230150,MP302,MP302 - Msukaligwa,Mpumalanga,1205,MP302,MP302 - Msukaligwa,Mpumalanga,vd_code_match
2016,54230161,MP302,MP302 - Msukaligwa,Mpumalanga,1668,MP302,MP302 - Msukaligwa,Mpumalanga,vd_code_match
2016,54230172,MP302,MP302 - Msukaligwa,Mpumalanga,728,MP302,MP302 - Msukaligwa,Mpumalanga,vd_code_match
2016,54230183,MP302,MP302 - Msukaligwa,Mpumalanga,1024,MP302,MP302 - Msukaligwa,Mpumalanga,vd_code_match
2016,54230194,MP302,MP302 - Msukaligwa,Mpumalanga,1111,MP302,MP302 - Msukaligwa,Mpumalanga,vd_code_match
2016,54230206,MP302,MP302 - Msukaligwa,Mpumalanga,1577,MP302,MP302 - Msukaligwa,Mpumalanga,vd_code_match
2016,54230217,MP302,MP302 - Msukaligwa,Mpumalanga,3164,MP302,MP302 - Msukaligwa,Mpumalanga,vd_code_match
2016,54230228,MP302,MP302 - Msukaligwa,Mpumalanga,2356,MP302,MP302 - Msukaligwa,Mpumalanga,vd_code_match
2016,54230239,MP302,MP302 - Msukaligwa,Mpumalanga,591,MP302,MP302 - Msukaligwa,Mpumalanga,vd_code_match
2016,54230240,MP302,MP302 - Msukaligwa,Mpumalanga,672,MP302,MP302 - Msukaligwa,Mpumalanga,vd_code_match
2016,54230251,MP302,MP302 - Msukaligwa,Mpumalanga,573,MP302,MP302 - Msukaligwa,Mpumalanga,vd_code_match
2016,54240016,MP306,MP306 - Dipaleseng,Mpumalanga,1837,MP306,MP306 - Dipaleseng,Mpumalanga,vd_code_match
2016,54240027,MP306,MP306 - Dipaleseng,Mpumalanga,548,MP306,MP306 - Dipaleseng,Mpumalanga,vd_code_match
2016,54240038,MP306,MP306 - Dipaleseng,Mpumalanga,1247,MP306,MP306 - Dipaleseng,Mpumalanga,vd_code_match
2016,54240049,MP306,MP306 - Dipaleseng,Mpumalanga,89,MP306,MP306 - Dipaleseng,Mpumalanga,vd_code_match
2016,54250017,MP306,MP306 - Dipaleseng,Mpumalanga,790,MP306,MP306 - Dipaleseng,Mpumalanga,vd_code_match
2016,54250028,MP306,MP306 - Dipaleseng,Mpumalanga,1370,MP306,MP306 - Dipaleseng,Mpumalanga,vd_code_match
2016,54260018,MP307,MP307 - Govan Mbeki,Mpumalanga,3418,MP307,MP307 - Govan Mbeki,Mpumalanga,vd_code_match
2016,54260029,MP307,MP307 - Govan Mbeki,Mpumalanga,2844,MP307,MP307 - Govan Mbeki,Mpumalanga,vd_code_match
2016,54260041,MP307,MP307 - Govan Mbeki,Mpumalanga,2653,MP307,MP307 - Govan Mbeki,Mpumalanga,vd_code_match
2016,54260052,MP307,MP307 - Govan Mbeki,Mpumalanga,3151,MP307,MP307 - Govan Mbeki,Mpumalanga,vd_code_match
2016,54260063,MP307,MP307 - Govan Mbeki,Mpumalanga,2329,MP307,MP307 - Govan Mbeki,Mpumalanga,vd_code_match
2016,54260074,MP307,MP307 - Govan Mbeki,Mpumalanga,2170,MP307,MP307 - Govan Mbeki,Mpumalanga,vd_code_match
2016,54260085,MP307,MP307 - Govan Mbeki,Mpumalanga,3703,MP307,MP307 - Govan Mbeki,Mpumalanga,vd_code_match
2016,54260096,MP307,MP307 - Govan Mbeki,Mpumalanga,2185,MP307,MP307 - Govan Mbeki,Mpumalanga,vd_code_match
2016,54260108,MP307,MP307 - Govan Mbeki,Mpumalanga,1975,MP307,MP307 - Govan Mbeki,Mpumalanga,vd_code_match
2016,54260119,MP307,MP307 - Govan Mbeki,Mpumalanga,2270,MP307,MP307 - Govan Mbeki,Mpumalanga,vd_code_match
2016,54260120,MP307,MP307 - Govan Mbeki,Mpumalanga,2073,MP307,MP307 - Govan Mbeki,Mpumalanga,vd_code_match
2016,54260131,MP307,MP307 - Govan Mbeki,Mpumalanga,1721,MP307,MP307 - Govan Mbeki,Mpumalanga,vd_code_match
2016,54260142,MP307,MP307 - Govan Mbeki,Mpumalanga,2060,MP307,MP307 - Govan Mbeki,Mpumalanga,vd_code_match
2016,54260153,MP307,MP307 - Govan Mbeki,Mpumalanga,2802,MP307,MP307 - Govan Mbeki,Mpumalanga,vd_code_match
2016,54260175,MP307,MP307 - Govan Mbeki,Mpumalanga,2178,MP307,MP307 - Govan Mbeki,Mpumalanga,vd_code_match
2016,54260186,MP307,MP307 - Govan Mbeki,Mpumalanga,2451,MP307,MP307 - Govan Mbeki,Mpumalanga,vd_code_match
2016,54260197,MP307,MP307 - Govan Mbeki,Mpumalanga,2436,MP307,MP307 - Govan Mbeki,Mpumalanga,vd_code_match
2016,54260209,MP307,MP307 - Govan Mbeki,Mpumalanga,1039,MP307,MP307 - Govan Mbeki,Mpumalanga,vd_code_match
2016,54260210,MP307,MP307 - Govan Mbeki,Mpumalanga,2470,MP307,MP307 - Govan Mbeki,Mpumalanga,vd_code_match
2016,54260221,MP307,MP307 - Govan Mbeki,Mpumalanga,2453,MP307,MP307 - Govan Mbeki,Mpumalanga,vd_code_match
2016,54260232,MP307,MP307 - Govan Mbeki,Mpumalanga,2459,MP307,MP307 - Govan Mbeki,Mpumalanga,vd_code_match
2016,54260243,MP307,MP307 - Govan Mbeki,Mpumalanga,917,MP307,MP307 - Govan Mbeki,Mpumalanga,vd_code_match
2016,54260254,MP307,MP307 - Govan Mbeki,Mpumalanga,2349,MP307,MP307 - Govan Mbeki,Mpumalanga,vd_code_match
2016,54260265,MP307,MP307 - Govan Mbeki,Mpumalanga,2115,MP307,MP307 - Govan Mbeki,Mpumalanga,vd_code_match
2016,54260276,MP307,MP307 - Govan Mbeki,Mpumalanga,1221,MP307,MP307 - Govan Mbeki,Mpumalanga,municipality_majority
2016,54260287,MP307,MP307 - Govan Mbeki,Mpumalanga,2794,MP307,MP307 - Govan Mbeki,Mpumalanga,vd_code_match
2016,54260298,MP307,MP307 - Govan Mbeki,Mpumalanga,1639,MP307,MP307 - Govan Mbeki,Mpumalanga,vd_code_match
2016,54260300,MP307,MP307 - Govan Mbeki,Mpumalanga,3668,MP307,MP307 - Govan Mbeki,Mpumalanga,vd_code_match
2016,54260311,MP307,MP307 - Govan Mbeki,Mpumalanga,794,MP307,MP307 - Govan Mbeki,Mpumalanga,vd_code_match
2016,54260333,MP307,MP307 - Govan Mbeki,Mpumalanga,1106,MP307,MP307 - Govan Mbeki,Mpumalanga,vd_code_match
2016,54260344,MP307,MP307 - Govan Mbeki,Mpumalanga,520,MP307,MP307 - Govan Mbeki,Mpumalanga,vd_code_match
2016,54260355,MP307,MP307 - Govan Mbeki,Mpumalanga,640,MP307,MP307 - Govan Mbeki,Mpumalanga,vd_code_match
2016,54260366,MP307,MP307 - Govan Mbeki,Mpumalanga,789,MP307,MP307 - Govan Mbeki,Mpumalanga,vd_code_match
2016,54260377,MP307,MP307 - Govan Mbeki,Mpumalanga,1154,MP307,MP307 - Govan Mbeki,Mpumalanga,vd_code_match
2016,54260388,MP307,MP307 - Govan Mbeki,Mpumalanga,1545,MP307,MP307 - Govan Mbeki,Mpumalanga,vd_code_match
2016,54260399,MP307,MP307 - Govan Mbeki,Mpumalanga,2539,MP307,MP307 - Govan Mbeki,Mpumalanga,vd_code_match
2016,54260401,MP307,MP307 - Govan Mbeki,Mpumalanga,1130,MP307,MP307 - Govan Mbeki,Mpumalanga,vd_code_match
2016,54260412,MP307,MP307 - Govan Mbeki,Mpumalanga,1596,MP307,MP307 - Govan Mbeki,Mpumalanga,vd_code_match
2016,54260423,MP307,MP307 - Govan Mbeki,Mpumalanga,644,MP307,MP307 - Govan Mbeki,Mpumalanga,vd_code_match
2016,54260434,MP307,MP307 - Govan Mbeki,Mpumalanga,1929,MP307,MP307 - Govan Mbeki,Mpumalanga,vd_code_match
2016,54260445,MP307,MP307 - Govan Mbeki,Mpumalanga,2461,MP307,MP307 - Govan Mbeki,Mpumalanga,vd_code_match
2016,54260456,MP307,MP307 - Govan Mbeki,Mpumalanga,1238,MP307,MP307 - Govan Mbeki,Mpumalanga,vd_code_match
2016,54260467,MP307,MP307 - Govan Mbeki,Mpumalanga,1223,MP307,MP307 - Govan Mbeki,Mpumalanga,vd_code_match
2016,54260478,MP307,MP307 - Govan Mbeki,Mpumalanga,639,MP307,MP307 - Govan Mbeki,Mpumalanga,vd_code_match
2016,54260490,MP307,MP307 - Govan Mbeki,Mpumalanga,575,MP307,MP307 - Govan Mbeki,Mpumalanga,vd_code_match
2016,54260502,MP307,MP307 - Govan Mbeki,Mpumalanga,249,MP307,MP307 - Govan Mbeki,Mpumalanga,vd_code_match
2016,54260513,MP307,MP307 - Govan Mbeki,Mpumalanga,1277,MP307,MP307 - Govan Mbeki,Mpumalanga,vd_code_match
2016,54260524,MP307,MP307 - Govan Mbeki,Mpumalanga,515,MP307,MP307 - Govan Mbeki,Mpumalanga,vd_code_match
2016,54260535,MP307,MP307 - Govan Mbeki,Mpumalanga,1316,MP307,MP307 - Govan Mbeki,Mpumalanga,vd_code_match
2016,54270019,MP312,MP312 - Emalahleni,Mpumalanga,3071,MP312,MP312 - Emalahleni,Mpumalanga,vd_code_match
2016,54270020,MP312,MP312 - Emalahleni,Mpumalanga,2169,MP312,MP312 - Emalahleni,Mpumalanga,vd_code_match
2016,54270031,MP312,MP312 - Emalahleni,Mpumalanga,2844,MP312,MP312 - Emalahleni,Mpumalanga,vd_code_match
2016,54270042,MP312,MP312 - Emalahleni,Mpumalanga,1340,MP312,MP312 - Emalahleni,Mpumalanga,vd_code_match
2016,54270053,MP312,MP312 - Emalahleni,Mpumalanga,1962,MP312,MP312 - Emalahleni,Mpumalanga,vd_code_match
2016,54270064,MP312,MP312 - Emalahleni,Mpumalanga,447,MP312,MP312 - Emalahleni,Mpumalanga,vd_code_match
2016,54270075,MP312,MP312 - Emalahleni,Mpumalanga,511,MP312,MP312 - Emalahleni,Mpumalanga,vd_code_match
2016,54280010,MP307,MP307 - Govan Mbeki,Mpumalanga,1709,MP307,MP307 - Govan Mbeki,Mpumalanga,vd_code_match
2016,54280021,MP307,MP307 - Govan Mbeki,Mpumalanga,2269,MP307,MP307 - Govan Mbeki,Mpumalanga,vd_code_match
2016,54280032,MP307,MP307 - Govan Mbeki,Mpumalanga,2442,MP307,MP307 - Govan Mbeki,Mpumalanga,vd_code_match
2016,54280043,MP307,MP307 - Govan Mbeki,Mpumalanga,1816,MP307,MP307 - Govan Mbeki,Mpumalanga,vd_code_match
2016,54280065,MP307,MP307 - Govan Mbeki,Mpumalanga,1175,MP307,MP307 - Govan Mbeki,Mpumalanga,vd_code_match
2016,54280076,MP307,MP307 - Govan Mbeki,Mpumalanga,2625,MP307,MP307 - Govan Mbeki,Mpumalanga,vd_code_match
2016,54280087,MP307,MP307 - Govan Mbeki,Mpumalanga,789,MP307,MP307 - Govan Mbeki,Mpumalanga,vd_code_match
2016,54280098,MP307,MP307 - Govan Mbeki,Mpumalanga,421,MP307,MP307 - Govan Mbeki,Mpumalanga,vd_code_match
2016,54280100,MP307,MP307 - Govan Mbeki,Mpumalanga,917,MP307,MP307 - Govan Mbeki,Mpumalanga,vd_code_match
2016,54280111,MP307,MP307 - Govan Mbeki,Mpumalanga,418,MP307,MP307 - Govan Mbeki,Mpumalanga,vd_code_match
2016,54290011,MP302,MP302 - Msukaligwa,Mpumalanga,1653,MP302,MP302 - Msukaligwa,Mpumalanga,vd_code_match
2016,54290022,MP302,MP302 - Msukaligwa,Mpumalanga,2328,MP302,MP302 - Msukaligwa,Mpumalanga,vd_code_match
2016,54300013,MP305,MP305 - Lekwa,Mpumalanga,2526,MP305,MP305 - Lekwa,Mpumalanga,vd_code_match
2016,54300024,MP305,MP305 - Lekwa,Mpumalanga,1417,MP305,MP305 - Lekwa,Mpumalanga,vd_code_match
2016,54310014,MP304,MP304 - Dr Pixley Ka Isaka Seme,Mpumalanga,2144,MP304,MP304 - Dr Pixley Ka Isaka Seme,Mpumalanga,vd_code_match
2016,54310025,MP304,MP304 - Dr Pixley Ka Isaka Seme,Mpumalanga,639,MP304,MP304 - Dr Pixley Ka Isaka Seme,Mpumalanga,vd_code_match
2016,54320015,MP303,MP303 - Mkhondo,Mpumalanga,2166,MP303,MP303 - Mkhondo,Mpumalanga,vd_code_match
2016,54320026,MP303,MP303 - Mkhondo,Mpumalanga,2110,MP303,MP303 - Mkhondo,Mpumalanga,vd_code_match
2016,54320037,MP303,MP303 - Mkhondo,Mpumalanga,1270,MP303,MP303 - Mkhondo,Mpumalanga,vd_code_match
2016,54320048,MP303,MP303 - Mkhondo,Mpumalanga,1857,MP303,MP303 - Mkhondo,Mpumalanga,vd_code_match
2016,54320059,MP303,MP303 - Mkhondo,Mpumalanga,1219,MP303,MP303 - Mkhondo,Mpumalanga,vd_code_match
2016,54320060,MP303,MP303 - Mkhondo,Mpumalanga,3266,MP303,MP303 - Mkhondo,Mpumalanga,vd_code_match
2016,54320071,MP303,MP303 - Mkhondo,Mpumalanga,2077,MP303,MP303 - Mkhondo,Mpumalanga,vd_code_match
2016,54320082,MP303,MP303 - Mkhondo,Mpumalanga,1709,MP303,MP303 - Mkhondo,Mpumalanga,vd_code_match
2016,54320093,MP303,MP303 - Mkhondo,Mpumalanga,1092,MP303,MP303 - Mkhondo,Mpumalanga,vd_code_match
2016,54320105,MP303,MP303 - Mkhondo,Mpumalanga,1693,MP303,MP303 - Mkhondo,Mpumalanga,vd_code_match
2016,54320116,MP303,MP303 - Mkhondo,Mpumalanga,658,MP303,MP303 - Mkhondo,Mpumalanga,vd_code_match
2016,54320127,MP303,MP303 - Mkhondo,Mpumalanga,1433,MP303,MP303 - Mkhondo,Mpumalanga,vd_code_match
2016,54320138,MP303,MP303 - Mkhondo,Mpumalanga,1869,MP303,MP303 - Mkhondo,Mpumalanga,vd_code_match
2016,54320149,MP303,MP303 - Mkhondo,Mpumalanga,792,MP303,MP303 - Mkhondo,Mpumalanga,vd_code_match
2016,54320150,MP303,MP303 - Mkhondo,Mpumalanga,1595,MP303,MP303 - Mkhondo,Mpumalanga,vd_code_match
2016,54320161,MP303,MP303 - Mkhondo,Mpumalanga,912,MP303,MP303 - Mkhondo,Mpumalanga,vd_code_match
2016,54320172,MP303,MP303 - Mkhondo,Mpumalanga,725,MP303,MP303 - Mkhondo,Mpumalanga,vd_code_match
2016,54330016,MP305,MP305 - Lekwa,Mpumalanga,3299,MP305,MP305 - Lekwa,Mpumalanga,vd_code_match
2016,54330027,MP305,MP305 - Lekwa,Mpumalanga,1333,MP305,MP305 - Lekwa,Mpumalanga,vd_code_match
2016,54330038,MP305,MP305 - Lekwa,Mpumalanga,2901,MP305,MP305 - Lekwa,Mpumalanga,vd_code_match
2016,54330049,MP305,MP305 - Lekwa,Mpumalanga,2010,MP305,MP305 - Lekwa,Mpumalanga,vd_code_match
2016,54330050,MP305,MP305 - Lekwa,Mpumalanga,1193,MP305,MP305 - Lekwa,Mpumalanga,vd_code_match
2016,54330061,MP305,MP305 - Lekwa,Mpumalanga,1867,MP305,MP305 - Lekwa,Mpumalanga,vd_code_match
2016,54330072,MP305,MP305 - Lekwa,Mpumalanga,2633,MP305,MP305 - Lekwa,Mpumalanga,vd_code_match
2016,54330094,MP305,MP305 - Lekwa,Mpumalanga,1478,MP305,MP305 - Lekwa,Mpumalanga,vd_code_match
2016,54330106,MP305,MP305 - Lekwa,Mpumalanga,1663,MP305,MP305 - Lekwa,Mpumalanga,vd_code_match
2016,54330117,MP305,MP305 - Lekwa,Mpumalanga,2292,MP305,MP305 - Lekwa,Mpumalanga,vd_code_match
2016,54330128,MP305,MP305 - Lekwa,Mpumalanga,1363,MP305,MP305 - Lekwa,Mpumalanga,vd_code_match
2016,54330139,MP305,MP305 - Lekwa,Mpumalanga,2260,MP305,MP305 - Lekwa,Mpumalanga,vd_code_match
2016,54330140,MP305,MP305 - Lekwa,Mpumalanga,871,MP305,MP305 - Lekwa,Mpumalanga,vd_code_match
2016,54330151,MP305,MP305 - Lekwa,Mpumalanga,2808,MP305,MP305 - Lekwa,Mpumalanga,vd_code_match
2016,54330162,MP305,MP305 - Lekwa,Mpumalanga,1856,MP305,MP305 - Lekwa,Mpumalanga,vd_code_match
2016,54330173,MP305,MP305 - Lekwa,Mpumalanga,185,MP305,MP305 - Lekwa,Mpumalanga,vd_code_match
2016,54330184,MP305,MP305 - Lekwa,Mpumalanga,1188,MP305,MP305 - Lekwa,Mpumalanga,vd_code_match
2016,54330195,MP305,MP305 - Lekwa,Mpumalanga,513,MP305,MP305 - Lekwa,Mpumalanga,vd_code_match
2016,54330207,MP305,MP305 - Lekwa,Mpumalanga,855,MP305,MP305 - Lekwa,Mpumalanga,vd_code_match
2016,54330218,MP305,MP305 - Lekwa,Mpumalanga,709,MP305,MP305 - Lekwa,Mpumalanga,vd_code_match
2016,54330229,MP305,MP305 - Lekwa,Mpumalanga,1071,MP305,MP305 - Lekwa,Mpumalanga,vd_code_match
2016,54330230,MP305,MP305 - Lekwa,Mpumalanga,1314,MP305,MP305 - Lekwa,Mpumalanga,vd_code_match
2016,54340017,MP304,MP304 - Dr Pixley Ka Isaka Seme,Mpumalanga,1907,MP304,MP304 - Dr Pixley Ka Isaka Seme,Mpumalanga,vd_code_match
2016,54340028,MP304,MP304 - Dr Pixley Ka Isaka Seme,Mpumalanga,1792,MP304,MP304 - Dr Pixley Ka Isaka Seme,Mpumalanga,vd_code_match
2016,54340039,MP304,MP304 - Dr Pixley Ka Isaka Seme,Mpumalanga,1041,MP304,MP304 - Dr Pixley Ka Isaka Seme,Mpumalanga,vd_code_match
2016,54340040,MP304,MP304 - Dr Pixley Ka Isaka Seme,Mpumalanga,1423,MP304,MP304 - Dr Pixley Ka Isaka Seme,Mpumalanga,vd_code_match
2016,54340051,MP304,MP304 - Dr Pixley Ka Isaka Seme,Mpumalanga,1911,MP304,MP304 - Dr Pixley Ka Isaka Seme,Mpumalanga,vd_code_match
2016,54340062,MP304,MP304 - Dr Pixley Ka Isaka Seme,Mpumalanga,703,MP304,MP304 - Dr Pixley Ka Isaka Seme,Mpumalanga,vd_code_match
2016,54340073,MP304,MP304 - Dr Pixley Ka Isaka Seme,Mpumalanga,2409,MP304,MP304 - Dr Pixley Ka Isaka Seme,Mpumalanga,vd_code_match
2016,54340084,MP304,MP304 - Dr Pixley Ka Isaka Seme,Mpumalanga,2254,MP304,MP304 - Dr Pixley Ka Isaka Seme,Mpumalanga,vd_code_match
2016,54340095,MP304,MP304 - Dr Pixley Ka Isaka Seme,Mpumalanga,352,MP304,MP304 - Dr Pixley Ka Isaka Seme,Mpumalanga,vd_code_match
2016,54350018,MP304,MP304 - Dr Pixley Ka Isaka Seme,Mpumalanga,1140,MP304,MP304 - Dr Pixley Ka Isaka Seme,Mpumalanga,vd_code_match
2016,54350029,MP304,MP304 - Dr Pixley Ka Isaka Seme,Mpumalanga,1436,MP304,MP304 - Dr Pixley Ka Isaka Seme,Mpumalanga,vd_code_match
2016,54350030,MP304,MP304 - Dr Pixley Ka Isaka Seme,Mpumalanga,983,MP304,MP304 - Dr Pixley Ka Isaka Seme,Mpumalanga,vd_code_match
2016,54360019,MP304,MP304 - Dr Pixley Ka Isaka Seme,Mpumalanga,1479,MP304,MP304 - Dr Pixley Ka Isaka Seme,Mpumalanga,vd_code_match
2016,54360020,MP304,MP304 - Dr Pixley Ka Isaka Seme,Mpumalanga,266,MP304,MP304 - Dr Pixley Ka Isaka Seme,Mpumalanga,vd_code_match
2016,54360031,MP304,MP304 - Dr Pixley Ka Isaka Seme,Mpumalanga,486,MP304,MP304 - Dr Pixley Ka Isaka Seme,Mpumalanga,vd_code_match
2016,54360042,MP304,MP304 - Dr Pixley Ka Isaka Seme,Mpumalanga,270,MP304,MP304 - Dr Pixley Ka Isaka Seme,Mpumalanga,vd_code_match
2016,54360053,MP304,MP304 - Dr Pixley Ka Isaka Seme,Mpumalanga,566,MP304,MP304 - Dr Pixley Ka Isaka Seme,Mpumalanga,vd_code_match
2016,54360064,MP304,MP304 - Dr Pixley Ka Isaka Seme,Mpumalanga,1469,MP304,MP304 - Dr Pixley Ka Isaka Seme,Mpumalanga,vd_code_match
2016,54360075,MP304,MP304 - Dr Pixley Ka Isaka Seme,Mpumalanga,661,MP304,MP304 - Dr Pixley Ka Isaka Seme,Mpumalanga,vd_code_match
2016,54360086,MP304,MP304 - Dr Pixley Ka Isaka Seme,Mpumalanga,1157,MP304,MP304 - Dr Pixley Ka Isaka Seme,Mpumalanga,vd_code_match
2016,54360097,MP304,MP304 - Dr Pixley Ka Isaka Seme,Mpumalanga,1663,MP304,MP304 - Dr Pixley Ka Isaka Seme,Mpumalanga,vd_code_match
2016,54360109,MP304,MP304 - Dr Pixley Ka Isaka Seme,Mpumalanga,536,MP304,MP304 - Dr Pixley Ka Isaka Seme,Mpumalanga,vd_code_match
2016,54360110,MP304,MP304 - Dr Pixley Ka Isaka Seme,Mpumalanga,1152,MP304,MP304 - Dr Pixley Ka Isaka Seme,Mpumalanga,vd_code_match
2016,54360121,MP304,MP304 - Dr Pixley Ka Isaka Seme,Mpumalanga,103,MP304,MP304 - Dr Pixley Ka Isaka Seme,Mpumalanga,vd_code_match
2016,54370021,MP306,MP306 - Dipaleseng,Mpumalanga,49,MP306,MP306 - Dipaleseng,Mpumalanga,vd_code_match
2016,54370032,MP306,MP306 - Dipaleseng,Mpumalanga,1007,MP306,MP306 - Dipaleseng,Mpumalanga,vd_code_match
2016,54370054,MP306,MP306 - Dipaleseng,Mpumalanga,181,MP306,MP306 - Dipaleseng,Mpumalanga,vd_code_match
2016,54370065,MP306,MP306 - Dipaleseng,Mpumalanga,96,MP306,MP306 - Dipaleseng,Mpumalanga,vd_code_match
2016,54370076,MP306,MP306 - Dipaleseng,Mpumalanga,122,MP306,MP306 - Dipaleseng,Mpumalanga,vd_code_match
2016,54370087,MP306,MP306 - Dipaleseng,Mpumalanga,58,MP306,MP306 - Dipaleseng,Mpumalanga,vd_code_match
2016,54370098,MP306,MP306 - Dipaleseng,Mpumalanga,115,MP306,MP306 - Dipaleseng,Mpumalanga,vd_code_match
2016,54380011,MP307,MP307 - Govan Mbeki,Mpumalanga,328,MP307,MP307 - Govan Mbeki,Mpumalanga,vd_code_match
2016,54380022,MP302,MP302 - Msukaligwa,Mpumalanga,288,MP302,MP302 - Msukaligwa,Mpumalanga,vd_code_match
2016,54380033,MP305,MP305 - Lekwa,Mpumalanga,263,MP305,MP305 - Lekwa,Mpumalanga,vd_code_match
2016,54380044,MP307,MP307 - Govan Mbeki,Mpumalanga,257,MP307,MP307 - Govan Mbeki,Mpumalanga,vd_code_match
2016,54380055,MP307,MP307 - Govan Mbeki,Mpumalanga,292,MP307,MP307 - Govan Mbeki,Mpumalanga,vd_code_match
2016,54380066,MP307,MP307 - Govan Mbeki,Mpumalanga,286,MP307,MP307 - Govan Mbeki,Mpumalanga,vd_code_match
2016,54380077,MP307,MP307 - Govan Mbeki,Mpumalanga,237,MP307,MP307 - Govan Mbeki,Mpumalanga,vd_code_match
2016,54390012,MP301,MP301 - Chief Albert Luthuli,Mpumalanga,161,MP301,MP301 - Chief Albert Luthuli,Mpumalanga,vd_code_match
2016,54390023,MP301,MP301 - Chief Albert Luthuli,Mpumalanga,203,MP301,MP301 - Chief Albert Luthuli,Mpumalanga,vd_code_match
2016,54390034,MP301,MP301 - Chief Albert Luthuli,Mpumalanga,456,MP301,MP301 - Chief Albert Luthuli,Mpumalanga,vd_code_match
2016,54390045,MP301,MP301 - Chief Albert Luthuli,Mpumalanga,331,MP301,MP301 - Chief Albert Luthuli,Mpumalanga,vd_code_match
2016,54390056,MP301,MP301 - Chief Albert Luthuli,Mpumalanga,243,MP301,MP301 - Chief Albert Luthuli,Mpumalanga,vd_code_match
2016,54390067,MP301,MP301 - Chief Albert Luthuli,Mpumalanga,236,MP301,MP301 - Chief Albert Luthuli,Mpumalanga,vd_code_match
2016,54400014,MP311,MP311 - Victor Khanye,Mpumalanga,405,MP311,MP311 - Victor Khanye,Mpumalanga,vd_code_match
2016,54400036,MP311,MP311 - Victor Khanye,Mpumalanga,1131,MP311,MP311 - Victor Khanye,Mpumalanga,vd_code_match
2016,54400047,MP311,MP311 - Victor Khanye,Mpumalanga,368,MP311,MP311 - Victor Khanye,Mpumalanga,vd_code_match
2016,54400058,MP311,MP311 - Victor Khanye,Mpumalanga,266,MP311,MP311 - Victor Khanye,Mpumalanga,vd_code_match
2016,54400069,MP311,MP311 - Victor Khanye,Mpumalanga,221,MP311,MP311 - Victor Khanye,Mpumalanga,vd_code_match
2016,54400070,MP311,MP311 - Victor Khanye,Mpumalanga,724,MP311,MP311 - Victor Khanye,Mpumalanga,vd_code_match
2016,54400081,MP311,MP311 - Victor Khanye,Mpumalanga,265,MP311,MP311 - Victor Khanye,Mpumalanga,vd_code_match
2016,54400092,MP311,MP311 - Victor Khanye,Mpumalanga,526,MP311,MP311 - Victor Khanye,Mpumalanga,vd_code_match
2016,54400104,MP311,MP311 - Victor Khanye,Mpumalanga,2035,MP311,MP311 - Victor Khanye,Mpumalanga,vd_code_match
2016,54400126,MP311,MP311 - Victor Khanye,Mpumalanga,636,MP311,MP311 - Victor Khanye,Mpumalanga,vd_code_match
2016,54400137,MP311,MP311 - Victor Khanye,Mpumalanga,566,MP311,MP311 - Victor Khanye,Mpumalanga,vd_code_match
2016,54400148,MP311,MP311 - Victor Khanye,Mpumalanga,384,MP311,MP311 - Victor Khanye,Mpumalanga,vd_code_match
2016,54410015,MP301,MP301 - Chief Albert Luthuli,Mpumalanga,231,MP301,MP301 - Chief Albert Luthuli,Mpumalanga,vd_code_match
2016,54410026,MP302,MP302 - Msukaligwa,Mpumalanga,2356,MP302,MP302 - Msukaligwa,Mpumalanga,vd_code_match
2016,54410037,MP302,MP302 - Msukaligwa,Mpumalanga,176,MP302,MP302 - Msukaligwa,Mpumalanga,vd_code_match
2016,54410048,MP302,MP302 - Msukaligwa,Mpumalanga,154,MP302,MP302 - Msukaligwa,Mpumalanga,vd_code_match
2016,54410059,MP305,MP305 - Lekwa,Mpumalanga,324,MP305,MP305 - Lekwa,Mpumalanga,vd_code_match
2016,54410060,MP304,MP304 - Dr Pixley Ka Isaka Seme,Mpumalanga,123,MP304,MP304 - Dr Pixley Ka Isaka Seme,Mpumalanga,vd_code_match
2016,54410071,MP302,MP302 - Msukaligwa,Mpumalanga,256,MP302,MP302 - Msukaligwa,Mpumalanga,vd_code_match
2016,54410082,MP302,MP302 - Msukaligwa,Mpumalanga,468,MP302,MP302 - Msukaligwa,Mpumalanga,vd_code_match
2016,54410093,MP302,MP302 - Msukaligwa,Mpumalanga,2230,MP302,MP302 - Msukaligwa,Mpumalanga,vd_code_match
2016,54410105,MP302,MP302 - Msukaligwa,Mpumalanga,283,MP302,MP302 - Msukaligwa,Mpumalanga,vd_code_match
2016,54410116,MP302,MP302 - Msukaligwa,Mpumalanga,653,MP302,MP302 - Msukaligwa,Mpumalanga,vd_code_match
2016,54410127,MP302,MP302 - Msukaligwa,Mpumalanga,2076,MP302,MP302 - Msukaligwa,Mpumalanga,vd_code_match
2016,54410138,MP302,MP302 - Msukaligwa,Mpumalanga,348,MP302,MP302 - Msukaligwa,Mpumalanga,vd_code_match
2016,54410149,MP301,MP301 - Chief Albert Luthuli,Mpumalanga,280,MP301,MP301 - Chief Albert Luthuli,Mpumalanga,vd_code_match
2016,54410150,MP302,MP302 - Msukaligwa,Mpumalanga,579,MP302,MP302 - Msukaligwa,Mpumalanga,vd_code_match
2016,54410161,MP302,MP302 - Msukaligwa,Mpumalanga,729,MP302,MP302 - Msukaligwa,Mpumalanga,vd_code_match
2016,54410172,MP303,MP303 - Mkhondo,Mpumalanga,1037,MP303,MP303 - Mkhondo,Mpumalanga,vd_code_match
2016,54410183,MP303,MP303 - Mkhondo,Mpumalanga,271,MP303,MP303 - Mkhondo,Mpumalanga,vd_code_match
2016,54410194,MP302,MP302 - Msukaligwa,Mpumalanga,1776,MP302,MP302 - Msukaligwa,Mpumalanga,vd_code_match
2016,54410206,MP301,MP301 - Chief Albert Luthuli,Mpumalanga,532,MP301,MP301 - Chief Albert Luthuli,Mpumalanga,vd_code_match
2016,54410217,MP302,MP302 - Msukaligwa,Mpumalanga,745,MP302,MP302 - Msukaligwa,Mpumalanga,vd_code_match
2016,54410228,MP301,MP301 - Chief Albert Luthuli,Mpumalanga,150,MP301,MP301 - Chief Albert Luthuli,Mpumalanga,vd_code_match
2016,54410239,MP302,MP302 - Msukaligwa,Mpumalanga,176,MP302,MP302 - Msukaligwa,Mpumalanga,vd_code_match
2016,54410240,MP302,MP302 - Msukaligwa,Mpumalanga,92,MP302,MP302 - Msukaligwa,Mpumalanga,vd_code_match
2016,54410251,MP302,MP302 - Msukaligwa,Mpumalanga,169,MP302,MP302 - Msukaligwa,Mpumalanga,vd_code_match
2016,54410262,MP302,MP302 - Msukaligwa,Mpumalanga,400,MP302,MP302 - Msukaligwa,Mpumalanga,vd_code_match
2016,54410273,MP302,MP302 - Msukaligwa,Mpumalanga,88,MP302,MP302 - Msukaligwa,Mpumalanga,vd_code_match
2016,54410284,MP302,MP302 - Msukaligwa,Mpumalanga,489,MP302,MP302 - Msukaligwa,Mpumalanga,vd_code_match
2016,54410295,MP303,MP303 - Mkhondo,Mpumalanga,307,MP303,MP303 - Mkhondo,Mpumalanga,vd_code_match
2016,54410307,MP303,MP303 - Mkhondo,Mpumalanga,280,MP303,MP303 - Mkhondo,Mpumalanga,vd_code_match
2016,54410318,MP302,MP302 - Msukaligwa,Mpumalanga,1391,MP302,MP302 - Msukaligwa,Mpumalanga,vd_code_match
2016,54410330,MP302,MP302 - Msukaligwa,Mpumalanga,311,MP302,MP302 - Msukaligwa,Mpumalanga,vd_code_match
2016,54410341,MP302,MP302 - Msukaligwa,Mpumalanga,81,MP302,MP302 - Msukaligwa,Mpumalanga,vd_code_match
2016,54410352,MP302,MP302 - Msukaligwa,Mpumalanga,111,MP302,MP302 - Msukaligwa,Mpumalanga,vd_code_match
2016,54410363,MP302,MP302 - Msukaligwa,Mpumalanga,568,MP302,MP302 - Msukaligwa,Mpumalanga,vd_code_match
2016,54410374,MP302,MP302 - Msukaligwa,Mpumalanga,193,MP302,MP302 - Msukaligwa,Mpumalanga,vd_code_match
2016,54410385,MP302,MP302 - Msukaligwa,Mpumalanga,128,MP302,MP302 - Msukaligwa,Mpumalanga,vd_code_match
2016,54410396,MP302,MP302 - Msukaligwa,Mpumalanga,127,MP302,MP302 - Msukaligwa,Mpumalanga,vd_code_match
2016,54410408,MP302,MP302 - Msukaligwa,Mpumalanga,141,MP302,MP302 - Msukaligwa,Mpumalanga,vd_code_match
2016,54410419,MP302,MP302 - Msukaligwa,Mpumalanga,222,MP302,MP302 - Msukaligwa,Mpumalanga,vd_code_match
2016,54410420,MP302,MP302 - Msukaligwa,Mpumalanga,128,MP302,MP302 - Msukaligwa,Mpumalanga,vd_code_match
2016,54410431,MP302,MP302 - Msukaligwa,Mpumalanga,82,MP302,MP302 - Msukaligwa,Mpumalanga,vd_code_match
2016,54410442,MP302,MP302 - Msukaligwa,Mpumalanga,121,MP302,MP302 - Msukaligwa,Mpumalanga,vd_code_match
2016,54410453,MP302,MP302 - Msukaligwa,Mpumalanga,83,MP302,MP302 - Msukaligwa,Mpumalanga,vd_code_match
2016,54410464,MP302,MP302 - Msukaligwa,Mpumalanga,252,MP302,MP302 - Msukaligwa,Mpumalanga,vd_code_match
2016,54410475,MP302,MP302 - Msukaligwa,Mpumalanga,107,MP302,MP302 - Msukaligwa,Mpumalanga,vd_code_match
2016,54410486,MP302,MP302 - Msukaligwa,Mpumalanga,153,MP302,MP302 - Msukaligwa,Mpumalanga,vd_code_match
2016,54410497,MP302,MP302 - Msukaligwa,Mpumalanga,476,MP302,MP302 - Msukaligwa,Mpumalanga,vd_code_match
2016,54410509,MP302,MP302 - Msukaligwa,Mpumalanga,154,MP302,MP302 - Msukaligwa,Mpumalanga,vd_code_match
2016,54420016,MP311,MP311 - Victor Khanye,Mpumalanga,381,MP311,MP311 - Victor Khanye,Mpumalanga,vd_code_match
2016,54420038,MP307,MP307 - Govan Mbeki,Mpumalanga,362,MP307,MP307 - Govan Mbeki,Mpumalanga,vd_code_match
2016,54420049,MP307,MP307 - Govan Mbeki,Mpumalanga,131,MP307,MP307 - Govan Mbeki,Mpumalanga,vd_code_match
2016,54420050,MP307,MP307 - Govan Mbeki,Mpumalanga,329,MP307,MP307 - Govan Mbeki,Mpumalanga,vd_code_match
2016,54420072,MP307,MP307 - Govan Mbeki,Mpumalanga,551,MP307,MP307 - Govan Mbeki,Mpumalanga,vd_code_match
2016,54420083,MP307,MP307 - Govan Mbeki,Mpumalanga,291,MP307,MP307 - Govan Mbeki,Mpumalanga,vd_code_match
2016,54420106,MP307,MP307 - Govan Mbeki,Mpumalanga,2111,MP307,MP307 - Govan Mbeki,Mpumalanga,vd_code_match
2016,54420128,MP307,MP307 - Govan Mbeki,Mpumalanga,304,MP307,MP307 - Govan Mbeki,Mpumalanga,vd_code_match
2016,54420139,MP307,MP307 - Govan Mbeki,Mpumalanga,1901,MP307,MP307 - Govan Mbeki,Mpumalanga,vd_code_match
2016,54420140,MP307,MP307 - Govan Mbeki,Mpumalanga,1909,MP307,MP307 - Govan Mbeki,Mpumalanga,vd_code_match
2016,54420151,MP307,MP307 - Govan Mbeki,Mpumalanga,389,MP307,MP307 - Govan Mbeki,Mpumalanga,vd_code_match
2016,54420162,MP307,MP307 - Govan Mbeki,Mpumalanga,1115,MP307,MP307 - Govan Mbeki,Mpumalanga,vd_code_match
2016,54420173,MP307,MP307 - Govan Mbeki,Mpumalanga,24,MP307,MP307 - Govan Mbeki,Mpumalanga,vd_code_match
2016,54430028,MP312,MP312 - Emalahleni,Mpumalanga,811,MP312,MP312 - Emalahleni,Mpumalanga,vd_code_match
2016,54430039,MP312,MP312 - Emalahleni,Mpumalanga,812,MP312,MP312 - Emalahleni,Mpumalanga,vd_code_match
2016,54430040,MP312,MP312 - Emalahleni,Mpumalanga,254,MP312,MP312 - Emalahleni,Mpumalanga,vd_code_match
2016,54430051,MP312,MP312 - Emalahleni,Mpumalanga,1916,MP312,MP312 - Emalahleni,Mpumalanga,vd_code_match
2016,54430062,MP312,MP312 - Emalahleni,Mpumalanga,1231,MP312,MP312 - Emalahleni,Mpumalanga,vd_code_match
2016,54430073,MP312,MP312 - Emalahleni,Mpumalanga,298,MP312,MP312 - Emalahleni,Mpumalanga,vd_code_match
2016,54430084,MP312,MP312 - Emalahleni,Mpumalanga,527,MP312,MP312 - Emalahleni,Mpumalanga,vd_code_match
2016,54430095,MP312,MP312 - Emalahleni,Mpumalanga,1041,MP312,MP312 - Emalahleni,Mpumalanga,vd_code_match
2016,54440018,MP303,MP303 - Mkhondo,Mpumalanga,817,MP303,MP303 - Mkhondo,Mpumalanga,vd_code_match
2016,54440029,MP303,MP303 - Mkhondo,Mpumalanga,344,MP303,MP303 - Mkhondo,Mpumalanga,vd_code_match
2016,54440030,MP303,MP303 - Mkhondo,Mpumalanga,1099,MP303,MP303 - Mkhondo,Mpumalanga,vd_code_match
2016,54440041,MP303,MP303 - Mkhondo,Mpumalanga,947,MP303,MP303 - Mkhondo,Mpumalanga,vd_code_match
2016,54440052,MP303,MP303 - Mkhondo,Mpumalanga,355,MP303,MP303 - Mkhondo,Mpumalanga,vd_code_match
2016,54440063,MP303,MP303 - Mkhondo,Mpumalanga,363,MP303,MP303 - Mkhondo,Mpumalanga,vd_code_match
2016,54440074,MP303,MP303 - Mkhondo,Mpumalanga,549,MP303,MP303 - Mkhondo,Mpumalanga,vd_code_match
2016,54440085,MP303,MP303 - Mkhondo,Mpumalanga,1727,MP303,MP303 - Mkhondo,Mpumalanga,vd_code_match
2016,54440096,MP303,MP303 - Mkhondo,Mpumalanga,1328,MP303,MP303 - Mkhondo,Mpumalanga,vd_code_match
2016,54440119,MP303,MP303 - Mkhondo,Mpumalanga,867,MP303,MP303 - Mkhondo,Mpumalanga,vd_code_match
2016,54440120,MP303,MP303 - Mkhondo,Mpumalanga,652,MP303,MP303 - Mkhondo,Mpumalanga,vd_code_match
2016,54440131,MP303,MP303 - Mkhondo,Mpumalanga,1042,MP303,MP303 - Mkhondo,Mpumalanga,vd_code_match
2016,54440142,MP303,MP303 - Mkhondo,Mpumalanga,2161,MP303,MP303 - Mkhondo,Mpumalanga,vd_code_match
2016,54440153,MP303,MP303 - Mkhondo,Mpumalanga,1036,MP303,MP303 - Mkhondo,Mpumalanga,vd_code_match
2016,54440164,MP303,MP303 - Mkhondo,Mpumalanga,552,MP303,MP303 - Mkhondo,Mpumalanga,vd_code_match
2016,54440175,MP303,MP303 - Mkhondo,Mpumalanga,681,MP303,MP303 - Mkhondo,Mpumalanga,vd_code_match
2016,54440186,MP303,MP303 - Mkhondo,Mpumalanga,867,MP303,MP303 - Mkhondo,Mpumalanga,vd_code_match
2016,54440197,MP303,MP303 - Mkhondo,Mpumalanga,513,MP303,MP303 - Mkhondo,Mpumalanga,vd_code_match
2016,54440209,MP303,MP303 - Mkhondo,Mpumalanga,1676,MP303,MP303 - Mkhondo,Mpumalanga,vd_code_match
2016,54440210,MP303,MP303 - Mkhondo,Mpumalanga,471,MP303,MP303 - Mkhondo,Mpumalanga,vd_code_match
2016,54440221,MP303,MP303 - Mkhondo,Mpumalanga,302,MP303,MP303 - Mkhondo,Mpumalanga,vd_code_match
2016,54440232,MP303,MP303 - Mkhondo,Mpumalanga,511,MP303,MP303 - Mkhondo,Mpumalanga,vd_code_match
2016,54440243,MP303,MP303 - Mkhondo,Mpumalanga,324,MP303,MP303 - Mkhondo,Mpumalanga,vd_code_match
2016,54440254,MP303,MP303 - Mkhondo,Mpumalanga,165,MP303,MP303 - Mkhondo,Mpumalanga,vd_code_match
2016,54440276,MP303,MP303 - Mkhondo,Mpumalanga,562,MP303,MP303 - Mkhondo,Mpumalanga,vd_code_match
2016,54440287,MP303,MP303 - Mkhondo,Mpumalanga,175,MP303,MP303 - Mkhondo,Mpumalanga,vd_code_match
2016,54440298,MP303,MP303 - Mkhondo,Mpumalanga,374,MP303,MP303 - Mkhondo,Mpumalanga,vd_code_match
2016,54440300,MP303,MP303 - Mkhondo,Mpumalanga,541,MP303,MP303 - Mkhondo,Mpumalanga,vd_code_match
2016,54440311,MP303,MP303 - Mkhondo,Mpumalanga,531,MP303,MP303 - Mkhondo,Mpumalanga,vd_code_match
2016,54440322,MP303,MP303 - Mkhondo,Mpumalanga,1624,MP303,MP303 - Mkhondo,Mpumalanga,vd_code_match
2016,54440333,MP303,MP303 - Mkhondo,Mpumalanga,1184,MP303,MP303 - Mkhondo,Mpumalanga,vd_code_match
2016,54440344,MP303,MP303 - Mkhondo,Mpumalanga,249,MP303,MP303 - Mkhondo,Mpumalanga,vd_code_match
2016,54440355,MP303,MP303 - Mkhondo,Mpumalanga,1005,MP303,MP303 - Mkhondo,Mpumalanga,vd_code_match
2016,54440366,MP303,MP303 - Mkhondo,Mpumalanga,295,MP303,MP303 - Mkhondo,Mpumalanga,vd_code_match
2016,54440377,MP303,MP303 - Mkhondo,Mpumalanga,437,MP303,MP303 - Mkhondo,Mpumalanga,vd_code_match
2016,54440388,MP303,MP303 - Mkhondo,Mpumalanga,346,MP303,MP303 - Mkhondo,Mpumalanga,vd_code_match
2016,54440399,MP303,MP303 - Mkhondo,Mpumalanga,833,MP303,MP303 - Mkhondo,Mpumalanga,vd_code_match
2016,54440401,MP303,MP303 - Mkhondo,Mpumalanga,318,MP303,MP303 - Mkhondo,Mpumalanga,vd_code_match
2016,54450019,MP305,MP305 - Lekwa,Mpumalanga,1461,MP305,MP305 - Lekwa,Mpumalanga,vd_code_match
2016,54450020,MP305,MP305 - Lekwa,Mpumalanga,387,MP305,MP305 - Lekwa,Mpumalanga,vd_code_match
2016,54450031,MP305,MP305 - Lekwa,Mpumalanga,430,MP305,MP305 - Lekwa,Mpumalanga,vd_code_match
2016,54450042,MP306,MP306 - Dipaleseng,Mpumalanga,426,MP306,MP306 - Dipaleseng,Mpumalanga,vd_code_match
2016,54450053,MP305,MP305 - Lekwa,Mpumalanga,356,MP305,MP305 - Lekwa,Mpumalanga,vd_code_match
2016,54450064,MP305,MP305 - Lekwa,Mpumalanga,1165,MP305,MP305 - Lekwa,Mpumalanga,vd_code_match
2016,54450075,MP305,MP305 - Lekwa,Mpumalanga,2145,MP305,MP305 - Lekwa,Mpumalanga,vd_code_match
2016,54450086,MP305,MP305 - Lekwa,Mpumalanga,555,MP305,MP305 - Lekwa,Mpumalanga,vd_code_match
2016,54450097,MP307,MP307 - Govan Mbeki,Mpumalanga,486,MP307,MP307 - Govan Mbeki,Mpumalanga,vd_code_match
2016,54450143,MP305,MP305 - Lekwa,Mpumalanga,335,MP305,MP305 - Lekwa,Mpumalanga,vd_code_match
2016,54450154,MP305,MP305 - Lekwa,Mpumalanga,311,MP305,MP305 - Lekwa,Mpumalanga,vd_code_match
2016,54450165,MP305,MP305 - Lekwa,Mpumalanga,218,MP305,MP305 - Lekwa,Mpumalanga,vd_code_match
2016,54450176,MP305,MP305 - Lekwa,Mpumalanga,213,MP305,MP305 - Lekwa,Mpumalanga,vd_code_match
2016,54450187,MP305,MP305 - Lekwa,Mpumalanga,2751,MP305,MP305 - Lekwa,Mpumalanga,vd_code_match
2016,54450198,MP305,MP305 - Lekwa,Mpumalanga,100,MP305,MP305 - Lekwa,Mpumalanga,vd_code_match
2016,54450200,MP305,MP305 - Lekwa,Mpumalanga,90,MP305,MP305 - Lekwa,Mpumalanga,vd_code_match
2016,54450211,MP305,MP305 - Lekwa,Mpumalanga,2212,MP305,MP305 - Lekwa,Mpumalanga,vd_code_match
2016,54450222,MP305,MP305 - Lekwa,Mpumalanga,328,MP305,MP305 - Lekwa,Mpumalanga,vd_code_match
2016,54460010,MP304,MP304 - Dr Pixley Ka Isaka Seme,Mpumalanga,254,MP304,MP304 - Dr Pixley Ka Isaka Seme,Mpumalanga,vd_code_match
2016,54460021,MP304,MP304 - Dr Pixley Ka Isaka Seme,Mpumalanga,195,MP304,MP304 - Dr Pixley Ka Isaka Seme,Mpumalanga,vd_code_match
2016,54460032,MP304,MP304 - Dr Pixley Ka Isaka Seme,Mpumalanga,168,MP304,MP304 - Dr Pixley Ka Isaka Seme,Mpumalanga,vd_code_match
2016,54460043,MP304,MP304 - Dr Pixley Ka Isaka Seme,Mpumalanga,380,MP304,MP304 - Dr Pixley Ka Isaka Seme,Mpumalanga,vd_code_match
2016,54460076,MP304,MP304 - Dr Pixley Ka Isaka Seme,Mpumalanga,224,MP304,MP304 - Dr Pixley Ka Isaka Seme,Mpumalanga,vd_code_match
2016,54460087,MP304,MP304 - Dr Pixley Ka Isaka Seme,Mpumalanga,171,MP304,MP304 - Dr Pixley Ka Isaka Seme,Mpumalanga,vd_code_match
2016,54470011,MP304,MP304 - Dr Pixley Ka Isaka Seme,Mpumalanga,196,MP304,MP304 - Dr Pixley Ka Isaka Seme,Mpumalanga,vd_code_match
2016,54470044,MP303,MP303 - Mkhondo,Mpumalanga,366,MP303,MP303 - Mkhondo,Mpumalanga,vd_code_match
2016,54470055,MP304,MP304 - Dr Pixley Ka Isaka Seme,Mpumalanga,166,MP304,MP304 - Dr Pixley Ka Isaka Seme,Mpumalanga,vd_code_match
2016,54470077,MP303,MP303 - Mkhondo,Mpumalanga,407,MP303,MP303 - Mkhondo,Mpumalanga,vd_code_match
2016,54470088,MP303,MP303 - Mkhondo,Mpumalanga,2221,MP303,MP303 - Mkhondo,Mpumalanga,vd_code_match
2016,54470099,MP303,MP303 - Mkhondo,Mpumalanga,1195,MP303,MP303 - Mkhondo,Mpumalanga,vd_code_match
2016,54470112,MP303,MP303 - Mkhondo,Mpumalanga,1740,MP303,MP303 - Mkhondo,Mpumalanga,vd_code_match
2016,54470134,MP304,MP304 - Dr Pixley Ka Isaka Seme,Mpumalanga,372,MP304,MP304 - Dr Pixley Ka Isaka Seme,Mpumalanga,vd_code_match
2016,54470145,MP304,MP304 - Dr Pixley Ka Isaka Seme,Mpumalanga,236,MP304,MP304 - Dr Pixley Ka Isaka Seme,Mpumalanga,vd_code_match
2016,54470156,MP303,MP303 - Mkhondo,Mpumalanga,1314,MP303,MP303 - Mkhondo,Mpumalanga,vd_code_match
2016,54470167,MP303,MP303 - Mkhondo,Mpumalanga,430,MP303,MP303 - Mkhondo,Mpumalanga,vd_code_match
2016,54470178,MP303,MP303 - Mkhondo,Mpumalanga,530,MP303,MP303 - Mkhondo,Mpumalanga,vd_code_match
2016,54470189,MP303,MP303 - Mkhondo,Mpumalanga,525,MP303,MP303 - Mkhondo,Mpumalanga,vd_code_match
2016,54470190,MP303,MP303 - Mkhondo,Mpumalanga,522,MP303,MP303 - Mkhondo,Mpumalanga,vd_code_match
2016,54470202,MP303,MP303 - Mkhondo,Mpumalanga,426,MP303,MP303 - Mkhondo,Mpumalanga,vd_code_match
2016,54470213,MP303,MP303 - Mkhondo,Mpumalanga,612,MP303,MP303 - Mkhondo,Mpumalanga,vd_code_match
2016,54490013,MP314,MP314 - Emakhazeni,Mpumalanga,2070,MP314,MP314 - Emakhazeni,Mpumalanga,vd_code_match
2016,54490024,MP314,MP314 - Emakhazeni,Mpumalanga,943,MP314,MP314 - Emakhazeni,Mpumalanga,vd_code_match
2016,54490035,MP314,MP314 - Emakhazeni,Mpumalanga,948,MP314,MP314 - Emakhazeni,Mpumalanga,vd_code_match
2016,54490046,MP314,MP314 - Emakhazeni,Mpumalanga,1051,MP314,MP314 - Emakhazeni,Mpumalanga,vd_code_match
2016,54490057,MP314,MP314 - Emakhazeni,Mpumalanga,1669,MP314,MP314 - Emakhazeni,Mpumalanga,vd_code_match
2016,54490068,MP314,MP314 - Emakhazeni,Mpumalanga,713,MP314,MP314 - Emakhazeni,Mpumalanga,vd_code_match
2016,54490079,MP314,MP314 - Emakhazeni,Mpumalanga,652,MP314,MP314 - Emakhazeni,Mpumalanga,municipality_majority
2016,54490080,MP314,MP314 - Emakhazeni,Mpumalanga,553,MP314,MP314 - Emakhazeni,Mpumalanga,vd_code_match
2016,54490091,MP314,MP314 - Emakhazeni,Mpumalanga,331,MP314,MP314 - Emakhazeni,Mpumalanga,vd_code_match
2016,54500015,MP314,MP314 - Emakhazeni,Mpumalanga,1968,MP314,MP314 - Emakhazeni,Mpumalanga,vd_code_match
2016,54500026,MP314,MP314 - Emakhazeni,Mpumalanga,524,MP314,MP314 - Emakhazeni,Mpumalanga,vd_code_match
2016,54500037,MP314,MP314 - Emakhazeni,Mpumalanga,662,MP314,MP314 - Emakhazeni,Mpumalanga,vd_code_match
2016,54530018,MP313,MP313 - Steve Tshwete,Mpumalanga,1569,MP313,MP313 - Steve Tshwete,Mpumalanga,vd_code_match
2016,54530029,MP313,MP313 - Steve Tshwete,Mpumalanga,2446,MP313,MP313 - Steve Tshwete,Mpumalanga,vd_code_match
2016,54530030,MP313,MP313 - Steve Tshwete,Mpumalanga,2245,MP313,MP313 - Steve Tshwete,Mpumalanga,vd_code_match
2016,54530041,MP313,MP313 - Steve Tshwete,Mpumalanga,1490,MP313,MP313 - Steve Tshwete,Mpumalanga,vd_code_match
2016,54530052,MP313,MP313 - Steve Tshwete,Mpumalanga,3068,MP313,MP313 - Steve Tshwete,Mpumalanga,vd_code_match
2016,54540019,MP315,MP315 - Thembisile Hani,Mpumalanga,1428,MP315,MP315 - Thembisile Hani,Mpumalanga,vd_code_match
2016,54540020,MP315,MP315 - Thembisile Hani,Mpumalanga,1665,MP315,MP315 - Thembisile Hani,Mpumalanga,vd_code_match
2016,54540042,MP315,MP315 - Thembisile Hani,Mpumalanga,1694,MP315,MP315 - Thembisile Hani,Mpumalanga,vd_code_match
2016,54540053,MP315,MP315 - Thembisile Hani,Mpumalanga,1217,MP315,MP315 - Thembisile Hani,Mpumalanga,vd_code_match
2016,54540064,MP315,MP315 - Thembisile Hani,Mpumalanga,1480,MP315,MP315 - Thembisile Hani,Mpumalanga,vd_code_match
2016,54540075,MP315,MP315 - Thembisile Hani,Mpumalanga,2320,MP315,MP315 - Thembisile Hani,Mpumalanga,vd_code_match
2016,54540086,MP315,MP315 - Thembisile Hani,Mpumalanga,1353,MP315,MP315 - Thembisile Hani,Mpumalanga,vd_code_match
2016,54540097,MP315,MP315 - Thembisile Hani,Mpumalanga,2215,MP315,MP315 - Thembisile Hani,Mpumalanga,vd_code_match
2016,54540109,MP315,MP315 - Thembisile Hani,Mpumalanga,1360,MP315,MP315 - Thembisile Hani,Mpumalanga,vd_code_match
2016,54540110,MP315,MP315 - Thembisile Hani,Mpumalanga,1055,MP315,MP315 - Thembisile Hani,Mpumalanga,vd_code_match
2016,54540121,MP315,MP315 - Thembisile Hani,Mpumalanga,2171,MP315,MP315 - Thembisile Hani,Mpumalanga,vd_code_match
2016,54540132,MP315,MP315 - Thembisile Hani,Mpumalanga,2527,MP315,MP315 - Thembisile Hani,Mpumalanga,vd_code_match
2016,54540143,MP315,MP315 - Thembisile Hani,Mpumalanga,1525,MP315,MP315 - Thembisile Hani,Mpumalanga,vd_code_match
2016,54540154,MP315,MP315 - Thembisile Hani,Mpumalanga,2970,MP315,MP315 - Thembisile Hani,Mpumalanga,vd_code_match
2016,54540165,MP315,MP315 - Thembisile Hani,Mpumalanga,1902,MP315,MP315 - Thembisile Hani,Mpumalanga,vd_code_match
2016,54540176,MP315,MP315 - Thembisile Hani,Mpumalanga,203,MP315,MP315 - Thembisile Hani,Mpumalanga,vd_code_match
2016,54540187,MP315,MP315 - Thembisile Hani,Mpumalanga,1470,MP315,MP315 - Thembisile Hani,Mpumalanga,vd_code_match
2016,54540198,MP315,MP315 - Thembisile Hani,Mpumalanga,1235,MP315,MP315 - Thembisile Hani,Mpumalanga,vd_code_match
2016,54540200,MP315,MP315 - Thembisile Hani,Mpumalanga,2055,MP315,MP315 - Thembisile Hani,Mpumalanga,vd_code_match
2016,54540211,MP315,MP315 - Thembisile Hani,Mpumalanga,1683,MP315,MP315 - Thembisile Hani,Mpumalanga,vd_code_match
2016,54540222,MP315,MP315 - Thembisile Hani,Mpumalanga,1598,MP315,MP315 - Thembisile Hani,Mpumalanga,vd_code_match
2016,54540233,MP315,MP315 - Thembisile Hani,Mpumalanga,1350,MP315,MP315 - Thembisile Hani,Mpumalanga,vd_code_match
2016,54540299,MP315,MP315 - Thembisile Hani,Mpumalanga,2567,MP315,MP315 - Thembisile Hani,Mpumalanga,vd_code_match
2016,54540301,MP315,MP315 - Thembisile Hani,Mpumalanga,1237,MP315,MP315 - Thembisile Hani,Mpumalanga,vd_code_match
2016,54540312,MP315,MP315 - Thembisile Hani,Mpumalanga,656,MP315,MP315 - Thembisile Hani,Mpumalanga,vd_code_match
2016,54540334,MP315,MP315 - Thembisile Hani,Mpumalanga,2334,MP315,MP315 - Thembisile Hani,Mpumalanga,vd_code_match
2016,54540356,MP315,MP315 - Thembisile Hani,Mpumalanga,1639,MP315,MP315 - Thembisile Hani,Mpumalanga,vd_code_match
2016,54540367,MP315,MP315 - Thembisile Hani,Mpumalanga,394,MP315,MP315 - Thembisile Hani,Mpumalanga,vd_code_match
2016,54540378,MP315,MP315 - Thembisile Hani,Mpumalanga,109,MP315,MP315 - Thembisile Hani,Mpumalanga,vd_code_match
2016,54540389,MP315,MP315 - Thembisile Hani,Mpumalanga,1110,MP315,MP315 - Thembisile Hani,Mpumalanga,vd_code_match
2016,54540390,MP315,MP315 - Thembisile Hani,Mpumalanga,2107,MP315,MP315 - Thembisile Hani,Mpumalanga,vd_code_match
2016,54540402,MP315,MP315 - Thembisile Hani,Mpumalanga,963,MP315,MP315 - Thembisile Hani,Mpumalanga,vd_code_match
2016,54540413,MP315,MP315 - Thembisile Hani,Mpumalanga,320,MP315,MP315 - Thembisile Hani,Mpumalanga,vd_code_match
2016,54540424,MP315,MP315 - Thembisile Hani,Mpumalanga,1135,MP315,MP315 - Thembisile Hani,Mpumalanga,vd_code_match
2016,54540435,MP315,MP315 - Thembisile Hani,Mpumalanga,1509,MP315,MP315 - Thembisile Hani,Mpumalanga,vd_code_match
2016,54540446,MP315,MP315 - Thembisile Hani,Mpumalanga,1232,MP315,MP315 - Thembisile Hani,Mpumalanga,vd_code_match
2016,54540457,MP315,MP315 - Thembisile Hani,Mpumalanga,750,MP315,MP315 - Thembisile Hani,Mpumalanga,vd_code_match
2016,54540468,MP315,MP315 - Thembisile Hani,Mpumalanga,808,MP315,MP315 - Thembisile Hani,Mpumalanga,vd_code_match
2016,54540479,MP315,MP315 - Thembisile Hani,Mpumalanga,1139,MP315,MP315 - Thembisile Hani,Mpumalanga,vd_code_match
2016,54540491,MP315,MP315 - Thembisile Hani,Mpumalanga,710,MP315,MP315 - Thembisile Hani,Mpumalanga,vd_code_match
2016,54540503,MP315,MP315 - Thembisile Hani,Mpumalanga,307,MP315,MP315 - Thembisile Hani,Mpumalanga,vd_code_match
2016,54540514,MP315,MP315 - Thembisile Hani,Mpumalanga,1124,MP315,MP315 - Thembisile Hani,Mpumalanga,vd_code_match
2016,54540536,MP315,MP315 - Thembisile Hani,Mpumalanga,598,MP315,MP315 - Thembisile Hani,Mpumalanga,vd_code_match
2016,54540547,MP315,MP315 - Thembisile Hani,Mpumalanga,763,MP315,MP315 - Thembisile Hani,Mpumalanga,vd_code_match
2016,54540558,MP315,MP315 - Thembisile Hani,Mpumalanga,998,MP315,MP315 - Thembisile Hani,Mpumalanga,vd_code_match
2016,54540569,MP315,MP315 - Thembisile Hani,Mpumalanga,1118,MP315,MP315 - Thembisile Hani,Mpumalanga,vd_code_match
2016,54540570,MP315,MP315 - Thembisile Hani,Mpumalanga,989,MP315,MP315 - Thembisile Hani,Mpumalanga,vd_code_match
2016,54540581,MP315,MP315 - Thembisile Hani,Mpumalanga,768,MP315,MP315 - Thembisile Hani,Mpumalanga,vd_code_match
2016,54540592,MP315,MP315 - Thembisile Hani,Mpumalanga,909,MP315,MP315 - Thembisile Hani,Mpumalanga,vd_code_match
2016,54540604,MP315,MP315 - Thembisile Hani,Mpumalanga,324,MP315,MP315 - Thembisile Hani,Mpumalanga,municipality_majority
2016,54540615,MP315,MP315 - Thembisile Hani,Mpumalanga,539,MP315,MP315 - Thembisile Hani,Mpumalanga,vd_code_match
2016,54540626,MP315,MP315 - Thembisile Hani,Mpumalanga,444,MP315,MP315 - Thembisile Hani,Mpumalanga,vd_code_match
2016,54540637,MP315,MP315 - Thembisile Hani,Mpumalanga,557,MP315,MP315 - Thembisile Hani,Mpumalanga,vd_code_match
2016,54540648,MP315,MP315 - Thembisile Hani,Mpumalanga,1085,MP315,MP315 - Thembisile Hani,Mpumalanga,vd_code_match
2016,54540659,MP315,MP315 - Thembisile Hani,Mpumalanga,712,MP315,MP315 - Thembisile Hani,Mpumalanga,vd_code_match
2016,54540660,MP315,MP315 - Thembisile Hani,Mpumalanga,850,MP315,MP315 - Thembisile Hani,Mpumalanga,vd_code_match
2016,54540671,MP315,MP315 - Thembisile Hani,Mpumalanga,1112,MP315,MP315 - Thembisile Hani,Mpumalanga,vd_code_match
2016,54540682,MP315,MP315 - Thembisile Hani,Mpumalanga,628,MP315,MP315 - Thembisile Hani,Mpumalanga,vd_code_match
2016,54540693,MP315,MP315 - Thembisile Hani,Mpumalanga,861,MP315,MP315 - Thembisile Hani,Mpumalanga,vd_code_match
2016,54540705,MP315,MP315 - Thembisile Hani,Mpumalanga,1754,MP315,MP315 - Thembisile Hani,Mpumalanga,vd_code_match
2016,54540716,MP315,MP315 - Thembisile Hani,Mpumalanga,1475,MP315,MP315 - Thembisile Hani,Mpumalanga,vd_code_match
2016,54540727,MP315,MP315 - Thembisile Hani,Mpumalanga,717,MP315,MP315 - Thembisile Hani,Mpumalanga,vd_code_match
2016,54540738,MP315,MP315 - Thembisile Hani,Mpumalanga,608,MP315,MP315 - Thembisile Hani,Mpumalanga,vd_code_match
2016,54540749,MP315,MP315 - Thembisile Hani,Mpumalanga,964,MP315,MP315 - Thembisile Hani,Mpumalanga,vd_code_match
2016,54540750,MP315,MP315 - Thembisile Hani,Mpumalanga,799,MP315,MP315 - Thembisile Hani,Mpumalanga,vd_code_match
2016,54540761,MP315,MP315 - Thembisile Hani,Mpumalanga,1154,MP315,MP315 - Thembisile Hani,Mpumalanga,vd_code_match
2016,54540772,MP315,MP315 - Thembisile Hani,Mpumalanga,1012,MP315,MP315 - Thembisile Hani,Mpumalanga,vd_code_match
2016,54540783,MP315,MP315 - Thembisile Hani,Mpumalanga,697,MP315,MP315 - Thembisile Hani,Mpumalanga,vd_code_match
2016,54540794,MP315,MP315 - Thembisile Hani,Mpumalanga,849,MP315,MP315 - Thembisile Hani,Mpumalanga,vd_code_match
2016,54540806,MP315,MP315 - Thembisile Hani,Mpumalanga,1863,MP315,MP315 - Thembisile Hani,Mpumalanga,vd_code_match
2016,54540817,MP315,MP315 - Thembisile Hani,Mpumalanga,989,MP315,MP315 - Thembisile Hani,Mpumalanga,vd_code_match
2016,54540828,MP315,MP315 - Thembisile Hani,Mpumalanga,226,MP315,MP315 - Thembisile Hani,Mpumalanga,vd_code_match
2016,54540839,MP315,MP315 - Thembisile Hani,Mpumalanga,876,MP315,MP315 - Thembisile Hani,Mpumalanga,vd_code_match
2016,54540840,MP315,MP315 - Thembisile Hani,Mpumalanga,631,MP315,MP315 - Thembisile Hani,Mpumalanga,vd_code_match
2016,54540862,MP315,MP315 - Thembisile Hani,Mpumalanga,576,MP315,MP315 - Thembisile Hani,Mpumalanga,vd_code_match
2016,54540873,MP315,MP315 - Thembisile Hani,Mpumalanga,180,MP315,MP315 - Thembisile Hani,Mpumalanga,vd_code_match
2016,54540884,MP315,MP315 - Thembisile Hani,Mpumalanga,761,MP315,MP315 - Thembisile Hani,Mpumalanga,vd_code_match
2016,54540895,MP315,MP315 - Thembisile Hani,Mpumalanga,683,MP315,MP315 - Thembisile Hani,Mpumalanga,vd_code_match
2016,54540907,MP315,MP315 - Thembisile Hani,Mpumalanga,864,MP315,MP315 - Thembisile Hani,Mpumalanga,vd_code_match
2016,54540918,MP315,MP315 - Thembisile Hani,Mpumalanga,755,MP315,MP315 - Thembisile Hani,Mpumalanga,vd_code_match
2016,54540929,MP315,MP315 - Thembisile Hani,Mpumalanga,510,MP315,MP315 - Thembisile Hani,Mpumalanga,vd_code_match
2016,54540930,MP315,MP315 - Thembisile Hani,Mpumalanga,516,MP315,MP315 - Thembisile Hani,Mpumalanga,vd_code_match
2016,54540941,MP315,MP315 - Thembisile Hani,Mpumalanga,130,MP315,MP315 - Thembisile Hani,Mpumalanga,vd_code_match
2016,54540952,MP315,MP315 - Thembisile Hani,Mpumalanga,304,MP315,MP315 - Thembisile Hani,Mpumalanga,vd_code_match
2016,54550010,MP314,MP314 - Emakhazeni,Mpumalanga,1199,MP314,MP314 - Emakhazeni,Mpumalanga,vd_code_match
2016,54550021,MP314,MP314 - Emakhazeni,Mpumalanga,1193,MP314,MP314 - Emakhazeni,Mpumalanga,vd_code_match
2016,54550032,MP314,MP314 - Emakhazeni,Mpumalanga,1235,MP314,MP314 - Emakhazeni,Mpumalanga,vd_code_match
2016,54570012,MP316,MP316 - Dr JS Moroka,Mpumalanga,1603,MP316,MP316 - Dr JS Moroka,Mpumalanga,vd_code_match
2016,54570034,MP316,MP316 - Dr JS Moroka,Mpumalanga,1109,MP316,MP316 - Dr JS Moroka,Mpumalanga,vd_code_match
2016,54570045,MP316,MP316 - Dr JS Moroka,Mpumalanga,884,MP316,MP316 - Dr JS Moroka,Mpumalanga,vd_code_match
2016,54570056,MP316,MP316 - Dr JS Moroka,Mpumalanga,675,MP316,MP316 - Dr JS Moroka,Mpumalanga,vd_code_match
2016,54570067,MP316,MP316 - Dr JS Moroka,Mpumalanga,1138,MP316,MP316 - Dr JS Moroka,Mpumalanga,vd_code_match
2016,54570089,MP316,MP316 - Dr JS Moroka,Mpumalanga,1173,MP316,MP316 - Dr JS Moroka,Mpumalanga,vd_code_match
2016,54570090,MP316,MP316 - Dr JS Moroka,Mpumalanga,814,MP316,MP316 - Dr JS Moroka,Mpumalanga,vd_code_match
2016,54570102,MP316,MP316 - Dr JS Moroka,Mpumalanga,926,MP316,MP316 - Dr JS Moroka,Mpumalanga,vd_code_match
2016,54570113,MP316,MP316 - Dr JS Moroka,Mpumalanga,979,MP316,MP316 - Dr JS Moroka,Mpumalanga,vd_code_match
2016,54570124,MP316,MP316 - Dr JS Moroka,Mpumalanga,1198,MP316,MP316 - Dr JS Moroka,Mpumalanga,vd_code_match
2016,54570135,MP316,MP316 - Dr JS Moroka,Mpumalanga,2070,MP316,MP316 - Dr JS Moroka,Mpumalanga,vd_code_match
2016,54570146,MP316,MP316 - Dr JS Moroka,Mpumalanga,1117,MP316,MP316 - Dr JS Moroka,Mpumalanga,vd_code_match
2016,54570168,MP316,MP316 - Dr JS Moroka,Mpumalanga,509,MP316,MP316 - Dr JS Moroka,Mpumalanga,vd_code_match
2016,54570179,MP316,MP316 - Dr JS Moroka,Mpumalanga,1492,MP316,MP316 - Dr JS Moroka,Mpumalanga,vd_code_match
2016,54570180,MP316,MP316 - Dr JS Moroka,Mpumalanga,1010,MP316,MP316 - Dr JS Moroka,Mpumalanga,vd_code_match
2016,54570191,MP316,MP316 - Dr JS Moroka,Mpumalanga,1031,MP316,MP316 - Dr JS Moroka,Mpumalanga,vd_code_match
2016,54570203,MP316,MP316 - Dr JS Moroka,Mpumalanga,639,MP316,MP316 - Dr JS Moroka,Mpumalanga,vd_code_match
2016,54570214,MP316,MP316 - Dr JS Moroka,Mpumalanga,978,MP316,MP316 - Dr JS Moroka,Mpumalanga,vd_code_match
2016,54570225,MP316,MP316 - Dr JS Moroka,Mpumalanga,1240,MP316,MP316 - Dr JS Moroka,Mpumalanga,vd_code_match
2016,54570236,MP316,MP316 - Dr JS Moroka,Mpumalanga,1447,MP316,MP316 - Dr JS Moroka,Mpumalanga,vd_code_match
2016,54570247,MP316,MP316 - Dr JS Moroka,Mpumalanga,1157,MP316,MP316 - Dr JS Moroka,Mpumalanga,vd_code_match
2016,54570258,MP316,MP316 - Dr JS Moroka,Mpumalanga,1539,MP316,MP316 - Dr JS Moroka,Mpumalanga,vd_code_match
2016,54570269,MP316,MP316 - Dr JS Moroka,Mpumalanga,1036,MP316,MP316 - Dr JS Moroka,Mpumalanga,vd_code_match
2016,54570270,MP316,MP316 - Dr JS Moroka,Mpumalanga,1064,MP316,MP316 - Dr JS Moroka,Mpumalanga,vd_code_match
2016,54570281,MP316,MP316 - Dr JS Moroka,Mpumalanga,995,MP316,MP316 - Dr JS Moroka,Mpumalanga,vd_code_match
2016,54570292,MP316,MP316 - Dr JS Moroka,Mpumalanga,800,MP316,MP316 - Dr JS Moroka,Mpumalanga,vd_code_match
2016,54570304,MP316,MP316 - Dr JS Moroka,Mpumalanga,523,MP316,MP316 - Dr JS Moroka,Mpumalanga,vd_code_match
2016,54570315,MP316,MP316 - Dr JS Moroka,Mpumalanga,752,MP316,MP316 - Dr JS Moroka,Mpumalanga,vd_code_match
2016,54570326,MP316,MP316 - Dr JS Moroka,Mpumalanga,1574,MP316,MP316 - Dr JS Moroka,Mpumalanga,vd_code_match
2016,54570337,MP316,MP316 - Dr JS Moroka,Mpumalanga,333,MP316,MP316 - Dr JS Moroka,Mpumalanga,vd_code_match
2016,54570348,MP316,MP316 - Dr JS Moroka,Mpumalanga,358,MP316,MP316 - Dr JS Moroka,Mpumalanga,vd_code_match
2016,54570359,MP316,MP316 - Dr JS Moroka,Mpumalanga,1182,MP316,MP316 - Dr JS Moroka,Mpumalanga,vd_code_match
2016,54570360,MP316,MP316 - Dr JS Moroka,Mpumalanga,806,MP316,MP316 - Dr JS Moroka,Mpumalanga,vd_code_match
2016,54570371,MP316,MP316 - Dr JS Moroka,Mpumalanga,766,MP316,MP316 - Dr JS Moroka,Mpumalanga,vd_code_match
2016,54570393,MP316,MP316 - Dr JS Moroka,Mpumalanga,278,MP316,MP316 - Dr JS Moroka,Mpumalanga,vd_code_match
2016,54570405,MP316,MP316 - Dr JS Moroka,Mpumalanga,722,MP316,MP316 - Dr JS Moroka,Mpumalanga,vd_code_match
2016,54570416,MP316,MP316 - Dr JS Moroka,Mpumalanga,347,MP316,MP316 - Dr JS Moroka,Mpumalanga,vd_code_match
2016,54570427,MP316,MP316 - Dr JS Moroka,Mpumalanga,533,MP316,MP316 - Dr JS Moroka,Mpumalanga,vd_code_match
2016,54570438,MP316,MP316 - Dr JS Moroka,Mpumalanga,437,MP316,MP316 - Dr JS Moroka,Mpumalanga,vd_code_match
2016,54580013,MP316,MP316 - Dr JS Moroka,Mpumalanga,1212,MP316,MP316 - Dr JS Moroka,Mpumalanga,vd_code_match
2016,54580035,MP316,MP316 - Dr JS Moroka,Mpumalanga,2314,MP316,MP316 - Dr JS Moroka,Mpumalanga,vd_code_match
2016,54580046,MP316,MP316 - Dr JS Moroka,Mpumalanga,1655,MP316,MP316 - Dr JS Moroka,Mpumalanga,vd_code_match
2016,54580057,MP316,MP316 - Dr JS Moroka,Mpumalanga,1273,MP316,MP316 - Dr JS Moroka,Mpumalanga,vd_code_match
2016,54580068,MP316,MP316 - Dr JS Moroka,Mpumalanga,1602,MP316,MP316 - Dr JS Moroka,Mpumalanga,vd_code_match
2016,54580079,MP316,MP316 - Dr JS Moroka,Mpumalanga,1820,MP316,MP316 - Dr JS Moroka,Mpumalanga,vd_code_match
2016,54580080,MP316,MP316 - Dr JS Moroka,Mpumalanga,1859,MP316,MP316 - Dr JS Moroka,Mpumalanga,vd_code_match
2016,54580091,MP316,MP316 - Dr JS Moroka,Mpumalanga,1454,MP316,MP316 - Dr JS Moroka,Mpumalanga,vd_code_match
2016,54580103,MP316,MP316 - Dr JS Moroka,Mpumalanga,975,MP316,MP316 - Dr JS Moroka,Mpumalanga,vd_code_match
2016,54580114,MP316,MP316 - Dr JS Moroka,Mpumalanga,454,MP316,MP316 - Dr JS Moroka,Mpumalanga,vd_code_match
2016,54580125,MP316,MP316 - Dr JS Moroka,Mpumalanga,818,MP316,MP316 - Dr JS Moroka,Mpumalanga,vd_code_match
2016,54580136,MP316,MP316 - Dr JS Moroka,Mpumalanga,1637,MP316,MP316 - Dr JS Moroka,Mpumalanga,vd_code_match
2016,54580158,MP316,MP316 - Dr JS Moroka,Mpumalanga,1358,MP316,MP316 - Dr JS Moroka,Mpumalanga,vd_code_match
2016,54580169,MP316,MP316 - Dr JS Moroka,Mpumalanga,1394,MP316,MP316 - Dr JS Moroka,Mpumalanga,vd_code_match
2016,54580181,MP315,MP315 - Thembisile Hani,Mpumalanga,541,MP315,MP315 - Thembisile Hani,Mpumalanga,vd_code_match
2016,54580192,MP316,MP316 - Dr JS Moroka,Mpumalanga,1364,MP316,MP316 - Dr JS Moroka,Mpumalanga,vd_code_match
2016,54580204,MP316,MP316 - Dr JS Moroka,Mpumalanga,1153,MP316,MP316 - Dr JS Moroka,Mpumalanga,vd_code_match
2016,54580215,MP316,MP316 - Dr JS Moroka,Mpumalanga,1149,MP316,MP316 - Dr JS Moroka,Mpumalanga,vd_code_match
2016,54580226,MP316,MP316 - Dr JS Moroka,Mpumalanga,103,MP316,MP316 - Dr JS Moroka,Mpumalanga,vd_code_match
2016,54580237,MP316,MP316 - Dr JS Moroka,Mpumalanga,1025,MP316,MP316 - Dr JS Moroka,Mpumalanga,vd_code_match
2016,54580248,MP316,MP316 - Dr JS Moroka,Mpumalanga,806,MP316,MP316 - Dr JS Moroka,Mpumalanga,vd_code_match
2016,54580259,MP316,MP316 - Dr JS Moroka,Mpumalanga,763,MP316,MP316 - Dr JS Moroka,Mpumalanga,vd_code_match
2016,54580260,MP316,MP316 - Dr JS Moroka,Mpumalanga,1157,MP316,MP316 - Dr JS Moroka,Mpumalanga,vd_code_match
2016,54580271,MP316,MP316 - Dr JS Moroka,Mpumalanga,1207,MP316,MP316 - Dr JS Moroka,Mpumalanga,vd_code_match
2016,54580282,MP316,MP316 - Dr JS Moroka,Mpumalanga,660,MP316,MP316 - Dr JS Moroka,Mpumalanga,vd_code_match
2016,54580293,MP316,MP316 - Dr JS Moroka,Mpumalanga,529,MP316,MP316 - Dr JS Moroka,Mpumalanga,vd_code_match
2016,54580305,MP316,MP316 - Dr JS Moroka,Mpumalanga,561,MP316,MP316 - Dr JS Moroka,Mpumalanga,vd_code_match
2016,54580316,MP316,MP316 - Dr JS Moroka,Mpumalanga,703,MP316,MP316 - Dr JS Moroka,Mpumalanga,vd_code_match
2016,54590014,MP316,MP316 - Dr JS Moroka,Mpumalanga,1532,MP316,MP316 - Dr JS Moroka,Mpumalanga,vd_code_match
2016,54590025,MP316,MP316 - Dr JS Moroka,Mpumalanga,1741,MP316,MP316 - Dr JS Moroka,Mpumalanga,vd_code_match
2016,54590036,MP316,MP316 - Dr JS Moroka,Mpumalanga,1822,MP316,MP316 - Dr JS Moroka,Mpumalanga,vd_code_match
2016,54590047,MP316,MP316 - Dr JS Moroka,Mpumalanga,1568,MP316,MP316 - Dr JS Moroka,Mpumalanga,vd_code_match
2016,54590058,MP316,MP316 - Dr JS Moroka,Mpumalanga,2197,MP316,MP316 - Dr JS Moroka,Mpumalanga,vd_code_match
2016,54590069,MP316,MP316 - Dr JS Moroka,Mpumalanga,1435,MP316,MP316 - Dr JS Moroka,Mpumalanga,vd_code_match
2016,54590070,MP316,MP316 - Dr JS Moroka,Mpumalanga,1616,MP316,MP316 - Dr JS Moroka,Mpumalanga,vd_code_match
2016,54590081,MP316,MP316 - Dr JS Moroka,Mpumalanga,1070,MP316,MP316 - Dr JS Moroka,Mpumalanga,vd_code_match
2016,54590092,MP316,MP316 - Dr JS Moroka,Mpumalanga,1751,MP316,MP316 - Dr JS Moroka,Mpumalanga,vd_code_match
2016,54590104,MP316,MP316 - Dr JS Moroka,Mpumalanga,1182,MP316,MP316 - Dr JS Moroka,Mpumalanga,vd_code_match
2016,54590115,MP316,MP316 - Dr JS Moroka,Mpumalanga,1717,MP316,MP316 - Dr JS Moroka,Mpumalanga,vd_code_match
2016,54590126,MP316,MP316 - Dr JS Moroka,Mpumalanga,1654,MP316,MP316 - Dr JS Moroka,Mpumalanga,vd_code_match
2016,54590137,MP316,MP316 - Dr JS Moroka,Mpumalanga,1576,MP316,MP316 - Dr JS Moroka,Mpumalanga,vd_code_match
2016,54590148,MP316,MP316 - Dr JS Moroka,Mpumalanga,1435,MP316,MP316 - Dr JS Moroka,Mpumalanga,vd_code_match
2016,54590159,MP316,MP316 - Dr JS Moroka,Mpumalanga,1595,MP316,MP316 - Dr JS Moroka,Mpumalanga,vd_code_match
2016,54590160,MP316,MP316 - Dr JS Moroka,Mpumalanga,1441,MP316,MP316 - Dr JS Moroka,Mpumalanga,vd_code_match
2016,54590171,MP316,MP316 - Dr JS Moroka,Mpumalanga,2322,MP316,MP316 - Dr JS Moroka,Mpumalanga,vd_code_match
2016,54590182,MP316,MP316 - Dr JS Moroka,Mpumalanga,1769,MP316,MP316 - Dr JS Moroka,Mpumalanga,vd_code_match
2016,54590193,MP316,MP316 - Dr JS Moroka,Mpumalanga,1520,MP316,MP316 - Dr JS Moroka,Mpumalanga,vd_code_match
2016,54590205,MP316,MP316 - Dr JS Moroka,Mpumalanga,1969,MP316,MP316 - Dr JS Moroka,Mpumalanga,vd_code_match
2016,54590216,MP316,MP316 - Dr JS Moroka,Mpumalanga,1432,MP316,MP316 - Dr JS Moroka,Mpumalanga,vd_code_match
2016,54590227,MP316,MP316 - Dr JS Moroka,Mpumalanga,1671,MP316,MP316 - Dr JS Moroka,Mpumalanga,vd_code_match
2016,54590238,MP316,MP316 - Dr JS Moroka,Mpumalanga,2019,MP316,MP316 - Dr JS Moroka,Mpumalanga,vd_code_match
2016,54590250,MP316,MP316 - Dr JS Moroka,Mpumalanga,1002,MP316,MP316 - Dr JS Moroka,Mpumalanga,vd_code_match
2016,54590261,MP316,MP316 - Dr JS Moroka,Mpumalanga,1152,MP316,MP316 - Dr JS Moroka,Mpumalanga,vd_code_match
2016,54590272,MP316,MP316 - Dr JS Moroka,Mpumalanga,1417,MP316,MP316 - Dr JS Moroka,Mpumalanga,vd_code_match
2016,54590283,MP316,MP316 - Dr JS Moroka,Mpumalanga,1044,MP316,MP316 - Dr JS Moroka,Mpumalanga,vd_code_match
2016,54590294,MP316,MP316 - Dr JS Moroka,Mpumalanga,452,MP316,MP316 - Dr JS Moroka,Mpumalanga,vd_code_match
2016,54590306,MP316,MP316 - Dr JS Moroka,Mpumalanga,1475,MP316,MP316 - Dr JS Moroka,Mpumalanga,vd_code_match
2016,54590328,MP316,MP316 - Dr JS Moroka,Mpumalanga,1053,MP316,MP316 - Dr JS Moroka,Mpumalanga,vd_code_match
2016,54590339,MP316,MP316 - Dr JS Moroka,Mpumalanga,713,MP316,MP316 - Dr JS Moroka,Mpumalanga,vd_code_match
2016,54590340,MP316,MP316 - Dr JS Moroka,Mpumalanga,2007,MP316,MP316 - Dr JS Moroka,Mpumalanga,vd_code_match
2016,54590351,MP316,MP316 - Dr JS Moroka,Mpumalanga,976,MP316,MP316 - Dr JS Moroka,Mpumalanga,vd_code_match
2016,54590362,MP316,MP316 - Dr JS Moroka,Mpumalanga,999,MP316,MP316 - Dr JS Moroka,Mpumalanga,vd_code_match
2016,54590373,MP316,MP316 - Dr JS Moroka,Mpumalanga,330,MP316,MP316 - Dr JS Moroka,Mpumalanga,vd_code_match
2016,54590384,MP316,MP316 - Dr JS Moroka,Mpumalanga,1210,MP316,MP316 - Dr JS Moroka,Mpumalanga,vd_code_match
2016,54590395,MP316,MP316 - Dr JS Moroka,Mpumalanga,517,MP316,MP316 - Dr JS Moroka,Mpumalanga,vd_code_match
2016,54590407,MP316,MP316 - Dr JS Moroka,Mpumalanga,604,MP316,MP316 - Dr JS Moroka,Mpumalanga,vd_code_match
2016,54590418,MP316,MP316 - Dr JS Moroka,Mpumalanga,717,MP316,MP316 - Dr JS Moroka,Mpumalanga,vd_code_match
2016,54590429,MP316,MP316 - Dr JS Moroka,Mpumalanga,1150,MP316,MP316 - Dr JS Moroka,Mpumalanga,vd_code_match
2016,54590430,MP316,MP316 - Dr JS Moroka,Mpumalanga,1028,MP316,MP316 - Dr JS Moroka,Mpumalanga,vd_code_match
2016,54590441,MP316,MP316 - Dr JS Moroka,Mpumalanga,877,MP316,MP316 - Dr JS Moroka,Mpumalanga,vd_code_match
2016,54590452,MP316,MP316 - Dr JS Moroka,Mpumalanga,857,MP316,MP316 - Dr JS Moroka,Mpumalanga,vd_code_match
2016,54590463,MP316,MP316 - Dr JS Moroka,Mpumalanga,710,MP316,MP316 - Dr JS Moroka,Mpumalanga,vd_code_match
2016,54590474,MP316,MP316 - Dr JS Moroka,Mpumalanga,379,MP316,MP316 - Dr JS Moroka,Mpumalanga,vd_code_match
2016,54590485,MP316,MP316 - Dr JS Moroka,Mpumalanga,579,MP316,MP316 - Dr JS Moroka,Mpumalanga,vd_code_match
2016,54590496,MP316,MP316 - Dr JS Moroka,Mpumalanga,495,MP316,MP316 - Dr JS Moroka,Mpumalanga,vd_code_match
2016,54590508,MP316,MP316 - Dr JS Moroka,Mpumalanga,857,MP316,MP316 - Dr JS Moroka,Mpumalanga,vd_code_match
2016,54590519,MP316,MP316 - Dr JS Moroka,Mpumalanga,773,MP316,MP316 - Dr JS Moroka,Mpumalanga,vd_code_match
2016,54590520,MP316,MP316 - Dr JS Moroka,Mpumalanga,499,MP316,MP316 - Dr JS Moroka,Mpumalanga,vd_code_match
2016,54600016,MP313,MP313 - Steve Tshwete,Mpumalanga,1630,MP313,MP313 - Steve Tshwete,Mpumalanga,vd_code_match
2016,54600027,MP313,MP313 - Steve Tshwete,Mpumalanga,2525,MP313,MP313 - Steve Tshwete,Mpumalanga,vd_code_match
2016,54600038,MP313,MP313 - Steve Tshwete,Mpumalanga,3268,MP313,MP313 - Steve Tshwete,Mpumalanga,vd_code_match
2016,54600049,MP313,MP313 - Steve Tshwete,Mpumalanga,1763,MP313,MP313 - Steve Tshwete,Mpumalanga,vd_code_match
2016,54600050,MP313,MP313 - Steve Tshwete,Mpumalanga,2153,MP313,MP313 - Steve Tshwete,Mpumalanga,vd_code_match
2016,54600061,MP313,MP313 - Steve Tshwete,Mpumalanga,3005,MP313,MP313 - Steve Tshwete,Mpumalanga,vd_code_match
2016,54600072,MP313,MP313 - Steve Tshwete,Mpumalanga,2905,MP313,MP313 - Steve Tshwete,Mpumalanga,vd_code_match
2016,54600083,MP313,MP313 - Steve Tshwete,Mpumalanga,2320,MP313,MP313 - Steve Tshwete,Mpumalanga,vd_code_match
2016,54600094,MP313,MP313 - Steve Tshwete,Mpumalanga,2359,MP313,MP313 - Steve Tshwete,Mpumalanga,vd_code_match
2016,54600106,MP313,MP313 - Steve Tshwete,Mpumalanga,2980,MP313,MP313 - Steve Tshwete,Mpumalanga,vd_code_match
2016,54600117,MP313,MP313 - Steve Tshwete,Mpumalanga,916,MP313,MP313 - Steve Tshwete,Mpumalanga,vd_code_match
2016,54600128,MP313,MP313 - Steve Tshwete,Mpumalanga,2199,MP313,MP313 - Steve Tshwete,Mpumalanga,vd_code_match
2016,54600139,MP313,MP313 - Steve Tshwete,Mpumalanga,1985,MP313,MP313 - Steve Tshwete,Mpumalanga,vd_code_match
2016,54600140,MP313,MP313 - Steve Tshwete,Mpumalanga,4577,MP313,MP313 - Steve Tshwete,Mpumalanga,vd_code_match
2016,54600151,MP313,MP313 - Steve Tshwete,Mpumalanga,2235,MP313,MP313 - Steve Tshwete,Mpumalanga,vd_code_match
2016,54600162,MP313,MP313 - Steve Tshwete,Mpumalanga,2992,MP313,MP313 - Steve Tshwete,Mpumalanga,vd_code_match
2016,54600173,MP313,MP313 - Steve Tshwete,Mpumalanga,2215,MP313,MP313 - Steve Tshwete,Mpumalanga,vd_code_match
2016,54600184,MP313,MP313 - Steve Tshwete,Mpumalanga,2552,MP313,MP313 - Steve Tshwete,Mpumalanga,vd_code_match
2016,54600195,MP313,MP313 - Steve Tshwete,Mpumalanga,3088,MP313,MP313 - Steve Tshwete,Mpumalanga,vd_code_match
2016,54600207,MP313,MP313 - Steve Tshwete,Mpumalanga,3523,MP313,MP313 - Steve Tshwete,Mpumalanga,vd_code_match
2016,54600218,MP313,MP313 - Steve Tshwete,Mpumalanga,2141,MP313,MP313 - Steve Tshwete,Mpumalanga,vd_code_match
2016,54600229,MP313,MP313 - Steve Tshwete,Mpumalanga,2303,MP313,MP313 - Steve Tshwete,Mpumalanga,vd_code_match
2016,54600230,MP313,MP313 - Steve Tshwete,Mpumalanga,1369,MP313,MP313 - Steve Tshwete,Mpumalanga,vd_code_match
2016,54600241,MP313,MP313 - Steve Tshwete,Mpumalanga,1399,MP313,MP313 - Steve Tshwete,Mpumalanga,vd_code_match
2016,54600252,MP313,MP313 - Steve Tshwete,Mpumalanga,4726,MP313,MP313 - Steve Tshwete,Mpumalanga,vd_code_match
2016,54600263,MP313,MP313 - Steve Tshwete,Mpumalanga,1098,MP313,MP313 - Steve Tshwete,Mpumalanga,vd_code_match
2016,54600274,MP313,MP313 - Steve Tshwete,Mpumalanga,744,MP313,MP313 - Steve Tshwete,Mpumalanga,vd_code_match
2016,54600285,MP313,MP313 - Steve Tshwete,Mpumalanga,964,MP313,MP313 - Steve Tshwete,Mpumalanga,vd_code_match
2016,54600296,MP313,MP313 - Steve Tshwete,Mpumalanga,769,MP313,MP313 - Steve Tshwete,Mpumalanga,vd_code_match
2016,54600308,MP313,MP313 - Steve Tshwete,Mpumalanga,812,MP313,MP313 - Steve Tshwete,Mpumalanga,vd_code_match
2016,54600319,MP313,MP313 - Steve Tshwete,Mpumalanga,1534,MP313,MP313 - Steve Tshwete,Mpumalanga,vd_code_match
2016,54600320,MP313,MP313 - Steve Tshwete,Mpumalanga,1348,MP313,MP313 - Steve Tshwete,Mpumalanga,vd_code_match
2016,54600331,MP313,MP313 - Steve Tshwete,Mpumalanga,342,MP313,MP313 - Steve Tshwete,Mpumalanga,vd_code_match
2016,54600342,MP313,MP313 - Steve Tshwete,Mpumalanga,319,MP313,MP313 - Steve Tshwete,Mpumalanga,vd_code_match
2016,54610028,MP315,MP315 - Thembisile Hani,Mpumalanga,1871,MP315,MP315 - Thembisile Hani,Mpumalanga,vd_code_match
2016,54610039,MP315,MP315 - Thembisile Hani,Mpumalanga,1772,MP315,MP315 - Thembisile Hani,Mpumalanga,vd_code_match
2016,54610040,MP315,MP315 - Thembisile Hani,Mpumalanga,1744,MP315,MP315 - Thembisile Hani,Mpumalanga,vd_code_match
2016,54610051,MP315,MP315 - Thembisile Hani,Mpumalanga,1665,MP315,MP315 - Thembisile Hani,Mpumalanga,vd_code_match
2016,54610062,MP315,MP315 - Thembisile Hani,Mpumalanga,1533,MP315,MP315 - Thembisile Hani,Mpumalanga,vd_code_match
2016,54610073,MP315,MP315 - Thembisile Hani,Mpumalanga,1686,MP315,MP315 - Thembisile Hani,Mpumalanga,vd_code_match
2016,54610084,MP315,MP315 - Thembisile Hani,Mpumalanga,2125,MP315,MP315 - Thembisile Hani,Mpumalanga,vd_code_match
2016,54610095,MP315,MP315 - Thembisile Hani,Mpumalanga,956,MP315,MP315 - Thembisile Hani,Mpumalanga,vd_code_match
2016,54610107,MP315,MP315 - Thembisile Hani,Mpumalanga,1993,MP315,MP315 - Thembisile Hani,Mpumalanga,vd_code_match
2016,54610118,MP315,MP315 - Thembisile Hani,Mpumalanga,1735,MP315,MP315 - Thembisile Hani,Mpumalanga,vd_code_match
2016,54610129,MP315,MP315 - Thembisile Hani,Mpumalanga,1241,MP315,MP315 - Thembisile Hani,Mpumalanga,vd_code_match
2016,54610141,MP315,MP315 - Thembisile Hani,Mpumalanga,1867,MP315,MP315 - Thembisile Hani,Mpumalanga,vd_code_match
2016,54610152,MP315,MP315 - Thembisile Hani,Mpumalanga,1529,MP315,MP315 - Thembisile Hani,Mpumalanga,vd_code_match
2016,54610163,MP315,MP315 - Thembisile Hani,Mpumalanga,1924,MP315,MP315 - Thembisile Hani,Mpumalanga,vd_code_match
2016,54610174,MP315,MP315 - Thembisile Hani,Mpumalanga,1419,MP315,MP315 - Thembisile Hani,Mpumalanga,vd_code_match
2016,54610185,MP315,MP315 - Thembisile Hani,Mpumalanga,1705,MP315,MP315 - Thembisile Hani,Mpumalanga,vd_code_match
2016,54610196,MP315,MP315 - Thembisile Hani,Mpumalanga,1068,MP315,MP315 - Thembisile Hani,Mpumalanga,vd_code_match
2016,54610208,MP315,MP315 - Thembisile Hani,Mpumalanga,1135,MP315,MP315 - Thembisile Hani,Mpumalanga,vd_code_match
2016,54610219,MP315,MP315 - Thembisile Hani,Mpumalanga,2156,MP315,MP315 - Thembisile Hani,Mpumalanga,vd_code_match
2016,54610220,MP315,MP315 - Thembisile Hani,Mpumalanga,86,MP315,MP315 - Thembisile Hani,Mpumalanga,vd_code_match
2016,54610231,MP315,MP315 - Thembisile Hani,Mpumalanga,2005,MP315,MP315 - Thembisile Hani,Mpumalanga,vd_code_match
2016,54610242,MP315,MP315 - Thembisile Hani,Mpumalanga,1387,MP315,MP315 - Thembisile Hani,Mpumalanga,vd_code_match
2016,54610253,MP315,MP315 - Thembisile Hani,Mpumalanga,1963,MP315,MP315 - Thembisile Hani,Mpumalanga,vd_code_match
2016,54610264,MP315,MP315 - Thembisile Hani,Mpumalanga,1740,MP315,MP315 - Thembisile Hani,Mpumalanga,vd_code_match
2016,54610275,MP315,MP315 - Thembisile Hani,Mpumalanga,1696,MP315,MP315 - Thembisile Hani,Mpumalanga,vd_code_match
2016,54610286,MP315,MP315 - Thembisile Hani,Mpumalanga,1127,MP315,MP315 - Thembisile Hani,Mpumalanga,vd_code_match
2016,54610309,MP315,MP315 - Thembisile Hani,Mpumalanga,1236,MP315,MP315 - Thembisile Hani,Mpumalanga,vd_code_match
2016,54610310,MP315,MP315 - Thembisile Hani,Mpumalanga,749,MP315,MP315 - Thembisile Hani,Mpumalanga,vd_code_match
2016,54610321,MP315,MP315 - Thembisile Hani,Mpumalanga,1306,MP315,MP315 - Thembisile Hani,Mpumalanga,vd_code_match
2016,54610332,MP315,MP315 - Thembisile Hani,Mpumalanga,726,MP315,MP315 - Thembisile Hani,Mpumalanga,vd_code_match
2016,54610343,MP315,MP315 - Thembisile Hani,Mpumalanga,917,MP315,MP315 - Thembisile Hani,Mpumalanga,vd_code_match
2016,54610354,MP315,MP315 - Thembisile Hani,Mpumalanga,654,MP315,MP315 - Thembisile Hani,Mpumalanga,vd_code_match
2016,54610365,MP315,MP315 - Thembisile Hani,Mpumalanga,671,MP315,MP315 - Thembisile Hani,Mpumalanga,vd_code_match
2016,54610376,MP315,MP315 - Thembisile Hani,Mpumalanga,963,MP315,MP315 - Thembisile Hani,Mpumalanga,vd_code_match
2016,54610411,MP315,MP315 - Thembisile Hani,Mpumalanga,1306,MP315,MP315 - Thembisile Hani,Mpumalanga,vd_code_match
2016,54610422,MP315,MP315 - Thembisile Hani,Mpumalanga,1026,MP315,MP315 - Thembisile Hani,Mpumalanga,vd_code_match
2016,54610433,MP315,MP315 - Thembisile Hani,Mpumalanga,486,MP315,MP315 - Thembisile Hani,Mpumalanga,vd_code_match
2016,54610444,MP315,MP315 - Thembisile Hani,Mpumalanga,1179,MP315,MP315 - Thembisile Hani,Mpumalanga,vd_code_match
2016,54610455,MP315,MP315 - Thembisile Hani,Mpumalanga,341,MP315,MP315 - Thembisile Hani,Mpumalanga,vd_code_match
2016,54610466,MP315,MP315 - Thembisile Hani,Mpumalanga,703,MP315,MP315 - Thembisile Hani,Mpumalanga,vd_code_match
2016,54610477,MP315,MP315 - Thembisile Hani,Mpumalanga,670,MP315,MP315 - Thembisile Hani,Mpumalanga,vd_code_match
2016,54610488,MP315,MP315 - Thembisile Hani,Mpumalanga,699,MP315,MP315 - Thembisile Hani,Mpumalanga,vd_code_match
2016,54610499,MP315,MP315 - Thembisile Hani,Mpumalanga,1415,MP315,MP315 - Thembisile Hani,Mpumalanga,vd_code_match
2016,54610501,MP315,MP315 - Thembisile Hani,Mpumalanga,692,MP315,MP315 - Thembisile Hani,Mpumalanga,vd_code_match
2016,54610512,MP315,MP315 - Thembisile Hani,Mpumalanga,644,MP315,MP315 - Thembisile Hani,Mpumalanga,vd_code_match
2016,54610523,MP315,MP315 - Thembisile Hani,Mpumalanga,422,MP315,MP315 - Thembisile Hani,Mpumalanga,vd_code_match
2016,54610534,MP315,MP315 - Thembisile Hani,Mpumalanga,94,MP315,MP315 - Thembisile Hani,Mpumalanga,vd_code_match
2016,54610545,MP315,MP315 - Thembisile Hani,Mpumalanga,560,MP315,MP315 - Thembisile Hani,Mpumalanga,vd_code_match
2016,54610556,MP315,MP315 - Thembisile Hani,Mpumalanga,688,MP315,MP315 - Thembisile Hani,Mpumalanga,vd_code_match
2016,54610567,MP315,MP315 - Thembisile Hani,Mpumalanga,246,MP315,MP315 - Thembisile Hani,Mpumalanga,vd_code_match
2016,54610578,MP315,MP315 - Thembisile Hani,Mpumalanga,457,MP315,MP315 - Thembisile Hani,Mpumalanga,vd_code_match
2016,54610589,MP315,MP315 - Thembisile Hani,Mpumalanga,570,MP315,MP315 - Thembisile Hani,Mpumalanga,vd_code_match
2016,54610590,MP315,MP315 - Thembisile Hani,Mpumalanga,432,MP315,MP315 - Thembisile Hani,Mpumalanga,vd_code_match
2016,54610602,MP315,MP315 - Thembisile Hani,Mpumalanga,388,MP315,MP315 - Thembisile Hani,Mpumalanga,vd_code_match
2016,54620423,MP315,MP315 - Thembisile Hani,Mpumalanga,858,MP315,MP315 - Thembisile Hani,Mpumalanga,vd_code_match
2016,54630019,MP312,MP312 - Emalahleni,Mpumalanga,3337,MP312,MP312 - Emalahleni,Mpumalanga,vd_code_match
2016,54630020,MP312,MP312 - Emalahleni,Mpumalanga,2712,MP312,MP312 - Emalahleni,Mpumalanga,vd_code_match
2016,54630031,MP312,MP312 - Emalahleni,Mpumalanga,3160,MP312,MP312 - Emalahleni,Mpumalanga,vd_code_match
2016,54630042,MP312,MP312 - Emalahleni,Mpumalanga,1956,MP312,MP312 - Emalahleni,Mpumalanga,vd_code_match
2016,54630053,MP312,MP312 - Emalahleni,Mpumalanga,2311,MP312,MP312 - Emalahleni,Mpumalanga,vd_code_match
2016,54630064,MP312,MP312 - Emalahleni,Mpumalanga,1352,MP312,MP312 - Emalahleni,Mpumalanga,vd_code_match
2016,54630086,MP312,MP312 - Emalahleni,Mpumalanga,162,MP312,MP312 - Emalahleni,Mpumalanga,vd_code_match
2016,54640010,MP314,MP314 - Emakhazeni,Mpumalanga,1723,MP314,MP314 - Emakhazeni,Mpumalanga,vd_code_match
2016,54640021,MP314,MP314 - Emakhazeni,Mpumalanga,761,MP314,MP314 - Emakhazeni,Mpumalanga,vd_code_match
2016,54640032,MP314,MP314 - Emakhazeni,Mpumalanga,1065,MP314,MP314 - Emakhazeni,Mpumalanga,vd_code_match
2016,54650011,MP312,MP312 - Emalahleni,Mpumalanga,4138,MP312,MP312 - Emalahleni,Mpumalanga,vd_code_match
2016,54650022,MP312,MP312 - Emalahleni,Mpumalanga,2388,MP312,MP312 - Emalahleni,Mpumalanga,vd_code_match
2016,54650033,MP312,MP312 - Emalahleni,Mpumalanga,3361,MP312,MP312 - Emalahleni,Mpumalanga,vd_code_match
2016,54650044,MP312,MP312 - Emalahleni,Mpumalanga,4749,MP312,MP312 - Emalahleni,Mpumalanga,vd_code_match
2016,54650055,MP312,MP312 - Emalahleni,Mpumalanga,2727,MP312,MP312 - Emalahleni,Mpumalanga,vd_code_match
2016,54650066,MP312,MP312 - Emalahleni,Mpumalanga,2274,MP312,MP312 - Emalahleni,Mpumalanga,vd_code_match
2016,54650077,MP312,MP312 - Emalahleni,Mpumalanga,1876,MP312,MP312 - Emalahleni,Mpumalanga,vd_code_match
2016,54650088,MP312,MP312 - Emalahleni,Mpumalanga,2263,MP312,MP312 - Emalahleni,Mpumalanga,vd_code_match
2016,54650099,MP312,MP312 - Emalahleni,Mpumalanga,2882,MP312,MP312 - Emalahleni,Mpumalanga,vd_code_match
2016,54650101,MP312,MP312 - Emalahleni,Mpumalanga,2868,MP312,MP312 - Emalahleni,Mpumalanga,vd_code_match
2016,54650112,MP312,MP312 - Emalahleni,Mpumalanga,2120,MP312,MP312 - Emalahleni,Mpumalanga,vd_code_match
2016,54650123,MP312,MP312 - Emalahleni,Mpumalanga,5564,MP312,MP312 - Emalahleni,Mpumalanga,vd_code_match
2016,54650145,MP312,MP312 - Emalahleni,Mpumalanga,2379,MP312,MP312 - Emalahleni,Mpumalanga,vd_code_match
2016,54650156,MP312,MP312 - Emalahleni,Mpumalanga,3542,MP312,MP312 - Emalahleni,Mpumalanga,vd_code_match
2016,54650167,MP312,MP312 - Emalahleni,Mpumalanga,2304,MP312,MP312 - Emalahleni,Mpumalanga,vd_code_match
2016,54650178,MP312,MP312 - Emalahleni,Mpumalanga,2445,MP312,MP312 - Emalahleni,Mpumalanga,vd_code_match
2016,54650189,MP312,MP312 - Emalahleni,Mpumalanga,1678,MP312,MP312 - Emalahleni,Mpumalanga,vd_code_match
2016,54650190,MP312,MP312 - Emalahleni,Mpumalanga,2788,MP312,MP312 - Emalahleni,Mpumalanga,vd_code_match
2016,54650202,MP312,MP312 - Emalahleni,Mpumalanga,2263,MP312,MP312 - Emalahleni,Mpumalanga,vd_code_match
2016,54650213,MP312,MP312 - Emalahleni,Mpumalanga,1880,MP312,MP312 - Emalahleni,Mpumalanga,vd_code_match
2016,54650224,MP312,MP312 - Emalahleni,Mpumalanga,2663,MP312,MP312 - Emalahleni,Mpumalanga,vd_code_match
2016,54650235,MP312,MP312 - Emalahleni,Mpumalanga,2188,MP312,MP312 - Emalahleni,Mpumalanga,vd_code_match
2016,54650246,MP312,MP312 - Emalahleni,Mpumalanga,3505,MP312,MP312 - Emalahleni,Mpumalanga,vd_code_match
2016,54650257,MP312,MP312 - Emalahleni,Mpumalanga,2577,MP312,MP312 - Emalahleni,Mpumalanga,vd_code_match
2016,54650268,MP312,MP312 - Emalahleni,Mpumalanga,1703,MP312,MP312 - Emalahleni,Mpumalanga,vd_code_match
2016,54650279,MP312,MP312 - Emalahleni,Mpumalanga,1380,MP312,MP312 - Emalahleni,Mpumalanga,vd_code_match
2016,54650280,MP312,MP312 - Emalahleni,Mpumalanga,1507,MP312,MP312 - Emalahleni,Mpumalanga,vd_code_match
2016,54650291,MP312,MP312 - Emalahleni,Mpumalanga,2165,MP312,MP312 - Emalahleni,Mpumalanga,vd_code_match
2016,54650303,MP312,MP312 - Emalahleni,Mpumalanga,2154,MP312,MP312 - Emalahleni,Mpumalanga,vd_code_match
2016,54650314,MP312,MP312 - Emalahleni,Mpumalanga,1282,MP312,MP312 - Emalahleni,Mpumalanga,vd_code_match
2016,54650336,MP312,MP312 - Emalahleni,Mpumalanga,2881,MP312,MP312 - Emalahleni,Mpumalanga,vd_code_match
2016,54650347,MP312,MP312 - Emalahleni,Mpumalanga,2257,MP312,MP312 - Emalahleni,Mpumalanga,vd_code_match
2016,54650358,MP312,MP312 - Emalahleni,Mpumalanga,1646,MP312,MP312 - Emalahleni,Mpumalanga,vd_code_match
2016,54650369,MP312,MP312 - Emalahleni,Mpumalanga,2256,MP312,MP312 - Emalahleni,Mpumalanga,vd_code_match
2016,54650370,MP312,MP312 - Emalahleni,Mpumalanga,1367,MP312,MP312 - Emalahleni,Mpumalanga,vd_code_match
2016,54650381,MP312,MP312 - Emalahleni,Mpumalanga,3159,MP312,MP312 - Emalahleni,Mpumalanga,vd_code_match
2016,54650392,MP312,MP312 - Emalahleni,Mpumalanga,2363,MP312,MP312 - Emalahleni,Mpumalanga,vd_code_match
2016,54650404,MP312,MP312 - Emalahleni,Mpumalanga,636,MP312,MP312 - Emalahleni,Mpumalanga,vd_code_match
2016,54650415,MP312,MP312 - Emalahleni,Mpumalanga,2057,MP312,MP312 - Emalahleni,Mpumalanga,vd_code_match
2016,54650426,MP312,MP312 - Emalahleni,Mpumalanga,2839,MP312,MP312 - Emalahleni,Mpumalanga,vd_code_match
2016,54650437,MP312,MP312 - Emalahleni,Mpumalanga,1796,MP312,MP312 - Emalahleni,Mpumalanga,vd_code_match
2016,54650448,MP312,MP312 - Emalahleni,Mpumalanga,3464,MP312,MP312 - Emalahleni,Mpumalanga,vd_code_match
2016,54650459,MP312,MP312 - Emalahleni,Mpumalanga,1379,MP312,MP312 - Emalahleni,Mpumalanga,vd_code_match
2016,54650460,MP312,MP312 - Emalahleni,Mpumalanga,408,MP312,MP312 - Emalahleni,Mpumalanga,vd_code_match
2016,54650471,MP312,MP312 - Emalahleni,Mpumalanga,1154,MP312,MP312 - Emalahleni,Mpumalanga,vd_code_match
2016,54650482,MP312,MP312 - Emalahleni,Mpumalanga,2899,MP312,MP312 - Emalahleni,Mpumalanga,vd_code_match
2016,54650493,MP312,MP312 - Emalahleni,Mpumalanga,546,MP312,MP312 - Emalahleni,Mpumalanga,vd_code_match
2016,54650505,MP312,MP312 - Emalahleni,Mpumalanga,1581,MP312,MP312 - Emalahleni,Mpumalanga,vd_code_match
2016,54650516,MP312,MP312 - Emalahleni,Mpumalanga,2493,MP312,MP312 - Emalahleni,Mpumalanga,vd_code_match
2016,54650527,MP312,MP312 - Emalahleni,Mpumalanga,2140,MP312,MP312 - Emalahleni,Mpumalanga,vd_code_match
2016,54650538,MP312,MP312 - Emalahleni,Mpumalanga,297,MP312,MP312 - Emalahleni,Mpumalanga,vd_code_match
2016,54650549,MP312,MP312 - Emalahleni,Mpumalanga,1554,MP312,MP312 - Emalahleni,Mpumalanga,vd_code_match
2016,54650550,MP312,MP312 - Emalahleni,Mpumalanga,447,MP312,MP312 - Emalahleni,Mpumalanga,vd_code_match
2016,54650561,MP312,MP312 - Emalahleni,Mpumalanga,958,MP312,MP312 - Emalahleni,Mpumalanga,vd_code_match
2016,54650572,MP312,MP312 - Emalahleni,Mpumalanga,482,MP312,MP312 - Emalahleni,Mpumalanga,vd_code_match
2016,54650583,MP312,MP312 - Emalahleni,Mpumalanga,1467,MP312,MP312 - Emalahleni,Mpumalanga,vd_code_match
2016,54650594,MP312,MP312 - Emalahleni,Mpumalanga,2068,MP312,MP312 - Emalahleni,Mpumalanga,vd_code_match
2016,54650606,MP312,MP312 - Emalahleni,Mpumalanga,377,MP312,MP312 - Emalahleni,Mpumalanga,vd_code_match
2016,54650617,MP312,MP312 - Emalahleni,Mpumalanga,3158,MP312,MP312 - Emalahleni,Mpumalanga,vd_code_match
2016,54650628,MP312,MP312 - Emalahleni,Mpumalanga,2811,MP312,MP312 - Emalahleni,Mpumalanga,vd_code_match
2016,54650639,MP312,MP312 - Emalahleni,Mpumalanga,1139,MP312,MP312 - Emalahleni,Mpumalanga,vd_code_match
2016,54650640,MP312,MP312 - Emalahleni,Mpumalanga,775,MP312,MP312 - Emalahleni,Mpumalanga,vd_code_match
2016,54650651,MP312,MP312 - Emalahleni,Mpumalanga,823,MP312,MP312 - Emalahleni,Mpumalanga,vd_code_match
2016,54650662,MP312,MP312 - Emalahleni,Mpumalanga,1849,MP312,MP312 - Emalahleni,Mpumalanga,vd_code_match
2016,54650673,MP312,MP312 - Emalahleni,Mpumalanga,959,MP312,MP312 - Emalahleni,Mpumalanga,vd_code_match
2016,54650684,MP312,MP312 - Emalahleni,Mpumalanga,1008,MP312,MP312 - Emalahleni,Mpumalanga,vd_code_match
2016,54650695,MP312,MP312 - Emalahleni,Mpumalanga,486,MP312,MP312 - Emalahleni,Mpumalanga,vd_code_match
2016,54650718,MP312,MP312 - Emalahleni,Mpumalanga,964,MP312,MP312 - Emalahleni,Mpumalanga,vd_code_match
2016,54650729,MP312,MP312 - Emalahleni,Mpumalanga,360,MP312,MP312 - Emalahleni,Mpumalanga,vd_code_match
2016,54650730,MP312,MP312 - Emalahleni,Mpumalanga,517,MP312,MP312 - Emalahleni,Mpumalanga,vd_code_match
2016,54650741,MP312,MP312 - Emalahleni,Mpumalanga,557,MP312,MP312 - Emalahleni,Mpumalanga,vd_code_match
2016,54650752,MP312,MP312 - Emalahleni,Mpumalanga,702,MP312,MP312 - Emalahleni,Mpumalanga,vd_code_match
2016,54650763,MP312,MP312 - Emalahleni,Mpumalanga,2481,MP312,MP312 - Emalahleni,Mpumalanga,vd_code_match
2016,54650774,MP312,MP312 - Emalahleni,Mpumalanga,1074,MP312,MP312 - Emalahleni,Mpumalanga,vd_code_match
2016,54650785,MP312,MP312 - Emalahleni,Mpumalanga,566,MP312,MP312 - Emalahleni,Mpumalanga,vd_code_match
2016,54650796,MP312,MP312 - Emalahleni,Mpumalanga,591,MP312,MP312 - Emalahleni,Mpumalanga,vd_code_match
2016,54650808,MP312,MP312 - Emalahleni,Mpumalanga,317,MP312,MP312 - Emalahleni,Mpumalanga,vd_code_match
2016,54650819,MP312,MP312 - Emalahleni,Mpumalanga,313,MP312,MP312 - Emalahleni,Mpumalanga,vd_code_match
2016,54650820,MP312,MP312 - Emalahleni,Mpumalanga,244,MP312,MP312 - Emalahleni,Mpumalanga,vd_code_match
2016,54650831,MP312,MP312 - Emalahleni,Mpumalanga,144,MP312,MP312 - Emalahleni,Mpumalanga,vd_code_match
2016,54650842,MP312,MP312 - Emalahleni,Mpumalanga,79,MP312,MP312 - Emalahleni,Mpumalanga,vd_code_match
2016,54660012,MP321,MP321 - Thaba Chweu,Mpumalanga,869,MP321,MP321 - Thaba Chweu,Mpumalanga,vd_code_match
2016,54660023,MP314,MP314 - Emakhazeni,Mpumalanga,238,MP314,MP314 - Emakhazeni,Mpumalanga,vd_code_match
2016,54660034,MP314,MP314 - Emakhazeni,Mpumalanga,112,MP314,MP314 - Emakhazeni,Mpumalanga,vd_code_match
2016,54660045,MP314,MP314 - Emakhazeni,Mpumalanga,110,MP314,MP314 - Emakhazeni,Mpumalanga,vd_code_match
2016,54660056,MP314,MP314 - Emakhazeni,Mpumalanga,223,MP314,MP314 - Emakhazeni,Mpumalanga,municipality_majority
2016,54660067,MP314,MP314 - Emakhazeni,Mpumalanga,1121,MP314,MP314 - Emakhazeni,Mpumalanga,vd_code_match
2016,54660078,MP314,MP314 - Emakhazeni,Mpumalanga,186,MP314,MP314 - Emakhazeni,Mpumalanga,vd_code_match
2016,54660090,MP314,MP314 - Emakhazeni,Mpumalanga,186,MP314,MP314 - Emakhazeni,Mpumalanga,vd_code_match
2016,54660102,MP314,MP314 - Emakhazeni,Mpumalanga,467,MP314,MP314 - Emakhazeni,Mpumalanga,vd_code_match
2016,54660113,MP314,MP314 - Emakhazeni,Mpumalanga,399,MP314,MP314 - Emakhazeni,Mpumalanga,vd_code_match
2016,54660124,MP314,MP314 - Emakhazeni,Mpumalanga,144,MP314,MP314 - Emakhazeni,Mpumalanga,vd_code_match
2016,54660135,MP314,MP314 - Emakhazeni,Mpumalanga,87,MP314,MP314 - Emakhazeni,Mpumalanga,vd_code_match
2016,54660146,MP314,MP314 - Emakhazeni,Mpumalanga,113,MP314,MP314 - Emakhazeni,Mpumalanga,vd_code_match
2016,54660157,MP314,MP314 - Emakhazeni,Mpumalanga,239,MP314,MP314 - Emakhazeni,Mpumalanga,vd_code_match
2016,54660168,MP314,MP314 - Emakhazeni,Mpumalanga,250,MP314,MP314 - Emakhazeni,Mpumalanga,vd_code_match
2016,54660179,MP314,MP314 - Emakhazeni,Mpumalanga,302,MP314,MP314 - Emakhazeni,Mpumalanga,vd_code_match
2016,54660180,MP314,MP314 - Emakhazeni,Mpumalanga,141,MP314,MP314 - Emakhazeni,Mpumalanga,vd_code_match
2016,54660191,MP314,MP314 - Emakhazeni,Mpumalanga,283,MP314,MP314 - Emakhazeni,Mpumalanga,vd_code_match
2016,54660203,MP314,MP314 - Emakhazeni,Mpumalanga,189,MP314,MP314 - Emakhazeni,Mpumalanga,vd_code_match
2016,54660214,MP314,MP314 - Emakhazeni,Mpumalanga,67,MP314,MP314 - Emakhazeni,Mpumalanga,vd_code_match
2016,54680025,MP313,MP313 - Steve Tshwete,Mpumalanga,1978,MP313,MP313 - Steve Tshwete,Mpumalanga,vd_code_match
2016,54680036,MP314,MP314 - Emakhazeni,Mpumalanga,562,MP314,MP314 - Emakhazeni,Mpumalanga,vd_code_match
2016,54680058,MP313,MP313 - Steve Tshwete,Mpumalanga,1085,MP313,MP313 - Steve Tshwete,Mpumalanga,vd_code_match
2016,54680069,MP313,MP313 - Steve Tshwete,Mpumalanga,717,MP313,MP313 - Steve Tshwete,Mpumalanga,vd_code_match
2016,54680070,MP313,MP313 - Steve Tshwete,Mpumalanga,2778,MP313,MP313 - Steve Tshwete,Mpumalanga,vd_code_match
2016,54680081,MP313,MP313 - Steve Tshwete,Mpumalanga,2160,MP313,MP313 - Steve Tshwete,Mpumalanga,vd_code_match
2016,54680092,MP313,MP313 - Steve Tshwete,Mpumalanga,644,MP313,MP313 - Steve Tshwete,Mpumalanga,vd_code_match
2016,54680104,MP313,MP313 - Steve Tshwete,Mpumalanga,283,MP313,MP313 - Steve Tshwete,Mpumalanga,vd_code_match
2016,54680115,MP313,MP313 - Steve Tshwete,Mpumalanga,318,MP313,MP313 - Steve Tshwete,Mpumalanga,vd_code_match
2016,54680126,MP313,MP313 - Steve Tshwete,Mpumalanga,471,MP313,MP313 - Steve Tshwete,Mpumalanga,vd_code_match
2016,54680148,MP313,MP313 - Steve Tshwete,Mpumalanga,1978,MP313,MP313 - Steve Tshwete,Mpumalanga,vd_code_match
2016,54680159,MP313,MP313 - Steve Tshwete,Mpumalanga,911,MP313,MP313 - Steve Tshwete,Mpumalanga,vd_code_match
2016,54680160,MP314,MP314 - Emakhazeni,Mpumalanga,192,MP314,MP314 - Emakhazeni,Mpumalanga,vd_code_match
2016,54680171,MP314,MP314 - Emakhazeni,Mpumalanga,496,MP314,MP314 - Emakhazeni,Mpumalanga,vd_code_match
2016,54680238,MP313,MP313 - Steve Tshwete,Mpumalanga,1839,MP313,MP313 - Steve Tshwete,Mpumalanga,vd_code_match
2016,54680249,MP314,MP314 - Emakhazeni,Mpumalanga,193,MP314,MP314 - Emakhazeni,Mpumalanga,vd_code_match
2016,54680261,MP313,MP313 - Steve Tshwete,Mpumalanga,2834,MP313,MP313 - Steve Tshwete,Mpumalanga,vd_code_match
2016,54680272,MP313,MP313 - Steve Tshwete,Mpumalanga,1919,MP313,MP313 - Steve Tshwete,Mpumalanga,vd_code_match
2016,54680283,MP313,MP313 - Steve Tshwete,Mpumalanga,206,MP313,MP313 - Steve Tshwete,Mpumalanga,vd_code_match
2016,54680294,MP313,MP313 - Steve Tshwete,Mpumalanga,661,MP313,MP313 - Steve Tshwete,Mpumalanga,vd_code_match
2016,54680306,MP313,MP313 - Steve Tshwete,Mpumalanga,605,MP313,MP313 - Steve Tshwete,Mpumalanga,vd_code_match
2016,54680317,MP313,MP313 - Steve Tshwete,Mpumalanga,626,MP313,MP313 - Steve Tshwete,Mpumalanga,vd_code_match
2016,54680328,MP313,MP313 - Steve Tshwete,Mpumalanga,692,MP313,MP313 - Steve Tshwete,Mpumalanga,vd_code_match
2016,54680339,MP313,MP313 - Steve Tshwete,Mpumalanga,267,MP313,MP313 - Steve Tshwete,Mpumalanga,vd_code_match
2016,54680340,MP314,MP314 - Emakhazeni,Mpumalanga,223,MP314,MP314 - Emakhazeni,Mpumalanga,vd_code_match
2016,54680395,MP313,MP313 - Steve Tshwete,Mpumalanga,609,MP313,MP313 - Steve Tshwete,Mpumalanga,vd_code_match
2016,54680407,MP313,MP313 - Steve Tshwete,Mpumalanga,377,MP313,MP313 - Steve Tshwete,Mpumalanga,vd_code_match
2016,54680418,MP313,MP313 - Steve Tshwete,Mpumalanga,84,MP313,MP313 - Steve Tshwete,Mpumalanga,vd_code_match
2016,54680429,MP313,MP313 - Steve Tshwete,Mpumalanga,884,MP313,MP313 - Steve Tshwete,Mpumalanga,vd_code_match
2016,54680430,MP313,MP313 - Steve Tshwete,Mpumalanga,1401,MP313,MP313 - Steve Tshwete,Mpumalanga,vd_code_match
2016,54680441,MP313,MP313 - Steve Tshwete,Mpumalanga,1385,MP313,MP313 - Steve Tshwete,Mpumalanga,vd_code_match
2016,54680452,MP313,MP313 - Steve Tshwete,Mpumalanga,900,MP313,MP313 - Steve Tshwete,Mpumalanga,vd_code_match
2016,54680463,MP313,MP313 - Steve Tshwete,Mpumalanga,215,MP313,MP313 - Steve Tshwete,Mpumalanga,vd_code_match
2016,54690015,MP314,MP314 - Emakhazeni,Mpumalanga,99,MP314,MP314 - Emakhazeni,Mpumalanga,vd_code_match
2016,54690026,MP314,MP314 - Emakhazeni,Mpumalanga,193,MP314,MP314 - Emakhazeni,Mpumalanga,vd_code_match
2016,54690037,MP314,MP314 - Emakhazeni,Mpumalanga,337,MP314,MP314 - Emakhazeni,Mpumalanga,vd_code_match
2016,54690048,MP314,MP314 - Emakhazeni,Mpumalanga,239,MP314,MP314 - Emakhazeni,Mpumalanga,vd_code_match
2016,54700017,MP312,MP312 - Emalahleni,Mpumalanga,567,MP312,MP312 - Emalahleni,Mpumalanga,vd_code_match
2016,54700028,MP312,MP312 - Emalahleni,Mpumalanga,743,MP312,MP312 - Emalahleni,Mpumalanga,vd_code_match
2016,54700039,MP312,MP312 - Emalahleni,Mpumalanga,295,MP312,MP312 - Emalahleni,Mpumalanga,vd_code_match
2016,54700051,MP312,MP312 - Emalahleni,Mpumalanga,2835,MP312,MP312 - Emalahleni,Mpumalanga,vd_code_match
2016,54700062,MP315,MP315 - Thembisile Hani,Mpumalanga,181,MP315,MP315 - Thembisile Hani,Mpumalanga,vd_code_match
2016,54700073,MP312,MP312 - Emalahleni,Mpumalanga,718,MP312,MP312 - Emalahleni,Mpumalanga,vd_code_match
2016,54700084,MP312,MP312 - Emalahleni,Mpumalanga,815,MP312,MP312 - Emalahleni,Mpumalanga,vd_code_match
2016,54700095,MP312,MP312 - Emalahleni,Mpumalanga,1273,MP312,MP312 - Emalahleni,Mpumalanga,vd_code_match
2016,54700118,MP312,MP312 - Emalahleni,Mpumalanga,903,MP312,MP312 - Emalahleni,Mpumalanga,vd_code_match
2016,54700129,MP312,MP312 - Emalahleni,Mpumalanga,503,MP312,MP312 - Emalahleni,Mpumalanga,vd_code_match
2016,54700130,MP312,MP312 - Emalahleni,Mpumalanga,147,MP312,MP312 - Emalahleni,Mpumalanga,vd_code_match
2016,54720019,MP326,MP326 - Mbombela/Umjindi,Mpumalanga,2835,MP326,MP326 - City of Mbombela,Mpumalanga,vd_code_match
2016,54720020,MP326,MP326 - Mbombela/Umjindi,Mpumalanga,2490,MP326,MP326 - City of Mbombela,Mpumalanga,vd_code_match
2016,54720031,MP326,MP326 - Mbombela/Umjindi,Mpumalanga,1709,MP326,MP326 - City of Mbombela,Mpumalanga,vd_code_match
2016,54720042,MP326,MP326 - Mbombela/Umjindi,Mpumalanga,1798,MP326,MP326 - City of Mbombela,Mpumalanga,vd_code_match
2016,54720053,MP326,MP326 - Mbombela/Umjindi,Mpumalanga,1087,MP326,MP326 - City of Mbombela,Mpumalanga,vd_code_match
2016,54720064,MP326,MP326 - Mbombela/Umjindi,Mpumalanga,1907,MP326,MP326 - City of Mbombela,Mpumalanga,vd_code_match
2016,54720075,MP326,MP326 - Mbombela/Umjindi,Mpumalanga,1057,MP326,MP326 - City of Mbombela,Mpumalanga,vd_code_match
2016,54720086,MP326,MP326 - Mbombela/Umjindi,Mpumalanga,2341,MP326,MP326 - City of Mbombela,Mpumalanga,vd_code_match
2016,54720097,MP326,MP326 - Mbombela/Umjindi,Mpumalanga,2709,MP326,MP326 - City of Mbombela,Mpumalanga,vd_code_match
2016,54720109,MP326,MP326 - Mbombela/Umjindi,Mpumalanga,1314,MP326,MP326 - City of Mbombela,Mpumalanga,vd_code_match
2016,54720110,MP326,MP326 - Mbombela/Umjindi,Mpumalanga,706,MP326,MP326 - City of Mbombela,Mpumalanga,vd_code_match
2016,54720121,MP326,MP326 - Mbombela/Umjindi,Mpumalanga,1412,MP326,MP326 - City of Mbombela,Mpumalanga,vd_code_match
2016,54720132,MP326,MP326 - Mbombela/Umjindi,Mpumalanga,445,MP326,MP326 - City of Mbombela,Mpumalanga,vd_code_match
2016,54730010,MP321,MP321 - Thaba Chweu,Mpumalanga,2302,MP321,MP321 - Thaba Chweu,Mpumalanga,vd_code_match
2016,54740011,MP326,MP326 - Mbombela/Umjindi,Mpumalanga,2079,MP326,MP326 - City of Mbombela,Mpumalanga,vd_code_match
2016,54740022,MP326,MP326 - Mbombela/Umjindi,Mpumalanga,1525,MP326,MP326 - City of Mbombela,Mpumalanga,vd_code_match
2016,54740033,MP326,MP326 - Mbombela/Umjindi,Mpumalanga,2149,MP326,MP326 - City of Mbombela,Mpumalanga,vd_code_match
2016,54740044,MP326,MP326 - Mbombela/Umjindi,Mpumalanga,1818,MP326,MP326 - City of Mbombela,Mpumalanga,vd_code_match
2016,54740055,MP326,MP326 - Mbombela/Umjindi,Mpumalanga,1551,MP326,MP326 - City of Mbombela,Mpumalanga,vd_code_match
2016,54740066,MP326,MP326 - Mbombela/Umjindi,Mpumalanga,1632,MP326,MP326 - City of Mbombela,Mpumalanga,vd_code_match
2016,54740077,MP326,MP326 - Mbombela/Umjindi,Mpumalanga,3342,MP326,MP326 - City of Mbombela,Mpumalanga,vd_code_match
2016,54740088,MP326,MP326 - Mbombela/Umjindi,Mpumalanga,1740,MP326,MP326 - City of Mbombela,Mpumalanga,vd_code_match
2016,54740099,MP326,MP326 - Mbombela/Umjindi,Mpumalanga,1897,MP326,MP326 - City of Mbombela,Mpumalanga,vd_code_match
2016,54740101,MP326,MP326 - Mbombela/Umjindi,Mpumalanga,876,MP326,MP326 - City of Mbombela,Mpumalanga,vd_code_match
2016,54740112,MP326,MP326 - Mbombela/Umjindi,Mpumalanga,291,MP326,MP326 - City of Mbombela,Mpumalanga,vd_code_match
2016,54740123,MP326,MP326 - Mbombela/Umjindi,Mpumalanga,1178,MP326,MP326 - City of Mbombela,Mpumalanga,vd_code_match
2016,54740134,MP326,MP326 - Mbombela/Umjindi,Mpumalanga,807,MP326,MP326 - City of Mbombela,Mpumalanga,vd_code_match
2016,54740145,MP326,MP326 - Mbombela/Umjindi,Mpumalanga,900,MP326,MP326 - City of Mbombela,Mpumalanga,vd_code_match
2016,54740156,MP326,MP326 - Mbombela/Umjindi,Mpumalanga,890,MP326,MP326 - City of Mbombela,Mpumalanga,vd_code_match
2016,54740167,MP326,MP326 - Mbombela/Umjindi,Mpumalanga,434,MP326,MP326 - City of Mbombela,Mpumalanga,vd_code_match
2016,54740178,MP326,MP326 - Mbombela/Umjindi,Mpumalanga,713,MP326,MP326 - City of Mbombela,Mpumalanga,vd_code_match
2016,54740189,MP326,MP326 - Mbombela/Umjindi,Mpumalanga,876,MP326,MP326 - City of Mbombela,Mpumalanga,vd_code_match
2016,54740190,MP326,MP326 - Mbombela/Umjindi,Mpumalanga,542,MP326,MP326 - City of Mbombela,Mpumalanga,vd_code_match
2016,54740202,MP326,MP326 - Mbombela/Umjindi,Mpumalanga,133,MP326,MP326 - City of Mbombela,Mpumalanga,vd_code_match
2016,54740213,MP326,MP326 - Mbombela/Umjindi,Mpumalanga,381,MP326,MP326 - City of Mbombela,Mpumalanga,vd_code_match
2016,54740224,MP326,MP326 - Mbombela/Umjindi,Mpumalanga,334,MP326,MP326 - City of Mbombela,Mpumalanga,vd_code_match
2016,54740235,MP326,MP326 - Mbombela/Umjindi,Mpumalanga,188,MP326,MP326 - City of Mbombela,Mpumalanga,vd_code_match
2016,54740246,MP326,MP326 - Mbombela/Umjindi,Mpumalanga,338,MP326,MP326 - City of Mbombela,Mpumalanga,vd_code_match
2016,54740257,MP326,MP326 - Mbombela/Umjindi,Mpumalanga,324,MP326,MP326 - City of Mbombela,Mpumalanga,vd_code_match
2016,54740268,MP326,MP326 - Mbombela/Umjindi,Mpumalanga,403,MP326,MP326 - City of Mbombela,Mpumalanga,vd_code_match
2016,54740279,MP326,MP326 - Mbombela/Umjindi,Mpumalanga,114,MP326,MP326 - City of Mbombela,Mpumalanga,vd_code_match
2016,54750012,MP324,MP324 - Nkomazi,Mpumalanga,3068,MP324,MP324 - Nkomazi,Mpumalanga,vd_code_match
2016,54750023,MP324,MP324 - Nkomazi,Mpumalanga,1676,MP324,MP324 - Nkomazi,Mpumalanga,vd_code_match
2016,54750034,MP324,MP324 - Nkomazi,Mpumalanga,1423,MP324,MP324 - Nkomazi,Mpumalanga,vd_code_match
2016,54750045,MP324,MP324 - Nkomazi,Mpumalanga,1127,MP324,MP324 - Nkomazi,Mpumalanga,vd_code_match
2016,54750056,MP324,MP324 - Nkomazi,Mpumalanga,1342,MP324,MP324 - Nkomazi,Mpumalanga,vd_code_match
2016,54750067,MP324,MP324 - Nkomazi,Mpumalanga,413,MP324,MP324 - Nkomazi,Mpumalanga,vd_code_match
2016,54750078,MP324,MP324 - Nkomazi,Mpumalanga,614,MP324,MP324 - Nkomazi,Mpumalanga,vd_code_match
2016,54750089,MP324,MP324 - Nkomazi,Mpumalanga,213,MP324,MP324 - Nkomazi,Mpumalanga,vd_code_match
2016,54760013,MP321,MP321 - Thaba Chweu,Mpumalanga,2745,MP321,MP321 - Thaba Chweu,Mpumalanga,vd_code_match
2016,54760024,MP321,MP321 - Thaba Chweu,Mpumalanga,2202,MP321,MP321 - Thaba Chweu,Mpumalanga,vd_code_match
2016,54760035,MP321,MP321 - Thaba Chweu,Mpumalanga,1438,MP321,MP321 - Thaba Chweu,Mpumalanga,vd_code_match
2016,54760046,MP321,MP321 - Thaba Chweu,Mpumalanga,2729,MP321,MP321 - Thaba Chweu,Mpumalanga,vd_code_match
2016,54760057,MP321,MP321 - Thaba Chweu,Mpumalanga,1719,MP321,MP321 - Thaba Chweu,Mpumalanga,vd_code_match
2016,54760068,MP321,MP321 - Thaba Chweu,Mpumalanga,775,MP321,MP321 - Thaba Chweu,Mpumalanga,vd_code_match
2016,54760079,MP321,MP321 - Thaba Chweu,Mpumalanga,1901,MP321,MP321 - Thaba Chweu,Mpumalanga,vd_code_match
2016,54760080,MP321,MP321 - Thaba Chweu,Mpumalanga,1526,MP321,MP321 - Thaba Chweu,Mpumalanga,vd_code_match
2016,54760091,MP321,MP321 - Thaba Chweu,Mpumalanga,1112,MP321,MP321 - Thaba Chweu,Mpumalanga,vd_code_match
2016,54760103,MP321,MP321 - Thaba Chweu,Mpumalanga,1356,MP321,MP321 - Thaba Chweu,Mpumalanga,vd_code_match
2016,54760114,MP321,MP321 - Thaba Chweu,Mpumalanga,1707,MP321,MP321 - Thaba Chweu,Mpumalanga,vd_code_match
2016,54760125,MP321,MP321 - Thaba Chweu,Mpumalanga,1744,MP321,MP321 - Thaba Chweu,Mpumalanga,vd_code_match
2016,54770014,MP324,MP324 - Nkomazi,Mpumalanga,1650,MP324,MP324 - Nkomazi,Mpumalanga,vd_code_match
2016,54770036,MP324,MP324 - Nkomazi,Mpumalanga,794,MP324,MP324 - Nkomazi,Mpumalanga,vd_code_match
2016,54770047,MP324,MP324 - Nkomazi,Mpumalanga,312,MP324,MP324 - Nkomazi,Mpumalanga,vd_code_match
2016,54770058,MP324,MP324 - Nkomazi,Mpumalanga,226,MP324,MP324 - Nkomazi,Mpumalanga,vd_code_match
2016,54770069,MP324,MP324 - Nkomazi,Mpumalanga,389,MP324,MP324 - Nkomazi,Mpumalanga,vd_code_match
2016,54780015,MP324,MP324 - Nkomazi,Mpumalanga,886,MP324,MP324 - Nkomazi,Mpumalanga,vd_code_match
2016,54790016,MP326,MP326 - Mbombela/Umjindi,Mpumalanga,2276,MP326,MP326 - City of Mbombela,Mpumalanga,vd_code_match
2016,54790027,MP326,MP326 - Mbombela/Umjindi,Mpumalanga,1535,MP326,MP326 - City of Mbombela,Mpumalanga,vd_code_match
2016,54790038,MP326,MP326 - Mbombela/Umjindi,Mpumalanga,1819,MP326,MP326 - City of Mbombela,Mpumalanga,vd_code_match
2016,54790049,MP326,MP326 - Mbombela/Umjindi,Mpumalanga,2456,MP326,MP326 - City of Mbombela,Mpumalanga,vd_code_match
2016,54790050,MP326,MP326 - Mbombela/Umjindi,Mpumalanga,1381,MP326,MP326 - City of Mbombela,Mpumalanga,vd_code_match
2016,54790061,MP326,MP326 - Mbombela/Umjindi,Mpumalanga,1447,MP326,MP326 - City of Mbombela,Mpumalanga,vd_code_match
2016,54790072,MP326,MP326 - Mbombela/Umjindi,Mpumalanga,1758,MP326,MP326 - City of Mbombela,Mpumalanga,vd_code_match
2016,54790083,MP326,MP326 - Mbombela/Umjindi,Mpumalanga,1846,MP326,MP326 - City of Mbombela,Mpumalanga,vd_code_match
2016,54790094,MP326,MP326 - Mbombela/Umjindi,Mpumalanga,4623,MP326,MP326 - City of Mbombela,Mpumalanga,vd_code_match
2016,54790106,MP326,MP326 - Mbombela/Umjindi,Mpumalanga,1963,MP326,MP326 - City of Mbombela,Mpumalanga,vd_code_match
2016,54790117,MP326,MP326 - Mbombela/Umjindi,Mpumalanga,2687,MP326,MP326 - City of Mbombela,Mpumalanga,vd_code_match
2016,54790139,MP326,MP326 - Mbombela/Umjindi,Mpumalanga,3876,MP326,MP326 - City of Mbombela,Mpumalanga,vd_code_match
2016,54790140,MP326,MP326 - Mbombela/Umjindi,Mpumalanga,2422,MP326,MP326 - City of Mbombela,Mpumalanga,vd_code_match
2016,54790151,MP326,MP326 - Mbombela/Umjindi,Mpumalanga,2140,MP326,MP326 - City of Mbombela,Mpumalanga,vd_code_match
2016,54790162,MP326,MP326 - Mbombela/Umjindi,Mpumalanga,2047,MP326,MP326 - City of Mbombela,Mpumalanga,vd_code_match
2016,54790173,MP326,MP326 - Mbombela/Umjindi,Mpumalanga,1602,MP326,MP326 - City of Mbombela,Mpumalanga,vd_code_match
2016,54790184,MP326,MP326 - Mbombela/Umjindi,Mpumalanga,1494,MP326,MP326 - City of Mbombela,Mpumalanga,vd_code_match
2016,54790195,MP326,MP326 - Mbombela/Umjindi,Mpumalanga,849,MP326,MP326 - City of Mbombela,Mpumalanga,vd_code_match
2016,54790207,MP326,MP326 - Mbombela/Umjindi,Mpumalanga,1961,MP326,MP326 - City of Mbombela,Mpumalanga,vd_code_match
2016,54790218,MP326,MP326 - Mbombela/Umjindi,Mpumalanga,3165,MP326,MP326 - City of Mbombela,Mpumalanga,vd_code_match
2016,54790229,MP326,MP326 - Mbombela/Umjindi,Mpumalanga,1159,MP326,MP326 - City of Mbombela,Mpumalanga,vd_code_match
2016,54790230,MP326,MP326 - Mbombela/Umjindi,Mpumalanga,2985,MP326,MP326 - City of Mbombela,Mpumalanga,vd_code_match
2016,54790241,MP326,MP326 - Mbombela/Umjindi,Mpumalanga,1315,MP326,MP326 - City of Mbombela,Mpumalanga,vd_code_match
2016,54790252,MP326,MP326 - Mbombela/Umjindi,Mpumalanga,2038,MP326,MP326 - City of Mbombela,Mpumalanga,vd_code_match
2016,54790274,MP326,MP326 - Mbombela/Umjindi,Mpumalanga,2877,MP326,MP326 - City of Mbombela,Mpumalanga,vd_code_match
2016,54790285,MP326,MP326 - Mbombela/Umjindi,Mpumalanga,2277,MP326,MP326 - City of Mbombela,Mpumalanga,vd_code_match
2016,54790296,MP326,MP326 - Mbombela/Umjindi,Mpumalanga,1644,MP326,MP326 - City of Mbombela,Mpumalanga,vd_code_match
2016,54790308,MP326,MP326 - Mbombela/Umjindi,Mpumalanga,1622,MP326,MP326 - City of Mbombela,Mpumalanga,vd_code_match
2016,54790319,MP326,MP326 - Mbombela/Umjindi,Mpumalanga,3182,MP326,MP326 - City of Mbombela,Mpumalanga,vd_code_match
2016,54790320,MP326,MP326 - Mbombela/Umjindi,Mpumalanga,2227,MP326,MP326 - City of Mbombela,Mpumalanga,vd_code_match
2016,54790331,MP326,MP326 - Mbombela/Umjindi,Mpumalanga,2469,MP326,MP326 - City of Mbombela,Mpumalanga,vd_code_match
2016,54790342,MP326,MP326 - Mbombela/Umjindi,Mpumalanga,1630,MP326,MP326 - City of Mbombela,Mpumalanga,vd_code_match
2016,54790353,MP326,MP326 - Mbombela/Umjindi,Mpumalanga,2059,MP326,MP326 - City of Mbombela,Mpumalanga,vd_code_match
2016,54790364,MP326,MP326 - Mbombela/Umjindi,Mpumalanga,994,MP326,MP326 - City of Mbombela,Mpumalanga,vd_code_match
2016,54790375,MP326,MP326 - Mbombela/Umjindi,Mpumalanga,1713,MP326,MP326 - City of Mbombela,Mpumalanga,vd_code_match
2016,54790386,MP326,MP326 - Mbombela/Umjindi,Mpumalanga,2105,MP326,MP326 - City of Mbombela,Mpumalanga,vd_code_match
2016,54790397,MP326,MP326 - Mbombela/Umjindi,Mpumalanga,2055,MP326,MP326 - City of Mbombela,Mpumalanga,vd_code_match
2016,54790409,MP326,MP326 - Mbombela/Umjindi,Mpumalanga,999,MP326,MP326 - City of Mbombela,Mpumalanga,vd_code_match
2016,54790410,MP326,MP326 - Mbombela/Umjindi,Mpumalanga,2135,MP326,MP326 - City of Mbombela,Mpumalanga,vd_code_match
2016,54790421,MP326,MP326 - Mbombela/Umjindi,Mpumalanga,3225,MP326,MP326 - City of Mbombela,Mpumalanga,vd_code_match
2016,54790432,MP326,MP326 - Mbombela/Umjindi,Mpumalanga,3694,MP326,MP326 - City of Mbombela,Mpumalanga,vd_code_match
2016,54790443,MP326,MP326 - Mbombela/Umjindi,Mpumalanga,2717,MP326,MP326 - City of Mbombela,Mpumalanga,vd_code_match
2016,54790454,MP326,MP326 - Mbombela/Umjindi,Mpumalanga,1217,MP326,MP326 - City of Mbombela,Mpumalanga,vd_code_match
2016,54790465,MP326,MP326 - Mbombela/Umjindi,Mpumalanga,2321,MP326,MP326 - City of Mbombela,Mpumalanga,vd_code_match
2016,54790476,MP326,MP326 - Mbombela/Umjindi,Mpumalanga,59,MP326,MP326 - City of Mbombela,Mpumalanga,municipality_majority
2016,54790487,MP326,MP326 - Mbombela/Umjindi,Mpumalanga,964,MP326,MP326 - City of Mbombela,Mpumalanga,vd_code_match
2016,54790498,MP326,MP326 - Mbombela/Umjindi,Mpumalanga,1866,MP326,MP326 - City of Mbombela,Mpumalanga,vd_code_match
2016,54790500,MP326,MP326 - Mbombela/Umjindi,Mpumalanga,706,MP326,MP326 - City of Mbombela,Mpumalanga,vd_code_match
2016,54790511,MP326,MP326 - Mbombela/Umjindi,Mpumalanga,1173,MP326,MP326 - City of Mbombela,Mpumalanga,vd_code_match
2016,54790522,MP326,MP326 - Mbombela/Umjindi,Mpumalanga,624,MP326,MP326 - City of Mbombela,Mpumalanga,vd_code_match
2016,54790533,MP326,MP326 - Mbombela/Umjindi,Mpumalanga,925,MP326,MP326 - City of Mbombela,Mpumalanga,vd_code_match
2016,54790544,MP326,MP326 - Mbombela/Umjindi,Mpumalanga,1972,MP326,MP326 - City of Mbombela,Mpumalanga,vd_code_match
2016,54790555,MP326,MP326 - Mbombela/Umjindi,Mpumalanga,1532,MP326,MP326 - City of Mbombela,Mpumalanga,vd_code_match
2016,54790566,MP326,MP326 - Mbombela/Umjindi,Mpumalanga,1182,MP326,MP326 - City of Mbombela,Mpumalanga,vd_code_match
2016,54790577,MP326,MP326 - Mbombela/Umjindi,Mpumalanga,1317,MP326,MP326 - City of Mbombela,Mpumalanga,vd_code_match
2016,54790588,MP326,MP326 - Mbombela/Umjindi,Mpumalanga,1258,MP326,MP326 - City of Mbombela,Mpumalanga,vd_code_match
2016,54790599,MP326,MP326 - Mbombela/Umjindi,Mpumalanga,1710,MP326,MP326 - City of Mbombela,Mpumalanga,vd_code_match
2016,54790601,MP326,MP326 - Mbombela/Umjindi,Mpumalanga,733,MP326,MP326 - City of Mbombela,Mpumalanga,vd_code_match
2016,54790612,MP326,MP326 - Mbombela/Umjindi,Mpumalanga,757,MP326,MP326 - City of Mbombela,Mpumalanga,vd_code_match
2016,54790623,MP326,MP326 - Mbombela/Umjindi,Mpumalanga,1314,MP326,MP326 - City of Mbombela,Mpumalanga,vd_code_match
2016,54790634,MP326,MP326 - Mbombela/Umjindi,Mpumalanga,2017,MP326,MP326 - City of Mbombela,Mpumalanga,vd_code_match
2016,54790645,MP326,MP326 - Mbombela/Umjindi,Mpumalanga,1282,MP326,MP326 - City of Mbombela,Mpumalanga,vd_code_match
2016,54790656,MP326,MP326 - Mbombela/Umjindi,Mpumalanga,1452,MP326,MP326 - City of Mbombela,Mpumalanga,vd_code_match
2016,54790667,MP326,MP326 - Mbombela/Umjindi,Mpumalanga,1110,MP326,MP326 - City of Mbombela,Mpumalanga,vd_code_match
2016,54790678,MP326,MP326 - Mbombela/Umjindi,Mpumalanga,620,MP326,MP326 - City of Mbombela,Mpumalanga,vd_code_match
2016,54790690,MP326,MP326 - Mbombela/Umjindi,Mpumalanga,668,MP326,MP326 - City of Mbombela,Mpumalanga,vd_code_match
2016,54790702,MP326,MP326 - Mbombela/Umjindi,Mpumalanga,1004,MP326,MP326 - City of Mbombela,Mpumalanga,vd_code_match
2016,54790713,MP326,MP326 - Mbombela/Umjindi,Mpumalanga,418,MP326,MP326 - City of Mbombela,Mpumalanga,vd_code_match
2016,54790724,MP326,MP326 - Mbombela/Umjindi,Mpumalanga,332,MP326,MP326 - City of Mbombela,Mpumalanga,vd_code_match
2016,54790735,MP326,MP326 - Mbombela/Umjindi,Mpumalanga,563,MP326,MP326 - City of Mbombela,Mpumalanga,vd_code_match
2016,54790746,MP326,MP326 - Mbombela/Umjindi,Mpumalanga,921,MP326,MP326 - City of Mbombela,Mpumalanga,vd_code_match
2016,54790757,MP326,MP326 - Mbombela/Umjindi,Mpumalanga,602,MP326,MP326 - City of Mbombela,Mpumalanga,vd_code_match
2016,54790768,MP326,MP326 - Mbombela/Umjindi,Mpumalanga,527,MP326,MP326 - City of Mbombela,Mpumalanga,vd_code_match
2016,54790791,MP326,MP326 - Mbombela/Umjindi,Mpumalanga,540,MP326,MP326 - City of Mbombela,Mpumalanga,vd_code_match
2016,54790803,MP326,MP326 - Mbombela/Umjindi,Mpumalanga,703,MP326,MP326 - City of Mbombela,Mpumalanga,vd_code_match
2016,54790814,MP326,MP326 - Mbombela/Umjindi,Mpumalanga,123,MP326,MP326 - City of Mbombela,Mpumalanga,vd_code_match
2016,54790825,MP326,MP326 - Mbombela/Umjindi,Mpumalanga,599,MP326,MP326 - City of Mbombela,Mpumalanga,vd_code_match
2016,54790836,MP326,MP326 - Mbombela/Umjindi,Mpumalanga,746,MP326,MP326 - City of Mbombela,Mpumalanga,vd_code_match
2016,54790847,MP326,MP326 - Mbombela/Umjindi,Mpumalanga,583,MP326,MP326 - City of Mbombela,Mpumalanga,vd_code_match
2016,54790858,MP326,MP326 - Mbombela/Umjindi,Mpumalanga,878,MP326,MP326 - City of Mbombela,Mpumalanga,vd_code_match
2016,54790869,MP326,MP326 - Mbombela/Umjindi,Mpumalanga,501,MP326,MP326 - City of Mbombela,Mpumalanga,vd_code_match
2016,54790870,MP326,MP326 - Mbombela/Umjindi,Mpumalanga,455,MP326,MP326 - City of Mbombela,Mpumalanga,vd_code_match
2016,54790881,MP326,MP326 - Mbombela/Umjindi,Mpumalanga,132,MP326,MP326 - City of Mbombela,Mpumalanga,vd_code_match
2016,54790892,MP326,MP326 - Mbombela/Umjindi,Mpumalanga,527,MP326,MP326 - City of Mbombela,Mpumalanga,vd_code_match
2016,54790904,MP326,MP326 - Mbombela/Umjindi,Mpumalanga,423,MP326,MP326 - City of Mbombela,Mpumalanga,vd_code_match
2016,54790915,MP326,MP326 - Mbombela/Umjindi,Mpumalanga,224,MP326,MP326 - City of Mbombela,Mpumalanga,vd_code_match
2016,54800018,MP321,MP321 - Thaba Chweu,Mpumalanga,2560,MP321,MP321 - Thaba Chweu,Mpumalanga,vd_code_match
2016,54800029,MP321,MP321 - Thaba Chweu,Mpumalanga,3030,MP321,MP321 - Thaba Chweu,Mpumalanga,vd_code_match
2016,54800030,MP321,MP321 - Thaba Chweu,Mpumalanga,974,MP321,MP321 - Thaba Chweu,Mpumalanga,vd_code_match
2016,54800041,MP321,MP321 - Thaba Chweu,Mpumalanga,714,MP321,MP321 - Thaba Chweu,Mpumalanga,vd_code_match
2016,54830011,MP326,MP326 - Mbombela/Umjindi,Mpumalanga,2957,MP326,MP326 - City of Mbombela,Mpumalanga,vd_code_match
2016,54830022,MP326,MP326 - Mbombela/Umjindi,Mpumalanga,3916,MP326,MP326 - City of Mbombela,Mpumalanga,vd_code_match
2016,54830033,MP326,MP326 - Mbombela/Umjindi,Mpumalanga,2065,MP326,MP326 - City of Mbombela,Mpumalanga,vd_code_match
2016,54830044,MP326,MP326 - Mbombela/Umjindi,Mpumalanga,2611,MP326,MP326 - City of Mbombela,Mpumalanga,vd_code_match
2016,54830055,MP326,MP326 - Mbombela/Umjindi,Mpumalanga,2170,MP326,MP326 - City of Mbombela,Mpumalanga,vd_code_match
2016,54830066,MP326,MP326 - Mbombela/Umjindi,Mpumalanga,2127,MP326,MP326 - City of Mbombela,Mpumalanga,vd_code_match
2016,54830077,MP326,MP326 - Mbombela/Umjindi,Mpumalanga,1366,MP326,MP326 - City of Mbombela,Mpumalanga,vd_code_match
2016,54830088,MP326,MP326 - Mbombela/Umjindi,Mpumalanga,2677,MP326,MP326 - City of Mbombela,Mpumalanga,vd_code_match
2016,54830099,MP326,MP326 - Mbombela/Umjindi,Mpumalanga,733,MP326,MP326 - City of Mbombela,Mpumalanga,vd_code_match
2016,54830101,MP326,MP326 - Mbombela/Umjindi,Mpumalanga,712,MP326,MP326 - City of Mbombela,Mpumalanga,vd_code_match
2016,54830112,MP326,MP326 - Mbombela/Umjindi,Mpumalanga,488,MP326,MP326 - City of Mbombela,Mpumalanga,vd_code_match
2016,54830134,MP326,MP326 - Mbombela/Umjindi,Mpumalanga,252,MP326,MP326 - City of Mbombela,Mpumalanga,vd_code_match
2016,54830145,MP326,MP326 - Mbombela/Umjindi,Mpumalanga,483,MP326,MP326 - City of Mbombela,Mpumalanga,vd_code_match
2016,54830156,MP326,MP326 - Mbombela/Umjindi,Mpumalanga,337,MP326,MP326 - City of Mbombela,Mpumalanga,vd_code_match
2016,54830167,MP326,MP326 - Mbombela/Umjindi,Mpumalanga,424,MP326,MP326 - City of Mbombela,Mpumalanga,vd_code_match
2016,54830178,MP326,MP326 - Mbombela/Umjindi,Mpumalanga,375,MP326,MP326 - City of Mbombela,Mpumalanga,vd_code_match
2016,54840012,MP326,MP326 - Mbombela/Umjindi,Mpumalanga,512,MP326,MP326 - City of Mbombela,Mpumalanga,vd_code_match
2016,54840034,MP326,MP326 - Mbombela/Umjindi,Mpumalanga,319,MP326,MP326 - City of Mbombela,Mpumalanga,vd_code_match
2016,54840045,MP326,MP326 - Mbombela/Umjindi,Mpumalanga,250,MP326,MP326 - City of Mbombela,Mpumalanga,vd_code_match
2016,54840056,MP326,MP326 - Mbombela/Umjindi,Mpumalanga,184,MP326,MP326 - City of Mbombela,Mpumalanga,vd_code_match
2016,54840067,MP326,MP326 - Mbombela/Umjindi,Mpumalanga,599,MP326,MP326 - City of Mbombela,Mpumalanga,vd_code_match
2016,54840078,MP326,MP326 - Mbombela/Umjindi,Mpumalanga,787,MP326,MP326 - City of Mbombela,Mpumalanga,vd_code_match
2016,54840089,MP326,MP326 - Mbombela/Umjindi,Mpumalanga,485,MP326,MP326 - City of Mbombela,Mpumalanga,vd_code_match
2016,54840102,MP326,MP326 - Mbombela/Umjindi,Mpumalanga,194,MP326,MP326 - City of Mbombela,Mpumalanga,vd_code_match
2016,54840113,MP326,MP326 - Mbombela/Umjindi,Mpumalanga,786,MP326,MP326 - City of Mbombela,Mpumalanga,vd_code_match
2016,54840135,MP326,MP326 - Mbombela/Umjindi,Mpumalanga,1026,MP326,MP326 - City of Mbombela,Mpumalanga,vd_code_match
2016,54840146,MP326,MP326 - Mbombela/Umjindi,Mpumalanga,1916,MP326,MP326 - City of Mbombela,Mpumalanga,vd_code_match
2016,54840157,MP326,MP326 - Mbombela/Umjindi,Mpumalanga,1869,MP326,MP326 - City of Mbombela,Mpumalanga,vd_code_match
2016,54840179,MP326,MP326 - Mbombela/Umjindi,Mpumalanga,195,MP326,MP326 - City of Mbombela,Mpumalanga,vd_code_match
2016,54840180,MP326,MP326 - Mbombela/Umjindi,Mpumalanga,154,MP326,MP326 - City of Mbombela,Mpumalanga,vd_code_match
2016,54840191,MP326,MP326 - Mbombela/Umjindi,Mpumalanga,160,MP326,MP326 - City of Mbombela,Mpumalanga,vd_code_match
2016,54840203,MP326,MP326 - Mbombela/Umjindi,Mpumalanga,514,MP326,MP326 - City of Mbombela,Mpumalanga,vd_code_match
2016,54840214,MP326,MP326 - Mbombela/Umjindi,Mpumalanga,105,MP326,MP326 - City of Mbombela,Mpumalanga,municipality_majority
2016,54850013,MP325,MP325 - Bushbuckridge,Mpumalanga,703,MP325,MP325 - Bushbuckridge,Mpumalanga,vd_code_match
2016,54850024,MP325,MP325 - Bushbuckridge,Mpumalanga,264,MP325,MP325 - Bushbuckridge,Mpumalanga,vd_code_match
2016,54850035,MP325,MP325 - Bushbuckridge,Mpumalanga,57,MP325,MP325 - Bushbuckridge,Mpumalanga,vd_code_match
2016,54860014,MP321,MP321 - Thaba Chweu,Mpumalanga,1109,MP321,MP321 - Thaba Chweu,Mpumalanga,vd_code_match
2016,54860036,MP321,MP321 - Thaba Chweu,Mpumalanga,1127,MP321,MP321 - Thaba Chweu,Mpumalanga,vd_code_match
2016,54860070,MP321,MP321 - Thaba Chweu,Mpumalanga,1205,MP321,MP321 - Thaba Chweu,Mpumalanga,vd_code_match
2016,54860137,MP321,MP321 - Thaba Chweu,Mpumalanga,537,MP321,MP321 - Thaba Chweu,Mpumalanga,vd_code_match
2016,54860159,MP321,MP321 - Thaba Chweu,Mpumalanga,159,MP321,MP321 - Thaba Chweu,Mpumalanga,vd_code_match
2016,54860193,MP321,MP321 - Thaba Chweu,Mpumalanga,267,MP321,MP321 - Thaba Chweu,Mpumalanga,vd_code_match
2016,54860205,MP321,MP321 - Thaba Chweu,Mpumalanga,167,MP321,MP321 - Thaba Chweu,Mpumalanga,vd_code_match
2016,54860216,MP321,MP321 - Thaba Chweu,Mpumalanga,143,MP321,MP321 - Thaba Chweu,Mpumalanga,vd_code_match
2016,54870015,MP326,MP326 - Mbombela/Umjindi,Mpumalanga,229,MP326,MP326 - City of Mbombela,Mpumalanga,vd_code_match
2016,54870026,MP326,MP326 - Mbombela/Umjindi,Mpumalanga,504,MP326,MP326 - City of Mbombela,Mpumalanga,vd_code_match
2016,54870037,MP326,MP326 - Mbombela/Umjindi,Mpumalanga,923,MP326,MP326 - City of Mbombela,Mpumalanga,vd_code_match
2016,54870048,MP326,MP326 - Mbombela/Umjindi,Mpumalanga,1014,MP326,MP326 - City of Mbombela,Mpumalanga,vd_code_match
2016,54870059,MP326,MP326 - Mbombela/Umjindi,Mpumalanga,289,MP326,MP326 - City of Mbombela,Mpumalanga,vd_code_match
2016,54870060,MP326,MP326 - Mbombela/Umjindi,Mpumalanga,1410,MP326,MP326 - City of Mbombela,Mpumalanga,vd_code_match
2016,54870082,MP321,MP321 - Thaba Chweu,Mpumalanga,767,MP321,MP321 - Thaba Chweu,Mpumalanga,vd_code_match
2016,54870093,MP326,MP326 - Mbombela/Umjindi,Mpumalanga,339,MP326,MP326 - City of Mbombela,Mpumalanga,vd_code_match
2016,54870105,MP326,MP326 - Mbombela/Umjindi,Mpumalanga,99,MP326,MP326 - City of Mbombela,Mpumalanga,municipality_majority
2016,54870116,MP326,MP326 - Mbombela/Umjindi,Mpumalanga,1254,MP326,MP326 - City of Mbombela,Mpumalanga,vd_code_match
2016,54870138,MP326,MP326 - Mbombela/Umjindi,Mpumalanga,679,MP326,MP326 - City of Mbombela,Mpumalanga,vd_code_match
2016,54870149,MP326,MP326 - Mbombela/Umjindi,Mpumalanga,1040,MP326,MP326 - City of Mbombela,Mpumalanga,vd_code_match
2016,54870172,MP326,MP326 - Mbombela/Umjindi,Mpumalanga,598,MP326,MP326 - City of Mbombela,Mpumalanga,vd_code_match
2016,54870183,MP326,MP326 - Mbombela/Umjindi,Mpumalanga,2224,MP326,MP326 - City of Mbombela,Mpumalanga,vd_code_match
2016,54870194,MP326,MP326 - Mbombela/Umjindi,Mpumalanga,1063,MP326,MP326 - City of Mbombela,Mpumalanga,vd_code_match
2016,54870228,MP326,MP326 - Mbombela/Umjindi,Mpumalanga,451,MP326,MP326 - City of Mbombela,Mpumalanga,vd_code_match
2016,54870239,MP326,MP326 - Mbombela/Umjindi,Mpumalanga,149,MP326,MP326 - City of Mbombela,Mpumalanga,vd_code_match
2016,54870240,MP326,MP326 - Mbombela/Umjindi,Mpumalanga,308,MP326,MP326 - City of Mbombela,Mpumalanga,vd_code_match
2016,54870251,MP326,MP326 - Mbombela/Umjindi,Mpumalanga,379,MP326,MP326 - City of Mbombela,Mpumalanga,vd_code_match
2016,54870262,MP326,MP326 - Mbombela/Umjindi,Mpumalanga,2396,MP326,MP326 - City of Mbombela,Mpumalanga,vd_code_match
2016,54870273,MP326,MP326 - Mbombela/Umjindi,Mpumalanga,789,MP326,MP326 - City of Mbombela,Mpumalanga,vd_code_match
2016,54870284,MP326,MP326 - Mbombela/Umjindi,Mpumalanga,549,MP326,MP326 - City of Mbombela,Mpumalanga,vd_code_match
2016,54870295,MP326,MP326 - Mbombela/Umjindi,Mpumalanga,536,MP326,MP326 - City of Mbombela,Mpumalanga,vd_code_match
2016,54880016,MP324,MP324 - Nkomazi,Mpumalanga,1290,MP324,MP324 - Nkomazi,Mpumalanga,vd_code_match
2016,54880027,MP324,MP324 - Nkomazi,Mpumalanga,245,MP324,MP324 - Nkomazi,Mpumalanga,vd_code_match
2016,54880038,MP324,MP324 - Nkomazi,Mpumalanga,1371,MP324,MP324 - Nkomazi,Mpumalanga,vd_code_match
2016,54880049,MP324,MP324 - Nkomazi,Mpumalanga,1248,MP324,MP324 - Nkomazi,Mpumalanga,vd_code_match
2016,54880050,MP324,MP324 - Nkomazi,Mpumalanga,2047,MP324,MP324 - Nkomazi,Mpumalanga,vd_code_match
2016,54880061,MP324,MP324 - Nkomazi,Mpumalanga,1127,MP324,MP324 - Nkomazi,Mpumalanga,vd_code_match
2016,54880083,MP324,MP324 - Nkomazi,Mpumalanga,2007,MP324,MP324 - Nkomazi,Mpumalanga,vd_code_match
2016,54880094,MP324,MP324 - Nkomazi,Mpumalanga,2167,MP324,MP324 - Nkomazi,Mpumalanga,vd_code_match
2016,54880106,MP324,MP324 - Nkomazi,Mpumalanga,1388,MP324,MP324 - Nkomazi,Mpumalanga,vd_code_match
2016,54880117,MP324,MP324 - Nkomazi,Mpumalanga,1715,MP324,MP324 - Nkomazi,Mpumalanga,vd_code_match
2016,54880139,MP324,MP324 - Nkomazi,Mpumalanga,2366,MP324,MP324 - Nkomazi,Mpumalanga,vd_code_match
2016,54880162,MP324,MP324 - Nkomazi,Mpumalanga,1968,MP324,MP324 - Nkomazi,Mpumalanga,vd_code_match
2016,54880173,MP324,MP324 - Nkomazi,Mpumalanga,600,MP324,MP324 - Nkomazi,Mpumalanga,vd_code_match
2016,54880184,MP324,MP324 - Nkomazi,Mpumalanga,881,MP324,MP324 - Nkomazi,Mpumalanga,vd_code_match
2016,54880195,MP324,MP324 - Nkomazi,Mpumalanga,1662,MP324,MP324 - Nkomazi,Mpumalanga,vd_code_match
2016,54880207,MP324,MP324 - Nkomazi,Mpumalanga,1088,MP324,MP324 - Nkomazi,Mpumalanga,vd_code_match
2016,54880229,MP324,MP324 - Nkomazi,Mpumalanga,1676,MP324,MP324 - Nkomazi,Mpumalanga,vd_code_match
2016,54880230,MP324,MP324 - Nkomazi,Mpumalanga,1594,MP324,MP324 - Nkomazi,Mpumalanga,vd_code_match
2016,54880241,MP324,MP324 - Nkomazi,Mpumalanga,1503,MP324,MP324 - Nkomazi,Mpumalanga,vd_code_match
2016,54880252,MP324,MP324 - Nkomazi,Mpumalanga,801,MP324,MP324 - Nkomazi,Mpumalanga,vd_code_match
2016,54880263,MP324,MP324 - Nkomazi,Mpumalanga,569,MP324,MP324 - Nkomazi,Mpumalanga,vd_code_match
2016,54880274,MP324,MP324 - Nkomazi,Mpumalanga,855,MP324,MP324 - Nkomazi,Mpumalanga,vd_code_match
2016,54880285,MP324,MP324 - Nkomazi,Mpumalanga,2249,MP324,MP324 - Nkomazi,Mpumalanga,vd_code_match
2016,54880296,MP324,MP324 - Nkomazi,Mpumalanga,761,MP324,MP324 - Nkomazi,Mpumalanga,vd_code_match
2016,54880308,MP324,MP324 - Nkomazi,Mpumalanga,1899,MP324,MP324 - Nkomazi,Mpumalanga,vd_code_match
2016,54880319,MP324,MP324 - Nkomazi,Mpumalanga,1267,MP324,MP324 - Nkomazi,Mpumalanga,vd_code_match
2016,54880342,MP324,MP324 - Nkomazi,Mpumalanga,2755,MP324,MP324 - Nkomazi,Mpumalanga,vd_code_match
2016,54880364,MP324,MP324 - Nkomazi,Mpumalanga,754,MP324,MP324 - Nkomazi,Mpumalanga,vd_code_match
2016,54880375,MP324,MP324 - Nkomazi,Mpumalanga,1046,MP324,MP324 - Nkomazi,Mpumalanga,vd_code_match
2016,54880386,MP324,MP324 - Nkomazi,Mpumalanga,925,MP324,MP324 - Nkomazi,Mpumalanga,vd_code_match
2016,54880397,MP324,MP324 - Nkomazi,Mpumalanga,1559,MP324,MP324 - Nkomazi,Mpumalanga,vd_code_match
2016,54880409,MP324,MP324 - Nkomazi,Mpumalanga,762,MP324,MP324 - Nkomazi,Mpumalanga,vd_code_match
2016,54880410,MP324,MP324 - Nkomazi,Mpumalanga,1831,MP324,MP324 - Nkomazi,Mpumalanga,vd_code_match
2016,54880421,MP324,MP324 - Nkomazi,Mpumalanga,2167,MP324,MP324 - Nkomazi,Mpumalanga,vd_code_match
2016,54880432,MP324,MP324 - Nkomazi,Mpumalanga,704,MP324,MP324 - Nkomazi,Mpumalanga,vd_code_match
2016,54880443,MP324,MP324 - Nkomazi,Mpumalanga,797,MP324,MP324 - Nkomazi,Mpumalanga,vd_code_match
2016,54880454,MP324,MP324 - Nkomazi,Mpumalanga,871,MP324,MP324 - Nkomazi,Mpumalanga,vd_code_match
2016,54880465,MP324,MP324 - Nkomazi,Mpumalanga,889,MP324,MP324 - Nkomazi,Mpumalanga,vd_code_match
2016,54880476,MP324,MP324 - Nkomazi,Mpumalanga,566,MP324,MP324 - Nkomazi,Mpumalanga,vd_code_match
2016,54880487,MP324,MP324 - Nkomazi,Mpumalanga,1306,MP324,MP324 - Nkomazi,Mpumalanga,vd_code_match
2016,54880498,MP324,MP324 - Nkomazi,Mpumalanga,845,MP324,MP324 - Nkomazi,Mpumalanga,vd_code_match
2016,54880500,MP324,MP324 - Nkomazi,Mpumalanga,551,MP324,MP324 - Nkomazi,Mpumalanga,vd_code_match
2016,54880511,MP324,MP324 - Nkomazi,Mpumalanga,818,MP324,MP324 - Nkomazi,Mpumalanga,vd_code_match
2016,54880522,MP324,MP324 - Nkomazi,Mpumalanga,477,MP324,MP324 - Nkomazi,Mpumalanga,vd_code_match
2016,54880533,MP324,MP324 - Nkomazi,Mpumalanga,619,MP324,MP324 - Nkomazi,Mpumalanga,vd_code_match
2016,54880544,MP324,MP324 - Nkomazi,Mpumalanga,712,MP324,MP324 - Nkomazi,Mpumalanga,vd_code_match
2016,54880555,MP324,MP324 - Nkomazi,Mpumalanga,562,MP324,MP324 - Nkomazi,Mpumalanga,vd_code_match
2016,54880566,MP324,MP324 - Nkomazi,Mpumalanga,532,MP324,MP324 - Nkomazi,Mpumalanga,vd_code_match
2016,54880577,MP324,MP324 - Nkomazi,Mpumalanga,582,MP324,MP324 - Nkomazi,Mpumalanga,vd_code_match
2016,54880588,MP324,MP324 - Nkomazi,Mpumalanga,465,MP324,MP324 - Nkomazi,Mpumalanga,vd_code_match
2016,54880599,MP324,MP324 - Nkomazi,Mpumalanga,572,MP324,MP324 - Nkomazi,Mpumalanga,vd_code_match
2016,54880601,MP324,MP324 - Nkomazi,Mpumalanga,540,MP324,MP324 - Nkomazi,Mpumalanga,vd_code_match
2016,54880612,MP324,MP324 - Nkomazi,Mpumalanga,599,MP324,MP324 - Nkomazi,Mpumalanga,vd_code_match
2016,54880623,MP324,MP324 - Nkomazi,Mpumalanga,349,MP324,MP324 - Nkomazi,Mpumalanga,vd_code_match
2016,54880634,MP324,MP324 - Nkomazi,Mpumalanga,544,MP324,MP324 - Nkomazi,Mpumalanga,vd_code_match
2016,54880645,MP324,MP324 - Nkomazi,Mpumalanga,514,MP324,MP324 - Nkomazi,Mpumalanga,vd_code_match
2016,54880656,MP324,MP324 - Nkomazi,Mpumalanga,631,MP324,MP324 - Nkomazi,Mpumalanga,vd_code_match
2016,54880667,MP324,MP324 - Nkomazi,Mpumalanga,505,MP324,MP324 - Nkomazi,Mpumalanga,vd_code_match
2016,54880678,MP324,MP324 - Nkomazi,Mpumalanga,452,MP324,MP324 - Nkomazi,Mpumalanga,vd_code_match
2016,54880689,MP324,MP324 - Nkomazi,Mpumalanga,274,MP324,MP324 - Nkomazi,Mpumalanga,vd_code_match
2016,54890017,MP324,MP324 - Nkomazi,Mpumalanga,1286,MP324,MP324 - Nkomazi,Mpumalanga,vd_code_match
2016,54890039,MP324,MP324 - Nkomazi,Mpumalanga,81,MP324,MP324 - Nkomazi,Mpumalanga,vd_code_match
2016,54890040,MP324,MP324 - Nkomazi,Mpumalanga,445,MP324,MP324 - Nkomazi,Mpumalanga,vd_code_match
2016,54890051,MP324,MP324 - Nkomazi,Mpumalanga,694,MP324,MP324 - Nkomazi,Mpumalanga,vd_code_match
2016,54890073,MP324,MP324 - Nkomazi,Mpumalanga,357,MP324,MP324 - Nkomazi,Mpumalanga,vd_code_match
2016,54890084,MP324,MP324 - Nkomazi,Mpumalanga,755,MP324,MP324 - Nkomazi,Mpumalanga,vd_code_match
2016,54890095,MP326,MP326 - Mbombela/Umjindi,Mpumalanga,1096,MP326,MP326 - City of Mbombela,Mpumalanga,vd_code_match
2016,54890118,MP324,MP324 - Nkomazi,Mpumalanga,837,MP324,MP324 - Nkomazi,Mpumalanga,vd_code_match
2016,54890130,MP324,MP324 - Nkomazi,Mpumalanga,780,MP324,MP324 - Nkomazi,Mpumalanga,vd_code_match
2016,54890141,MP324,MP324 - Nkomazi,Mpumalanga,1090,MP324,MP324 - Nkomazi,Mpumalanga,vd_code_match
2016,54890152,MP324,MP324 - Nkomazi,Mpumalanga,1048,MP324,MP324 - Nkomazi,Mpumalanga,vd_code_match
2016,54890163,MP324,MP324 - Nkomazi,Mpumalanga,1598,MP324,MP324 - Nkomazi,Mpumalanga,vd_code_match
2016,54890174,MP324,MP324 - Nkomazi,Mpumalanga,1144,MP324,MP324 - Nkomazi,Mpumalanga,vd_code_match
2016,54890185,MP324,MP324 - Nkomazi,Mpumalanga,644,MP324,MP324 - Nkomazi,Mpumalanga,vd_code_match
2016,54890196,MP324,MP324 - Nkomazi,Mpumalanga,1157,MP324,MP324 - Nkomazi,Mpumalanga,vd_code_match
2016,54890208,MP324,MP324 - Nkomazi,Mpumalanga,1815,MP324,MP324 - Nkomazi,Mpumalanga,vd_code_match
2016,54890219,MP324,MP324 - Nkomazi,Mpumalanga,1172,MP324,MP324 - Nkomazi,Mpumalanga,vd_code_match
2016,54890220,MP324,MP324 - Nkomazi,Mpumalanga,1802,MP324,MP324 - Nkomazi,Mpumalanga,vd_code_match
2016,54890231,MP324,MP324 - Nkomazi,Mpumalanga,809,MP324,MP324 - Nkomazi,Mpumalanga,vd_code_match
2016,54890242,MP324,MP324 - Nkomazi,Mpumalanga,1359,MP324,MP324 - Nkomazi,Mpumalanga,vd_code_match
2016,54890253,MP324,MP324 - Nkomazi,Mpumalanga,1168,MP324,MP324 - Nkomazi,Mpumalanga,vd_code_match
2016,54890264,MP324,MP324 - Nkomazi,Mpumalanga,1501,MP324,MP324 - Nkomazi,Mpumalanga,vd_code_match
2016,54890275,MP324,MP324 - Nkomazi,Mpumalanga,1407,MP324,MP324 - Nkomazi,Mpumalanga,vd_code_match
2016,54890286,MP324,MP324 - Nkomazi,Mpumalanga,455,MP324,MP324 - Nkomazi,Mpumalanga,vd_code_match
2016,54890297,MP324,MP324 - Nkomazi,Mpumalanga,602,MP324,MP324 - Nkomazi,Mpumalanga,vd_code_match
2016,54890309,MP324,MP324 - Nkomazi,Mpumalanga,1192,MP324,MP324 - Nkomazi,Mpumalanga,vd_code_match
2016,54890310,MP324,MP324 - Nkomazi,Mpumalanga,1501,MP324,MP324 - Nkomazi,Mpumalanga,vd_code_match
2016,54890321,MP324,MP324 - Nkomazi,Mpumalanga,1101,MP324,MP324 - Nkomazi,Mpumalanga,vd_code_match
2016,54890332,MP324,MP324 - Nkomazi,Mpumalanga,1798,MP324,MP324 - Nkomazi,Mpumalanga,vd_code_match
2016,54890343,MP324,MP324 - Nkomazi,Mpumalanga,318,MP324,MP324 - Nkomazi,Mpumalanga,vd_code_match
2016,54890354,MP324,MP324 - Nkomazi,Mpumalanga,488,MP324,MP324 - Nkomazi,Mpumalanga,vd_code_match
2016,54890365,MP324,MP324 - Nkomazi,Mpumalanga,740,MP324,MP324 - Nkomazi,Mpumalanga,vd_code_match
2016,54890376,MP324,MP324 - Nkomazi,Mpumalanga,1210,MP324,MP324 - Nkomazi,Mpumalanga,vd_code_match
2016,54890387,MP324,MP324 - Nkomazi,Mpumalanga,1579,MP324,MP324 - Nkomazi,Mpumalanga,vd_code_match
2016,54890398,MP324,MP324 - Nkomazi,Mpumalanga,1513,MP324,MP324 - Nkomazi,Mpumalanga,vd_code_match
2016,54890400,MP324,MP324 - Nkomazi,Mpumalanga,1480,MP324,MP324 - Nkomazi,Mpumalanga,vd_code_match
2016,54890411,MP324,MP324 - Nkomazi,Mpumalanga,1542,MP324,MP324 - Nkomazi,Mpumalanga,vd_code_match
2016,54890422,MP324,MP324 - Nkomazi,Mpumalanga,807,MP324,MP324 - Nkomazi,Mpumalanga,vd_code_match
2016,54890433,MP324,MP324 - Nkomazi,Mpumalanga,1327,MP324,MP324 - Nkomazi,Mpumalanga,vd_code_match
2016,54890444,MP324,MP324 - Nkomazi,Mpumalanga,834,MP324,MP324 - Nkomazi,Mpumalanga,vd_code_match
2016,54890455,MP324,MP324 - Nkomazi,Mpumalanga,1713,MP324,MP324 - Nkomazi,Mpumalanga,vd_code_match
2016,54890466,MP324,MP324 - Nkomazi,Mpumalanga,835,MP324,MP324 - Nkomazi,Mpumalanga,vd_code_match
2016,54890477,MP324,MP324 - Nkomazi,Mpumalanga,1324,MP324,MP324 - Nkomazi,Mpumalanga,vd_code_match
2016,54890499,MP324,MP324 - Nkomazi,Mpumalanga,795,MP324,MP324 - Nkomazi,Mpumalanga,vd_code_match
2016,54890501,MP324,MP324 - Nkomazi,Mpumalanga,772,MP324,MP324 - Nkomazi,Mpumalanga,vd_code_match
2016,54890512,MP324,MP324 - Nkomazi,Mpumalanga,1423,MP324,MP324 - Nkomazi,Mpumalanga,vd_code_match
2016,54890523,MP324,MP324 - Nkomazi,Mpumalanga,1071,MP324,MP324 - Nkomazi,Mpumalanga,vd_code_match
2016,54890534,MP324,MP324 - Nkomazi,Mpumalanga,1772,MP324,MP324 - Nkomazi,Mpumalanga,vd_code_match
2016,54890556,MP324,MP324 - Nkomazi,Mpumalanga,926,MP324,MP324 - Nkomazi,Mpumalanga,vd_code_match
2016,54890567,MP324,MP324 - Nkomazi,Mpumalanga,1470,MP324,MP324 - Nkomazi,Mpumalanga,vd_code_match
2016,54890578,MP324,MP324 - Nkomazi,Mpumalanga,1027,MP324,MP324 - Nkomazi,Mpumalanga,vd_code_match
2016,54890589,MP324,MP324 - Nkomazi,Mpumalanga,964,MP324,MP324 - Nkomazi,Mpumalanga,vd_code_match
2016,54890590,MP324,MP324 - Nkomazi,Mpumalanga,1152,MP324,MP324 - Nkomazi,Mpumalanga,vd_code_match
2016,54890602,MP324,MP324 - Nkomazi,Mpumalanga,493,MP324,MP324 - Nkomazi,Mpumalanga,vd_code_match
2016,54890613,MP324,MP324 - Nkomazi,Mpumalanga,782,MP324,MP324 - Nkomazi,Mpumalanga,vd_code_match
2016,54890624,MP324,MP324 - Nkomazi,Mpumalanga,1566,MP324,MP324 - Nkomazi,Mpumalanga,vd_code_match
2016,54890635,MP324,MP324 - Nkomazi,Mpumalanga,1195,MP324,MP324 - Nkomazi,Mpumalanga,vd_code_match
2016,54890646,MP324,MP324 - Nkomazi,Mpumalanga,1082,MP324,MP324 - Nkomazi,Mpumalanga,vd_code_match
2016,54890657,MP324,MP324 - Nkomazi,Mpumalanga,2043,MP324,MP324 - Nkomazi,Mpumalanga,vd_code_match
2016,54890668,MP324,MP324 - Nkomazi,Mpumalanga,726,MP324,MP324 - Nkomazi,Mpumalanga,vd_code_match
2016,54890679,MP324,MP324 - Nkomazi,Mpumalanga,1478,MP324,MP324 - Nkomazi,Mpumalanga,vd_code_match
2016,54890680,MP324,MP324 - Nkomazi,Mpumalanga,1016,MP324,MP324 - Nkomazi,Mpumalanga,vd_code_match
2016,54890691,MP324,MP324 - Nkomazi,Mpumalanga,1075,MP324,MP324 - Nkomazi,Mpumalanga,vd_code_match
2016,54890703,MP324,MP324 - Nkomazi,Mpumalanga,164,MP324,MP324 - Nkomazi,Mpumalanga,vd_code_match
2016,54890725,MP324,MP324 - Nkomazi,Mpumalanga,179,MP324,MP324 - Nkomazi,Mpumalanga,vd_code_match
2016,54890736,MP324,MP324 - Nkomazi,Mpumalanga,497,MP324,MP324 - Nkomazi,Mpumalanga,vd_code_match
2016,54890747,MP324,MP324 - Nkomazi,Mpumalanga,1120,MP324,MP324 - Nkomazi,Mpumalanga,vd_code_match
2016,54890758,MP324,MP324 - Nkomazi,Mpumalanga,850,MP324,MP324 - Nkomazi,Mpumalanga,vd_code_match
2016,54890769,MP324,MP324 - Nkomazi,Mpumalanga,616,MP324,MP324 - Nkomazi,Mpumalanga,vd_code_match
2016,54890770,MP324,MP324 - Nkomazi,Mpumalanga,772,MP324,MP324 - Nkomazi,Mpumalanga,vd_code_match
2016,54890781,MP324,MP324 - Nkomazi,Mpumalanga,1278,MP324,MP324 - Nkomazi,Mpumalanga,vd_code_match
2016,54890792,MP324,MP324 - Nkomazi,Mpumalanga,1839,MP324,MP324 - Nkomazi,Mpumalanga,vd_code_match
2016,54890804,MP324,MP324 - Nkomazi,Mpumalanga,896,MP324,MP324 - Nkomazi,Mpumalanga,vd_code_match
2016,54890815,MP324,MP324 - Nkomazi,Mpumalanga,1355,MP324,MP324 - Nkomazi,Mpumalanga,vd_code_match
2016,54890826,MP324,MP324 - Nkomazi,Mpumalanga,1451,MP324,MP324 - Nkomazi,Mpumalanga,vd_code_match
2016,54890837,MP324,MP324 - Nkomazi,Mpumalanga,820,MP324,MP324 - Nkomazi,Mpumalanga,vd_code_match
2016,54890848,MP324,MP324 - Nkomazi,Mpumalanga,274,MP324,MP324 - Nkomazi,Mpumalanga,vd_code_match
2016,54890859,MP324,MP324 - Nkomazi,Mpumalanga,885,MP324,MP324 - Nkomazi,Mpumalanga,vd_code_match
2016,54890860,MP324,MP324 - Nkomazi,Mpumalanga,535,MP324,MP324 - Nkomazi,Mpumalanga,vd_code_match
2016,54890871,MP324,MP324 - Nkomazi,Mpumalanga,367,MP324,MP324 - Nkomazi,Mpumalanga,vd_code_match
2016,54890882,MP324,MP324 - Nkomazi,Mpumalanga,958,MP324,MP324 - Nkomazi,Mpumalanga,vd_code_match
2016,54890893,MP324,MP324 - Nkomazi,Mpumalanga,667,MP324,MP324 - Nkomazi,Mpumalanga,vd_code_match
2016,54890905,MP324,MP324 - Nkomazi,Mpumalanga,398,MP324,MP324 - Nkomazi,Mpumalanga,vd_code_match
2016,54890916,MP324,MP324 - Nkomazi,Mpumalanga,270,MP324,MP324 - Nkomazi,Mpumalanga,vd_code_match
2016,54890927,MP324,MP324 - Nkomazi,Mpumalanga,529,MP324,MP324 - Nkomazi,Mpumalanga,vd_code_match
2016,54890938,MP324,MP324 - Nkomazi,Mpumalanga,360,MP324,MP324 - Nkomazi,Mpumalanga,vd_code_match
2016,54890949,MP324,MP324 - Nkomazi,Mpumalanga,360,MP324,MP324 - Nkomazi,Mpumalanga,vd_code_match
2016,54890950,MP324,MP324 - Nkomazi,Mpumalanga,324,MP324,MP324 - Nkomazi,Mpumalanga,vd_code_match
2016,54890961,MP324,MP324 - Nkomazi,Mpumalanga,385,MP324,MP324 - Nkomazi,Mpumalanga,vd_code_match
2016,54890972,MP324,MP324 - Nkomazi,Mpumalanga,702,MP324,MP324 - Nkomazi,Mpumalanga,vd_code_match
2016,54890983,MP324,MP324 - Nkomazi,Mpumalanga,345,MP324,MP324 - Nkomazi,Mpumalanga,vd_code_match
2016,54890994,MP324,MP324 - Nkomazi,Mpumalanga,522,MP324,MP324 - Nkomazi,Mpumalanga,vd_code_match
2016,54891007,MP324,MP324 - Nkomazi,Mpumalanga,103,MP324,MP324 - Nkomazi,Mpumalanga,vd_code_match
2016,54891018,MP324,MP324 - Nkomazi,Mpumalanga,118,MP324,MP324 - Nkomazi,Mpumalanga,vd_code_match
2016,54891029,MP324,MP324 - Nkomazi,Mpumalanga,155,MP324,MP324 - Nkomazi,Mpumalanga,vd_code_match
2016,54891030,MP324,MP324 - Nkomazi,Mpumalanga,109,MP324,MP324 - Nkomazi,Mpumalanga,vd_code_match
2016,54891041,MP324,MP324 - Nkomazi,Mpumalanga,118,MP324,MP324 - Nkomazi,Mpumalanga,vd_code_match
2016,54900019,MP321,MP321 - Thaba Chweu,Mpumalanga,610,MP321,MP321 - Thaba Chweu,Mpumalanga,vd_code_match
2016,54900020,MP321,MP321 - Thaba Chweu,Mpumalanga,2048,MP321,MP321 - Thaba Chweu,Mpumalanga,vd_code_match
2016,54900031,MP321,MP321 - Thaba Chweu,Mpumalanga,1348,MP321,MP321 - Thaba Chweu,Mpumalanga,vd_code_match
2016,54900042,MP321,MP321 - Thaba Chweu,Mpumalanga,1492,MP321,MP321 - Thaba Chweu,Mpumalanga,vd_code_match
2016,54900053,MP321,MP321 - Thaba Chweu,Mpumalanga,927,MP321,MP321 - Thaba Chweu,Mpumalanga,vd_code_match
2016,54900064,MP321,MP321 - Thaba Chweu,Mpumalanga,1319,MP321,MP321 - Thaba Chweu,Mpumalanga,vd_code_match
2016,54900075,MP321,MP321 - Thaba Chweu,Mpumalanga,263,MP321,MP321 - Thaba Chweu,Mpumalanga,vd_code_match
2016,54900086,MP321,MP321 - Thaba Chweu,Mpumalanga,533,MP321,MP321 - Thaba Chweu,Mpumalanga,vd_code_match
2016,54900097,MP321,MP321 - Thaba Chweu,Mpumalanga,1468,MP321,MP321 - Thaba Chweu,Mpumalanga,vd_code_match
2016,54900109,MP321,MP321 - Thaba Chweu,Mpumalanga,268,MP321,MP321 - Thaba Chweu,Mpumalanga,vd_code_match
2016,54900110,MP321,MP321 - Thaba Chweu,Mpumalanga,321,MP321,MP321 - Thaba Chweu,Mpumalanga,vd_code_match
2016,54900121,MP321,MP321 - Thaba Chweu,Mpumalanga,284,MP321,MP321 - Thaba Chweu,Mpumalanga,vd_code_match
2016,54900132,MP321,MP321 - Thaba Chweu,Mpumalanga,322,MP321,MP321 - Thaba Chweu,Mpumalanga,vd_code_match
2016,54900154,MP321,MP321 - Thaba Chweu,Mpumalanga,119,MP321,MP321 - Thaba Chweu,Mpumalanga,vd_code_match
2016,54900176,MP321,MP321 - Thaba Chweu,Mpumalanga,353,MP321,MP321 - Thaba Chweu,Mpumalanga,vd_code_match
2016,54900187,MP321,MP321 - Thaba Chweu,Mpumalanga,428,MP321,MP321 - Thaba Chweu,Mpumalanga,vd_code_match
2016,54900198,MP321,MP321 - Thaba Chweu,Mpumalanga,660,MP321,MP321 - Thaba Chweu,Mpumalanga,vd_code_match
2016,54900200,MP321,MP321 - Thaba Chweu,Mpumalanga,563,MP321,MP321 - Thaba Chweu,Mpumalanga,vd_code_match
2016,54910010,MP321,MP321 - Thaba Chweu,Mpumalanga,893,MP321,MP321 - Thaba Chweu,Mpumalanga,vd_code_match
2016,54910054,MP326,MP326 - Mbombela/Umjindi,Mpumalanga,733,MP326,MP326 - City of Mbombela,Mpumalanga,vd_code_match
2016,54910065,MP326,MP326 - Mbombela/Umjindi,Mpumalanga,1822,MP326,MP326 - City of Mbombela,Mpumalanga,vd_code_match
2016,54910076,MP326,MP326 - Mbombela/Umjindi,Mpumalanga,1966,MP326,MP326 - City of Mbombela,Mpumalanga,vd_code_match
2016,54910087,MP326,MP326 - Mbombela/Umjindi,Mpumalanga,1819,MP326,MP326 - City of Mbombela,Mpumalanga,vd_code_match
2016,54910100,MP326,MP326 - Mbombela/Umjindi,Mpumalanga,1648,MP326,MP326 - City of Mbombela,Mpumalanga,vd_code_match
2016,54910111,MP326,MP326 - Mbombela/Umjindi,Mpumalanga,1380,MP326,MP326 - City of Mbombela,Mpumalanga,vd_code_match
2016,54910144,MP326,MP326 - Mbombela/Umjindi,Mpumalanga,848,MP326,MP326 - City of Mbombela,Mpumalanga,vd_code_match
2016,54910155,MP326,MP326 - Mbombela/Umjindi,Mpumalanga,1412,MP326,MP326 - City of Mbombela,Mpumalanga,vd_code_match
2016,54910177,MP326,MP326 - Mbombela/Umjindi,Mpumalanga,1429,MP326,MP326 - City of Mbombela,Mpumalanga,vd_code_match
2016,54910188,MP326,MP326 - Mbombela/Umjindi,Mpumalanga,1086,MP326,MP326 - City of Mbombela,Mpumalanga,vd_code_match
2016,54910212,MP326,MP326 - Mbombela/Umjindi,Mpumalanga,814,MP326,MP326 - City of Mbombela,Mpumalanga,vd_code_match
2016,54910223,MP326,MP326 - Mbombela/Umjindi,Mpumalanga,1176,MP326,MP326 - City of Mbombela,Mpumalanga,vd_code_match
2016,54910234,MP326,MP326 - Mbombela/Umjindi,Mpumalanga,1645,MP326,MP326 - City of Mbombela,Mpumalanga,vd_code_match
2016,54910245,MP326,MP326 - Mbombela/Umjindi,Mpumalanga,855,MP326,MP326 - City of Mbombela,Mpumalanga,vd_code_match
2016,54910256,MP326,MP326 - Mbombela/Umjindi,Mpumalanga,892,MP326,MP326 - City of Mbombela,Mpumalanga,vd_code_match
2016,54910267,MP326,MP326 - Mbombela/Umjindi,Mpumalanga,1298,MP326,MP326 - City of Mbombela,Mpumalanga,vd_code_match
2016,54910278,MP326,MP326 - Mbombela/Umjindi,Mpumalanga,1428,MP326,MP326 - City of Mbombela,Mpumalanga,vd_code_match
2016,54910290,MP326,MP326 - Mbombela/Umjindi,Mpumalanga,870,MP326,MP326 - City of Mbombela,Mpumalanga,vd_code_match
2016,54910313,MP326,MP326 - Mbombela/Umjindi,Mpumalanga,1239,MP326,MP326 - City of Mbombela,Mpumalanga,vd_code_match
2016,54910324,MP326,MP326 - Mbombela/Umjindi,Mpumalanga,787,MP326,MP326 - City of Mbombela,Mpumalanga,vd_code_match
2016,54910335,MP326,MP326 - Mbombela/Umjindi,Mpumalanga,1630,MP326,MP326 - City of Mbombela,Mpumalanga,vd_code_match
2016,54910346,MP326,MP326 - Mbombela/Umjindi,Mpumalanga,1465,MP326,MP326 - City of Mbombela,Mpumalanga,vd_code_match
2016,54910357,MP326,MP326 - Mbombela/Umjindi,Mpumalanga,2096,MP326,MP326 - City of Mbombela,Mpumalanga,vd_code_match
2016,54910368,MP326,MP326 - Mbombela/Umjindi,Mpumalanga,1299,MP326,MP326 - City of Mbombela,Mpumalanga,vd_code_match
2016,54910379,MP326,MP326 - Mbombela/Umjindi,Mpumalanga,1566,MP326,MP326 - City of Mbombela,Mpumalanga,vd_code_match
2016,54910380,MP326,MP326 - Mbombela/Umjindi,Mpumalanga,1306,MP326,MP326 - City of Mbombela,Mpumalanga,vd_code_match
2016,54910391,MP326,MP326 - Mbombela/Umjindi,Mpumalanga,558,MP326,MP326 - City of Mbombela,Mpumalanga,vd_code_match
2016,54910403,MP326,MP326 - Mbombela/Umjindi,Mpumalanga,1169,MP326,MP326 - City of Mbombela,Mpumalanga,vd_code_match
2016,54910414,MP326,MP326 - Mbombela/Umjindi,Mpumalanga,1191,MP326,MP326 - City of Mbombela,Mpumalanga,vd_code_match
2016,54910425,MP326,MP326 - Mbombela/Umjindi,Mpumalanga,1190,MP326,MP326 - City of Mbombela,Mpumalanga,vd_code_match
2016,54910436,MP326,MP326 - Mbombela/Umjindi,Mpumalanga,1186,MP326,MP326 - City of Mbombela,Mpumalanga,vd_code_match
2016,54910447,MP326,MP326 - Mbombela/Umjindi,Mpumalanga,963,MP326,MP326 - City of Mbombela,Mpumalanga,vd_code_match
2016,54910458,MP326,MP326 - Mbombela/Umjindi,Mpumalanga,1114,MP326,MP326 - City of Mbombela,Mpumalanga,vd_code_match
2016,54910470,MP326,MP326 - Mbombela/Umjindi,Mpumalanga,1423,MP326,MP326 - City of Mbombela,Mpumalanga,vd_code_match
2016,54910481,MP326,MP326 - Mbombela/Umjindi,Mpumalanga,1348,MP326,MP326 - City of Mbombela,Mpumalanga,vd_code_match
2016,54910504,MP326,MP326 - Mbombela/Umjindi,Mpumalanga,905,MP326,MP326 - City of Mbombela,Mpumalanga,vd_code_match
2016,54910515,MP326,MP326 - Mbombela/Umjindi,Mpumalanga,1062,MP326,MP326 - City of Mbombela,Mpumalanga,vd_code_match
2016,54910526,MP326,MP326 - Mbombela/Umjindi,Mpumalanga,1723,MP326,MP326 - City of Mbombela,Mpumalanga,vd_code_match
2016,54910537,MP326,MP326 - Mbombela/Umjindi,Mpumalanga,532,MP326,MP326 - City of Mbombela,Mpumalanga,vd_code_match
2016,54910548,MP326,MP326 - Mbombela/Umjindi,Mpumalanga,1542,MP326,MP326 - City of Mbombela,Mpumalanga,vd_code_match
2016,54910571,MP326,MP326 - Mbombela/Umjindi,Mpumalanga,1206,MP326,MP326 - City of Mbombela,Mpumalanga,vd_code_match
2016,54910582,MP326,MP326 - Mbombela/Umjindi,Mpumalanga,411,MP326,MP326 - City of Mbombela,Mpumalanga,vd_code_match
2016,54910593,MP326,MP326 - Mbombela/Umjindi,Mpumalanga,961,MP326,MP326 - City of Mbombela,Mpumalanga,vd_code_match
2016,54910616,MP326,MP326 - Mbombela/Umjindi,Mpumalanga,1920,MP326,MP326 - City of Mbombela,Mpumalanga,vd_code_match
2016,54910627,MP326,MP326 - Mbombela/Umjindi,Mpumalanga,438,MP326,MP326 - City of Mbombela,Mpumalanga,vd_code_match
2016,54910649,MP326,MP326 - Mbombela/Umjindi,Mpumalanga,681,MP326,MP326 - City of Mbombela,Mpumalanga,vd_code_match
2016,54910650,MP326,MP326 - Mbombela/Umjindi,Mpumalanga,919,MP326,MP326 - City of Mbombela,Mpumalanga,vd_code_match
2016,54910661,MP326,MP326 - Mbombela/Umjindi,Mpumalanga,538,MP326,MP326 - City of Mbombela,Mpumalanga,vd_code_match
2016,54910683,MP326,MP326 - Mbombela/Umjindi,Mpumalanga,365,MP326,MP326 - City of Mbombela,Mpumalanga,vd_code_match
2016,54910694,MP326,MP326 - Mbombela/Umjindi,Mpumalanga,794,MP326,MP326 - City of Mbombela,Mpumalanga,vd_code_match
2016,54910706,MP326,MP326 - Mbombela/Umjindi,Mpumalanga,841,MP326,MP326 - City of Mbombela,Mpumalanga,vd_code_match
2016,54910717,MP326,MP326 - Mbombela/Umjindi,Mpumalanga,410,MP326,MP326 - City of Mbombela,Mpumalanga,vd_code_match
2016,54910728,MP326,MP326 - Mbombela/Umjindi,Mpumalanga,933,MP326,MP326 - City of Mbombela,Mpumalanga,vd_code_match
2016,54910739,MP326,MP326 - Mbombela/Umjindi,Mpumalanga,1104,MP326,MP326 - City of Mbombela,Mpumalanga,vd_code_match
2016,54910740,MP326,MP326 - Mbombela/Umjindi,Mpumalanga,933,MP326,MP326 - City of Mbombela,Mpumalanga,vd_code_match
2016,54910751,MP326,MP326 - Mbombela/Umjindi,Mpumalanga,840,MP326,MP326 - City of Mbombela,Mpumalanga,vd_code_match
2016,54910762,MP321,MP321 - Thaba Chweu,Mpumalanga,446,MP321,MP321 - Thaba Chweu,Mpumalanga,vd_code_match
2016,54910773,MP326,MP326 - Mbombela/Umjindi,Mpumalanga,655,MP326,MP326 - City of Mbombela,Mpumalanga,vd_code_match
2016,54910784,MP326,MP326 - Mbombela/Umjindi,Mpumalanga,874,MP326,MP326 - City of Mbombela,Mpumalanga,vd_code_match
2016,54910795,MP326,MP326 - Mbombela/Umjindi,Mpumalanga,806,MP326,MP326 - City of Mbombela,Mpumalanga,vd_code_match
2016,54910807,MP326,MP326 - Mbombela/Umjindi,Mpumalanga,302,MP326,MP326 - City of Mbombela,Mpumalanga,vd_code_match
2016,54910818,MP326,MP326 - Mbombela/Umjindi,Mpumalanga,527,MP326,MP326 - City of Mbombela,Mpumalanga,vd_code_match
2016,54910829,MP326,MP326 - Mbombela/Umjindi,Mpumalanga,745,MP326,MP326 - City of Mbombela,Mpumalanga,vd_code_match
2016,54910830,MP326,MP326 - Mbombela/Umjindi,Mpumalanga,1359,MP326,MP326 - City of Mbombela,Mpumalanga,vd_code_match
2016,54910841,MP326,MP326 - Mbombela/Umjindi,Mpumalanga,707,MP326,MP326 - City of Mbombela,Mpumalanga,vd_code_match
2016,54910852,MP326,MP326 - Mbombela/Umjindi,Mpumalanga,571,MP326,MP326 - City of Mbombela,Mpumalanga,vd_code_match
2016,54910863,MP326,MP326 - Mbombela/Umjindi,Mpumalanga,1159,MP326,MP326 - City of Mbombela,Mpumalanga,vd_code_match
2016,54910874,MP326,MP326 - Mbombela/Umjindi,Mpumalanga,273,MP326,MP326 - City of Mbombela,Mpumalanga,vd_code_match
2016,54910885,MP326,MP326 - Mbombela/Umjindi,Mpumalanga,390,MP326,MP326 - City of Mbombela,Mpumalanga,vd_code_match
2016,54910896,MP326,MP326 - Mbombela/Umjindi,Mpumalanga,868,MP326,MP326 - City of Mbombela,Mpumalanga,vd_code_match
2016,54910908,MP326,MP326 - Mbombela/Umjindi,Mpumalanga,389,MP326,MP326 - City of Mbombela,Mpumalanga,vd_code_match
2016,54910919,MP326,MP326 - Mbombela/Umjindi,Mpumalanga,318,MP326,MP326 - City of Mbombela,Mpumalanga,vd_code_match
2016,54910920,MP326,MP326 - Mbombela/Umjindi,Mpumalanga,326,MP326,MP326 - City of Mbombela,Mpumalanga,vd_code_match
2016,54910931,MP326,MP326 - Mbombela/Umjindi,Mpumalanga,592,MP326,MP326 - City of Mbombela,Mpumalanga,vd_code_match
2016,54910942,MP326,MP326 - Mbombela/Umjindi,Mpumalanga,392,MP326,MP326 - City of Mbombela,Mpumalanga,vd_code_match
2016,54910953,MP326,MP326 - Mbombela/Umjindi,Mpumalanga,514,MP326,MP326 - City of Mbombela,Mpumalanga,vd_code_match
2016,54910964,MP326,MP326 - Mbombela/Umjindi,Mpumalanga,557,MP326,MP326 - City of Mbombela,Mpumalanga,vd_code_match
2016,54910975,MP326,MP326 - Mbombela/Umjindi,Mpumalanga,412,MP326,MP326 - City of Mbombela,Mpumalanga,vd_code_match
2016,54910986,MP326,MP326 - Mbombela/Umjindi,Mpumalanga,469,MP326,MP326 - City of Mbombela,Mpumalanga,vd_code_match
2016,54910997,MP326,MP326 - Mbombela/Umjindi,Mpumalanga,497,MP326,MP326 - City of Mbombela,Mpumalanga,vd_code_match
2016,54911000,MP326,MP326 - Mbombela/Umjindi,Mpumalanga,611,MP326,MP326 - City of Mbombela,Mpumalanga,vd_code_match
2016,54911011,MP326,MP326 - Mbombela/Umjindi,Mpumalanga,273,MP326,MP326 - City of Mbombela,Mpumalanga,vd_code_match
2016,54911022,MP326,MP326 - Mbombela/Umjindi,Mpumalanga,447,MP326,MP326 - City of Mbombela,Mpumalanga,vd_code_match
2016,54911033,MP326,MP326 - Mbombela/Umjindi,Mpumalanga,220,MP326,MP326 - City of Mbombela,Mpumalanga,vd_code_match
2016,54911044,MP326,MP326 - Mbombela/Umjindi,Mpumalanga,466,MP326,MP326 - City of Mbombela,Mpumalanga,vd_code_match
2016,54911055,MP326,MP326 - Mbombela/Umjindi,Mpumalanga,459,MP326,MP326 - City of Mbombela,Mpumalanga,vd_code_match
2016,54911066,MP326,MP326 - Mbombela/Umjindi,Mpumalanga,450,MP326,MP326 - City of Mbombela,Mpumalanga,vd_code_match
2016,54911077,MP326,MP326 - Mbombela/Umjindi,Mpumalanga,426,MP326,MP326 - City of Mbombela,Mpumalanga,vd_code_match
2016,54911088,MP326,MP326 - Mbombela/Umjindi,Mpumalanga,657,MP326,MP326 - City of Mbombela,Mpumalanga,vd_code_match
2016,54911099,MP326,MP326 - Mbombela/Umjindi,Mpumalanga,409,MP326,MP326 - City of Mbombela,Mpumalanga,vd_code_match
2016,54911101,MP326,MP326 - Mbombela/Umjindi,Mpumalanga,269,MP326,MP326 - City of Mbombela,Mpumalanga,vd_code_match
2016,54911112,MP326,MP326 - Mbombela/Umjindi,Mpumalanga,447,MP326,MP326 - City of Mbombela,Mpumalanga,vd_code_match
2016,54911123,MP326,MP326 - Mbombela/Umjindi,Mpumalanga,599,MP326,MP326 - City of Mbombela,Mpumalanga,vd_code_match
2016,54911134,MP326,MP326 - Mbombela/Umjindi,Mpumalanga,795,MP326,MP326 - City of Mbombela,Mpumalanga,vd_code_match
2016,54911145,MP326,MP326 - Mbombela/Umjindi,Mpumalanga,184,MP326,MP326 - City of Mbombela,Mpumalanga,vd_code_match
2016,54911156,MP326,MP326 - Mbombela/Umjindi,Mpumalanga,518,MP326,MP326 - City of Mbombela,Mpumalanga,vd_code_match
2016,54911167,MP326,MP326 - Mbombela/Umjindi,Mpumalanga,203,MP326,MP326 - City of Mbombela,Mpumalanga,vd_code_match
2016,54911178,MP326,MP326 - Mbombela/Umjindi,Mpumalanga,310,MP326,MP326 - City of Mbombela,Mpumalanga,vd_code_match
2016,76150010,MP325,MP325 - Bushbuckridge,Mpumalanga,1065,MP325,MP325 - Bushbuckridge,Mpumalanga,vd_code_match
2016,76150021,MP325,MP325 - Bushbuckridge,Mpumalanga,875,MP325,MP325 - Bushbuckridge,Mpumalanga,vd_code_match
2016,76150032,MP325,MP325 - Bushbuckridge,Mpumalanga,2393,MP325,MP325 - Bushbuckridge,Mpumalanga,vd_code_match
2016,76150043,MP325,MP325 - Bushbuckridge,Mpumalanga,1150,MP325,MP325 - Bushbuckridge,Mpumalanga,vd_code_match
2016,76150054,MP325,MP325 - Bushbuckridge,Mpumalanga,623,MP325,MP325 - Bushbuckridge,Mpumalanga,vd_code_match
2016,76150065,MP325,MP325 - Bushbuckridge,Mpumalanga,1192,MP325,MP325 - Bushbuckridge,Mpumalanga,vd_code_match
2016,76150076,MP325,MP325 - Bushbuckridge,Mpumalanga,1084,MP325,MP325 - Bushbuckridge,Mpumalanga,vd_code_match
2016,76150087,MP325,MP325 - Bushbuckridge,Mpumalanga,681,MP325,MP325 - Bushbuckridge,Mpumalanga,vd_code_match
2016,76150098,MP325,MP325 - Bushbuckridge,Mpumalanga,525,MP325,MP325 - Bushbuckridge,Mpumalanga,vd_code_match
2016,76150100,MP325,MP325 - Bushbuckridge,Mpumalanga,703,MP325,MP325 - Bushbuckridge,Mpumalanga,vd_code_match
2016,76150111,MP325,MP325 - Bushbuckridge,Mpumalanga,807,MP325,MP325 - Bushbuckridge,Mpumalanga,vd_code_match
2016,76150122,MP325,MP325 - Bushbuckridge,Mpumalanga,1038,MP325,MP325 - Bushbuckridge,Mpumalanga,vd_code_match
2016,76150133,MP325,MP325 - Bushbuckridge,Mpumalanga,830,MP325,MP325 - Bushbuckridge,Mpumalanga,vd_code_match
2016,76150144,MP325,MP325 - Bushbuckridge,Mpumalanga,464,MP325,MP325 - Bushbuckridge,Mpumalanga,vd_code_match
2016,76150155,MP325,MP325 - Bushbuckridge,Mpumalanga,1144,MP325,MP325 - Bushbuckridge,Mpumalanga,vd_code_match
2016,76150166,MP325,MP325 - Bushbuckridge,Mpumalanga,979,MP325,MP325 - Bushbuckridge,Mpumalanga,vd_code_match
2016,76150177,MP325,MP325 - Bushbuckridge,Mpumalanga,1027,MP325,MP325 - Bushbuckridge,Mpumalanga,vd_code_match
2016,76150188,MP325,MP325 - Bushbuckridge,Mpumalanga,1013,MP325,MP325 - Bushbuckridge,Mpumalanga,vd_code_match
2016,76150199,MP325,MP325 - Bushbuckridge,Mpumalanga,1034,MP325,MP325 - Bushbuckridge,Mpumalanga,vd_code_match
2016,76150201,MP325,MP325 - Bushbuckridge,Mpumalanga,681,MP325,MP325 - Bushbuckridge,Mpumalanga,vd_code_match
2016,76150212,MP325,MP325 - Bushbuckridge,Mpumalanga,1727,MP325,MP325 - Bushbuckridge,Mpumalanga,vd_code_match
2016,76150223,MP325,MP325 - Bushbuckridge,Mpumalanga,860,MP325,MP325 - Bushbuckridge,Mpumalanga,vd_code_match
2016,76150234,MP325,MP325 - Bushbuckridge,Mpumalanga,919,MP325,MP325 - Bushbuckridge,Mpumalanga,vd_code_match
2016,76150245,MP325,MP325 - Bushbuckridge,Mpumalanga,1275,MP325,MP325 - Bushbuckridge,Mpumalanga,vd_code_match
2016,76150256,MP325,MP325 - Bushbuckridge,Mpumalanga,1926,MP325,MP325 - Bushbuckridge,Mpumalanga,vd_code_match
2016,76150267,MP325,MP325 - Bushbuckridge,Mpumalanga,570,MP325,MP325 - Bushbuckridge,Mpumalanga,vd_code_match
2016,76150278,MP325,MP325 - Bushbuckridge,Mpumalanga,1874,MP325,MP325 - Bushbuckridge,Mpumalanga,vd_code_match
2016,76150289,MP325,MP325 - Bushbuckridge,Mpumalanga,1342,MP325,MP325 - Bushbuckridge,Mpumalanga,vd_code_match
2016,76150290,MP325,MP325 - Bushbuckridge,Mpumalanga,955,MP325,MP325 - Bushbuckridge,Mpumalanga,vd_code_match
2016,76150302,MP325,MP325 - Bushbuckridge,Mpumalanga,1146,MP325,MP325 - Bushbuckridge,Mpumalanga,vd_code_match
2016,76150313,MP325,MP325 - Bushbuckridge,Mpumalanga,538,MP325,MP325 - Bushbuckridge,Mpumalanga,vd_code_match
2016,76150324,MP325,MP325 - Bushbuckridge,Mpumalanga,1287,MP325,MP325 - Bushbuckridge,Mpumalanga,vd_code_match
2016,76150335,MP325,MP325 - Bushbuckridge,Mpumalanga,1050,MP325,MP325 - Bushbuckridge,Mpumalanga,vd_code_match
2016,76150346,MP325,MP325 - Bushbuckridge,Mpumalanga,1016,MP325,MP325 - Bushbuckridge,Mpumalanga,vd_code_match
2016,76150357,MP325,MP325 - Bushbuckridge,Mpumalanga,825,MP325,MP325 - Bushbuckridge,Mpumalanga,vd_code_match
2016,76150368,MP325,MP325 - Bushbuckridge,Mpumalanga,526,MP325,MP325 - Bushbuckridge,Mpumalanga,vd_code_match
2016,76150379,MP325,MP325 - Bushbuckridge,Mpumalanga,788,MP325,MP325 - Bushbuckridge,Mpumalanga,vd_code_match
2016,76150380,MP325,MP325 - Bushbuckridge,Mpumalanga,1834,MP325,MP325 - Bushbuckridge,Mpumalanga,vd_code_match
2016,76150391,MP325,MP325 - Bushbuckridge,Mpumalanga,1580,MP325,MP325 - Bushbuckridge,Mpumalanga,vd_code_match
2016,76150403,MP325,MP325 - Bushbuckridge,Mpumalanga,586,MP325,MP325 - Bushbuckridge,Mpumalanga,vd_code_match
2016,76150414,MP325,MP325 - Bushbuckridge,Mpumalanga,1803,MP325,MP325 - Bushbuckridge,Mpumalanga,vd_code_match
2016,76150425,MP325,MP325 - Bushbuckridge,Mpumalanga,1270,MP325,MP325 - Bushbuckridge,Mpumalanga,vd_code_match
2016,76150436,MP325,MP325 - Bushbuckridge,Mpumalanga,1350,MP325,MP325 - Bushbuckridge,Mpumalanga,vd_code_match
2016,76150447,MP325,MP325 - Bushbuckridge,Mpumalanga,1314,MP325,MP325 - Bushbuckridge,Mpumalanga,vd_code_match
2016,76150458,MP325,MP325 - Bushbuckridge,Mpumalanga,1063,MP325,MP325 - Bushbuckridge,Mpumalanga,vd_code_match
2016,76150469,MP325,MP325 - Bushbuckridge,Mpumalanga,1079,MP325,MP325 - Bushbuckridge,Mpumalanga,vd_code_match
2016,76150470,MP325,MP325 - Bushbuckridge,Mpumalanga,2122,MP325,MP325 - Bushbuckridge,Mpumalanga,vd_code_match
2016,76150481,MP325,MP325 - Bushbuckridge,Mpumalanga,1112,MP325,MP325 - Bushbuckridge,Mpumalanga,vd_code_match
2016,76150492,MP325,MP325 - Bushbuckridge,Mpumalanga,1961,MP325,MP325 - Bushbuckridge,Mpumalanga,vd_code_match
2016,76150504,MP325,MP325 - Bushbuckridge,Mpumalanga,945,MP325,MP325 - Bushbuckridge,Mpumalanga,vd_code_match
2016,76150515,MP325,MP325 - Bushbuckridge,Mpumalanga,762,MP325,MP325 - Bushbuckridge,Mpumalanga,vd_code_match
2016,76150526,MP325,MP325 - Bushbuckridge,Mpumalanga,900,MP325,MP325 - Bushbuckridge,Mpumalanga,vd_code_match
2016,76150537,MP325,MP325 - Bushbuckridge,Mpumalanga,672,MP325,MP325 - Bushbuckridge,Mpumalanga,vd_code_match
2016,76150548,MP325,MP325 - Bushbuckridge,Mpumalanga,1226,MP325,MP325 - Bushbuckridge,Mpumalanga,vd_code_match
2016,76150559,MP325,MP325 - Bushbuckridge,Mpumalanga,838,MP325,MP325 - Bushbuckridge,Mpumalanga,vd_code_match
2016,76150560,MP325,MP325 - Bushbuckridge,Mpumalanga,1232,MP325,MP325 - Bushbuckridge,Mpumalanga,vd_code_match
2016,76150571,MP325,MP325 - Bushbuckridge,Mpumalanga,439,MP325,MP325 - Bushbuckridge,Mpumalanga,vd_code_match
2016,76150582,MP325,MP325 - Bushbuckridge,Mpumalanga,858,MP325,MP325 - Bushbuckridge,Mpumalanga,vd_code_match
2016,76150593,MP325,MP325 - Bushbuckridge,Mpumalanga,1018,MP325,MP325 - Bushbuckridge,Mpumalanga,vd_code_match
2016,76150605,MP325,MP325 - Bushbuckridge,Mpumalanga,768,MP325,MP325 - Bushbuckridge,Mpumalanga,vd_code_match
2016,76150616,MP325,MP325 - Bushbuckridge,Mpumalanga,1009,MP325,MP325 - Bushbuckridge,Mpumalanga,vd_code_match
2016,76150627,MP325,MP325 - Bushbuckridge,Mpumalanga,1236,MP325,MP325 - Bushbuckridge,Mpumalanga,vd_code_match
2016,76150649,MP325,MP325 - Bushbuckridge,Mpumalanga,511,MP325,MP325 - Bushbuckridge,Mpumalanga,vd_code_match
2016,76150650,MP325,MP325 - Bushbuckridge,Mpumalanga,1432,MP325,MP325 - Bushbuckridge,Mpumalanga,vd_code_match
2016,76150661,MP325,MP325 - Bushbuckridge,Mpumalanga,1068,MP325,MP325 - Bushbuckridge,Mpumalanga,vd_code_match
2016,76150672,MP325,MP325 - Bushbuckridge,Mpumalanga,1006,MP325,MP325 - Bushbuckridge,Mpumalanga,vd_code_match
2016,76150683,MP325,MP325 - Bushbuckridge,Mpumalanga,626,MP325,MP325 - Bushbuckridge,Mpumalanga,vd_code_match
2016,76150694,MP325,MP325 - Bushbuckridge,Mpumalanga,767,MP325,MP325 - Bushbuckridge,Mpumalanga,vd_code_match
2016,76150706,MP325,MP325 - Bushbuckridge,Mpumalanga,301,MP325,MP325 - Bushbuckridge,Mpumalanga,vd_code_match
2016,76150717,MP325,MP325 - Bushbuckridge,Mpumalanga,622,MP325,MP325 - Bushbuckridge,Mpumalanga,vd_code_match
2016,76150728,MP325,MP325 - Bushbuckridge,Mpumalanga,304,MP325,MP325 - Bushbuckridge,Mpumalanga,vd_code_match
2016,76150739,MP325,MP325 - Bushbuckridge,Mpumalanga,444,MP325,MP325 - Bushbuckridge,Mpumalanga,vd_code_match
2016,76150740,MP325,MP325 - Bushbuckridge,Mpumalanga,813,MP325,MP325 - Bushbuckridge,Mpumalanga,vd_code_match
2016,76150751,MP325,MP325 - Bushbuckridge,Mpumalanga,464,MP325,MP325 - Bushbuckridge,Mpumalanga,vd_code_match
2016,76150762,MP325,MP325 - Bushbuckridge,Mpumalanga,356,MP325,MP325 - Bushbuckridge,Mpumalanga,vd_code_match
2016,76150773,MP325,MP325 - Bushbuckridge,Mpumalanga,346,MP325,MP325 - Bushbuckridge,Mpumalanga,vd_code_match
2016,76150784,MP325,MP325 - Bushbuckridge,Mpumalanga,370,MP325,MP325 - Bushbuckridge,Mpumalanga,vd_code_match
2016,76150807,MP325,MP325 - Bushbuckridge,Mpumalanga,481,MP325,MP325 - Bushbuckridge,Mpumalanga,vd_code_match
2016,76150818,MP325,MP325 - Bushbuckridge,Mpumalanga,686,MP325,MP325 - Bushbuckridge,Mpumalanga,vd_code_match
2016,76150829,MP325,MP325 - Bushbuckridge,Mpumalanga,614,MP325,MP325 - Bushbuckridge,Mpumalanga,vd_code_match
2016,76150830,MP325,MP325 - Bushbuckridge,Mpumalanga,682,MP325,MP325 - Bushbuckridge,Mpumalanga,vd_code_match
2016,76150841,MP325,MP325 - Bushbuckridge,Mpumalanga,468,MP325,MP325 - Bushbuckridge,Mpumalanga,vd_code_match
2016,76150852,MP325,MP325 - Bushbuckridge,Mpumalanga,466,MP325,MP325 - Bushbuckridge,Mpumalanga,vd_code_match
2016,76150863,MP325,MP325 - Bushbuckridge,Mpumalanga,448,MP325,MP325 - Bushbuckridge,Mpumalanga,vd_code_match
2016,76150874,MP325,MP325 - Bushbuckridge,Mpumalanga,235,MP325,MP325 - Bushbuckridge,Mpumalanga,vd_code_match
2016,76150885,MP325,MP325 - Bushbuckridge,Mpumalanga,296,MP325,MP325 - Bushbuckridge,Mpumalanga,vd_code_match
2016,76150896,MP325,MP325 - Bushbuckridge,Mpumalanga,267,MP325,MP325 - Bushbuckridge,Mpumalanga,vd_code_match
2016,76150908,MP325,MP325 - Bushbuckridge,Mpumalanga,23,MP325,MP325 - Bushbuckridge,Mpumalanga,vd_code_match
2016,76160011,MP325,MP325 - Bushbuckridge,Mpumalanga,1291,MP325,MP325 - Bushbuckridge,Mpumalanga,vd_code_match
2016,76160022,MP325,MP325 - Bushbuckridge,Mpumalanga,953,MP325,MP325 - Bushbuckridge,Mpumalanga,vd_code_match
2016,76160033,MP325,MP325 - Bushbuckridge,Mpumalanga,451,MP325,MP325 - Bushbuckridge,Mpumalanga,vd_code_match
2016,76160044,MP325,MP325 - Bushbuckridge,Mpumalanga,1159,MP325,MP325 - Bushbuckridge,Mpumalanga,vd_code_match
2016,76160055,MP325,MP325 - Bushbuckridge,Mpumalanga,1416,MP325,MP325 - Bushbuckridge,Mpumalanga,vd_code_match
2016,76160066,MP325,MP325 - Bushbuckridge,Mpumalanga,1219,MP325,MP325 - Bushbuckridge,Mpumalanga,vd_code_match
2016,76160077,MP325,MP325 - Bushbuckridge,Mpumalanga,1298,MP325,MP325 - Bushbuckridge,Mpumalanga,vd_code_match
2016,76160088,MP325,MP325 - Bushbuckridge,Mpumalanga,622,MP325,MP325 - Bushbuckridge,Mpumalanga,vd_code_match
2016,76160099,MP325,MP325 - Bushbuckridge,Mpumalanga,1424,MP325,MP325 - Bushbuckridge,Mpumalanga,vd_code_match
2016,76160101,MP325,MP325 - Bushbuckridge,Mpumalanga,1385,MP325,MP325 - Bushbuckridge,Mpumalanga,vd_code_match
2016,76160112,MP325,MP325 - Bushbuckridge,Mpumalanga,559,MP325,MP325 - Bushbuckridge,Mpumalanga,vd_code_match
2016,76160123,MP325,MP325 - Bushbuckridge,Mpumalanga,1929,MP325,MP325 - Bushbuckridge,Mpumalanga,vd_code_match
2016,76160134,MP325,MP325 - Bushbuckridge,Mpumalanga,644,MP325,MP325 - Bushbuckridge,Mpumalanga,vd_code_match
2016,76160145,MP325,MP325 - Bushbuckridge,Mpumalanga,872,MP325,MP325 - Bushbuckridge,Mpumalanga,vd_code_match
2016,76160156,MP325,MP325 - Bushbuckridge,Mpumalanga,680,MP325,MP325 - Bushbuckridge,Mpumalanga,vd_code_match
2016,76160167,MP325,MP325 - Bushbuckridge,Mpumalanga,1165,MP325,MP325 - Bushbuckridge,Mpumalanga,vd_code_match
2016,76160178,MP325,MP325 - Bushbuckridge,Mpumalanga,1220,MP325,MP325 - Bushbuckridge,Mpumalanga,vd_code_match
2016,76160189,MP325,MP325 - Bushbuckridge,Mpumalanga,1003,MP325,MP325 - Bushbuckridge,Mpumalanga,vd_code_match
2016,76160190,MP325,MP325 - Bushbuckridge,Mpumalanga,1158,MP325,MP325 - Bushbuckridge,Mpumalanga,vd_code_match
2016,76160202,MP325,MP325 - Bushbuckridge,Mpumalanga,1825,MP325,MP325 - Bushbuckridge,Mpumalanga,vd_code_match
2016,76160213,MP325,MP325 - Bushbuckridge,Mpumalanga,948,MP325,MP325 - Bushbuckridge,Mpumalanga,vd_code_match
2016,76160224,MP325,MP325 - Bushbuckridge,Mpumalanga,2102,MP325,MP325 - Bushbuckridge,Mpumalanga,vd_code_match
2016,76160235,MP325,MP325 - Bushbuckridge,Mpumalanga,1017,MP325,MP325 - Bushbuckridge,Mpumalanga,municipality_majority
2016,76160246,MP325,MP325 - Bushbuckridge,Mpumalanga,1702,MP325,MP325 - Bushbuckridge,Mpumalanga,vd_code_match
2016,76160257,MP325,MP325 - Bushbuckridge,Mpumalanga,316,MP325,MP325 - Bushbuckridge,Mpumalanga,vd_code_match
2016,76160268,MP325,MP325 - Bushbuckridge,Mpumalanga,719,MP325,MP325 - Bushbuckridge,Mpumalanga,vd_code_match
2016,76160279,MP325,MP325 - Bushbuckridge,Mpumalanga,1839,MP325,MP325 - Bushbuckridge,Mpumalanga,vd_code_match
2016,76160280,MP325,MP325 - Bushbuckridge,Mpumalanga,993,MP325,MP325 - Bushbuckridge,Mpumalanga,vd_code_match
2016,76160291,MP325,MP325 - Bushbuckridge,Mpumalanga,815,MP325,MP325 - Bushbuckridge,Mpumalanga,vd_code_match
2016,76160303,MP325,MP325 - Bushbuckridge,Mpumalanga,783,MP325,MP325 - Bushbuckridge,Mpumalanga,vd_code_match
2016,76160314,MP325,MP325 - Bushbuckridge,Mpumalanga,982,MP325,MP325 - Bushbuckridge,Mpumalanga,vd_code_match
2016,76160325,MP325,MP325 - Bushbuckridge,Mpumalanga,566,MP325,MP325 - Bushbuckridge,Mpumalanga,vd_code_match
2016,76160336,MP325,MP325 - Bushbuckridge,Mpumalanga,596,MP325,MP325 - Bushbuckridge,Mpumalanga,vd_code_match
2016,76160358,MP325,MP325 - Bushbuckridge,Mpumalanga,1293,MP325,MP325 - Bushbuckridge,Mpumalanga,vd_code_match
2016,76160369,MP325,MP325 - Bushbuckridge,Mpumalanga,864,MP325,MP325 - Bushbuckridge,Mpumalanga,vd_code_match
2016,76160370,MP325,MP325 - Bushbuckridge,Mpumalanga,1004,MP325,MP325 - Bushbuckridge,Mpumalanga,vd_code_match
2016,76160381,MP325,MP325 - Bushbuckridge,Mpumalanga,1015,MP325,MP325 - Bushbuckridge,Mpumalanga,vd_code_match
2016,76160392,MP325,MP325 - Bushbuckridge,Mpumalanga,864,MP325,MP325 - Bushbuckridge,Mpumalanga,vd_code_match
2016,76160404,MP325,MP325 - Bushbuckridge,Mpumalanga,591,MP325,MP325 - Bushbuckridge,Mpumalanga,vd_code_match
2016,76160415,MP325,MP325 - Bushbuckridge,Mpumalanga,1610,MP325,MP325 - Bushbuckridge,Mpumalanga,vd_code_match
2016,76160426,MP325,MP325 - Bushbuckridge,Mpumalanga,1843,MP325,MP325 - Bushbuckridge,Mpumalanga,vd_code_match
2016,76160437,MP325,MP325 - Bushbuckridge,Mpumalanga,1594,MP325,MP325 - Bushbuckridge,Mpumalanga,vd_code_match
2016,76160448,MP325,MP325 - Bushbuckridge,Mpumalanga,506,MP325,MP325 - Bushbuckridge,Mpumalanga,vd_code_match
2016,76160459,MP325,MP325 - Bushbuckridge,Mpumalanga,1720,MP325,MP325 - Bushbuckridge,Mpumalanga,vd_code_match
2016,76160460,MP325,MP325 - Bushbuckridge,Mpumalanga,1359,MP325,MP325 - Bushbuckridge,Mpumalanga,vd_code_match
2016,76160471,MP325,MP325 - Bushbuckridge,Mpumalanga,1183,MP325,MP325 - Bushbuckridge,Mpumalanga,vd_code_match
2016,76160482,MP325,MP325 - Bushbuckridge,Mpumalanga,1573,MP325,MP325 - Bushbuckridge,Mpumalanga,vd_code_match
2016,76160493,MP325,MP325 - Bushbuckridge,Mpumalanga,698,MP325,MP325 - Bushbuckridge,Mpumalanga,vd_code_match
2016,76160505,MP325,MP325 - Bushbuckridge,Mpumalanga,834,MP325,MP325 - Bushbuckridge,Mpumalanga,vd_code_match
2016,76160516,MP325,MP325 - Bushbuckridge,Mpumalanga,822,MP325,MP325 - Bushbuckridge,Mpumalanga,vd_code_match
2016,76160527,MP325,MP325 - Bushbuckridge,Mpumalanga,664,MP325,MP325 - Bushbuckridge,Mpumalanga,vd_code_match
2016,76160549,MP325,MP325 - Bushbuckridge,Mpumalanga,859,MP325,MP325 - Bushbuckridge,Mpumalanga,vd_code_match
2016,76160550,MP325,MP325 - Bushbuckridge,Mpumalanga,1207,MP325,MP325 - Bushbuckridge,Mpumalanga,vd_code_match
2016,76160561,MP325,MP325 - Bushbuckridge,Mpumalanga,706,MP325,MP325 - Bushbuckridge,Mpumalanga,vd_code_match
2016,76160572,MP325,MP325 - Bushbuckridge,Mpumalanga,849,MP325,MP325 - Bushbuckridge,Mpumalanga,vd_code_match
2016,76160583,MP325,MP325 - Bushbuckridge,Mpumalanga,1004,MP325,MP325 - Bushbuckridge,Mpumalanga,vd_code_match
2016,76160606,MP325,MP325 - Bushbuckridge,Mpumalanga,547,MP325,MP325 - Bushbuckridge,Mpumalanga,vd_code_match
2016,76160628,MP325,MP325 - Bushbuckridge,Mpumalanga,1061,MP325,MP325 - Bushbuckridge,Mpumalanga,vd_code_match
2016,76160639,MP325,MP325 - Bushbuckridge,Mpumalanga,1536,MP325,MP325 - Bushbuckridge,Mpumalanga,vd_code_match
2016,76160640,MP325,MP325 - Bushbuckridge,Mpumalanga,1253,MP325,MP325 - Bushbuckridge,Mpumalanga,vd_code_match
2016,76160651,MP325,MP325 - Bushbuckridge,Mpumalanga,714,MP325,MP325 - Bushbuckridge,Mpumalanga,vd_code_match
2016,76160662,MP325,MP325 - Bushbuckridge,Mpumalanga,1275,MP325,MP325 - Bushbuckridge,Mpumalanga,vd_code_match
2016,76160673,MP325,MP325 - Bushbuckridge,Mpumalanga,437,MP325,MP325 - Bushbuckridge,Mpumalanga,vd_code_match
2016,76160684,MP325,MP325 - Bushbuckridge,Mpumalanga,1399,MP325,MP325 - Bushbuckridge,Mpumalanga,vd_code_match
2016,76160695,MP325,MP325 - Bushbuckridge,Mpumalanga,243,MP325,MP325 - Bushbuckridge,Mpumalanga,vd_code_match
2016,76160707,MP325,MP325 - Bushbuckridge,Mpumalanga,327,MP325,MP325 - Bushbuckridge,Mpumalanga,vd_code_match
2016,76160718,MP325,MP325 - Bushbuckridge,Mpumalanga,983,MP325,MP325 - Bushbuckridge,Mpumalanga,vd_code_match
2016,76160729,MP325,MP325 - Bushbuckridge,Mpumalanga,239,MP325,MP325 - Bushbuckridge,Mpumalanga,vd_code_match
2016,76160730,MP325,MP325 - Bushbuckridge,Mpumalanga,815,MP325,MP325 - Bushbuckridge,Mpumalanga,vd_code_match
2016,76160763,MP325,MP325 - Bushbuckridge,Mpumalanga,941,MP325,MP325 - Bushbuckridge,Mpumalanga,vd_code_match
2016,76160774,MP325,MP325 - Bushbuckridge,Mpumalanga,919,MP325,MP325 - Bushbuckridge,Mpumalanga,vd_code_match
2016,76160808,MP325,MP325 - Bushbuckridge,Mpumalanga,649,MP325,MP325 - Bushbuckridge,Mpumalanga,vd_code_match
2016,76160820,MP325,MP325 - Bushbuckridge,Mpumalanga,1178,MP325,MP325 - Bushbuckridge,Mpumalanga,vd_code_match
2016,76160831,MP325,MP325 - Bushbuckridge,Mpumalanga,964,MP325,MP325 - Bushbuckridge,Mpumalanga,vd_code_match
2016,76160842,MP325,MP325 - Bushbuckridge,Mpumalanga,587,MP325,MP325 - Bushbuckridge,Mpumalanga,vd_code_match
2016,76160853,MP325,MP325 - Bushbuckridge,Mpumalanga,1016,MP325,MP325 - Bushbuckridge,Mpumalanga,vd_code_match
2016,76160875,MP325,MP325 - Bushbuckridge,Mpumalanga,694,MP325,MP325 - Bushbuckridge,Mpumalanga,vd_code_match
2016,76160886,MP325,MP325 - Bushbuckridge,Mpumalanga,282,MP325,MP325 - Bushbuckridge,Mpumalanga,vd_code_match
2016,76160897,MP325,MP325 - Bushbuckridge,Mpumalanga,490,MP325,MP325 - Bushbuckridge,Mpumalanga,vd_code_match
2016,76160909,MP325,MP325 - Bushbuckridge,Mpumalanga,615,MP325,MP325 - Bushbuckridge,Mpumalanga,vd_code_match
2016,76160910,MP325,MP325 - Bushbuckridge,Mpumalanga,321,MP325,MP325 - Bushbuckridge,Mpumalanga,municipality_majority
2016,76160921,MP325,MP325 - Bushbuckridge,Mpumalanga,110,MP325,MP325 - Bushbuckridge,Mpumalanga,vd_code_match
2016,76160932,MP325,MP325 - Bushbuckridge,Mpumalanga,504,MP325,MP325 - Bushbuckridge,Mpumalanga,vd_code_match
2016,76160943,MP325,MP325 - Bushbuckridge,Mpumalanga,940,MP325,MP325 - Bushbuckridge,Mpumalanga,vd_code_match
2016,76160954,MP325,MP325 - Bushbuckridge,Mpumalanga,402,MP325,MP325 - Bushbuckridge,Mpumalanga,vd_code_match
2016,76160965,MP325,MP325 - Bushbuckridge,Mpumalanga,593,MP325,MP325 - Bushbuckridge,Mpumalanga,vd_code_match
2016,76160976,MP325,MP325 - Bushbuckridge,Mpumalanga,370,MP325,MP325 - Bushbuckridge,Mpumalanga,vd_code_match
2016,76160987,MP325,MP325 - Bushbuckridge,Mpumalanga,494,MP325,MP325 - Bushbuckridge,Mpumalanga,vd_code_match
2016,76160998,MP325,MP325 - Bushbuckridge,Mpumalanga,530,MP325,MP325 - Bushbuckridge,Mpumalanga,vd_code_match
2016,76161001,MP325,MP325 - Bushbuckridge,Mpumalanga,813,MP325,MP325 - Bushbuckridge,Mpumalanga,vd_code_match
2016,76161012,MP325,MP325 - Bushbuckridge,Mpumalanga,305,MP325,MP325 - Bushbuckridge,Mpumalanga,vd_code_match
2016,76161023,MP325,MP325 - Bushbuckridge,Mpumalanga,423,MP325,MP325 - Bushbuckridge,Mpumalanga,vd_code_match
2016,76161034,MP325,MP325 - Bushbuckridge,Mpumalanga,436,MP325,MP325 - Bushbuckridge,Mpumalanga,vd_code_match
2016,76161045,MP325,MP325 - Bushbuckridge,Mpumalanga,305,MP325,MP325 - Bushbuckridge,Mpumalanga,vd_code_match
2016,76161056,MP325,MP325 - Bushbuckridge,Mpumalanga,462,MP325,MP325 - Bushbuckridge,Mpumalanga,vd_code_match
2016,76161067,MP325,MP325 - Bushbuckridge,Mpumalanga,156,MP325,MP325 - Bushbuckridge,Mpumalanga,vd_code_match
2016,76170012,MP325,MP325 - Bushbuckridge,Mpumalanga,1501,MP325,MP325 - Bushbuckridge,Mpumalanga,vd_code_match
2016,76170023,MP325,MP325 - Bushbuckridge,Mpumalanga,1712,MP325,MP325 - Bushbuckridge,Mpumalanga,vd_code_match
2016,76170034,MP325,MP325 - Bushbuckridge,Mpumalanga,494,MP325,MP325 - Bushbuckridge,Mpumalanga,vd_code_match
2016,76170045,MP325,MP325 - Bushbuckridge,Mpumalanga,1115,MP325,MP325 - Bushbuckridge,Mpumalanga,vd_code_match
2016,76170056,MP325,MP325 - Bushbuckridge,Mpumalanga,1079,MP325,MP325 - Bushbuckridge,Mpumalanga,vd_code_match
2016,76170067,MP325,MP325 - Bushbuckridge,Mpumalanga,571,MP325,MP325 - Bushbuckridge,Mpumalanga,vd_code_match
2016,76170078,MP325,MP325 - Bushbuckridge,Mpumalanga,346,MP325,MP325 - Bushbuckridge,Mpumalanga,vd_code_match
2016,76170089,MP325,MP325 - Bushbuckridge,Mpumalanga,2411,MP325,MP325 - Bushbuckridge,Mpumalanga,vd_code_match
2016,76170090,MP325,MP325 - Bushbuckridge,Mpumalanga,805,MP325,MP325 - Bushbuckridge,Mpumalanga,vd_code_match
2016,76170102,MP325,MP325 - Bushbuckridge,Mpumalanga,1845,MP325,MP325 - Bushbuckridge,Mpumalanga,vd_code_match
2016,76170113,MP325,MP325 - Bushbuckridge,Mpumalanga,839,MP325,MP325 - Bushbuckridge,Mpumalanga,vd_code_match
2016,76170124,MP325,MP325 - Bushbuckridge,Mpumalanga,1092,MP325,MP325 - Bushbuckridge,Mpumalanga,vd_code_match
2016,76170135,MP325,MP325 - Bushbuckridge,Mpumalanga,1214,MP325,MP325 - Bushbuckridge,Mpumalanga,vd_code_match
2016,76170146,MP325,MP325 - Bushbuckridge,Mpumalanga,980,MP325,MP325 - Bushbuckridge,Mpumalanga,vd_code_match
2016,76170157,MP325,MP325 - Bushbuckridge,Mpumalanga,1690,MP325,MP325 - Bushbuckridge,Mpumalanga,vd_code_match
2016,76170168,MP325,MP325 - Bushbuckridge,Mpumalanga,2611,MP325,MP325 - Bushbuckridge,Mpumalanga,vd_code_match
2016,76170179,MP325,MP325 - Bushbuckridge,Mpumalanga,1881,MP325,MP325 - Bushbuckridge,Mpumalanga,vd_code_match
2016,76170180,MP325,MP325 - Bushbuckridge,Mpumalanga,1124,MP325,MP325 - Bushbuckridge,Mpumalanga,vd_code_match
2016,76170191,MP325,MP325 - Bushbuckridge,Mpumalanga,1121,MP325,MP325 - Bushbuckridge,Mpumalanga,vd_code_match
2016,76170203,MP325,MP325 - Bushbuckridge,Mpumalanga,994,MP325,MP325 - Bushbuckridge,Mpumalanga,vd_code_match
2016,76170214,MP325,MP325 - Bushbuckridge,Mpumalanga,1401,MP325,MP325 - Bushbuckridge,Mpumalanga,vd_code_match
2016,76170225,MP325,MP325 - Bushbuckridge,Mpumalanga,612,MP325,MP325 - Bushbuckridge,Mpumalanga,vd_code_match
2016,76170236,MP325,MP325 - Bushbuckridge,Mpumalanga,1027,MP325,MP325 - Bushbuckridge,Mpumalanga,vd_code_match
2016,76170247,MP325,MP325 - Bushbuckridge,Mpumalanga,1434,MP325,MP325 - Bushbuckridge,Mpumalanga,vd_code_match
2016,76170258,MP325,MP325 - Bushbuckridge,Mpumalanga,2609,MP325,MP325 - Bushbuckridge,Mpumalanga,vd_code_match
2016,76170269,MP325,MP325 - Bushbuckridge,Mpumalanga,1303,MP325,MP325 - Bushbuckridge,Mpumalanga,vd_code_match
2016,76170270,MP325,MP325 - Bushbuckridge,Mpumalanga,1256,MP325,MP325 - Bushbuckridge,Mpumalanga,vd_code_match
2016,76170281,MP325,MP325 - Bushbuckridge,Mpumalanga,766,MP325,MP325 - Bushbuckridge,Mpumalanga,vd_code_match
2016,76170292,MP325,MP325 - Bushbuckridge,Mpumalanga,637,MP325,MP325 - Bushbuckridge,Mpumalanga,vd_code_match
2016,76170304,MP325,MP325 - Bushbuckridge,Mpumalanga,279,MP325,MP325 - Bushbuckridge,Mpumalanga,vd_code_match
2016,76170315,MP325,MP325 - Bushbuckridge,Mpumalanga,831,MP325,MP325 - Bushbuckridge,Mpumalanga,vd_code_match
2016,76170326,MP325,MP325 - Bushbuckridge,Mpumalanga,902,MP325,MP325 - Bushbuckridge,Mpumalanga,vd_code_match
2016,76170337,MP325,MP325 - Bushbuckridge,Mpumalanga,1247,MP325,MP325 - Bushbuckridge,Mpumalanga,vd_code_match
2016,76170348,MP325,MP325 - Bushbuckridge,Mpumalanga,1247,MP325,MP325 - Bushbuckridge,Mpumalanga,vd_code_match
2016,76170359,MP325,MP325 - Bushbuckridge,Mpumalanga,970,MP325,MP325 - Bushbuckridge,Mpumalanga,vd_code_match
2016,76170360,MP325,MP325 - Bushbuckridge,Mpumalanga,1476,MP325,MP325 - Bushbuckridge,Mpumalanga,vd_code_match
2016,76170371,MP325,MP325 - Bushbuckridge,Mpumalanga,2373,MP325,MP325 - Bushbuckridge,Mpumalanga,vd_code_match
2016,76170382,MP325,MP325 - Bushbuckridge,Mpumalanga,1315,MP325,MP325 - Bushbuckridge,Mpumalanga,vd_code_match
2016,76170393,MP325,MP325 - Bushbuckridge,Mpumalanga,1463,MP325,MP325 - Bushbuckridge,Mpumalanga,vd_code_match
2016,76170405,MP325,MP325 - Bushbuckridge,Mpumalanga,875,MP325,MP325 - Bushbuckridge,Mpumalanga,vd_code_match
2016,76170416,MP325,MP325 - Bushbuckridge,Mpumalanga,910,MP325,MP325 - Bushbuckridge,Mpumalanga,vd_code_match
2016,76170427,MP325,MP325 - Bushbuckridge,Mpumalanga,427,MP325,MP325 - Bushbuckridge,Mpumalanga,vd_code_match
2016,76170438,MP325,MP325 - Bushbuckridge,Mpumalanga,610,MP325,MP325 - Bushbuckridge,Mpumalanga,vd_code_match
2016,76170449,MP325,MP325 - Bushbuckridge,Mpumalanga,863,MP325,MP325 - Bushbuckridge,Mpumalanga,vd_code_match
2016,76170450,MP325,MP325 - Bushbuckridge,Mpumalanga,760,MP325,MP325 - Bushbuckridge,Mpumalanga,vd_code_match
2016,76170461,MP325,MP325 - Bushbuckridge,Mpumalanga,1925,MP325,MP325 - Bushbuckridge,Mpumalanga,vd_code_match
2016,76170472,MP325,MP325 - Bushbuckridge,Mpumalanga,1344,MP325,MP325 - Bushbuckridge,Mpumalanga,vd_code_match
2016,76170483,MP325,MP325 - Bushbuckridge,Mpumalanga,1845,MP325,MP325 - Bushbuckridge,Mpumalanga,vd_code_match
2016,76170494,MP325,MP325 - Bushbuckridge,Mpumalanga,1979,MP325,MP325 - Bushbuckridge,Mpumalanga,vd_code_match
2016,76170506,MP325,MP325 - Bushbuckridge,Mpumalanga,1090,MP325,MP325 - Bushbuckridge,Mpumalanga,vd_code_match
2016,76170539,MP325,MP325 - Bushbuckridge,Mpumalanga,1056,MP325,MP325 - Bushbuckridge,Mpumalanga,vd_code_match
2016,76170540,MP325,MP325 - Bushbuckridge,Mpumalanga,1353,MP325,MP325 - Bushbuckridge,Mpumalanga,vd_code_match
2016,76170551,MP325,MP325 - Bushbuckridge,Mpumalanga,479,MP325,MP325 - Bushbuckridge,Mpumalanga,vd_code_match
2016,76170562,MP325,MP325 - Bushbuckridge,Mpumalanga,1299,MP325,MP325 - Bushbuckridge,Mpumalanga,vd_code_match
2016,76170573,MP325,MP325 - Bushbuckridge,Mpumalanga,195,MP325,MP325 - Bushbuckridge,Mpumalanga,vd_code_match
2016,76170584,MP325,MP325 - Bushbuckridge,Mpumalanga,660,MP325,MP325 - Bushbuckridge,Mpumalanga,vd_code_match
2016,76170595,MP325,MP325 - Bushbuckridge,Mpumalanga,669,MP325,MP325 - Bushbuckridge,Mpumalanga,vd_code_match
2016,76170607,MP325,MP325 - Bushbuckridge,Mpumalanga,857,MP325,MP325 - Bushbuckridge,Mpumalanga,vd_code_match
2016,76170618,MP325,MP325 - Bushbuckridge,Mpumalanga,866,MP325,MP325 - Bushbuckridge,Mpumalanga,vd_code_match
2016,76170629,MP325,MP325 - Bushbuckridge,Mpumalanga,350,MP325,MP325 - Bushbuckridge,Mpumalanga,vd_code_match
2016,76170630,MP325,MP325 - Bushbuckridge,Mpumalanga,296,MP325,MP325 - Bushbuckridge,Mpumalanga,vd_code_match
2016,76170641,MP326,MP326 - Mbombela/Umjindi,Mpumalanga,372,MP326,MP326 - City of Mbombela,Mpumalanga,vd_code_match
2016,76170652,MP325,MP325 - Bushbuckridge,Mpumalanga,394,MP325,MP325 - Bushbuckridge,Mpumalanga,vd_code_match
2016,76170663,MP325,MP325 - Bushbuckridge,Mpumalanga,335,MP325,MP325 - Bushbuckridge,Mpumalanga,vd_code_match
2016,76170674,MP325,MP325 - Bushbuckridge,Mpumalanga,321,MP325,MP325 - Bushbuckridge,Mpumalanga,vd_code_match
2016,76170685,MP325,MP325 - Bushbuckridge,Mpumalanga,1028,MP325,MP325 - Bushbuckridge,Mpumalanga,vd_code_match
2016,76170696,MP325,MP325 - Bushbuckridge,Mpumalanga,488,MP325,MP325 - Bushbuckridge,Mpumalanga,vd_code_match
2016,76170708,MP325,MP325 - Bushbuckridge,Mpumalanga,401,MP325,MP325 - Bushbuckridge,Mpumalanga,vd_code_match
2016,76170719,MP325,MP325 - Bushbuckridge,Mpumalanga,357,MP325,MP325 - Bushbuckridge,Mpumalanga,vd_code_match
2016,76170720,MP325,MP325 - Bushbuckridge,Mpumalanga,465,MP325,MP325 - Bushbuckridge,Mpumalanga,vd_code_match
2016,76170731,MP325,MP325 - Bushbuckridge,Mpumalanga,463,MP325,MP325 - Bushbuckridge,Mpumalanga,vd_code_match
2016,76170742,MP325,MP325 - Bushbuckridge,Mpumalanga,1681,MP325,MP325 - Bushbuckridge,Mpumalanga,vd_code_match
2016,76170753,MP325,MP325 - Bushbuckridge,Mpumalanga,296,MP325,MP325 - Bushbuckridge,Mpumalanga,vd_code_match
2021,54100011,MP304,MP304 - Dr Pixley Ka Isaka Seme,Mpumalanga,1582,MP304,MP304 - Dr Pixley Ka Isaka Seme,Mpumalanga,vd_code_match
2021,54100022,MP304,MP304 - Dr Pixley Ka Isaka Seme,Mpumalanga,1505,MP304,MP304 - Dr Pixley Ka Isaka Seme,Mpumalanga,vd_code_match
2021,54100033,MP304,MP304 - Dr Pixley Ka Isaka Seme,Mpumalanga,2011,MP304,MP304 - Dr Pixley Ka Isaka Seme,Mpumalanga,vd_code_match
2021,54100044,MP304,MP304 - Dr Pixley Ka Isaka Seme,Mpumalanga,828,MP304,MP304 - Dr Pixley Ka Isaka Seme,Mpumalanga,vd_code_match
2021,54100055,MP304,MP304 - Dr Pixley Ka Isaka Seme,Mpumalanga,101,MP304,MP304 - Dr Pixley Ka Isaka Seme,Mpumalanga,vd_code_match
2021,54110012,MP303,MP303 - Mkhondo,Mpumalanga,1537,MP303,MP303 - Mkhondo,Mpumalanga,vd_code_match
2021,54110023,MP303,MP303 - Mkhondo,Mpumalanga,2391,MP303,MP303 - Mkhondo,Mpumalanga,vd_code_match
2021,54110034,MP303,MP303 - Mkhondo,Mpumalanga,1538,MP303,MP303 - Mkhondo,Mpumalanga,vd_code_match
2021,54120013,MP301,MP301 - Chief Albert Luthuli,Mpumalanga,171,MP301,MP301 - Chief Albert Luthuli,Mpumalanga,vd_code_match
2021,54120024,MP301,MP301 - Chief Albert Luthuli,Mpumalanga,485,MP301,MP301 - Chief Albert Luthuli,Mpumalanga,vd_code_match
2021,54120035,MP301,MP301 - Chief Albert Luthuli,Mpumalanga,283,MP301,MP301 - Chief Albert Luthuli,Mpumalanga,vd_code_match
2021,54120046,MP301,MP301 - Chief Albert Luthuli,Mpumalanga,770,MP301,MP301 - Chief Albert Luthuli,Mpumalanga,vd_code_match
2021,54120057,MP301,MP301 - Chief Albert Luthuli,Mpumalanga,152,MP301,MP301 - Chief Albert Luthuli,Mpumalanga,vd_code_match
2021,54120068,MP301,MP301 - Chief Albert Luthuli,Mpumalanga,457,MP301,MP301 - Chief Albert Luthuli,Mpumalanga,vd_code_match
2021,54120080,MP301,MP301 - Chief Albert Luthuli,Mpumalanga,793,MP301,MP301 - Chief Albert Luthuli,Mpumalanga,vd_code_match
2021,54120091,MP301,MP301 - Chief Albert Luthuli,Mpumalanga,289,MP301,MP301 - Chief Albert Luthuli,Mpumalanga,vd_code_match
2021,54120103,MP301,MP301 - Chief Albert Luthuli,Mpumalanga,905,MP301,MP301 - Chief Albert Luthuli,Mpumalanga,vd_code_match
2021,54120114,MP301,MP301 - Chief Albert Luthuli,Mpumalanga,810,MP301,MP301 - Chief Albert Luthuli,Mpumalanga,vd_code_match
2021,54120125,MP301,MP301 - Chief Albert Luthuli,Mpumalanga,1255,MP301,MP301 - Chief Albert Luthuli,Mpumalanga,vd_code_match
2021,54120136,MP301,MP301 - Chief Albert Luthuli,Mpumalanga,510,MP301,MP301 - Chief Albert Luthuli,Mpumalanga,vd_code_match
2021,54120147,MP301,MP301 - Chief Albert Luthuli,Mpumalanga,182,MP301,MP301 - Chief Albert Luthuli,Mpumalanga,vd_code_match
2021,54120181,MP301,MP301 - Chief Albert Luthuli,Mpumalanga,345,MP301,MP301 - Chief Albert Luthuli,Mpumalanga,vd_code_match
2021,54120192,MP301,MP301 - Chief Albert Luthuli,Mpumalanga,1118,MP301,MP301 - Chief Albert Luthuli,Mpumalanga,vd_code_match
2021,54120215,MP301,MP301 - Chief Albert Luthuli,Mpumalanga,1054,MP301,MP301 - Chief Albert Luthuli,Mpumalanga,vd_code_match
2021,54120226,MP301,MP301 - Chief Albert Luthuli,Mpumalanga,1252,MP301,MP301 - Chief Albert Luthuli,Mpumalanga,vd_code_match
2021,54120237,MP301,MP301 - Chief Albert Luthuli,Mpumalanga,397,MP301,MP301 - Chief Albert Luthuli,Mpumalanga,vd_code_match
2021,54120248,MP301,MP301 - Chief Albert Luthuli,Mpumalanga,671,MP301,MP301 - Chief Albert Luthuli,Mpumalanga,vd_code_match
2021,54120259,MP301,MP301 - Chief Albert Luthuli,Mpumalanga,431,MP301,MP301 - Chief Albert Luthuli,Mpumalanga,vd_code_match
2021,54120260,MP301,MP301 - Chief Albert Luthuli,Mpumalanga,246,MP301,MP301 - Chief Albert Luthuli,Mpumalanga,vd_code_match
2021,54120271,MP301,MP301 - Chief Albert Luthuli,Mpumalanga,510,MP301,MP301 - Chief Albert Luthuli,Mpumalanga,vd_code_match
2021,54120282,MP301,MP301 - Chief Albert Luthuli,Mpumalanga,155,MP301,MP301 - Chief Albert Luthuli,Mpumalanga,vd_code_match
2021,54120293,MP301,MP301 - Chief Albert Luthuli,Mpumalanga,192,MP301,MP301 - Chief Albert Luthuli,Mpumalanga,vd_code_match
2021,54130014,MP306,MP306 - Dipaleseng,Mpumalanga,1230,MP306,MP306 - Dipaleseng,Mpumalanga,vd_code_match
2021,54130025,MP306,MP306 - Dipaleseng,Mpumalanga,989,MP306,MP306 - Dipaleseng,Mpumalanga,vd_code_match
2021,54130036,MP306,MP306 - Dipaleseng,Mpumalanga,1439,MP306,MP306 - Dipaleseng,Mpumalanga,vd_code_match
2021,54130047,MP306,MP306 - Dipaleseng,Mpumalanga,1886,MP306,MP306 - Dipaleseng,Mpumalanga,vd_code_match
2021,54130070,MP306,MP306 - Dipaleseng,Mpumalanga,1430,MP306,MP306 - Dipaleseng,Mpumalanga,vd_code_match
2021,54130081,MP306,MP306 - Dipaleseng,Mpumalanga,959,MP306,MP306 - Dipaleseng,Mpumalanga,vd_code_match
2021,54130092,MP306,MP306 - Dipaleseng,Mpumalanga,660,MP306,MP306 - Dipaleseng,Mpumalanga,vd_code_match
2021,54130104,MP306,MP306 - Dipaleseng,Mpumalanga,854,MP306,MP306 - Dipaleseng,Mpumalanga,vd_code_match
2021,54130115,MP306,MP306 - Dipaleseng,Mpumalanga,487,MP306,MP306 - Dipaleseng,Mpumalanga,vd_code_match
2021,54130126,MP306,MP306 - Dipaleseng,Mpumalanga,518,MP306,MP306 - Dipaleseng,Mpumalanga,vd_code_match
2021,54130137,MP306,MP306 - Dipaleseng,Mpumalanga,733,MP306,MP306 - Dipaleseng,Mpumalanga,vd_code_match
2021,54130148,MP306,MP306 - Dipaleseng,Mpumalanga,546,MP306,MP306 - Dipaleseng,Mpumalanga,vd_code_match
2021,54130159,MP306,MP306 - Dipaleseng,Mpumalanga,588,MP306,MP306 - Dipaleseng,Mpumalanga,vd_code_match
2021,54130160,MP306,MP306 - Dipaleseng,Mpumalanga,606,MP306,MP306 - Dipaleseng,Mpumalanga,vd_code_match
2021,54130171,MP306,MP306 - Dipaleseng,Mpumalanga,88,MP306,MP306 - Dipaleseng,Mpumalanga,vd_code_match
2021,54130182,MP306,MP306 - Dipaleseng,Mpumalanga,355,MP306,MP306 - Dipaleseng,Mpumalanga,vd_code_match
2021,54140015,MP307,MP307 - Govan Mbeki,Mpumalanga,2374,MP307,MP307 - Govan Mbeki,Mpumalanga,vd_code_match
2021,54140026,MP307,MP307 - Govan Mbeki,Mpumalanga,1067,MP307,MP307 - Govan Mbeki,Mpumalanga,vd_code_match
2021,54140037,MP307,MP307 - Govan Mbeki,Mpumalanga,1262,MP307,MP307 - Govan Mbeki,Mpumalanga,vd_code_match
2021,54140048,MP307,MP307 - Govan Mbeki,Mpumalanga,2130,MP307,MP307 - Govan Mbeki,Mpumalanga,vd_code_match
2021,54140059,MP307,MP307 - Govan Mbeki,Mpumalanga,2410,MP307,MP307 - Govan Mbeki,Mpumalanga,vd_code_match
2021,54140060,MP307,MP307 - Govan Mbeki,Mpumalanga,1541,MP307,MP307 - Govan Mbeki,Mpumalanga,vd_code_match
2021,54140071,MP307,MP307 - Govan Mbeki,Mpumalanga,1608,MP307,MP307 - Govan Mbeki,Mpumalanga,vd_code_match
2021,54140082,MP307,MP307 - Govan Mbeki,Mpumalanga,2743,MP307,MP307 - Govan Mbeki,Mpumalanga,vd_code_match
2021,54140093,MP307,MP307 - Govan Mbeki,Mpumalanga,1896,MP307,MP307 - Govan Mbeki,Mpumalanga,vd_code_match
2021,54140105,MP307,MP307 - Govan Mbeki,Mpumalanga,2893,MP307,MP307 - Govan Mbeki,Mpumalanga,vd_code_match
2021,54140116,MP307,MP307 - Govan Mbeki,Mpumalanga,1225,MP307,MP307 - Govan Mbeki,Mpumalanga,vd_code_match
2021,54140127,MP307,MP307 - Govan Mbeki,Mpumalanga,1440,MP307,MP307 - Govan Mbeki,Mpumalanga,vd_code_match
2021,54140138,MP307,MP307 - Govan Mbeki,Mpumalanga,2498,MP307,MP307 - Govan Mbeki,Mpumalanga,vd_code_match
2021,54140149,MP307,MP307 - Govan Mbeki,Mpumalanga,949,MP307,MP307 - Govan Mbeki,Mpumalanga,vd_code_match
2021,54140150,MP307,MP307 - Govan Mbeki,Mpumalanga,2120,MP307,MP307 - Govan Mbeki,Mpumalanga,vd_code_match
2021,54140161,MP307,MP307 - Govan Mbeki,Mpumalanga,395,MP307,MP307 - Govan Mbeki,Mpumalanga,vd_code_match
2021,54140172,MP307,MP307 - Govan Mbeki,Mpumalanga,515,MP307,MP307 - Govan Mbeki,Mpumalanga,vd_code_match
2021,54140183,MP307,MP307 - Govan Mbeki,Mpumalanga,44,MP307,MP307 - Govan Mbeki,Mpumalanga,vd_code_match
2021,54150016,MP302,MP302 - Msukaligwa,Mpumalanga,2550,MP302,MP302 - Msukaligwa,Mpumalanga,vd_code_match
2021,54150027,MP302,MP302 - Msukaligwa,Mpumalanga,1372,MP302,MP302 - Msukaligwa,Mpumalanga,vd_code_match
2021,54150038,MP302,MP302 - Msukaligwa,Mpumalanga,592,MP302,MP302 - Msukaligwa,Mpumalanga,vd_code_match
2021,54160017,MP301,MP301 - Chief Albert Luthuli,Mpumalanga,1712,MP301,MP301 - Chief Albert Luthuli,Mpumalanga,vd_code_match
2021,54160028,MP301,MP301 - Chief Albert Luthuli,Mpumalanga,843,MP301,MP301 - Chief Albert Luthuli,Mpumalanga,vd_code_match
2021,54160039,MP301,MP301 - Chief Albert Luthuli,Mpumalanga,1150,MP301,MP301 - Chief Albert Luthuli,Mpumalanga,vd_code_match
2021,54160040,MP301,MP301 - Chief Albert Luthuli,Mpumalanga,2051,MP301,MP301 - Chief Albert Luthuli,Mpumalanga,vd_code_match
2021,54160051,MP301,MP301 - Chief Albert Luthuli,Mpumalanga,514,MP301,MP301 - Chief Albert Luthuli,Mpumalanga,vd_code_match
2021,54160062,MP301,MP301 - Chief Albert Luthuli,Mpumalanga,433,MP301,MP301 - Chief Albert Luthuli,Mpumalanga,vd_code_match
2021,54160073,MP301,MP301 - Chief Albert Luthuli,Mpumalanga,197,MP301,MP301 - Chief Albert Luthuli,Mpumalanga,vd_code_match
2021,54160084,MP301,MP301 - Chief Albert Luthuli,Mpumalanga,471,MP301,MP301 - Chief Albert Luthuli,Mpumalanga,vd_code_match
2021,54160095,MP301,MP301 - Chief Albert Luthuli,Mpumalanga,1610,MP301,MP301 - Chief Albert Luthuli,Mpumalanga,vd_code_match
2021,54160107,MP301,MP301 - Chief Albert Luthuli,Mpumalanga,662,MP301,MP301 - Chief Albert Luthuli,Mpumalanga,vd_code_match
2021,54170018,MP302,MP302 - Msukaligwa,Mpumalanga,729,MP302,MP302 - Msukaligwa,Mpumalanga,vd_code_match
2021,54170029,MP302,MP302 - Msukaligwa,Mpumalanga,968,MP302,MP302 - Msukaligwa,Mpumalanga,vd_code_match
2021,54180019,MP302,MP302 - Msukaligwa,Mpumalanga,2169,MP302,MP302 - Msukaligwa,Mpumalanga,vd_code_match
2021,54180020,MP302,MP302 - Msukaligwa,Mpumalanga,496,MP302,MP302 - Msukaligwa,Mpumalanga,vd_code_match
2021,54190010,MP311,MP311 - Victor Khanye,Mpumalanga,1909,MP311,MP311 - Victor Khanye,Mpumalanga,vd_code_match
2021,54190021,MP311,MP311 - Victor Khanye,Mpumalanga,2639,MP311,MP311 - Victor Khanye,Mpumalanga,vd_code_match
2021,54190032,MP311,MP311 - Victor Khanye,Mpumalanga,1611,MP311,MP311 - Victor Khanye,Mpumalanga,vd_code_match
2021,54190043,MP311,MP311 - Victor Khanye,Mpumalanga,2206,MP311,MP311 - Victor Khanye,Mpumalanga,vd_code_match
2021,54190054,MP311,MP311 - Victor Khanye,Mpumalanga,2026,MP311,MP311 - Victor Khanye,Mpumalanga,vd_code_match
2021,54190065,MP311,MP311 - Victor Khanye,Mpumalanga,1086,MP311,MP311 - Victor Khanye,Mpumalanga,vd_code_match
2021,54190076,MP311,MP311 - Victor Khanye,Mpumalanga,2081,MP311,MP311 - Victor Khanye,Mpumalanga,vd_code_match
2021,54190087,MP311,MP311 - Victor Khanye,Mpumalanga,2204,MP311,MP311 - Victor Khanye,Mpumalanga,vd_code_match
2021,54190098,MP311,MP311 - Victor Khanye,Mpumalanga,1375,MP311,MP311 - Victor Khanye,Mpumalanga,vd_code_match
2021,54190100,MP311,MP311 - Victor Khanye,Mpumalanga,1317,MP311,MP311 - Victor Khanye,Mpumalanga,vd_code_match
2021,54190111,MP311,MP311 - Victor Khanye,Mpumalanga,1598,MP311,MP311 - Victor Khanye,Mpumalanga,vd_code_match
2021,54190122,MP311,MP311 - Victor Khanye,Mpumalanga,1506,MP311,MP311 - Victor Khanye,Mpumalanga,vd_code_match
2021,54190133,MP311,MP311 - Victor Khanye,Mpumalanga,954,MP311,MP311 - Victor Khanye,Mpumalanga,vd_code_match
2021,54190144,MP311,MP311 - Victor Khanye,Mpumalanga,1894,MP311,MP311 - Victor Khanye,Mpumalanga,vd_code_match
2021,54190155,MP311,MP311 - Victor Khanye,Mpumalanga,1176,MP311,MP311 - Victor Khanye,Mpumalanga,vd_code_match
2021,54200012,MP301,MP301 - Chief Albert Luthuli,Mpumalanga,365,MP301,MP301 - Chief Albert Luthuli,Mpumalanga,vd_code_match
2021,54200023,MP301,MP301 - Chief Albert Luthuli,Mpumalanga,399,MP301,MP301 - Chief Albert Luthuli,Mpumalanga,vd_code_match
2021,54200034,MP301,MP301 - Chief Albert Luthuli,Mpumalanga,1731,MP301,MP301 - Chief Albert Luthuli,Mpumalanga,vd_code_match
2021,54200045,MP301,MP301 - Chief Albert Luthuli,Mpumalanga,632,MP301,MP301 - Chief Albert Luthuli,Mpumalanga,vd_code_match
2021,54200056,MP301,MP301 - Chief Albert Luthuli,Mpumalanga,77,MP301,MP301 - Chief Albert Luthuli,Mpumalanga,vd_code_match
2021,54200067,MP301,MP301 - Chief Albert Luthuli,Mpumalanga,188,MP301,MP301 - Chief Albert Luthuli,Mpumalanga,vd_code_match
2021,54200078,MP301,MP301 - Chief Albert Luthuli,Mpumalanga,702,MP301,MP301 - Chief Albert Luthuli,Mpumalanga,vd_code_match
2021,54200089,MP301,MP301 - Chief Albert Luthuli,Mpumalanga,394,MP301,MP301 - Chief Albert Luthuli,Mpumalanga,vd_code_match
2021,54210013,MP301,MP301 - Chief Albert Luthuli,Mpumalanga,1753,MP301,MP301 - Chief Albert Luthuli,Mpumalanga,vd_code_match
2021,54210024,MP301,MP301 - Chief Albert Luthuli,Mpumalanga,1540,MP301,MP301 - Chief Albert Luthuli,Mpumalanga,vd_code_match
2021,54210035,MP301,MP301 - Chief Albert Luthuli,Mpumalanga,1105,MP301,MP301 - Chief Albert Luthuli,Mpumalanga,vd_code_match
2021,54210046,MP301,MP301 - Chief Albert Luthuli,Mpumalanga,1884,MP301,MP301 - Chief Albert Luthuli,Mpumalanga,vd_code_match
2021,54210057,MP301,MP301 - Chief Albert Luthuli,Mpumalanga,1241,MP301,MP301 - Chief Albert Luthuli,Mpumalanga,vd_code_match
2021,54210068,MP301,MP301 - Chief Albert Luthuli,Mpumalanga,781,MP301,MP301 - Chief Albert Luthuli,Mpumalanga,vd_code_match
2021,54210079,MP301,MP301 - Chief Albert Luthuli,Mpumalanga,1518,MP301,MP301 - Chief Albert Luthuli,Mpumalanga,vd_code_match
2021,54210080,MP301,MP301 - Chief Albert Luthuli,Mpumalanga,1294,MP301,MP301 - Chief Albert Luthuli,Mpumalanga,vd_code_match
2021,54210091,MP301,MP301 - Chief Albert Luthuli,Mpumalanga,1640,MP301,MP301 - Chief Albert Luthuli,Mpumalanga,vd_code_match
2021,54210103,MP301,MP301 - Chief Albert Luthuli,Mpumalanga,1591,MP301,MP301 - Chief Albert Luthuli,Mpumalanga,vd_code_match
2021,54210114,MP301,MP301 - Chief Albert Luthuli,Mpumalanga,1622,MP301,MP301 - Chief Albert Luthuli,Mpumalanga,vd_code_match
2021,54210125,MP301,MP301 - Chief Albert Luthuli,Mpumalanga,458,MP301,MP301 - Chief Albert Luthuli,Mpumalanga,vd_code_match
2021,54210169,MP301,MP301 - Chief Albert Luthuli,Mpumalanga,504,MP301,MP301 - Chief Albert Luthuli,Mpumalanga,vd_code_match
2021,54210170,MP301,MP301 - Chief Albert Luthuli,Mpumalanga,1014,MP301,MP301 - Chief Albert Luthuli,Mpumalanga,vd_code_match
2021,54210192,MP301,MP301 - Chief Albert Luthuli,Mpumalanga,761,MP301,MP301 - Chief Albert Luthuli,Mpumalanga,vd_code_match
2021,54210204,MP301,MP301 - Chief Albert Luthuli,Mpumalanga,1247,MP301,MP301 - Chief Albert Luthuli,Mpumalanga,vd_code_match
2021,54210215,MP301,MP301 - Chief Albert Luthuli,Mpumalanga,122,MP301,MP301 - Chief Albert Luthuli,Mpumalanga,vd_code_match
2021,54210226,MP301,MP301 - Chief Albert Luthuli,Mpumalanga,939,MP301,MP301 - Chief Albert Luthuli,Mpumalanga,vd_code_match
2021,54210237,MP301,MP301 - Chief Albert Luthuli,Mpumalanga,1263,MP301,MP301 - Chief Albert Luthuli,Mpumalanga,vd_code_match
2021,54210248,MP301,MP301 - Chief Albert Luthuli,Mpumalanga,1195,MP301,MP301 - Chief Albert Luthuli,Mpumalanga,vd_code_match
2021,54210259,MP301,MP301 - Chief Albert Luthuli,Mpumalanga,917,MP301,MP301 - Chief Albert Luthuli,Mpumalanga,vd_code_match
2021,54210260,MP301,MP301 - Chief Albert Luthuli,Mpumalanga,531,MP301,MP301 - Chief Albert Luthuli,Mpumalanga,vd_code_match
2021,54210271,MP301,MP301 - Chief Albert Luthuli,Mpumalanga,592,MP301,MP301 - Chief Albert Luthuli,Mpumalanga,vd_code_match
2021,54210282,MP301,MP301 - Chief Albert Luthuli,Mpumalanga,985,MP301,MP301 - Chief Albert Luthuli,Mpumalanga,vd_code_match
2021,54210293,MP301,MP301 - Chief Albert Luthuli,Mpumalanga,620,MP301,MP301 - Chief Albert Luthuli,Mpumalanga,vd_code_match
2021,54210305,MP301,MP301 - Chief Albert Luthuli,Mpumalanga,351,MP301,MP301 - Chief Albert Luthuli,Mpumalanga,vd_code_match
2021,54210316,MP301,MP301 - Chief Albert Luthuli,Mpumalanga,753,MP301,MP301 - Chief Albert Luthuli,Mpumalanga,vd_code_match
2021,54210327,MP301,MP301 - Chief Albert Luthuli,Mpumalanga,397,MP301,MP301 - Chief Albert Luthuli,Mpumalanga,vd_code_match
2021,54210338,MP301,MP301 - Chief Albert Luthuli,Mpumalanga,434,MP301,MP301 - Chief Albert Luthuli,Mpumalanga,vd_code_match
2021,54210349,MP301,MP301 - Chief Albert Luthuli,Mpumalanga,403,MP301,MP301 - Chief Albert Luthuli,Mpumalanga,vd_code_match
2021,54210350,MP301,MP301 - Chief Albert Luthuli,Mpumalanga,323,MP301,MP301 - Chief Albert Luthuli,Mpumalanga,vd_code_match
2021,54210361,MP301,MP301 - Chief Albert Luthuli,Mpumalanga,296,MP301,MP301 - Chief Albert Luthuli,Mpumalanga,vd_code_match
2021,54220014,MP301,MP301 - Chief Albert Luthuli,Mpumalanga,1232,MP301,MP301 - Chief Albert Luthuli,Mpumalanga,vd_code_match
2021,54220025,MP301,MP301 - Chief Albert Luthuli,Mpumalanga,1095,MP301,MP301 - Chief Albert Luthuli,Mpumalanga,vd_code_match
2021,54220036,MP301,MP301 - Chief Albert Luthuli,Mpumalanga,940,MP301,MP301 - Chief Albert Luthuli,Mpumalanga,vd_code_match
2021,54220047,MP301,MP301 - Chief Albert Luthuli,Mpumalanga,1379,MP301,MP301 - Chief Albert Luthuli,Mpumalanga,vd_code_match
2021,54220058,MP301,MP301 - Chief Albert Luthuli,Mpumalanga,929,MP301,MP301 - Chief Albert Luthuli,Mpumalanga,vd_code_match
2021,54220069,MP301,MP301 - Chief Albert Luthuli,Mpumalanga,1300,MP301,MP301 - Chief Albert Luthuli,Mpumalanga,vd_code_match
2021,54220070,MP301,MP301 - Chief Albert Luthuli,Mpumalanga,805,MP301,MP301 - Chief Albert Luthuli,Mpumalanga,vd_code_match
2021,54220081,MP301,MP301 - Chief Albert Luthuli,Mpumalanga,875,MP301,MP301 - Chief Albert Luthuli,Mpumalanga,vd_code_match
2021,54220092,MP301,MP301 - Chief Albert Luthuli,Mpumalanga,1346,MP301,MP301 - Chief Albert Luthuli,Mpumalanga,vd_code_match
2021,54220104,MP301,MP301 - Chief Albert Luthuli,Mpumalanga,1367,MP301,MP301 - Chief Albert Luthuli,Mpumalanga,vd_code_match
2021,54220115,MP301,MP301 - Chief Albert Luthuli,Mpumalanga,1773,MP301,MP301 - Chief Albert Luthuli,Mpumalanga,vd_code_match
2021,54220126,MP301,MP301 - Chief Albert Luthuli,Mpumalanga,1102,MP301,MP301 - Chief Albert Luthuli,Mpumalanga,vd_code_match
2021,54220137,MP301,MP301 - Chief Albert Luthuli,Mpumalanga,926,MP301,MP301 - Chief Albert Luthuli,Mpumalanga,vd_code_match
2021,54220148,MP301,MP301 - Chief Albert Luthuli,Mpumalanga,1017,MP301,MP301 - Chief Albert Luthuli,Mpumalanga,vd_code_match
2021,54220159,MP301,MP301 - Chief Albert Luthuli,Mpumalanga,1239,MP301,MP301 - Chief Albert Luthuli,Mpumalanga,vd_code_match
2021,54220160,MP301,MP301 - Chief Albert Luthuli,Mpumalanga,736,MP301,MP301 - Chief Albert Luthuli,Mpumalanga,vd_code_match
2021,54220171,MP301,MP301 - Chief Albert Luthuli,Mpumalanga,670,MP301,MP301 - Chief Albert Luthuli,Mpumalanga,vd_code_match
2021,54220182,MP301,MP301 - Chief Albert Luthuli,Mpumalanga,258,MP301,MP301 - Chief Albert Luthuli,Mpumalanga,vd_code_match
2021,54220205,MP301,MP301 - Chief Albert Luthuli,Mpumalanga,523,MP301,MP301 - Chief Albert Luthuli,Mpumalanga,vd_code_match
2021,54220216,MP301,MP301 - Chief Albert Luthuli,Mpumalanga,1022,MP301,MP301 - Chief Albert Luthuli,Mpumalanga,vd_code_match
2021,54220227,MP301,MP301 - Chief Albert Luthuli,Mpumalanga,514,MP301,MP301 - Chief Albert Luthuli,Mpumalanga,vd_code_match
2021,54220238,MP301,MP301 - Chief Albert Luthuli,Mpumalanga,420,MP301,MP301 - Chief Albert Luthuli,Mpumalanga,vd_code_match
2021,54220249,MP301,MP301 - Chief Albert Luthuli,Mpumalanga,971,MP301,MP301 - Chief Albert Luthuli,Mpumalanga,vd_code_match
2021,54220250,MP301,MP301 - Chief Albert Luthuli,Mpumalanga,381,MP301,MP301 - Chief Albert Luthuli,Mpumalanga,vd_code_match
2021,54220261,MP301,MP301 - Chief Albert Luthuli,Mpumalanga,251,MP301,MP301 - Chief Albert Luthuli,Mpumalanga,vd_code_match
2021,54220272,MP301,MP301 - Chief Albert Luthuli,Mpumalanga,354,MP301,MP301 - Chief Albert Luthuli,Mpumalanga,vd_code_match
2021,54220283,MP301,MP301 - Chief Albert Luthuli,Mpumalanga,1175,MP301,MP301 - Chief Albert Luthuli,Mpumalanga,vd_code_match
2021,54220294,MP301,MP301 - Chief Albert Luthuli,Mpumalanga,262,MP301,MP301 - Chief Albert Luthuli,Mpumalanga,vd_code_match
2021,54220306,MP301,MP301 - Chief Albert Luthuli,Mpumalanga,822,MP301,MP301 - Chief Albert Luthuli,Mpumalanga,vd_code_match
2021,54220317,MP301,MP301 - Chief Albert Luthuli,Mpumalanga,548,MP301,MP301 - Chief Albert Luthuli,Mpumalanga,vd_code_match
2021,54220328,MP301,MP301 - Chief Albert Luthuli,Mpumalanga,702,MP301,MP301 - Chief Albert Luthuli,Mpumalanga,vd_code_match
2021,54220339,MP301,MP301 - Chief Albert Luthuli,Mpumalanga,601,MP301,MP301 - Chief Albert Luthuli,Mpumalanga,vd_code_match
2021,54220340,MP301,MP301 - Chief Albert Luthuli,Mpumalanga,587,MP301,MP301 - Chief Albert Luthuli,Mpumalanga,vd_code_match
2021,54220351,MP301,MP301 - Chief Albert Luthuli,Mpumalanga,376,MP301,MP301 - Chief Albert Luthuli,Mpumalanga,vd_code_match
2021,54220362,MP301,MP301 - Chief Albert Luthuli,Mpumalanga,589,MP301,MP301 - Chief Albert Luthuli,Mpumalanga,vd_code_match
2021,54220373,MP301,MP301 - Chief Albert Luthuli,Mpumalanga,199,MP301,MP301 - Chief Albert Luthuli,Mpumalanga,vd_code_match
2021,54220384,MP301,MP301 - Chief Albert Luthuli,Mpumalanga,518,MP301,MP301 - Chief Albert Luthuli,Mpumalanga,vd_code_match
2021,54220395,MP301,MP301 - Chief Albert Luthuli,Mpumalanga,659,MP301,MP301 - Chief Albert Luthuli,Mpumalanga,vd_code_match
2021,54220407,MP301,MP301 - Chief Albert Luthuli,Mpumalanga,702,MP301,MP301 - Chief Albert Luthuli,Mpumalanga,vd_code_match
2021,54220418,MP301,MP301 - Chief Albert Luthuli,Mpumalanga,413,MP301,MP301 - Chief Albert Luthuli,Mpumalanga,vd_code_match
2021,54220430,MP301,MP301 - Chief Albert Luthuli,Mpumalanga,672,MP301,MP301 - Chief Albert Luthuli,Mpumalanga,vd_code_match
2021,54220441,MP301,MP301 - Chief Albert Luthuli,Mpumalanga,173,MP301,MP301 - Chief Albert Luthuli,Mpumalanga,vd_code_match
2021,54230015,MP302,MP302 - Msukaligwa,Mpumalanga,1791,MP302,MP302 - Msukaligwa,Mpumalanga,vd_code_match
2021,54230026,MP302,MP302 - Msukaligwa,Mpumalanga,1572,MP302,MP302 - Msukaligwa,Mpumalanga,vd_code_match
2021,54230037,MP302,MP302 - Msukaligwa,Mpumalanga,1486,MP302,MP302 - Msukaligwa,Mpumalanga,vd_code_match
2021,54230048,MP302,MP302 - Msukaligwa,Mpumalanga,1042,MP302,MP302 - Msukaligwa,Mpumalanga,vd_code_match
2021,54230059,MP302,MP302 - Msukaligwa,Mpumalanga,2121,MP302,MP302 - Msukaligwa,Mpumalanga,vd_code_match
2021,54230060,MP302,MP302 - Msukaligwa,Mpumalanga,1654,MP302,MP302 - Msukaligwa,Mpumalanga,vd_code_match
2021,54230071,MP302,MP302 - Msukaligwa,Mpumalanga,1891,MP302,MP302 - Msukaligwa,Mpumalanga,vd_code_match
2021,54230082,MP302,MP302 - Msukaligwa,Mpumalanga,2138,MP302,MP302 - Msukaligwa,Mpumalanga,vd_code_match
2021,54230093,MP302,MP302 - Msukaligwa,Mpumalanga,1779,MP302,MP302 - Msukaligwa,Mpumalanga,vd_code_match
2021,54230105,MP302,MP302 - Msukaligwa,Mpumalanga,1872,MP302,MP302 - Msukaligwa,Mpumalanga,vd_code_match
2021,54230116,MP302,MP302 - Msukaligwa,Mpumalanga,1768,MP302,MP302 - Msukaligwa,Mpumalanga,vd_code_match
2021,54230127,MP302,MP302 - Msukaligwa,Mpumalanga,1100,MP302,MP302 - Msukaligwa,Mpumalanga,vd_code_match
2021,54230138,MP302,MP302 - Msukaligwa,Mpumalanga,680,MP302,MP302 - Msukaligwa,Mpumalanga,vd_code_match
2021,54230149,MP302,MP302 - Msukaligwa,Mpumalanga,1037,MP302,MP302 - Msukaligwa,Mpumalanga,vd_code_match
2021,54230150,MP302,MP302 - Msukaligwa,Mpumalanga,1224,MP302,MP302 - Msukaligwa,Mpumalanga,vd_code_match
2021,54230161,MP302,MP302 - Msukaligwa,Mpumalanga,2188,MP302,MP302 - Msukaligwa,Mpumalanga,vd_code_match
2021,54230172,MP302,MP302 - Msukaligwa,Mpumalanga,811,MP302,MP302 - Msukaligwa,Mpumalanga,vd_code_match
2021,54230183,MP302,MP302 - Msukaligwa,Mpumalanga,998,MP302,MP302 - Msukaligwa,Mpumalanga,vd_code_match
2021,54230194,MP302,MP302 - Msukaligwa,Mpumalanga,1215,MP302,MP302 - Msukaligwa,Mpumalanga,vd_code_match
2021,54230206,MP302,MP302 - Msukaligwa,Mpumalanga,1646,MP302,MP302 - Msukaligwa,Mpumalanga,vd_code_match
2021,54230217,MP302,MP302 - Msukaligwa,Mpumalanga,3387,MP302,MP302 - Msukaligwa,Mpumalanga,vd_code_match
2021,54230228,MP302,MP302 - Msukaligwa,Mpumalanga,2505,MP302,MP302 - Msukaligwa,Mpumalanga,vd_code_match
2021,54230239,MP302,MP302 - Msukaligwa,Mpumalanga,578,MP302,MP302 - Msukaligwa,Mpumalanga,vd_code_match
2021,54230240,MP302,MP302 - Msukaligwa,Mpumalanga,785,MP302,MP302 - Msukaligwa,Mpumalanga,vd_code_match
2021,54230251,MP302,MP302 - Msukaligwa,Mpumalanga,597,MP302,MP302 - Msukaligwa,Mpumalanga,vd_code_match
2021,54230262,MP302,MP302 - Msukaligwa,Mpumalanga,142,MP302,MP302 - Msukaligwa,Mpumalanga,vd_code_match
2021,54240016,MP306,MP306 - Dipaleseng,Mpumalanga,1678,MP306,MP306 - Dipaleseng,Mpumalanga,vd_code_match
2021,54240027,MP306,MP306 - Dipaleseng,Mpumalanga,504,MP306,MP306 - Dipaleseng,Mpumalanga,vd_code_match
2021,54240038,MP306,MP306 - Dipaleseng,Mpumalanga,1383,MP306,MP306 - Dipaleseng,Mpumalanga,vd_code_match
2021,54240049,MP306,MP306 - Dipaleseng,Mpumalanga,92,MP306,MP306 - Dipaleseng,Mpumalanga,vd_code_match
2021,54250017,MP306,MP306 - Dipaleseng,Mpumalanga,603,MP306,MP306 - Dipaleseng,Mpumalanga,vd_code_match
2021,54250028,MP306,MP306 - Dipaleseng,Mpumalanga,1449,MP306,MP306 - Dipaleseng,Mpumalanga,vd_code_match
2021,54260018,MP307,MP307 - Govan Mbeki,Mpumalanga,3088,MP307,MP307 - Govan Mbeki,Mpumalanga,vd_code_match
2021,54260029,MP307,MP307 - Govan Mbeki,Mpumalanga,2504,MP307,MP307 - Govan Mbeki,Mpumalanga,vd_code_match
2021,54260041,MP307,MP307 - Govan Mbeki,Mpumalanga,2426,MP307,MP307 - Govan Mbeki,Mpumalanga,vd_code_match
2021,54260052,MP307,MP307 - Govan Mbeki,Mpumalanga,3484,MP307,MP307 - Govan Mbeki,Mpumalanga,vd_code_match
2021,54260063,MP307,MP307 - Govan Mbeki,Mpumalanga,2949,MP307,MP307 - Govan Mbeki,Mpumalanga,vd_code_match
2021,54260074,MP307,MP307 - Govan Mbeki,Mpumalanga,1838,MP307,MP307 - Govan Mbeki,Mpumalanga,vd_code_match
2021,54260085,MP307,MP307 - Govan Mbeki,Mpumalanga,3497,MP307,MP307 - Govan Mbeki,Mpumalanga,vd_code_match
2021,54260096,MP307,MP307 - Govan Mbeki,Mpumalanga,2037,MP307,MP307 - Govan Mbeki,Mpumalanga,vd_code_match
2021,54260108,MP307,MP307 - Govan Mbeki,Mpumalanga,1891,MP307,MP307 - Govan Mbeki,Mpumalanga,vd_code_match
2021,54260119,MP307,MP307 - Govan Mbeki,Mpumalanga,2010,MP307,MP307 - Govan Mbeki,Mpumalanga,vd_code_match
2021,54260120,MP307,MP307 - Govan Mbeki,Mpumalanga,1854,MP307,MP307 - Govan Mbeki,Mpumalanga,vd_code_match
2021,54260131,MP307,MP307 - Govan Mbeki,Mpumalanga,1427,MP307,MP307 - Govan Mbeki,Mpumalanga,vd_code_match
2021,54260142,MP307,MP307 - Govan Mbeki,Mpumalanga,1859,MP307,MP307 - Govan Mbeki,Mpumalanga,vd_code_match
2021,54260153,MP307,MP307 - Govan Mbeki,Mpumalanga,2411,MP307,MP307 - Govan Mbeki,Mpumalanga,vd_code_match
2021,54260175,MP307,MP307 - Govan Mbeki,Mpumalanga,2163,MP307,MP307 - Govan Mbeki,Mpumalanga,vd_code_match
2021,54260186,MP307,MP307 - Govan Mbeki,Mpumalanga,2036,MP307,MP307 - Govan Mbeki,Mpumalanga,vd_code_match
2021,54260197,MP307,MP307 - Govan Mbeki,Mpumalanga,2093,MP307,MP307 - Govan Mbeki,Mpumalanga,vd_code_match
2021,54260209,MP307,MP307 - Govan Mbeki,Mpumalanga,963,MP307,MP307 - Govan Mbeki,Mpumalanga,vd_code_match
2021,54260210,MP307,MP307 - Govan Mbeki,Mpumalanga,2199,MP307,MP307 - Govan Mbeki,Mpumalanga,vd_code_match
2021,54260221,MP307,MP307 - Govan Mbeki,Mpumalanga,2111,MP307,MP307 - Govan Mbeki,Mpumalanga,vd_code_match
2021,54260232,MP307,MP307 - Govan Mbeki,Mpumalanga,2185,MP307,MP307 - Govan Mbeki,Mpumalanga,vd_code_match
2021,54260243,MP307,MP307 - Govan Mbeki,Mpumalanga,971,MP307,MP307 - Govan Mbeki,Mpumalanga,vd_code_match
2021,54260254,MP307,MP307 - Govan Mbeki,Mpumalanga,1933,MP307,MP307 - Govan Mbeki,Mpumalanga,vd_code_match
2021,54260265,MP307,MP307 - Govan Mbeki,Mpumalanga,1896,MP307,MP307 - Govan Mbeki,Mpumalanga,vd_code_match
2021,54260287,MP307,MP307 - Govan Mbeki,Mpumalanga,2484,MP307,MP307 - Govan Mbeki,Mpumalanga,vd_code_match
2021,54260298,MP307,MP307 - Govan Mbeki,Mpumalanga,1673,MP307,MP307 - Govan Mbeki,Mpumalanga,vd_code_match
2021,54260300,MP307,MP307 - Govan Mbeki,Mpumalanga,3524,MP307,MP307 - Govan Mbeki,Mpumalanga,vd_code_match
2021,54260311,MP307,MP307 - Govan Mbeki,Mpumalanga,753,MP307,MP307 - Govan Mbeki,Mpumalanga,vd_code_match
2021,54260333,MP307,MP307 - Govan Mbeki,Mpumalanga,1171,MP307,MP307 - Govan Mbeki,Mpumalanga,vd_code_match
2021,54260344,MP307,MP307 - Govan Mbeki,Mpumalanga,514,MP307,MP307 - Govan Mbeki,Mpumalanga,vd_code_match
2021,54260355,MP307,MP307 - Govan Mbeki,Mpumalanga,740,MP307,MP307 - Govan Mbeki,Mpumalanga,vd_code_match
2021,54260366,MP307,MP307 - Govan Mbeki,Mpumalanga,721,MP307,MP307 - Govan Mbeki,Mpumalanga,vd_code_match
2021,54260377,MP307,MP307 - Govan Mbeki,Mpumalanga,1327,MP307,MP307 - Govan Mbeki,Mpumalanga,vd_code_match
2021,54260388,MP307,MP307 - Govan Mbeki,Mpumalanga,1288,MP307,MP307 - Govan Mbeki,Mpumalanga,vd_code_match
2021,54260399,MP307,MP307 - Govan Mbeki,Mpumalanga,2365,MP307,MP307 - Govan Mbeki,Mpumalanga,vd_code_match
2021,54260401,MP307,MP307 - Govan Mbeki,Mpumalanga,1145,MP307,MP307 - Govan Mbeki,Mpumalanga,vd_code_match
2021,54260412,MP307,MP307 - Govan Mbeki,Mpumalanga,1577,MP307,MP307 - Govan Mbeki,Mpumalanga,vd_code_match
2021,54260423,MP307,MP307 - Govan Mbeki,Mpumalanga,597,MP307,MP307 - Govan Mbeki,Mpumalanga,vd_code_match
2021,54260434,MP307,MP307 - Govan Mbeki,Mpumalanga,2136,MP307,MP307 - Govan Mbeki,Mpumalanga,vd_code_match
2021,54260445,MP307,MP307 - Govan Mbeki,Mpumalanga,2957,MP307,MP307 - Govan Mbeki,Mpumalanga,vd_code_match
2021,54260456,MP307,MP307 - Govan Mbeki,Mpumalanga,1160,MP307,MP307 - Govan Mbeki,Mpumalanga,vd_code_match
2021,54260467,MP307,MP307 - Govan Mbeki,Mpumalanga,1273,MP307,MP307 - Govan Mbeki,Mpumalanga,vd_code_match
2021,54260478,MP307,MP307 - Govan Mbeki,Mpumalanga,834,MP307,MP307 - Govan Mbeki,Mpumalanga,vd_code_match
2021,54260490,MP307,MP307 - Govan Mbeki,Mpumalanga,626,MP307,MP307 - Govan Mbeki,Mpumalanga,vd_code_match
2021,54260502,MP307,MP307 - Govan Mbeki,Mpumalanga,319,MP307,MP307 - Govan Mbeki,Mpumalanga,vd_code_match
2021,54260513,MP307,MP307 - Govan Mbeki,Mpumalanga,1545,MP307,MP307 - Govan Mbeki,Mpumalanga,vd_code_match
2021,54260524,MP307,MP307 - Govan Mbeki,Mpumalanga,634,MP307,MP307 - Govan Mbeki,Mpumalanga,vd_code_match
2021,54260535,MP307,MP307 - Govan Mbeki,Mpumalanga,1465,MP307,MP307 - Govan Mbeki,Mpumalanga,vd_code_match
2021,54260546,MP307,MP307 - Govan Mbeki,Mpumalanga,162,MP307,MP307 - Govan Mbeki,Mpumalanga,vd_code_match
2021,54260557,MP307,MP307 - Govan Mbeki,Mpumalanga,130,MP307,MP307 - Govan Mbeki,Mpumalanga,vd_code_match
2021,54270019,MP312,MP312 - Emalahleni,Mpumalanga,2953,MP312,MP312 - Emalahleni,Mpumalanga,vd_code_match
2021,54270020,MP312,MP312 - Emalahleni,Mpumalanga,2042,MP312,MP312 - Emalahleni,Mpumalanga,vd_code_match
2021,54270031,MP312,MP312 - Emalahleni,Mpumalanga,2677,MP312,MP312 - Emalahleni,Mpumalanga,vd_code_match
2021,54270042,MP312,MP312 - Emalahleni,Mpumalanga,1257,MP312,MP312 - Emalahleni,Mpumalanga,vd_code_match
2021,54270053,MP312,MP312 - Emalahleni,Mpumalanga,2111,MP312,MP312 - Emalahleni,Mpumalanga,vd_code_match
2021,54270064,MP312,MP312 - Emalahleni,Mpumalanga,599,MP312,MP312 - Emalahleni,Mpumalanga,vd_code_match
2021,54270075,MP312,MP312 - Emalahleni,Mpumalanga,642,MP312,MP312 - Emalahleni,Mpumalanga,vd_code_match
2021,54270086,MP312,MP312 - Emalahleni,Mpumalanga,112,MP312,MP312 - Emalahleni,Mpumalanga,vd_code_match
2021,54280010,MP307,MP307 - Govan Mbeki,Mpumalanga,1490,MP307,MP307 - Govan Mbeki,Mpumalanga,vd_code_match
2021,54280021,MP307,MP307 - Govan Mbeki,Mpumalanga,2112,MP307,MP307 - Govan Mbeki,Mpumalanga,vd_code_match
2021,54280032,MP307,MP307 - Govan Mbeki,Mpumalanga,2152,MP307,MP307 - Govan Mbeki,Mpumalanga,vd_code_match
2021,54280043,MP307,MP307 - Govan Mbeki,Mpumalanga,1479,MP307,MP307 - Govan Mbeki,Mpumalanga,vd_code_match
2021,54280065,MP307,MP307 - Govan Mbeki,Mpumalanga,978,MP307,MP307 - Govan Mbeki,Mpumalanga,vd_code_match
2021,54280076,MP307,MP307 - Govan Mbeki,Mpumalanga,2520,MP307,MP307 - Govan Mbeki,Mpumalanga,vd_code_match
2021,54280087,MP307,MP307 - Govan Mbeki,Mpumalanga,673,MP307,MP307 - Govan Mbeki,Mpumalanga,vd_code_match
2021,54280098,MP307,MP307 - Govan Mbeki,Mpumalanga,526,MP307,MP307 - Govan Mbeki,Mpumalanga,vd_code_match
2021,54280100,MP307,MP307 - Govan Mbeki,Mpumalanga,963,MP307,MP307 - Govan Mbeki,Mpumalanga,vd_code_match
2021,54280111,MP307,MP307 - Govan Mbeki,Mpumalanga,492,MP307,MP307 - Govan Mbeki,Mpumalanga,vd_code_match
2021,54280122,MP307,MP307 - Govan Mbeki,Mpumalanga,175,MP307,MP307 - Govan Mbeki,Mpumalanga,vd_code_match
2021,54290011,MP302,MP302 - Msukaligwa,Mpumalanga,1446,MP302,MP302 - Msukaligwa,Mpumalanga,vd_code_match
2021,54290022,MP302,MP302 - Msukaligwa,Mpumalanga,2264,MP302,MP302 - Msukaligwa,Mpumalanga,vd_code_match
2021,54300013,MP305,MP305 - Lekwa,Mpumalanga,2311,MP305,MP305 - Lekwa,Mpumalanga,vd_code_match
2021,54300024,MP305,MP305 - Lekwa,Mpumalanga,1347,MP305,MP305 - Lekwa,Mpumalanga,vd_code_match
2021,54310014,MP304,MP304 - Dr Pixley Ka Isaka Seme,Mpumalanga,2083,MP304,MP304 - Dr Pixley Ka Isaka Seme,Mpumalanga,vd_code_match
2021,54310025,MP304,MP304 - Dr Pixley Ka Isaka Seme,Mpumalanga,699,MP304,MP304 - Dr Pixley Ka Isaka Seme,Mpumalanga,vd_code_match
2021,54320015,MP303,MP303 - Mkhondo,Mpumalanga,1901,MP303,MP303 - Mkhondo,Mpumalanga,vd_code_match
2021,54320026,MP303,MP303 - Mkhondo,Mpumalanga,2103,MP303,MP303 - Mkhondo,Mpumalanga,vd_code_match
2021,54320037,MP303,MP303 - Mkhondo,Mpumalanga,1163,MP303,MP303 - Mkhondo,Mpumalanga,vd_code_match
2021,54320048,MP303,MP303 - Mkhondo,Mpumalanga,1673,MP303,MP303 - Mkhondo,Mpumalanga,vd_code_match
2021,54320059,MP303,MP303 - Mkhondo,Mpumalanga,1093,MP303,MP303 - Mkhondo,Mpumalanga,vd_code_match
2021,54320060,MP303,MP303 - Mkhondo,Mpumalanga,3010,MP303,MP303 - Mkhondo,Mpumalanga,vd_code_match
2021,54320071,MP303,MP303 - Mkhondo,Mpumalanga,2355,MP303,MP303 - Mkhondo,Mpumalanga,vd_code_match
2021,54320082,MP303,MP303 - Mkhondo,Mpumalanga,1674,MP303,MP303 - Mkhondo,Mpumalanga,vd_code_match
2021,54320093,MP303,MP303 - Mkhondo,Mpumalanga,1014,MP303,MP303 - Mkhondo,Mpumalanga,vd_code_match
2021,54320105,MP303,MP303 - Mkhondo,Mpumalanga,1858,MP303,MP303 - Mkhondo,Mpumalanga,vd_code_match
2021,54320116,MP303,MP303 - Mkhondo,Mpumalanga,633,MP303,MP303 - Mkhondo,Mpumalanga,vd_code_match
2021,54320127,MP303,MP303 - Mkhondo,Mpumalanga,1438,MP303,MP303 - Mkhondo,Mpumalanga,vd_code_match
2021,54320138,MP303,MP303 - Mkhondo,Mpumalanga,1945,MP303,MP303 - Mkhondo,Mpumalanga,vd_code_match
2021,54320149,MP303,MP303 - Mkhondo,Mpumalanga,866,MP303,MP303 - Mkhondo,Mpumalanga,vd_code_match
2021,54320150,MP303,MP303 - Mkhondo,Mpumalanga,1512,MP303,MP303 - Mkhondo,Mpumalanga,vd_code_match
2021,54320161,MP303,MP303 - Mkhondo,Mpumalanga,953,MP303,MP303 - Mkhondo,Mpumalanga,vd_code_match
2021,54320172,MP303,MP303 - Mkhondo,Mpumalanga,869,MP303,MP303 - Mkhondo,Mpumalanga,vd_code_match
2021,54330016,MP305,MP305 - Lekwa,Mpumalanga,2512,MP305,MP305 - Lekwa,Mpumalanga,vd_code_match
2021,54330027,MP305,MP305 - Lekwa,Mpumalanga,1093,MP305,MP305 - Lekwa,Mpumalanga,vd_code_match
2021,54330038,MP305,MP305 - Lekwa,Mpumalanga,2796,MP305,MP305 - Lekwa,Mpumalanga,vd_code_match
2021,54330049,MP305,MP305 - Lekwa,Mpumalanga,1965,MP305,MP305 - Lekwa,Mpumalanga,vd_code_match
2021,54330050,MP305,MP305 - Lekwa,Mpumalanga,1096,MP305,MP305 - Lekwa,Mpumalanga,vd_code_match
2021,54330061,MP305,MP305 - Lekwa,Mpumalanga,1791,MP305,MP305 - Lekwa,Mpumalanga,vd_code_match
2021,54330072,MP305,MP305 - Lekwa,Mpumalanga,2658,MP305,MP305 - Lekwa,Mpumalanga,vd_code_match
2021,54330094,MP305,MP305 - Lekwa,Mpumalanga,1338,MP305,MP305 - Lekwa,Mpumalanga,vd_code_match
2021,54330106,MP305,MP305 - Lekwa,Mpumalanga,1658,MP305,MP305 - Lekwa,Mpumalanga,vd_code_match
2021,54330117,MP305,MP305 - Lekwa,Mpumalanga,2006,MP305,MP305 - Lekwa,Mpumalanga,vd_code_match
2021,54330128,MP305,MP305 - Lekwa,Mpumalanga,1247,MP305,MP305 - Lekwa,Mpumalanga,vd_code_match
2021,54330139,MP305,MP305 - Lekwa,Mpumalanga,2005,MP305,MP305 - Lekwa,Mpumalanga,vd_code_match
2021,54330140,MP305,MP305 - Lekwa,Mpumalanga,757,MP305,MP305 - Lekwa,Mpumalanga,vd_code_match
2021,54330151,MP305,MP305 - Lekwa,Mpumalanga,2740,MP305,MP305 - Lekwa,Mpumalanga,vd_code_match
2021,54330162,MP305,MP305 - Lekwa,Mpumalanga,1710,MP305,MP305 - Lekwa,Mpumalanga,vd_code_match
2021,54330173,MP305,MP305 - Lekwa,Mpumalanga,737,MP305,MP305 - Lekwa,Mpumalanga,vd_code_match
2021,54330184,MP305,MP305 - Lekwa,Mpumalanga,1314,MP305,MP305 - Lekwa,Mpumalanga,vd_code_match
2021,54330195,MP305,MP305 - Lekwa,Mpumalanga,482,MP305,MP305 - Lekwa,Mpumalanga,vd_code_match
2021,54330207,MP305,MP305 - Lekwa,Mpumalanga,770,MP305,MP305 - Lekwa,Mpumalanga,vd_code_match
2021,54330218,MP305,MP305 - Lekwa,Mpumalanga,818,MP305,MP305 - Lekwa,Mpumalanga,vd_code_match
2021,54330229,MP305,MP305 - Lekwa,Mpumalanga,1072,MP305,MP305 - Lekwa,Mpumalanga,vd_code_match
2021,54330230,MP305,MP305 - Lekwa,Mpumalanga,1716,MP305,MP305 - Lekwa,Mpumalanga,vd_code_match
2021,54330241,MP305,MP305 - Lekwa,Mpumalanga,679,MP305,MP305 - Lekwa,Mpumalanga,vd_code_match
2021,54340017,MP304,MP304 - Dr Pixley Ka Isaka Seme,Mpumalanga,1566,MP304,MP304 - Dr Pixley Ka Isaka Seme,Mpumalanga,vd_code_match
2021,54340028,MP304,MP304 - Dr Pixley Ka Isaka Seme,Mpumalanga,1487,MP304,MP304 - Dr Pixley Ka Isaka Seme,Mpumalanga,vd_code_match
2021,54340039,MP304,MP304 - Dr Pixley Ka Isaka Seme,Mpumalanga,887,MP304,MP304 - Dr Pixley Ka Isaka Seme,Mpumalanga,vd_code_match
2021,54340040,MP304,MP304 - Dr Pixley Ka Isaka Seme,Mpumalanga,1613,MP304,MP304 - Dr Pixley Ka Isaka Seme,Mpumalanga,vd_code_match
2021,54340051,MP304,MP304 - Dr Pixley Ka Isaka Seme,Mpumalanga,1846,MP304,MP304 - Dr Pixley Ka Isaka Seme,Mpumalanga,vd_code_match
2021,54340062,MP304,MP304 - Dr Pixley Ka Isaka Seme,Mpumalanga,723,MP304,MP304 - Dr Pixley Ka Isaka Seme,Mpumalanga,vd_code_match
2021,54340073,MP304,MP304 - Dr Pixley Ka Isaka Seme,Mpumalanga,2277,MP304,MP304 - Dr Pixley Ka Isaka Seme,Mpumalanga,vd_code_match
2021,54340084,MP304,MP304 - Dr Pixley Ka Isaka Seme,Mpumalanga,2571,MP304,MP304 - Dr Pixley Ka Isaka Seme,Mpumalanga,vd_code_match
2021,54340095,MP304,MP304 - Dr Pixley Ka Isaka Seme,Mpumalanga,636,MP304,MP304 - Dr Pixley Ka Isaka Seme,Mpumalanga,vd_code_match
2021,54350018,MP304,MP304 - Dr Pixley Ka Isaka Seme,Mpumalanga,1119,MP304,MP304 - Dr Pixley Ka Isaka Seme,Mpumalanga,vd_code_match
2021,54350029,MP304,MP304 - Dr Pixley Ka Isaka Seme,Mpumalanga,1308,MP304,MP304 - Dr Pixley Ka Isaka Seme,Mpumalanga,vd_code_match
2021,54350030,MP304,MP304 - Dr Pixley Ka Isaka Seme,Mpumalanga,966,MP304,MP304 - Dr Pixley Ka Isaka Seme,Mpumalanga,vd_code_match
2021,54360019,MP304,MP304 - Dr Pixley Ka Isaka Seme,Mpumalanga,1500,MP304,MP304 - Dr Pixley Ka Isaka Seme,Mpumalanga,vd_code_match
2021,54360020,MP304,MP304 - Dr Pixley Ka Isaka Seme,Mpumalanga,309,MP304,MP304 - Dr Pixley Ka Isaka Seme,Mpumalanga,vd_code_match
2021,54360031,MP304,MP304 - Dr Pixley Ka Isaka Seme,Mpumalanga,394,MP304,MP304 - Dr Pixley Ka Isaka Seme,Mpumalanga,vd_code_match
2021,54360042,MP304,MP304 - Dr Pixley Ka Isaka Seme,Mpumalanga,268,MP304,MP304 - Dr Pixley Ka Isaka Seme,Mpumalanga,vd_code_match
2021,54360053,MP304,MP304 - Dr Pixley Ka Isaka Seme,Mpumalanga,551,MP304,MP304 - Dr Pixley Ka Isaka Seme,Mpumalanga,vd_code_match
2021,54360064,MP304,MP304 - Dr Pixley Ka Isaka Seme,Mpumalanga,1403,MP304,MP304 - Dr Pixley Ka Isaka Seme,Mpumalanga,vd_code_match
2021,54360075,MP304,MP304 - Dr Pixley Ka Isaka Seme,Mpumalanga,653,MP304,MP304 - Dr Pixley Ka Isaka Seme,Mpumalanga,vd_code_match
2021,54360086,MP304,MP304 - Dr Pixley Ka Isaka Seme,Mpumalanga,1103,MP304,MP304 - Dr Pixley Ka Isaka Seme,Mpumalanga,vd_code_match
2021,54360097,MP304,MP304 - Dr Pixley Ka Isaka Seme,Mpumalanga,1630,MP304,MP304 - Dr Pixley Ka Isaka Seme,Mpumalanga,vd_code_match
2021,54360109,MP304,MP304 - Dr Pixley Ka Isaka Seme,Mpumalanga,532,MP304,MP304 - Dr Pixley Ka Isaka Seme,Mpumalanga,vd_code_match
2021,54360110,MP304,MP304 - Dr Pixley Ka Isaka Seme,Mpumalanga,1097,MP304,MP304 - Dr Pixley Ka Isaka Seme,Mpumalanga,vd_code_match
2021,54360121,MP304,MP304 - Dr Pixley Ka Isaka Seme,Mpumalanga,104,MP304,MP304 - Dr Pixley Ka Isaka Seme,Mpumalanga,vd_code_match
2021,54370021,MP306,MP306 - Dipaleseng,Mpumalanga,51,MP306,MP306 - Dipaleseng,Mpumalanga,vd_code_match
2021,54370032,MP306,MP306 - Dipaleseng,Mpumalanga,920,MP306,MP306 - Dipaleseng,Mpumalanga,vd_code_match
2021,54370054,MP306,MP306 - Dipaleseng,Mpumalanga,205,MP306,MP306 - Dipaleseng,Mpumalanga,vd_code_match
2021,54370065,MP306,MP306 - Dipaleseng,Mpumalanga,88,MP306,MP306 - Dipaleseng,Mpumalanga,vd_code_match
2021,54370076,MP306,MP306 - Dipaleseng,Mpumalanga,101,MP306,MP306 - Dipaleseng,Mpumalanga,vd_code_match
2021,54370087,MP306,MP306 - Dipaleseng,Mpumalanga,51,MP306,MP306 - Dipaleseng,Mpumalanga,vd_code_match
2021,54370098,MP306,MP306 - Dipaleseng,Mpumalanga,108,MP306,MP306 - Dipaleseng,Mpumalanga,vd_code_match
2021,54380011,MP307,MP307 - Govan Mbeki,Mpumalanga,356,MP307,MP307 - Govan Mbeki,Mpumalanga,vd_code_match
2021,54380022,MP302,MP302 - Msukaligwa,Mpumalanga,286,MP302,MP302 - Msukaligwa,Mpumalanga,vd_code_match
2021,54380033,MP305,MP305 - Lekwa,Mpumalanga,234,MP305,MP305 - Lekwa,Mpumalanga,vd_code_match
2021,54380044,MP307,MP307 - Govan Mbeki,Mpumalanga,274,MP307,MP307 - Govan Mbeki,Mpumalanga,vd_code_match
2021,54380055,MP307,MP307 - Govan Mbeki,Mpumalanga,282,MP307,MP307 - Govan Mbeki,Mpumalanga,vd_code_match
2021,54380066,MP307,MP307 - Govan Mbeki,Mpumalanga,215,MP307,MP307 - Govan Mbeki,Mpumalanga,vd_code_match
2021,54380077,MP307,MP307 - Govan Mbeki,Mpumalanga,221,MP307,MP307 - Govan Mbeki,Mpumalanga,vd_code_match
2021,54390012,MP301,MP301 - Chief Albert Luthuli,Mpumalanga,129,MP301,MP301 - Chief Albert Luthuli,Mpumalanga,vd_code_match
2021,54390023,MP301,MP301 - Chief Albert Luthuli,Mpumalanga,193,MP301,MP301 - Chief Albert Luthuli,Mpumalanga,vd_code_match
2021,54390034,MP301,MP301 - Chief Albert Luthuli,Mpumalanga,446,MP301,MP301 - Chief Albert Luthuli,Mpumalanga,vd_code_match
2021,54390045,MP301,MP301 - Chief Albert Luthuli,Mpumalanga,325,MP301,MP301 - Chief Albert Luthuli,Mpumalanga,vd_code_match
2021,54390056,MP301,MP301 - Chief Albert Luthuli,Mpumalanga,232,MP301,MP301 - Chief Albert Luthuli,Mpumalanga,vd_code_match
2021,54390067,MP301,MP301 - Chief Albert Luthuli,Mpumalanga,263,MP301,MP301 - Chief Albert Luthuli,Mpumalanga,vd_code_match
2021,54400014,MP311,MP311 - Victor Khanye,Mpumalanga,761,MP311,MP311 - Victor Khanye,Mpumalanga,vd_code_match
2021,54400036,MP311,MP311 - Victor Khanye,Mpumalanga,1240,MP311,MP311 - Victor Khanye,Mpumalanga,vd_code_match
2021,54400047,MP311,MP311 - Victor Khanye,Mpumalanga,404,MP311,MP311 - Victor Khanye,Mpumalanga,vd_code_match
2021,54400058,MP311,MP311 - Victor Khanye,Mpumalanga,239,MP311,MP311 - Victor Khanye,Mpumalanga,vd_code_match
2021,54400069,MP311,MP311 - Victor Khanye,Mpumalanga,196,MP311,MP311 - Victor Khanye,Mpumalanga,vd_code_match
2021,54400070,MP311,MP311 - Victor Khanye,Mpumalanga,628,MP311,MP311 - Victor Khanye,Mpumalanga,vd_code_match
2021,54400081,MP311,MP311 - Victor Khanye,Mpumalanga,267,MP311,MP311 - Victor Khanye,Mpumalanga,vd_code_match
2021,54400092,MP311,MP311 - Victor Khanye,Mpumalanga,455,MP311,MP311 - Victor Khanye,Mpumalanga,vd_code_match
2021,54400104,MP311,MP311 - Victor Khanye,Mpumalanga,2365,MP311,MP311 - Victor Khanye,Mpumalanga,vd_code_match
2021,54400126,MP311,MP311 - Victor Khanye,Mpumalanga,864,MP311,MP311 - Victor Khanye,Mpumalanga,vd_code_match
2021,54400137,MP311,MP311 - Victor Khanye,Mpumalanga,769,MP311,MP311 - Victor Khanye,Mpumalanga,vd_code_match
2021,54400148,MP311,MP311 - Victor Khanye,Mpumalanga,418,MP311,MP311 - Victor Khanye,Mpumalanga,vd_code_match
2021,54410015,MP301,MP301 - Chief Albert Luthuli,Mpumalanga,247,MP301,MP301 - Chief Albert Luthuli,Mpumalanga,vd_code_match
2021,54410026,MP302,MP302 - Msukaligwa,Mpumalanga,2179,MP302,MP302 - Msukaligwa,Mpumalanga,vd_code_match
2021,54410037,MP302,MP302 - Msukaligwa,Mpumalanga,147,MP302,MP302 - Msukaligwa,Mpumalanga,vd_code_match
2021,54410048,MP302,MP302 - Msukaligwa,Mpumalanga,132,MP302,MP302 - Msukaligwa,Mpumalanga,vd_code_match
2021,54410059,MP305,MP305 - Lekwa,Mpumalanga,320,MP305,MP305 - Lekwa,Mpumalanga,vd_code_match
2021,54410060,MP304,MP304 - Dr Pixley Ka Isaka Seme,Mpumalanga,99,MP304,MP304 - Dr Pixley Ka Isaka Seme,Mpumalanga,vd_code_match
2021,54410071,MP302,MP302 - Msukaligwa,Mpumalanga,236,MP302,MP302 - Msukaligwa,Mpumalanga,vd_code_match
2021,54410082,MP302,MP302 - Msukaligwa,Mpumalanga,447,MP302,MP302 - Msukaligwa,Mpumalanga,vd_code_match
2021,54410093,MP302,MP302 - Msukaligwa,Mpumalanga,1929,MP302,MP302 - Msukaligwa,Mpumalanga,vd_code_match
2021,54410105,MP302,MP302 - Msukaligwa,Mpumalanga,339,MP302,MP302 - Msukaligwa,Mpumalanga,vd_code_match
2021,54410116,MP302,MP302 - Msukaligwa,Mpumalanga,694,MP302,MP302 - Msukaligwa,Mpumalanga,vd_code_match
2021,54410127,MP302,MP302 - Msukaligwa,Mpumalanga,1963,MP302,MP302 - Msukaligwa,Mpumalanga,vd_code_match
2021,54410138,MP302,MP302 - Msukaligwa,Mpumalanga,333,MP302,MP302 - Msukaligwa,Mpumalanga,vd_code_match
2021,54410149,MP301,MP301 - Chief Albert Luthuli,Mpumalanga,264,MP301,MP301 - Chief Albert Luthuli,Mpumalanga,vd_code_match
2021,54410150,MP302,MP302 - Msukaligwa,Mpumalanga,559,MP302,MP302 - Msukaligwa,Mpumalanga,vd_code_match
2021,54410161,MP302,MP302 - Msukaligwa,Mpumalanga,658,MP302,MP302 - Msukaligwa,Mpumalanga,vd_code_match
2021,54410172,MP303,MP303 - Mkhondo,Mpumalanga,1085,MP303,MP303 - Mkhondo,Mpumalanga,vd_code_match
2021,54410183,MP303,MP303 - Mkhondo,Mpumalanga,263,MP303,MP303 - Mkhondo,Mpumalanga,vd_code_match
2021,54410194,MP302,MP302 - Msukaligwa,Mpumalanga,1706,MP302,MP302 - Msukaligwa,Mpumalanga,vd_code_match
2021,54410206,MP301,MP301 - Chief Albert Luthuli,Mpumalanga,501,MP301,MP301 - Chief Albert Luthuli,Mpumalanga,vd_code_match
2021,54410217,MP302,MP302 - Msukaligwa,Mpumalanga,660,MP302,MP302 - Msukaligwa,Mpumalanga,vd_code_match
2021,54410228,MP301,MP301 - Chief Albert Luthuli,Mpumalanga,142,MP301,MP301 - Chief Albert Luthuli,Mpumalanga,vd_code_match
2021,54410239,MP302,MP302 - Msukaligwa,Mpumalanga,177,MP302,MP302 - Msukaligwa,Mpumalanga,vd_code_match
2021,54410240,MP302,MP302 - Msukaligwa,Mpumalanga,97,MP302,MP302 - Msukaligwa,Mpumalanga,vd_code_match
2021,54410251,MP302,MP302 - Msukaligwa,Mpumalanga,157,MP302,MP302 - Msukaligwa,Mpumalanga,vd_code_match
2021,54410262,MP302,MP302 - Msukaligwa,Mpumalanga,388,MP302,MP302 - Msukaligwa,Mpumalanga,vd_code_match
2021,54410273,MP302,MP302 - Msukaligwa,Mpumalanga,102,MP302,MP302 - Msukaligwa,Mpumalanga,vd_code_match
2021,54410284,MP302,MP302 - Msukaligwa,Mpumalanga,428,MP302,MP302 - Msukaligwa,Mpumalanga,vd_code_match
2021,54410295,MP303,MP303 - Mkhondo,Mpumalanga,289,MP303,MP303 - Mkhondo,Mpumalanga,vd_code_match
2021,54410307,MP303,MP303 - Mkhondo,Mpumalanga,291,MP303,MP303 - Mkhondo,Mpumalanga,vd_code_match
2021,54410318,MP302,MP302 - Msukaligwa,Mpumalanga,1591,MP302,MP302 - Msukaligwa,Mpumalanga,vd_code_match
2021,54410330,MP302,MP302 - Msukaligwa,Mpumalanga,297,MP302,MP302 - Msukaligwa,Mpumalanga,vd_code_match
2021,54410341,MP302,MP302 - Msukaligwa,Mpumalanga,92,MP302,MP302 - Msukaligwa,Mpumalanga,vd_code_match
2021,54410352,MP302,MP302 - Msukaligwa,Mpumalanga,122,MP302,MP302 - Msukaligwa,Mpumalanga,vd_code_match
2021,54410363,MP302,MP302 - Msukaligwa,Mpumalanga,588,MP302,MP302 - Msukaligwa,Mpumalanga,vd_code_match
2021,54410374,MP302,MP302 - Msukaligwa,Mpumalanga,200,MP302,MP302 - Msukaligwa,Mpumalanga,vd_code_match
2021,54410385,MP302,MP302 - Msukaligwa,Mpumalanga,195,MP302,MP302 - Msukaligwa,Mpumalanga,vd_code_match
2021,54410396,MP302,MP302 - Msukaligwa,Mpumalanga,123,MP302,MP302 - Msukaligwa,Mpumalanga,vd_code_match
2021,54410408,MP302,MP302 - Msukaligwa,Mpumalanga,152,MP302,MP302 - Msukaligwa,Mpumalanga,vd_code_match
2021,54410419,MP302,MP302 - Msukaligwa,Mpumalanga,275,MP302,MP302 - Msukaligwa,Mpumalanga,vd_code_match
2021,54410420,MP302,MP302 - Msukaligwa,Mpumalanga,132,MP302,MP302 - Msukaligwa,Mpumalanga,vd_code_match
2021,54410431,MP302,MP302 - Msukaligwa,Mpumalanga,72,MP302,MP302 - Msukaligwa,Mpumalanga,vd_code_match
2021,54410442,MP302,MP302 - Msukaligwa,Mpumalanga,145,MP302,MP302 - Msukaligwa,Mpumalanga,vd_code_match
2021,54410453,MP302,MP302 - Msukaligwa,Mpumalanga,73,MP302,MP302 - Msukaligwa,Mpumalanga,vd_code_match
2021,54410464,MP302,MP302 - Msukaligwa,Mpumalanga,236,MP302,MP302 - Msukaligwa,Mpumalanga,vd_code_match
2021,54410475,MP302,MP302 - Msukaligwa,Mpumalanga,115,MP302,MP302 - Msukaligwa,Mpumalanga,vd_code_match
2021,54410486,MP302,MP302 - Msukaligwa,Mpumalanga,178,MP302,MP302 - Msukaligwa,Mpumalanga,vd_code_match
2021,54410497,MP302,MP302 - Msukaligwa,Mpumalanga,572,MP302,MP302 - Msukaligwa,Mpumalanga,vd_code_match
2021,54410509,MP302,MP302 - Msukaligwa,Mpumalanga,173,MP302,MP302 - Msukaligwa,Mpumalanga,vd_code_match
2021,54410510,MP302,MP302 - Msukaligwa,Mpumalanga,121,MP302,MP302 - Msukaligwa,Mpumalanga,vd_code_match
2021,54420016,MP311,MP311 - Victor Khanye,Mpumalanga,360,MP311,MP311 - Victor Khanye,Mpumalanga,vd_code_match
2021,54420038,MP307,MP307 - Govan Mbeki,Mpumalanga,325,MP307,MP307 - Govan Mbeki,Mpumalanga,vd_code_match
2021,54420049,MP307,MP307 - Govan Mbeki,Mpumalanga,119,MP307,MP307 - Govan Mbeki,Mpumalanga,vd_code_match
2021,54420050,MP307,MP307 - Govan Mbeki,Mpumalanga,315,MP307,MP307 - Govan Mbeki,Mpumalanga,vd_code_match
2021,54420072,MP307,MP307 - Govan Mbeki,Mpumalanga,749,MP307,MP307 - Govan Mbeki,Mpumalanga,vd_code_match
2021,54420083,MP307,MP307 - Govan Mbeki,Mpumalanga,295,MP307,MP307 - Govan Mbeki,Mpumalanga,vd_code_match
2021,54420106,MP307,MP307 - Govan Mbeki,Mpumalanga,2258,MP307,MP307 - Govan Mbeki,Mpumalanga,vd_code_match
2021,54420128,MP307,MP307 - Govan Mbeki,Mpumalanga,209,MP307,MP307 - Govan Mbeki,Mpumalanga,vd_code_match
2021,54420139,MP307,MP307 - Govan Mbeki,Mpumalanga,1980,MP307,MP307 - Govan Mbeki,Mpumalanga,vd_code_match
2021,54420140,MP307,MP307 - Govan Mbeki,Mpumalanga,2029,MP307,MP307 - Govan Mbeki,Mpumalanga,vd_code_match
2021,54420151,MP307,MP307 - Govan Mbeki,Mpumalanga,430,MP307,MP307 - Govan Mbeki,Mpumalanga,vd_code_match
2021,54420162,MP307,MP307 - Govan Mbeki,Mpumalanga,1192,MP307,MP307 - Govan Mbeki,Mpumalanga,vd_code_match
2021,54420173,MP307,MP307 - Govan Mbeki,Mpumalanga,63,MP307,MP307 - Govan Mbeki,Mpumalanga,vd_code_match
2021,54420184,MP307,MP307 - Govan Mbeki,Mpumalanga,1088,MP307,MP307 - Govan Mbeki,Mpumalanga,vd_code_match
2021,54420195,MP307,MP307 - Govan Mbeki,Mpumalanga,592,MP307,MP307 - Govan Mbeki,Mpumalanga,vd_code_match
2021,54420207,MP307,MP307 - Govan Mbeki,Mpumalanga,90,MP307,MP307 - Govan Mbeki,Mpumalanga,vd_code_match
2021,54430028,MP312,MP312 - Emalahleni,Mpumalanga,775,MP312,MP312 - Emalahleni,Mpumalanga,vd_code_match
2021,54430039,MP312,MP312 - Emalahleni,Mpumalanga,639,MP312,MP312 - Emalahleni,Mpumalanga,vd_code_match
2021,54430040,MP312,MP312 - Emalahleni,Mpumalanga,223,MP312,MP312 - Emalahleni,Mpumalanga,vd_code_match
2021,54430051,MP312,MP312 - Emalahleni,Mpumalanga,1556,MP312,MP312 - Emalahleni,Mpumalanga,vd_code_match
2021,54430062,MP312,MP312 - Emalahleni,Mpumalanga,1323,MP312,MP312 - Emalahleni,Mpumalanga,vd_code_match
2021,54430073,MP312,MP312 - Emalahleni,Mpumalanga,305,MP312,MP312 - Emalahleni,Mpumalanga,vd_code_match
2021,54430084,MP312,MP312 - Emalahleni,Mpumalanga,493,MP312,MP312 - Emalahleni,Mpumalanga,vd_code_match
2021,54430095,MP312,MP312 - Emalahleni,Mpumalanga,1120,MP312,MP312 - Emalahleni,Mpumalanga,vd_code_match
2021,54430107,MP312,MP312 - Emalahleni,Mpumalanga,110,MP312,MP312 - Emalahleni,Mpumalanga,vd_code_match
2021,54440018,MP303,MP303 - Mkhondo,Mpumalanga,752,MP303,MP303 - Mkhondo,Mpumalanga,vd_code_match
2021,54440029,MP303,MP303 - Mkhondo,Mpumalanga,328,MP303,MP303 - Mkhondo,Mpumalanga,vd_code_match
2021,54440030,MP303,MP303 - Mkhondo,Mpumalanga,1025,MP303,MP303 - Mkhondo,Mpumalanga,vd_code_match
2021,54440041,MP303,MP303 - Mkhondo,Mpumalanga,832,MP303,MP303 - Mkhondo,Mpumalanga,vd_code_match
2021,54440052,MP303,MP303 - Mkhondo,Mpumalanga,342,MP303,MP303 - Mkhondo,Mpumalanga,vd_code_match
2021,54440063,MP303,MP303 - Mkhondo,Mpumalanga,332,MP303,MP303 - Mkhondo,Mpumalanga,vd_code_match
2021,54440074,MP303,MP303 - Mkhondo,Mpumalanga,507,MP303,MP303 - Mkhondo,Mpumalanga,vd_code_match
2021,54440085,MP303,MP303 - Mkhondo,Mpumalanga,1632,MP303,MP303 - Mkhondo,Mpumalanga,vd_code_match
2021,54440096,MP303,MP303 - Mkhondo,Mpumalanga,1221,MP303,MP303 - Mkhondo,Mpumalanga,vd_code_match
2021,54440119,MP303,MP303 - Mkhondo,Mpumalanga,858,MP303,MP303 - Mkhondo,Mpumalanga,vd_code_match
2021,54440120,MP303,MP303 - Mkhondo,Mpumalanga,620,MP303,MP303 - Mkhondo,Mpumalanga,vd_code_match
2021,54440131,MP303,MP303 - Mkhondo,Mpumalanga,640,MP303,MP303 - Mkhondo,Mpumalanga,vd_code_match
2021,54440142,MP303,MP303 - Mkhondo,Mpumalanga,2062,MP303,MP303 - Mkhondo,Mpumalanga,vd_code_match
2021,54440153,MP303,MP303 - Mkhondo,Mpumalanga,1147,MP303,MP303 - Mkhondo,Mpumalanga,vd_code_match
2021,54440164,MP303,MP303 - Mkhondo,Mpumalanga,556,MP303,MP303 - Mkhondo,Mpumalanga,vd_code_match
2021,54440175,MP303,MP303 - Mkhondo,Mpumalanga,575,MP303,MP303 - Mkhondo,Mpumalanga,vd_code_match
2021,54440186,MP303,MP303 - Mkhondo,Mpumalanga,806,MP303,MP303 - Mkhondo,Mpumalanga,vd_code_match
2021,54440197,MP303,MP303 - Mkhondo,Mpumalanga,458,MP303,MP303 - Mkhondo,Mpumalanga,vd_code_match
2021,54440209,MP303,MP303 - Mkhondo,Mpumalanga,1732,MP303,MP303 - Mkhondo,Mpumalanga,vd_code_match
2021,54440210,MP303,MP303 - Mkhondo,Mpumalanga,477,MP303,MP303 - Mkhondo,Mpumalanga,vd_code_match
2021,54440221,MP303,MP303 - Mkhondo,Mpumalanga,290,MP303,MP303 - Mkhondo,Mpumalanga,vd_code_match
2021,54440232,MP303,MP303 - Mkhondo,Mpumalanga,509,MP303,MP303 - Mkhondo,Mpumalanga,vd_code_match
2021,54440243,MP303,MP303 - Mkhondo,Mpumalanga,341,MP303,MP303 - Mkhondo,Mpumalanga,vd_code_match
2021,54440254,MP303,MP303 - Mkhondo,Mpumalanga,160,MP303,MP303 - Mkhondo,Mpumalanga,vd_code_match
2021,54440276,MP303,MP303 - Mkhondo,Mpumalanga,547,MP303,MP303 - Mkhondo,Mpumalanga,vd_code_match
2021,54440287,MP303,MP303 - Mkhondo,Mpumalanga,156,MP303,MP303 - Mkhondo,Mpumalanga,vd_code_match
2021,54440298,MP303,MP303 - Mkhondo,Mpumalanga,342,MP303,MP303 - Mkhondo,Mpumalanga,vd_code_match
2021,54440300,MP303,MP303 - Mkhondo,Mpumalanga,545,MP303,MP303 - Mkhondo,Mpumalanga,vd_code_match
2021,54440311,MP303,MP303 - Mkhondo,Mpumalanga,497,MP303,MP303 - Mkhondo,Mpumalanga,vd_code_match
2021,54440322,MP303,MP303 - Mkhondo,Mpumalanga,1601,MP303,MP303 - Mkhondo,Mpumalanga,vd_code_match
2021,54440333,MP303,MP303 - Mkhondo,Mpumalanga,1092,MP303,MP303 - Mkhondo,Mpumalanga,vd_code_match
2021,54440344,MP303,MP303 - Mkhondo,Mpumalanga,271,MP303,MP303 - Mkhondo,Mpumalanga,vd_code_match
2021,54440355,MP303,MP303 - Mkhondo,Mpumalanga,1025,MP303,MP303 - Mkhondo,Mpumalanga,vd_code_match
2021,54440366,MP303,MP303 - Mkhondo,Mpumalanga,268,MP303,MP303 - Mkhondo,Mpumalanga,vd_code_match
2021,54440377,MP303,MP303 - Mkhondo,Mpumalanga,426,MP303,MP303 - Mkhondo,Mpumalanga,vd_code_match
2021,54440388,MP303,MP303 - Mkhondo,Mpumalanga,354,MP303,MP303 - Mkhondo,Mpumalanga,vd_code_match
2021,54440399,MP303,MP303 - Mkhondo,Mpumalanga,985,MP303,MP303 - Mkhondo,Mpumalanga,vd_code_match
2021,54440401,MP303,MP303 - Mkhondo,Mpumalanga,276,MP303,MP303 - Mkhondo,Mpumalanga,vd_code_match
2021,54440412,MP303,MP303 - Mkhondo,Mpumalanga,410,MP303,MP303 - Mkhondo,Mpumalanga,vd_code_match
2021,54440423,MP303,MP303 - Mkhondo,Mpumalanga,213,MP303,MP303 - Mkhondo,Mpumalanga,vd_code_match
2021,54450019,MP305,MP305 - Lekwa,Mpumalanga,1296,MP305,MP305 - Lekwa,Mpumalanga,vd_code_match
2021,54450020,MP305,MP305 - Lekwa,Mpumalanga,346,MP305,MP305 - Lekwa,Mpumalanga,vd_code_match
2021,54450031,MP305,MP305 - Lekwa,Mpumalanga,391,MP305,MP305 - Lekwa,Mpumalanga,vd_code_match
2021,54450042,MP306,MP306 - Dipaleseng,Mpumalanga,347,MP306,MP306 - Dipaleseng,Mpumalanga,vd_code_match
2021,54450053,MP305,MP305 - Lekwa,Mpumalanga,317,MP305,MP305 - Lekwa,Mpumalanga,vd_code_match
2021,54450064,MP305,MP305 - Lekwa,Mpumalanga,1007,MP305,MP305 - Lekwa,Mpumalanga,vd_code_match
2021,54450075,MP305,MP305 - Lekwa,Mpumalanga,1993,MP305,MP305 - Lekwa,Mpumalanga,vd_code_match
2021,54450086,MP305,MP305 - Lekwa,Mpumalanga,532,MP305,MP305 - Lekwa,Mpumalanga,vd_code_match
2021,54450097,MP307,MP307 - Govan Mbeki,Mpumalanga,361,MP307,MP307 - Govan Mbeki,Mpumalanga,vd_code_match
2021,54450143,MP305,MP305 - Lekwa,Mpumalanga,301,MP305,MP305 - Lekwa,Mpumalanga,vd_code_match
2021,54450154,MP305,MP305 - Lekwa,Mpumalanga,288,MP305,MP305 - Lekwa,Mpumalanga,vd_code_match
2021,54450165,MP305,MP305 - Lekwa,Mpumalanga,179,MP305,MP305 - Lekwa,Mpumalanga,vd_code_match
2021,54450176,MP305,MP305 - Lekwa,Mpumalanga,209,MP305,MP305 - Lekwa,Mpumalanga,vd_code_match
2021,54450187,MP305,MP305 - Lekwa,Mpumalanga,2499,MP305,MP305 - Lekwa,Mpumalanga,vd_code_match
2021,54450198,MP305,MP305 - Lekwa,Mpumalanga,102,MP305,MP305 - Lekwa,Mpumalanga,vd_code_match
2021,54450200,MP305,MP305 - Lekwa,Mpumalanga,165,MP305,MP305 - Lekwa,Mpumalanga,vd_code_match
2021,54450211,MP305,MP305 - Lekwa,Mpumalanga,1991,MP305,MP305 - Lekwa,Mpumalanga,vd_code_match
2021,54450222,MP305,MP305 - Lekwa,Mpumalanga,328,MP305,MP305 - Lekwa,Mpumalanga,vd_code_match
2021,54460010,MP304,MP304 - Dr Pixley Ka Isaka Seme,Mpumalanga,226,MP304,MP304 - Dr Pixley Ka Isaka Seme,Mpumalanga,vd_code_match
2021,54460021,MP304,MP304 - Dr Pixley Ka Isaka Seme,Mpumalanga,182,MP304,MP304 - Dr Pixley Ka Isaka Seme,Mpumalanga,vd_code_match
2021,54460032,MP304,MP304 - Dr Pixley Ka Isaka Seme,Mpumalanga,173,MP304,MP304 - Dr Pixley Ka Isaka Seme,Mpumalanga,vd_code_match
2021,54460043,MP304,MP304 - Dr Pixley Ka Isaka Seme,Mpumalanga,389,MP304,MP304 - Dr Pixley Ka Isaka Seme,Mpumalanga,vd_code_match
2021,54460076,MP304,MP304 - Dr Pixley Ka Isaka Seme,Mpumalanga,201,MP304,MP304 - Dr Pixley Ka Isaka Seme,Mpumalanga,vd_code_match
2021,54460087,MP304,MP304 - Dr Pixley Ka Isaka Seme,Mpumalanga,166,MP304,MP304 - Dr Pixley Ka Isaka Seme,Mpumalanga,vd_code_match
2021,54470011,MP304,MP304 - Dr Pixley Ka Isaka Seme,Mpumalanga,160,MP304,MP304 - Dr Pixley Ka Isaka Seme,Mpumalanga,vd_code_match
2021,54470044,MP303,MP303 - Mkhondo,Mpumalanga,423,MP303,MP303 - Mkhondo,Mpumalanga,vd_code_match
2021,54470055,MP304,MP304 - Dr Pixley Ka Isaka Seme,Mpumalanga,187,MP304,MP304 - Dr Pixley Ka Isaka Seme,Mpumalanga,vd_code_match
2021,54470077,MP303,MP303 - Mkhondo,Mpumalanga,381,MP303,MP303 - Mkhondo,Mpumalanga,vd_code_match
2021,54470088,MP303,MP303 - Mkhondo,Mpumalanga,2101,MP303,MP303 - Mkhondo,Mpumalanga,vd_code_match
2021,54470099,MP303,MP303 - Mkhondo,Mpumalanga,1039,MP303,MP303 - Mkhondo,Mpumalanga,vd_code_match
2021,54470112,MP303,MP303 - Mkhondo,Mpumalanga,1567,MP303,MP303 - Mkhondo,Mpumalanga,vd_code_match
2021,54470134,MP304,MP304 - Dr Pixley Ka Isaka Seme,Mpumalanga,394,MP304,MP304 - Dr Pixley Ka Isaka Seme,Mpumalanga,vd_code_match
2021,54470145,MP304,MP304 - Dr Pixley Ka Isaka Seme,Mpumalanga,238,MP304,MP304 - Dr Pixley Ka Isaka Seme,Mpumalanga,vd_code_match
2021,54470156,MP303,MP303 - Mkhondo,Mpumalanga,1411,MP303,MP303 - Mkhondo,Mpumalanga,vd_code_match
2021,54470167,MP303,MP303 - Mkhondo,Mpumalanga,397,MP303,MP303 - Mkhondo,Mpumalanga,vd_code_match
2021,54470178,MP303,MP303 - Mkhondo,Mpumalanga,514,MP303,MP303 - Mkhondo,Mpumalanga,vd_code_match
2021,54470189,MP303,MP303 - Mkhondo,Mpumalanga,504,MP303,MP303 - Mkhondo,Mpumalanga,vd_code_match
2021,54470190,MP303,MP303 - Mkhondo,Mpumalanga,485,MP303,MP303 - Mkhondo,Mpumalanga,vd_code_match
2021,54470202,MP303,MP303 - Mkhondo,Mpumalanga,424,MP303,MP303 - Mkhondo,Mpumalanga,vd_code_match
2021,54470213,MP303,MP303 - Mkhondo,Mpumalanga,612,MP303,MP303 - Mkhondo,Mpumalanga,vd_code_match
2021,54490013,MP314,MP314 - Emakhazeni,Mpumalanga,1958,MP314,MP314 - Emakhazeni,Mpumalanga,vd_code_match
2021,54490024,MP314,MP314 - Emakhazeni,Mpumalanga,896,MP314,MP314 - Emakhazeni,Mpumalanga,vd_code_match
2021,54490035,MP314,MP314 - Emakhazeni,Mpumalanga,842,MP314,MP314 - Emakhazeni,Mpumalanga,vd_code_match
2021,54490046,MP314,MP314 - Emakhazeni,Mpumalanga,993,MP314,MP314 - Emakhazeni,Mpumalanga,vd_code_match
2021,54490057,MP314,MP314 - Emakhazeni,Mpumalanga,2501,MP314,MP314 - Emakhazeni,Mpumalanga,vd_code_match
2021,54490068,MP314,MP314 - Emakhazeni,Mpumalanga,684,MP314,MP314 - Emakhazeni,Mpumalanga,vd_code_match
2021,54490080,MP314,MP314 - Emakhazeni,Mpumalanga,606,MP314,MP314 - Emakhazeni,Mpumalanga,vd_code_match
2021,54490091,MP314,MP314 - Emakhazeni,Mpumalanga,438,MP314,MP314 - Emakhazeni,Mpumalanga,vd_code_match
2021,54500015,MP314,MP314 - Emakhazeni,Mpumalanga,1906,MP314,MP314 - Emakhazeni,Mpumalanga,vd_code_match
2021,54500026,MP314,MP314 - Emakhazeni,Mpumalanga,512,MP314,MP314 - Emakhazeni,Mpumalanga,vd_code_match
2021,54500037,MP314,MP314 - Emakhazeni,Mpumalanga,686,MP314,MP314 - Emakhazeni,Mpumalanga,vd_code_match
2021,54530018,MP313,MP313 - Steve Tshwete,Mpumalanga,1279,MP313,MP313 - Steve Tshwete,Mpumalanga,vd_code_match
2021,54530029,MP313,MP313 - Steve Tshwete,Mpumalanga,2482,MP313,MP313 - Steve Tshwete,Mpumalanga,vd_code_match
2021,54530030,MP313,MP313 - Steve Tshwete,Mpumalanga,2098,MP313,MP313 - Steve Tshwete,Mpumalanga,vd_code_match
2021,54530041,MP313,MP313 - Steve Tshwete,Mpumalanga,1489,MP313,MP313 - Steve Tshwete,Mpumalanga,vd_code_match
2021,54530052,MP313,MP313 - Steve Tshwete,Mpumalanga,3162,MP313,MP313 - Steve Tshwete,Mpumalanga,vd_code_match
2021,54540019,MP315,MP315 - Thembisile Hani,Mpumalanga,1425,MP315,MP315 - Thembisile Hani,Mpumalanga,vd_code_match
2021,54540020,MP315,MP315 - Thembisile Hani,Mpumalanga,1458,MP315,MP315 - Thembisile Hani,Mpumalanga,vd_code_match
2021,54540042,MP315,MP315 - Thembisile Hani,Mpumalanga,1564,MP315,MP315 - Thembisile Hani,Mpumalanga,vd_code_match
2021,54540053,MP315,MP315 - Thembisile Hani,Mpumalanga,1140,MP315,MP315 - Thembisile Hani,Mpumalanga,vd_code_match
2021,54540064,MP315,MP315 - Thembisile Hani,Mpumalanga,1321,MP315,MP315 - Thembisile Hani,Mpumalanga,vd_code_match
2021,54540075,MP315,MP315 - Thembisile Hani,Mpumalanga,2043,MP315,MP315 - Thembisile Hani,Mpumalanga,vd_code_match
2021,54540086,MP315,MP315 - Thembisile Hani,Mpumalanga,1245,MP315,MP315 - Thembisile Hani,Mpumalanga,vd_code_match
2021,54540097,MP315,MP315 - Thembisile Hani,Mpumalanga,1983,MP315,MP315 - Thembisile Hani,Mpumalanga,vd_code_match
2021,54540109,MP315,MP315 - Thembisile Hani,Mpumalanga,1330,MP315,MP315 - Thembisile Hani,Mpumalanga,vd_code_match
2021,54540110,MP315,MP315 - Thembisile Hani,Mpumalanga,922,MP315,MP315 - Thembisile Hani,Mpumalanga,vd_code_match
2021,54540121,MP315,MP315 - Thembisile Hani,Mpumalanga,1988,MP315,MP315 - Thembisile Hani,Mpumalanga,vd_code_match
2021,54540132,MP315,MP315 - Thembisile Hani,Mpumalanga,2387,MP315,MP315 - Thembisile Hani,Mpumalanga,vd_code_match
2021,54540143,MP315,MP315 - Thembisile Hani,Mpumalanga,1234,MP315,MP315 - Thembisile Hani,Mpumalanga,vd_code_match
2021,54540154,MP315,MP315 - Thembisile Hani,Mpumalanga,2910,MP315,MP315 - Thembisile Hani,Mpumalanga,vd_code_match
2021,54540165,MP315,MP315 - Thembisile Hani,Mpumalanga,1736,MP315,MP315 - Thembisile Hani,Mpumalanga,vd_code_match
2021,54540176,MP315,MP315 - Thembisile Hani,Mpumalanga,165,MP315,MP315 - Thembisile Hani,Mpumalanga,vd_code_match
2021,54540187,MP315,MP315 - Thembisile Hani,Mpumalanga,1403,MP315,MP315 - Thembisile Hani,Mpumalanga,vd_code_match
2021,54540198,MP315,MP315 - Thembisile Hani,Mpumalanga,1131,MP315,MP315 - Thembisile Hani,Mpumalanga,vd_code_match
2021,54540200,MP315,MP315 - Thembisile Hani,Mpumalanga,1874,MP315,MP315 - Thembisile Hani,Mpumalanga,vd_code_match
2021,54540211,MP315,MP315 - Thembisile Hani,Mpumalanga,1513,MP315,MP315 - Thembisile Hani,Mpumalanga,vd_code_match
2021,54540222,MP315,MP315 - Thembisile Hani,Mpumalanga,1488,MP315,MP315 - Thembisile Hani,Mpumalanga,vd_code_match
2021,54540233,MP315,MP315 - Thembisile Hani,Mpumalanga,1223,MP315,MP315 - Thembisile Hani,Mpumalanga,vd_code_match
2021,54540299,MP315,MP315 - Thembisile Hani,Mpumalanga,2470,MP315,MP315 - Thembisile Hani,Mpumalanga,vd_code_match
2021,54540301,MP315,MP315 - Thembisile Hani,Mpumalanga,1121,MP315,MP315 - Thembisile Hani,Mpumalanga,vd_code_match
2021,54540312,MP315,MP315 - Thembisile Hani,Mpumalanga,626,MP315,MP315 - Thembisile Hani,Mpumalanga,vd_code_match
2021,54540334,MP315,MP315 - Thembisile Hani,Mpumalanga,2196,MP315,MP315 - Thembisile Hani,Mpumalanga,vd_code_match
2021,54540356,MP315,MP315 - Thembisile Hani,Mpumalanga,1599,MP315,MP315 - Thembisile Hani,Mpumalanga,vd_code_match
2021,54540367,MP315,MP315 - Thembisile Hani,Mpumalanga,397,MP315,MP315 - Thembisile Hani,Mpumalanga,vd_code_match
2021,54540378,MP315,MP315 - Thembisile Hani,Mpumalanga,102,MP315,MP315 - Thembisile Hani,Mpumalanga,vd_code_match
2021,54540389,MP315,MP315 - Thembisile Hani,Mpumalanga,1022,MP315,MP315 - Thembisile Hani,Mpumalanga,vd_code_match
2021,54540390,MP315,MP315 - Thembisile Hani,Mpumalanga,2112,MP315,MP315 - Thembisile Hani,Mpumalanga,vd_code_match
2021,54540402,MP315,MP315 - Thembisile Hani,Mpumalanga,1212,MP315,MP315 - Thembisile Hani,Mpumalanga,vd_code_match
2021,54540413,MP315,MP315 - Thembisile Hani,Mpumalanga,323,MP315,MP315 - Thembisile Hani,Mpumalanga,vd_code_match
2021,54540424,MP315,MP315 - Thembisile Hani,Mpumalanga,1096,MP315,MP315 - Thembisile Hani,Mpumalanga,vd_code_match
2021,54540435,MP315,MP315 - Thembisile Hani,Mpumalanga,1503,MP315,MP315 - Thembisile Hani,Mpumalanga,vd_code_match
2021,54540446,MP315,MP315 - Thembisile Hani,Mpumalanga,1281,MP315,MP315 - Thembisile Hani,Mpumalanga,vd_code_match
2021,54540457,MP315,MP315 - Thembisile Hani,Mpumalanga,839,MP315,MP315 - Thembisile Hani,Mpumalanga,vd_code_match
2021,54540468,MP315,MP315 - Thembisile Hani,Mpumalanga,866,MP315,MP315 - Thembisile Hani,Mpumalanga,vd_code_match
2021,54540479,MP315,MP315 - Thembisile Hani,Mpumalanga,1094,MP315,MP315 - Thembisile Hani,Mpumalanga,vd_code_match
2021,54540491,MP315,MP315 - Thembisile Hani,Mpumalanga,899,MP315,MP315 - Thembisile Hani,Mpumalanga,vd_code_match
2021,54540503,MP315,MP315 - Thembisile Hani,Mpumalanga,319,MP315,MP315 - Thembisile Hani,Mpumalanga,vd_code_match
2021,54540514,MP315,MP315 - Thembisile Hani,Mpumalanga,1126,MP315,MP315 - Thembisile Hani,Mpumalanga,vd_code_match
2021,54540536,MP315,MP315 - Thembisile Hani,Mpumalanga,560,MP315,MP315 - Thembisile Hani,Mpumalanga,vd_code_match
2021,54540547,MP315,MP315 - Thembisile Hani,Mpumalanga,776,MP315,MP315 - Thembisile Hani,Mpumalanga,vd_code_match
2021,54540558,MP315,MP315 - Thembisile Hani,Mpumalanga,1032,MP315,MP315 - Thembisile Hani,Mpumalanga,vd_code_match
2021,54540569,MP315,MP315 - Thembisile Hani,Mpumalanga,1212,MP315,MP315 - Thembisile Hani,Mpumalanga,vd_code_match
2021,54540570,MP315,MP315 - Thembisile Hani,Mpumalanga,986,MP315,MP315 - Thembisile Hani,Mpumalanga,vd_code_match
2021,54540581,MP315,MP315 - Thembisile Hani,Mpumalanga,860,MP315,MP315 - Thembisile Hani,Mpumalanga,vd_code_match
2021,54540592,MP315,MP315 - Thembisile Hani,Mpumalanga,868,MP315,MP315 - Thembisile Hani,Mpumalanga,vd_code_match
2021,54540615,MP315,MP315 - Thembisile Hani,Mpumalanga,628,MP315,MP315 - Thembisile Hani,Mpumalanga,vd_code_match
2021,54540626,MP315,MP315 - Thembisile Hani,Mpumalanga,476,MP315,MP315 - Thembisile Hani,Mpumalanga,vd_code_match
2021,54540637,MP315,MP315 - Thembisile Hani,Mpumalanga,529,MP315,MP315 - Thembisile Hani,Mpumalanga,vd_code_match
2021,54540648,MP315,MP315 - Thembisile Hani,Mpumalanga,1038,MP315,MP315 - Thembisile Hani,Mpumalanga,vd_code_match
2021,54540659,MP315,MP315 - Thembisile Hani,Mpumalanga,665,MP315,MP315 - Thembisile Hani,Mpumalanga,vd_code_match
2021,54540660,MP315,MP315 - Thembisile Hani,Mpumalanga,803,MP315,MP315 - Thembisile Hani,Mpumalanga,vd_code_match
2021,54540671,MP315,MP315 - Thembisile Hani,Mpumalanga,1011,MP315,MP315 - Thembisile Hani,Mpumalanga,vd_code_match
2021,54540682,MP315,MP315 - Thembisile Hani,Mpumalanga,643,MP315,MP315 - Thembisile Hani,Mpumalanga,vd_code_match
2021,54540693,MP315,MP315 - Thembisile Hani,Mpumalanga,864,MP315,MP315 - Thembisile Hani,Mpumalanga,vd_code_match
2021,54540705,MP315,MP315 - Thembisile Hani,Mpumalanga,1748,MP315,MP315 - Thembisile Hani,Mpumalanga,vd_code_match
2021,54540716,MP315,MP315 - Thembisile Hani,Mpumalanga,1409,MP315,MP315 - Thembisile Hani,Mpumalanga,vd_code_match
2021,54540727,MP315,MP315 - Thembisile Hani,Mpumalanga,731,MP315,MP315 - Thembisile Hani,Mpumalanga,vd_code_match
2021,54540738,MP315,MP315 - Thembisile Hani,Mpumalanga,652,MP315,MP315 - Thembisile Hani,Mpumalanga,vd_code_match
2021,54540749,MP315,MP315 - Thembisile Hani,Mpumalanga,1010,MP315,MP315 - Thembisile Hani,Mpumalanga,vd_code_match
2021,54540750,MP315,MP315 - Thembisile Hani,Mpumalanga,843,MP315,MP315 - Thembisile Hani,Mpumalanga,vd_code_match
2021,54540761,MP315,MP315 - Thembisile Hani,Mpumalanga,1131,MP315,MP315 - Thembisile Hani,Mpumalanga,vd_code_match
2021,54540772,MP315,MP315 - Thembisile Hani,Mpumalanga,1173,MP315,MP315 - Thembisile Hani,Mpumalanga,vd_code_match
2021,54540783,MP315,MP315 - Thembisile Hani,Mpumalanga,1025,MP315,MP315 - Thembisile Hani,Mpumalanga,vd_code_match
2021,54540794,MP315,MP315 - Thembisile Hani,Mpumalanga,924,MP315,MP315 - Thembisile Hani,Mpumalanga,vd_code_match
2021,54540806,MP315,MP315 - Thembisile Hani,Mpumalanga,1976,MP315,MP315 - Thembisile Hani,Mpumalanga,vd_code_match
2021,54540817,MP315,MP315 - Thembisile Hani,Mpumalanga,986,MP315,MP315 - Thembisile Hani,Mpumalanga,vd_code_match
2021,54540828,MP315,MP315 - Thembisile Hani,Mpumalanga,226,MP315,MP315 - Thembisile Hani,Mpumalanga,vd_code_match
2021,54540839,MP315,MP315 - Thembisile Hani,Mpumalanga,944,MP315,MP315 - Thembisile Hani,Mpumalanga,vd_code_match
2021,54540840,MP315,MP315 - Thembisile Hani,Mpumalanga,720,MP315,MP315 - Thembisile Hani,Mpumalanga,vd_code_match
2021,54540862,MP315,MP315 - Thembisile Hani,Mpumalanga,633,MP315,MP315 - Thembisile Hani,Mpumalanga,vd_code_match
2021,54540873,MP315,MP315 - Thembisile Hani,Mpumalanga,140,MP315,MP315 - Thembisile Hani,Mpumalanga,vd_code_match
2021,54540884,MP315,MP315 - Thembisile Hani,Mpumalanga,1207,MP315,MP315 - Thembisile Hani,Mpumalanga,vd_code_match
2021,54540895,MP315,MP315 - Thembisile Hani,Mpumalanga,691,MP315,MP315 - Thembisile Hani,Mpumalanga,vd_code_match
2021,54540907,MP315,MP315 - Thembisile Hani,Mpumalanga,1026,MP315,MP315 - Thembisile Hani,Mpumalanga,vd_code_match
2021,54540918,MP315,MP315 - Thembisile Hani,Mpumalanga,826,MP315,MP315 - Thembisile Hani,Mpumalanga,vd_code_match
2021,54540929,MP315,MP315 - Thembisile Hani,Mpumalanga,483,MP315,MP315 - Thembisile Hani,Mpumalanga,vd_code_match
2021,54540930,MP315,MP315 - Thembisile Hani,Mpumalanga,664,MP315,MP315 - Thembisile Hani,Mpumalanga,vd_code_match
2021,54540941,MP315,MP315 - Thembisile Hani,Mpumalanga,413,MP315,MP315 - Thembisile Hani,Mpumalanga,vd_code_match
2021,54540952,MP315,MP315 - Thembisile Hani,Mpumalanga,619,MP315,MP315 - Thembisile Hani,Mpumalanga,vd_code_match
2021,54540963,MP315,MP315 - Thembisile Hani,Mpumalanga,382,MP315,MP315 - Thembisile Hani,Mpumalanga,vd_code_match
2021,54540974,MP315,MP315 - Thembisile Hani,Mpumalanga,366,MP315,MP315 - Thembisile Hani,Mpumalanga,vd_code_match
2021,54550010,MP314,MP314 - Emakhazeni,Mpumalanga,1077,MP314,MP314 - Emakhazeni,Mpumalanga,vd_code_match
2021,54550021,MP314,MP314 - Emakhazeni,Mpumalanga,984,MP314,MP314 - Emakhazeni,Mpumalanga,vd_code_match
2021,54550032,MP314,MP314 - Emakhazeni,Mpumalanga,1525,MP314,MP314 - Emakhazeni,Mpumalanga,vd_code_match
2021,54570012,MP316,MP316 - Dr JS Moroka,Mpumalanga,1357,MP316,MP316 - Dr JS Moroka,Mpumalanga,vd_code_match
2021,54570034,MP316,MP316 - Dr JS Moroka,Mpumalanga,1018,MP316,MP316 - Dr JS Moroka,Mpumalanga,vd_code_match
2021,54570045,MP316,MP316 - Dr JS Moroka,Mpumalanga,743,MP316,MP316 - Dr JS Moroka,Mpumalanga,vd_code_match
2021,54570056,MP316,MP316 - Dr JS Moroka,Mpumalanga,575,MP316,MP316 - Dr JS Moroka,Mpumalanga,vd_code_match
2021,54570067,MP316,MP316 - Dr JS Moroka,Mpumalanga,984,MP316,MP316 - Dr JS Moroka,Mpumalanga,vd_code_match
2021,54570089,MP316,MP316 - Dr JS Moroka,Mpumalanga,1069,MP316,MP316 - Dr JS Moroka,Mpumalanga,vd_code_match
2021,54570090,MP316,MP316 - Dr JS Moroka,Mpumalanga,778,MP316,MP316 - Dr JS Moroka,Mpumalanga,vd_code_match
2021,54570102,MP316,MP316 - Dr JS Moroka,Mpumalanga,837,MP316,MP316 - Dr JS Moroka,Mpumalanga,vd_code_match
2021,54570113,MP316,MP316 - Dr JS Moroka,Mpumalanga,946,MP316,MP316 - Dr JS Moroka,Mpumalanga,vd_code_match
2021,54570124,MP316,MP316 - Dr JS Moroka,Mpumalanga,1152,MP316,MP316 - Dr JS Moroka,Mpumalanga,vd_code_match
2021,54570135,MP316,MP316 - Dr JS Moroka,Mpumalanga,1919,MP316,MP316 - Dr JS Moroka,Mpumalanga,vd_code_match
2021,54570146,MP316,MP316 - Dr JS Moroka,Mpumalanga,1043,MP316,MP316 - Dr JS Moroka,Mpumalanga,vd_code_match
2021,54570168,MP316,MP316 - Dr JS Moroka,Mpumalanga,490,MP316,MP316 - Dr JS Moroka,Mpumalanga,vd_code_match
2021,54570179,MP316,MP316 - Dr JS Moroka,Mpumalanga,1307,MP316,MP316 - Dr JS Moroka,Mpumalanga,vd_code_match
2021,54570180,MP316,MP316 - Dr JS Moroka,Mpumalanga,1014,MP316,MP316 - Dr JS Moroka,Mpumalanga,vd_code_match
2021,54570191,MP316,MP316 - Dr JS Moroka,Mpumalanga,992,MP316,MP316 - Dr JS Moroka,Mpumalanga,vd_code_match
2021,54570203,MP316,MP316 - Dr JS Moroka,Mpumalanga,569,MP316,MP316 - Dr JS Moroka,Mpumalanga,vd_code_match
2021,54570214,MP316,MP316 - Dr JS Moroka,Mpumalanga,925,MP316,MP316 - Dr JS Moroka,Mpumalanga,vd_code_match
2021,54570225,MP316,MP316 - Dr JS Moroka,Mpumalanga,1134,MP316,MP316 - Dr JS Moroka,Mpumalanga,vd_code_match
2021,54570236,MP316,MP316 - Dr JS Moroka,Mpumalanga,1410,MP316,MP316 - Dr JS Moroka,Mpumalanga,vd_code_match
2021,54570247,MP316,MP316 - Dr JS Moroka,Mpumalanga,1060,MP316,MP316 - Dr JS Moroka,Mpumalanga,vd_code_match
2021,54570258,MP316,MP316 - Dr JS Moroka,Mpumalanga,1451,MP316,MP316 - Dr JS Moroka,Mpumalanga,vd_code_match
2021,54570269,MP316,MP316 - Dr JS Moroka,Mpumalanga,1020,MP316,MP316 - Dr JS Moroka,Mpumalanga,vd_code_match
2021,54570270,MP316,MP316 - Dr JS Moroka,Mpumalanga,1057,MP316,MP316 - Dr JS Moroka,Mpumalanga,vd_code_match
2021,54570281,MP316,MP316 - Dr JS Moroka,Mpumalanga,953,MP316,MP316 - Dr JS Moroka,Mpumalanga,vd_code_match
2021,54570292,MP316,MP316 - Dr JS Moroka,Mpumalanga,780,MP316,MP316 - Dr JS Moroka,Mpumalanga,vd_code_match
2021,54570304,MP316,MP316 - Dr JS Moroka,Mpumalanga,499,MP316,MP316 - Dr JS Moroka,Mpumalanga,vd_code_match
2021,54570315,MP316,MP316 - Dr JS Moroka,Mpumalanga,702,MP316,MP316 - Dr JS Moroka,Mpumalanga,vd_code_match
2021,54570326,MP316,MP316 - Dr JS Moroka,Mpumalanga,1443,MP316,MP316 - Dr JS Moroka,Mpumalanga,vd_code_match
2021,54570337,MP316,MP316 - Dr JS Moroka,Mpumalanga,307,MP316,MP316 - Dr JS Moroka,Mpumalanga,vd_code_match
2021,54570348,MP316,MP316 - Dr JS Moroka,Mpumalanga,363,MP316,MP316 - Dr JS Moroka,Mpumalanga,vd_code_match
2021,54570359,MP316,MP316 - Dr JS Moroka,Mpumalanga,1166,MP316,MP316 - Dr JS Moroka,Mpumalanga,vd_code_match
2021,54570360,MP316,MP316 - Dr JS Moroka,Mpumalanga,881,MP316,MP316 - Dr JS Moroka,Mpumalanga,vd_code_match
2021,54570371,MP316,MP316 - Dr JS Moroka,Mpumalanga,865,MP316,MP316 - Dr JS Moroka,Mpumalanga,vd_code_match
2021,54570393,MP316,MP316 - Dr JS Moroka,Mpumalanga,272,MP316,MP316 - Dr JS Moroka,Mpumalanga,vd_code_match
2021,54570405,MP316,MP316 - Dr JS Moroka,Mpumalanga,732,MP316,MP316 - Dr JS Moroka,Mpumalanga,vd_code_match
2021,54570416,MP316,MP316 - Dr JS Moroka,Mpumalanga,387,MP316,MP316 - Dr JS Moroka,Mpumalanga,vd_code_match
2021,54570427,MP316,MP316 - Dr JS Moroka,Mpumalanga,564,MP316,MP316 - Dr JS Moroka,Mpumalanga,vd_code_match
2021,54570438,MP316,MP316 - Dr JS Moroka,Mpumalanga,449,MP316,MP316 - Dr JS Moroka,Mpumalanga,vd_code_match
2021,54580013,MP316,MP316 - Dr JS Moroka,Mpumalanga,1108,MP316,MP316 - Dr JS Moroka,Mpumalanga,vd_code_match
2021,54580035,MP316,MP316 - Dr JS Moroka,Mpumalanga,1997,MP316,MP316 - Dr JS Moroka,Mpumalanga,vd_code_match
2021,54580046,MP316,MP316 - Dr JS Moroka,Mpumalanga,1492,MP316,MP316 - Dr JS Moroka,Mpumalanga,vd_code_match
2021,54580057,MP316,MP316 - Dr JS Moroka,Mpumalanga,1129,MP316,MP316 - Dr JS Moroka,Mpumalanga,vd_code_match
2021,54580068,MP316,MP316 - Dr JS Moroka,Mpumalanga,1503,MP316,MP316 - Dr JS Moroka,Mpumalanga,vd_code_match
2021,54580079,MP316,MP316 - Dr JS Moroka,Mpumalanga,1658,MP316,MP316 - Dr JS Moroka,Mpumalanga,vd_code_match
2021,54580080,MP316,MP316 - Dr JS Moroka,Mpumalanga,1752,MP316,MP316 - Dr JS Moroka,Mpumalanga,vd_code_match
2021,54580091,MP316,MP316 - Dr JS Moroka,Mpumalanga,1379,MP316,MP316 - Dr JS Moroka,Mpumalanga,vd_code_match
2021,54580103,MP316,MP316 - Dr JS Moroka,Mpumalanga,934,MP316,MP316 - Dr JS Moroka,Mpumalanga,vd_code_match
2021,54580114,MP316,MP316 - Dr JS Moroka,Mpumalanga,423,MP316,MP316 - Dr JS Moroka,Mpumalanga,vd_code_match
2021,54580125,MP316,MP316 - Dr JS Moroka,Mpumalanga,717,MP316,MP316 - Dr JS Moroka,Mpumalanga,vd_code_match
2021,54580136,MP316,MP316 - Dr JS Moroka,Mpumalanga,1664,MP316,MP316 - Dr JS Moroka,Mpumalanga,vd_code_match
2021,54580158,MP316,MP316 - Dr JS Moroka,Mpumalanga,1336,MP316,MP316 - Dr JS Moroka,Mpumalanga,vd_code_match
2021,54580169,MP316,MP316 - Dr JS Moroka,Mpumalanga,1378,MP316,MP316 - Dr JS Moroka,Mpumalanga,vd_code_match
2021,54580181,MP315,MP315 - Thembisile Hani,Mpumalanga,513,MP315,MP315 - Thembisile Hani,Mpumalanga,vd_code_match
2021,54580192,MP316,MP316 - Dr JS Moroka,Mpumalanga,1295,MP316,MP316 - Dr JS Moroka,Mpumalanga,vd_code_match
2021,54580204,MP316,MP316 - Dr JS Moroka,Mpumalanga,1095,MP316,MP316 - Dr JS Moroka,Mpumalanga,vd_code_match
2021,54580215,MP316,MP316 - Dr JS Moroka,Mpumalanga,1168,MP316,MP316 - Dr JS Moroka,Mpumalanga,vd_code_match
2021,54580226,MP316,MP316 - Dr JS Moroka,Mpumalanga,81,MP316,MP316 - Dr JS Moroka,Mpumalanga,vd_code_match
2021,54580237,MP316,MP316 - Dr JS Moroka,Mpumalanga,929,MP316,MP316 - Dr JS Moroka,Mpumalanga,vd_code_match
2021,54580248,MP316,MP316 - Dr JS Moroka,Mpumalanga,745,MP316,MP316 - Dr JS Moroka,Mpumalanga,vd_code_match
2021,54580259,MP316,MP316 - Dr JS Moroka,Mpumalanga,703,MP316,MP316 - Dr JS Moroka,Mpumalanga,vd_code_match
2021,54580260,MP316,MP316 - Dr JS Moroka,Mpumalanga,1163,MP316,MP316 - Dr JS Moroka,Mpumalanga,vd_code_match
2021,54580271,MP316,MP316 - Dr JS Moroka,Mpumalanga,1211,MP316,MP316 - Dr JS Moroka,Mpumalanga,vd_code_match
2021,54580282,MP316,MP316 - Dr JS Moroka,Mpumalanga,735,MP316,MP316 - Dr JS Moroka,Mpumalanga,vd_code_match
2021,54580293,MP316,MP316 - Dr JS Moroka,Mpumalanga,502,MP316,MP316 - Dr JS Moroka,Mpumalanga,vd_code_match
2021,54580305,MP316,MP316 - Dr JS Moroka,Mpumalanga,561,MP316,MP316 - Dr JS Moroka,Mpumalanga,vd_code_match
2021,54580316,MP316,MP316 - Dr JS Moroka,Mpumalanga,776,MP316,MP316 - Dr JS Moroka,Mpumalanga,vd_code_match
2021,54580327,MP316,MP316 - Dr JS Moroka,Mpumalanga,16,MP316,MP316 - Dr JS Moroka,Mpumalanga,vd_code_match
2021,54590014,MP316,MP316 - Dr JS Moroka,Mpumalanga,1382,MP316,MP316 - Dr JS Moroka,Mpumalanga,vd_code_match
2021,54590025,MP316,MP316 - Dr JS Moroka,Mpumalanga,1536,MP316,MP316 - Dr JS Moroka,Mpumalanga,vd_code_match
2021,54590036,MP316,MP316 - Dr JS Moroka,Mpumalanga,1637,MP316,MP316 - Dr JS Moroka,Mpumalanga,vd_code_match
2021,54590047,MP316,MP316 - Dr JS Moroka,Mpumalanga,1429,MP316,MP316 - Dr JS Moroka,Mpumalanga,vd_code_match
2021,54590058,MP316,MP316 - Dr JS Moroka,Mpumalanga,1960,MP316,MP316 - Dr JS Moroka,Mpumalanga,vd_code_match
2021,54590069,MP316,MP316 - Dr JS Moroka,Mpumalanga,1291,MP316,MP316 - Dr JS Moroka,Mpumalanga,vd_code_match
2021,54590070,MP316,MP316 - Dr JS Moroka,Mpumalanga,1490,MP316,MP316 - Dr JS Moroka,Mpumalanga,vd_code_match
2021,54590081,MP316,MP316 - Dr JS Moroka,Mpumalanga,1050,MP316,MP316 - Dr JS Moroka,Mpumalanga,vd_code_match
2021,54590092,MP316,MP316 - Dr JS Moroka,Mpumalanga,1492,MP316,MP316 - Dr JS Moroka,Mpumalanga,vd_code_match
2021,54590104,MP316,MP316 - Dr JS Moroka,Mpumalanga,1058,MP316,MP316 - Dr JS Moroka,Mpumalanga,vd_code_match
2021,54590115,MP316,MP316 - Dr JS Moroka,Mpumalanga,1490,MP316,MP316 - Dr JS Moroka,Mpumalanga,vd_code_match
2021,54590126,MP316,MP316 - Dr JS Moroka,Mpumalanga,1640,MP316,MP316 - Dr JS Moroka,Mpumalanga,vd_code_match
2021,54590137,MP316,MP316 - Dr JS Moroka,Mpumalanga,1663,MP316,MP316 - Dr JS Moroka,Mpumalanga,vd_code_match
2021,54590148,MP316,MP316 - Dr JS Moroka,Mpumalanga,1288,MP316,MP316 - Dr JS Moroka,Mpumalanga,vd_code_match
2021,54590159,MP316,MP316 - Dr JS Moroka,Mpumalanga,1452,MP316,MP316 - Dr JS Moroka,Mpumalanga,vd_code_match
2021,54590160,MP316,MP316 - Dr JS Moroka,Mpumalanga,1300,MP316,MP316 - Dr JS Moroka,Mpumalanga,vd_code_match
2021,54590171,MP316,MP316 - Dr JS Moroka,Mpumalanga,2281,MP316,MP316 - Dr JS Moroka,Mpumalanga,vd_code_match
2021,54590182,MP316,MP316 - Dr JS Moroka,Mpumalanga,1639,MP316,MP316 - Dr JS Moroka,Mpumalanga,vd_code_match
2021,54590193,MP316,MP316 - Dr JS Moroka,Mpumalanga,1295,MP316,MP316 - Dr JS Moroka,Mpumalanga,vd_code_match
2021,54590205,MP316,MP316 - Dr JS Moroka,Mpumalanga,1859,MP316,MP316 - Dr JS Moroka,Mpumalanga,vd_code_match
2021,54590216,MP316,MP316 - Dr JS Moroka,Mpumalanga,1271,MP316,MP316 - Dr JS Moroka,Mpumalanga,vd_code_match
2021,54590227,MP316,MP316 - Dr JS Moroka,Mpumalanga,1782,MP316,MP316 - Dr JS Moroka,Mpumalanga,vd_code_match
2021,54590238,MP316,MP316 - Dr JS Moroka,Mpumalanga,1741,MP316,MP316 - Dr JS Moroka,Mpumalanga,vd_code_match
2021,54590250,MP316,MP316 - Dr JS Moroka,Mpumalanga,1114,MP316,MP316 - Dr JS Moroka,Mpumalanga,vd_code_match
2021,54590261,MP316,MP316 - Dr JS Moroka,Mpumalanga,997,MP316,MP316 - Dr JS Moroka,Mpumalanga,vd_code_match
2021,54590272,MP316,MP316 - Dr JS Moroka,Mpumalanga,1329,MP316,MP316 - Dr JS Moroka,Mpumalanga,vd_code_match
2021,54590283,MP316,MP316 - Dr JS Moroka,Mpumalanga,972,MP316,MP316 - Dr JS Moroka,Mpumalanga,vd_code_match
2021,54590294,MP316,MP316 - Dr JS Moroka,Mpumalanga,467,MP316,MP316 - Dr JS Moroka,Mpumalanga,vd_code_match
2021,54590306,MP316,MP316 - Dr JS Moroka,Mpumalanga,1311,MP316,MP316 - Dr JS Moroka,Mpumalanga,vd_code_match
2021,54590328,MP316,MP316 - Dr JS Moroka,Mpumalanga,1047,MP316,MP316 - Dr JS Moroka,Mpumalanga,vd_code_match
2021,54590339,MP316,MP316 - Dr JS Moroka,Mpumalanga,688,MP316,MP316 - Dr JS Moroka,Mpumalanga,vd_code_match
2021,54590340,MP316,MP316 - Dr JS Moroka,Mpumalanga,1852,MP316,MP316 - Dr JS Moroka,Mpumalanga,vd_code_match
2021,54590351,MP316,MP316 - Dr JS Moroka,Mpumalanga,1149,MP316,MP316 - Dr JS Moroka,Mpumalanga,vd_code_match
2021,54590362,MP316,MP316 - Dr JS Moroka,Mpumalanga,920,MP316,MP316 - Dr JS Moroka,Mpumalanga,vd_code_match
2021,54590373,MP316,MP316 - Dr JS Moroka,Mpumalanga,258,MP316,MP316 - Dr JS Moroka,Mpumalanga,vd_code_match
2021,54590384,MP316,MP316 - Dr JS Moroka,Mpumalanga,1268,MP316,MP316 - Dr JS Moroka,Mpumalanga,vd_code_match
2021,54590395,MP316,MP316 - Dr JS Moroka,Mpumalanga,513,MP316,MP316 - Dr JS Moroka,Mpumalanga,vd_code_match
2021,54590407,MP316,MP316 - Dr JS Moroka,Mpumalanga,696,MP316,MP316 - Dr JS Moroka,Mpumalanga,vd_code_match
2021,54590418,MP316,MP316 - Dr JS Moroka,Mpumalanga,651,MP316,MP316 - Dr JS Moroka,Mpumalanga,vd_code_match
2021,54590429,MP316,MP316 - Dr JS Moroka,Mpumalanga,1151,MP316,MP316 - Dr JS Moroka,Mpumalanga,vd_code_match
2021,54590430,MP316,MP316 - Dr JS Moroka,Mpumalanga,923,MP316,MP316 - Dr JS Moroka,Mpumalanga,vd_code_match
2021,54590441,MP316,MP316 - Dr JS Moroka,Mpumalanga,895,MP316,MP316 - Dr JS Moroka,Mpumalanga,vd_code_match
2021,54590452,MP316,MP316 - Dr JS Moroka,Mpumalanga,755,MP316,MP316 - Dr JS Moroka,Mpumalanga,vd_code_match
2021,54590463,MP316,MP316 - Dr JS Moroka,Mpumalanga,824,MP316,MP316 - Dr JS Moroka,Mpumalanga,vd_code_match
2021,54590474,MP316,MP316 - Dr JS Moroka,Mpumalanga,438,MP316,MP316 - Dr JS Moroka,Mpumalanga,vd_code_match
2021,54590485,MP316,MP316 - Dr JS Moroka,Mpumalanga,603,MP316,MP316 - Dr JS Moroka,Mpumalanga,vd_code_match
2021,54590496,MP316,MP316 - Dr JS Moroka,Mpumalanga,514,MP316,MP316 - Dr JS Moroka,Mpumalanga,vd_code_match
2021,54590508,MP316,MP316 - Dr JS Moroka,Mpumalanga,1042,MP316,MP316 - Dr JS Moroka,Mpumalanga,vd_code_match
2021,54590519,MP316,MP316 - Dr JS Moroka,Mpumalanga,753,MP316,MP316 - Dr JS Moroka,Mpumalanga,vd_code_match
2021,54590520,MP316,MP316 - Dr JS Moroka,Mpumalanga,554,MP316,MP316 - Dr JS Moroka,Mpumalanga,vd_code_match
2021,54600016,MP313,MP313 - Steve Tshwete,Mpumalanga,1574,MP313,MP313 - Steve Tshwete,Mpumalanga,vd_code_match
2021,54600027,MP313,MP313 - Steve Tshwete,Mpumalanga,2452,MP313,MP313 - Steve Tshwete,Mpumalanga,vd_code_match
2021,54600038,MP313,MP313 - Steve Tshwete,Mpumalanga,3081,MP313,MP313 - Steve Tshwete,Mpumalanga,vd_code_match
2021,54600049,MP313,MP313 - Steve Tshwete,Mpumalanga,1506,MP313,MP313 - Steve Tshwete,Mpumalanga,vd_code_match
2021,54600050,MP313,MP313 - Steve Tshwete,Mpumalanga,2171,MP313,MP313 - Steve Tshwete,Mpumalanga,vd_code_match
2021,54600061,MP313,MP313 - Steve Tshwete,Mpumalanga,2550,MP313,MP313 - Steve Tshwete,Mpumalanga,vd_code_match
2021,54600072,MP313,MP313 - Steve Tshwete,Mpumalanga,2675,MP313,MP313 - Steve Tshwete,Mpumalanga,vd_code_match
2021,54600083,MP313,MP313 - Steve Tshwete,Mpumalanga,2120,MP313,MP313 - Steve Tshwete,Mpumalanga,vd_code_match
2021,54600094,MP313,MP313 - Steve Tshwete,Mpumalanga,2243,MP313,MP313 - Steve Tshwete,Mpumalanga,vd_code_match
2021,54600106,MP313,MP313 - Steve Tshwete,Mpumalanga,2817,MP313,MP313 - Steve Tshwete,Mpumalanga,vd_code_match
2021,54600117,MP313,MP313 - Steve Tshwete,Mpumalanga,664,MP313,MP313 - Steve Tshwete,Mpumalanga,vd_code_match
2021,54600128,MP313,MP313 - Steve Tshwete,Mpumalanga,1879,MP313,MP313 - Steve Tshwete,Mpumalanga,vd_code_match
2021,54600139,MP313,MP313 - Steve Tshwete,Mpumalanga,1756,MP313,MP313 - Steve Tshwete,Mpumalanga,vd_code_match
2021,54600140,MP313,MP313 - Steve Tshwete,Mpumalanga,4990,MP313,MP313 - Steve Tshwete,Mpumalanga,vd_code_match
2021,54600151,MP313,MP313 - Steve Tshwete,Mpumalanga,2126,MP313,MP313 - Steve Tshwete,Mpumalanga,vd_code_match
2021,54600162,MP313,MP313 - Steve Tshwete,Mpumalanga,3033,MP313,MP313 - Steve Tshwete,Mpumalanga,vd_code_match
2021,54600173,MP313,MP313 - Steve Tshwete,Mpumalanga,1923,MP313,MP313 - Steve Tshwete,Mpumalanga,vd_code_match
2021,54600184,MP313,MP313 - Steve Tshwete,Mpumalanga,2234,MP313,MP313 - Steve Tshwete,Mpumalanga,vd_code_match
2021,54600195,MP313,MP313 - Steve Tshwete,Mpumalanga,2945,MP313,MP313 - Steve Tshwete,Mpumalanga,vd_code_match
2021,54600207,MP313,MP313 - Steve Tshwete,Mpumalanga,3009,MP313,MP313 - Steve Tshwete,Mpumalanga,vd_code_match
2021,54600218,MP313,MP313 - Steve Tshwete,Mpumalanga,2128,MP313,MP313 - Steve Tshwete,Mpumalanga,vd_code_match
2021,54600229,MP313,MP313 - Steve Tshwete,Mpumalanga,2315,MP313,MP313 - Steve Tshwete,Mpumalanga,vd_code_match
2021,54600230,MP313,MP313 - Steve Tshwete,Mpumalanga,1394,MP313,MP313 - Steve Tshwete,Mpumalanga,vd_code_match
2021,54600241,MP313,MP313 - Steve Tshwete,Mpumalanga,1397,MP313,MP313 - Steve Tshwete,Mpumalanga,vd_code_match
2021,54600252,MP313,MP313 - Steve Tshwete,Mpumalanga,4416,MP313,MP313 - Steve Tshwete,Mpumalanga,vd_code_match
2021,54600263,MP313,MP313 - Steve Tshwete,Mpumalanga,1154,MP313,MP313 - Steve Tshwete,Mpumalanga,vd_code_match
2021,54600274,MP313,MP313 - Steve Tshwete,Mpumalanga,816,MP313,MP313 - Steve Tshwete,Mpumalanga,vd_code_match
2021,54600285,MP313,MP313 - Steve Tshwete,Mpumalanga,1030,MP313,MP313 - Steve Tshwete,Mpumalanga,vd_code_match
2021,54600296,MP313,MP313 - Steve Tshwete,Mpumalanga,817,MP313,MP313 - Steve Tshwete,Mpumalanga,vd_code_match
2021,54600308,MP313,MP313 - Steve Tshwete,Mpumalanga,893,MP313,MP313 - Steve Tshwete,Mpumalanga,vd_code_match
2021,54600319,MP313,MP313 - Steve Tshwete,Mpumalanga,1590,MP313,MP313 - Steve Tshwete,Mpumalanga,vd_code_match
2021,54600320,MP313,MP313 - Steve Tshwete,Mpumalanga,1588,MP313,MP313 - Steve Tshwete,Mpumalanga,vd_code_match
2021,54600331,MP313,MP313 - Steve Tshwete,Mpumalanga,537,MP313,MP313 - Steve Tshwete,Mpumalanga,vd_code_match
2021,54600342,MP313,MP313 - Steve Tshwete,Mpumalanga,925,MP313,MP313 - Steve Tshwete,Mpumalanga,vd_code_match
2021,54600353,MP313,MP313 - Steve Tshwete,Mpumalanga,206,MP313,MP313 - Steve Tshwete,Mpumalanga,vd_code_match
2021,54610028,MP315,MP315 - Thembisile Hani,Mpumalanga,1620,MP315,MP315 - Thembisile Hani,Mpumalanga,vd_code_match
2021,54610039,MP315,MP315 - Thembisile Hani,Mpumalanga,1372,MP315,MP315 - Thembisile Hani,Mpumalanga,vd_code_match
2021,54610040,MP315,MP315 - Thembisile Hani,Mpumalanga,1373,MP315,MP315 - Thembisile Hani,Mpumalanga,vd_code_match
2021,54610051,MP315,MP315 - Thembisile Hani,Mpumalanga,1463,MP315,MP315 - Thembisile Hani,Mpumalanga,vd_code_match
2021,54610062,MP315,MP315 - Thembisile Hani,Mpumalanga,1427,MP315,MP315 - Thembisile Hani,Mpumalanga,vd_code_match
2021,54610073,MP315,MP315 - Thembisile Hani,Mpumalanga,1545,MP315,MP315 - Thembisile Hani,Mpumalanga,vd_code_match
2021,54610084,MP315,MP315 - Thembisile Hani,Mpumalanga,1951,MP315,MP315 - Thembisile Hani,Mpumalanga,vd_code_match
2021,54610095,MP315,MP315 - Thembisile Hani,Mpumalanga,963,MP315,MP315 - Thembisile Hani,Mpumalanga,vd_code_match
2021,54610107,MP315,MP315 - Thembisile Hani,Mpumalanga,1690,MP315,MP315 - Thembisile Hani,Mpumalanga,vd_code_match
2021,54610118,MP315,MP315 - Thembisile Hani,Mpumalanga,1480,MP315,MP315 - Thembisile Hani,Mpumalanga,vd_code_match
2021,54610129,MP315,MP315 - Thembisile Hani,Mpumalanga,1187,MP315,MP315 - Thembisile Hani,Mpumalanga,vd_code_match
2021,54610141,MP315,MP315 - Thembisile Hani,Mpumalanga,1673,MP315,MP315 - Thembisile Hani,Mpumalanga,vd_code_match
2021,54610152,MP315,MP315 - Thembisile Hani,Mpumalanga,1465,MP315,MP315 - Thembisile Hani,Mpumalanga,vd_code_match
2021,54610163,MP315,MP315 - Thembisile Hani,Mpumalanga,1692,MP315,MP315 - Thembisile Hani,Mpumalanga,vd_code_match
2021,54610174,MP315,MP315 - Thembisile Hani,Mpumalanga,1254,MP315,MP315 - Thembisile Hani,Mpumalanga,vd_code_match
2021,54610185,MP315,MP315 - Thembisile Hani,Mpumalanga,1579,MP315,MP315 - Thembisile Hani,Mpumalanga,vd_code_match
2021,54610196,MP315,MP315 - Thembisile Hani,Mpumalanga,958,MP315,MP315 - Thembisile Hani,Mpumalanga,vd_code_match
2021,54610208,MP315,MP315 - Thembisile Hani,Mpumalanga,1130,MP315,MP315 - Thembisile Hani,Mpumalanga,vd_code_match
2021,54610219,MP315,MP315 - Thembisile Hani,Mpumalanga,2006,MP315,MP315 - Thembisile Hani,Mpumalanga,vd_code_match
2021,54610220,MP315,MP315 - Thembisile Hani,Mpumalanga,63,MP315,MP315 - Thembisile Hani,Mpumalanga,vd_code_match
2021,54610231,MP315,MP315 - Thembisile Hani,Mpumalanga,1889,MP315,MP315 - Thembisile Hani,Mpumalanga,vd_code_match
2021,54610242,MP315,MP315 - Thembisile Hani,Mpumalanga,1145,MP315,MP315 - Thembisile Hani,Mpumalanga,vd_code_match
2021,54610253,MP315,MP315 - Thembisile Hani,Mpumalanga,1871,MP315,MP315 - Thembisile Hani,Mpumalanga,vd_code_match
2021,54610264,MP315,MP315 - Thembisile Hani,Mpumalanga,1761,MP315,MP315 - Thembisile Hani,Mpumalanga,vd_code_match
2021,54610275,MP315,MP315 - Thembisile Hani,Mpumalanga,1772,MP315,MP315 - Thembisile Hani,Mpumalanga,vd_code_match
2021,54610286,MP315,MP315 - Thembisile Hani,Mpumalanga,1094,MP315,MP315 - Thembisile Hani,Mpumalanga,vd_code_match
2021,54610309,MP315,MP315 - Thembisile Hani,Mpumalanga,1263,MP315,MP315 - Thembisile Hani,Mpumalanga,vd_code_match
2021,54610310,MP315,MP315 - Thembisile Hani,Mpumalanga,700,MP315,MP315 - Thembisile Hani,Mpumalanga,vd_code_match
2021,54610321,MP315,MP315 - Thembisile Hani,Mpumalanga,1390,MP315,MP315 - Thembisile Hani,Mpumalanga,vd_code_match
2021,54610332,MP315,MP315 - Thembisile Hani,Mpumalanga,726,MP315,MP315 - Thembisile Hani,Mpumalanga,vd_code_match
2021,54610343,MP315,MP315 - Thembisile Hani,Mpumalanga,898,MP315,MP315 - Thembisile Hani,Mpumalanga,vd_code_match
2021,54610354,MP315,MP315 - Thembisile Hani,Mpumalanga,584,MP315,MP315 - Thembisile Hani,Mpumalanga,vd_code_match
2021,54610365,MP315,MP315 - Thembisile Hani,Mpumalanga,779,MP315,MP315 - Thembisile Hani,Mpumalanga,vd_code_match
2021,54610376,MP315,MP315 - Thembisile Hani,Mpumalanga,987,MP315,MP315 - Thembisile Hani,Mpumalanga,vd_code_match
2021,54610411,MP315,MP315 - Thembisile Hani,Mpumalanga,1159,MP315,MP315 - Thembisile Hani,Mpumalanga,vd_code_match
2021,54610422,MP315,MP315 - Thembisile Hani,Mpumalanga,1038,MP315,MP315 - Thembisile Hani,Mpumalanga,vd_code_match
2021,54610433,MP315,MP315 - Thembisile Hani,Mpumalanga,501,MP315,MP315 - Thembisile Hani,Mpumalanga,vd_code_match
2021,54610444,MP315,MP315 - Thembisile Hani,Mpumalanga,1176,MP315,MP315 - Thembisile Hani,Mpumalanga,vd_code_match
2021,54610455,MP315,MP315 - Thembisile Hani,Mpumalanga,527,MP315,MP315 - Thembisile Hani,Mpumalanga,vd_code_match
2021,54610466,MP315,MP315 - Thembisile Hani,Mpumalanga,670,MP315,MP315 - Thembisile Hani,Mpumalanga,vd_code_match
2021,54610477,MP315,MP315 - Thembisile Hani,Mpumalanga,684,MP315,MP315 - Thembisile Hani,Mpumalanga,vd_code_match
2021,54610488,MP315,MP315 - Thembisile Hani,Mpumalanga,740,MP315,MP315 - Thembisile Hani,Mpumalanga,vd_code_match
2021,54610499,MP315,MP315 - Thembisile Hani,Mpumalanga,1349,MP315,MP315 - Thembisile Hani,Mpumalanga,vd_code_match
2021,54610501,MP315,MP315 - Thembisile Hani,Mpumalanga,791,MP315,MP315 - Thembisile Hani,Mpumalanga,vd_code_match
2021,54610512,MP315,MP315 - Thembisile Hani,Mpumalanga,630,MP315,MP315 - Thembisile Hani,Mpumalanga,vd_code_match
2021,54610523,MP315,MP315 - Thembisile Hani,Mpumalanga,404,MP315,MP315 - Thembisile Hani,Mpumalanga,vd_code_match
2021,54610534,MP315,MP315 - Thembisile Hani,Mpumalanga,97,MP315,MP315 - Thembisile Hani,Mpumalanga,vd_code_match
2021,54610545,MP315,MP315 - Thembisile Hani,Mpumalanga,547,MP315,MP315 - Thembisile Hani,Mpumalanga,vd_code_match
2021,54610556,MP315,MP315 - Thembisile Hani,Mpumalanga,728,MP315,MP315 - Thembisile Hani,Mpumalanga,vd_code_match
2021,54610567,MP315,MP315 - Thembisile Hani,Mpumalanga,261,MP315,MP315 - Thembisile Hani,Mpumalanga,vd_code_match
2021,54610578,MP315,MP315 - Thembisile Hani,Mpumalanga,569,MP315,MP315 - Thembisile Hani,Mpumalanga,vd_code_match
2021,54610589,MP315,MP315 - Thembisile Hani,Mpumalanga,554,MP315,MP315 - Thembisile Hani,Mpumalanga,vd_code_match
2021,54610590,MP315,MP315 - Thembisile Hani,Mpumalanga,450,MP315,MP315 - Thembisile Hani,Mpumalanga,vd_code_match
2021,54610602,MP315,MP315 - Thembisile Hani,Mpumalanga,720,MP315,MP315 - Thembisile Hani,Mpumalanga,vd_code_match
2021,54620423,MP315,MP315 - Thembisile Hani,Mpumalanga,820,MP315,MP315 - Thembisile Hani,Mpumalanga,vd_code_match
2021,54630019,MP312,MP312 - Emalahleni,Mpumalanga,3255,MP312,MP312 - Emalahleni,Mpumalanga,vd_code_match
2021,54630020,MP312,MP312 - Emalahleni,Mpumalanga,2373,MP312,MP312 - Emalahleni,Mpumalanga,vd_code_match
2021,54630031,MP312,MP312 - Emalahleni,Mpumalanga,2887,MP312,MP312 - Emalahleni,Mpumalanga,vd_code_match
2021,54630042,MP312,MP312 - Emalahleni,Mpumalanga,1941,MP312,MP312 - Emalahleni,Mpumalanga,vd_code_match
2021,54630053,MP312,MP312 - Emalahleni,Mpumalanga,2086,MP312,MP312 - Emalahleni,Mpumalanga,vd_code_match
2021,54630064,MP312,MP312 - Emalahleni,Mpumalanga,1183,MP312,MP312 - Emalahleni,Mpumalanga,vd_code_match
2021,54630086,MP312,MP312 - Emalahleni,Mpumalanga,360,MP312,MP312 - Emalahleni,Mpumalanga,vd_code_match
2021,54640010,MP314,MP314 - Emakhazeni,Mpumalanga,1767,MP314,MP314 - Emakhazeni,Mpumalanga,vd_code_match
2021,54640021,MP314,MP314 - Emakhazeni,Mpumalanga,872,MP314,MP314 - Emakhazeni,Mpumalanga,vd_code_match
2021,54640032,MP314,MP314 - Emakhazeni,Mpumalanga,1134,MP314,MP314 - Emakhazeni,Mpumalanga,vd_code_match
2021,54650011,MP312,MP312 - Emalahleni,Mpumalanga,3847,MP312,MP312 - Emalahleni,Mpumalanga,vd_code_match
2021,54650022,MP312,MP312 - Emalahleni,Mpumalanga,2122,MP312,MP312 - Emalahleni,Mpumalanga,vd_code_match
2021,54650033,MP312,MP312 - Emalahleni,Mpumalanga,3425,MP312,MP312 - Emalahleni,Mpumalanga,vd_code_match
2021,54650044,MP312,MP312 - Emalahleni,Mpumalanga,4321,MP312,MP312 - Emalahleni,Mpumalanga,vd_code_match
2021,54650055,MP312,MP312 - Emalahleni,Mpumalanga,2565,MP312,MP312 - Emalahleni,Mpumalanga,vd_code_match
2021,54650066,MP312,MP312 - Emalahleni,Mpumalanga,2397,MP312,MP312 - Emalahleni,Mpumalanga,vd_code_match
2021,54650077,MP312,MP312 - Emalahleni,Mpumalanga,1758,MP312,MP312 - Emalahleni,Mpumalanga,vd_code_match
2021,54650088,MP312,MP312 - Emalahleni,Mpumalanga,2293,MP312,MP312 - Emalahleni,Mpumalanga,vd_code_match
2021,54650099,MP312,MP312 - Emalahleni,Mpumalanga,2499,MP312,MP312 - Emalahleni,Mpumalanga,vd_code_match
2021,54650101,MP312,MP312 - Emalahleni,Mpumalanga,2723,MP312,MP312 - Emalahleni,Mpumalanga,vd_code_match
2021,54650112,MP312,MP312 - Emalahleni,Mpumalanga,2029,MP312,MP312 - Emalahleni,Mpumalanga,vd_code_match
2021,54650123,MP312,MP312 - Emalahleni,Mpumalanga,5290,MP312,MP312 - Emalahleni,Mpumalanga,vd_code_match
2021,54650145,MP312,MP312 - Emalahleni,Mpumalanga,2079,MP312,MP312 - Emalahleni,Mpumalanga,vd_code_match
2021,54650156,MP312,MP312 - Emalahleni,Mpumalanga,3685,MP312,MP312 - Emalahleni,Mpumalanga,vd_code_match
2021,54650167,MP312,MP312 - Emalahleni,Mpumalanga,2215,MP312,MP312 - Emalahleni,Mpumalanga,vd_code_match
2021,54650178,MP312,MP312 - Emalahleni,Mpumalanga,2048,MP312,MP312 - Emalahleni,Mpumalanga,vd_code_match
2021,54650189,MP312,MP312 - Emalahleni,Mpumalanga,1504,MP312,MP312 - Emalahleni,Mpumalanga,vd_code_match
2021,54650190,MP312,MP312 - Emalahleni,Mpumalanga,2574,MP312,MP312 - Emalahleni,Mpumalanga,vd_code_match
2021,54650202,MP312,MP312 - Emalahleni,Mpumalanga,1942,MP312,MP312 - Emalahleni,Mpumalanga,vd_code_match
2021,54650213,MP312,MP312 - Emalahleni,Mpumalanga,1733,MP312,MP312 - Emalahleni,Mpumalanga,vd_code_match
2021,54650224,MP312,MP312 - Emalahleni,Mpumalanga,2530,MP312,MP312 - Emalahleni,Mpumalanga,vd_code_match
2021,54650235,MP312,MP312 - Emalahleni,Mpumalanga,1948,MP312,MP312 - Emalahleni,Mpumalanga,vd_code_match
2021,54650246,MP312,MP312 - Emalahleni,Mpumalanga,3415,MP312,MP312 - Emalahleni,Mpumalanga,vd_code_match
2021,54650257,MP312,MP312 - Emalahleni,Mpumalanga,2211,MP312,MP312 - Emalahleni,Mpumalanga,vd_code_match
2021,54650268,MP312,MP312 - Emalahleni,Mpumalanga,1313,MP312,MP312 - Emalahleni,Mpumalanga,vd_code_match
2021,54650279,MP312,MP312 - Emalahleni,Mpumalanga,1326,MP312,MP312 - Emalahleni,Mpumalanga,vd_code_match
2021,54650280,MP312,MP312 - Emalahleni,Mpumalanga,1418,MP312,MP312 - Emalahleni,Mpumalanga,vd_code_match
2021,54650291,MP312,MP312 - Emalahleni,Mpumalanga,1737,MP312,MP312 - Emalahleni,Mpumalanga,vd_code_match
2021,54650303,MP312,MP312 - Emalahleni,Mpumalanga,2008,MP312,MP312 - Emalahleni,Mpumalanga,vd_code_match
2021,54650314,MP312,MP312 - Emalahleni,Mpumalanga,989,MP312,MP312 - Emalahleni,Mpumalanga,vd_code_match
2021,54650336,MP312,MP312 - Emalahleni,Mpumalanga,2552,MP312,MP312 - Emalahleni,Mpumalanga,vd_code_match
2021,54650347,MP312,MP312 - Emalahleni,Mpumalanga,1925,MP312,MP312 - Emalahleni,Mpumalanga,vd_code_match
2021,54650358,MP312,MP312 - Emalahleni,Mpumalanga,1664,MP312,MP312 - Emalahleni,Mpumalanga,vd_code_match
2021,54650369,MP312,MP312 - Emalahleni,Mpumalanga,2078,MP312,MP312 - Emalahleni,Mpumalanga,vd_code_match
2021,54650370,MP312,MP312 - Emalahleni,Mpumalanga,1346,MP312,MP312 - Emalahleni,Mpumalanga,vd_code_match
2021,54650381,MP312,MP312 - Emalahleni,Mpumalanga,2480,MP312,MP312 - Emalahleni,Mpumalanga,vd_code_match
2021,54650392,MP312,MP312 - Emalahleni,Mpumalanga,2330,MP312,MP312 - Emalahleni,Mpumalanga,vd_code_match
2021,54650404,MP312,MP312 - Emalahleni,Mpumalanga,665,MP312,MP312 - Emalahleni,Mpumalanga,vd_code_match
2021,54650415,MP312,MP312 - Emalahleni,Mpumalanga,1993,MP312,MP312 - Emalahleni,Mpumalanga,vd_code_match
2021,54650426,MP312,MP312 - Emalahleni,Mpumalanga,2560,MP312,MP312 - Emalahleni,Mpumalanga,vd_code_match
2021,54650437,MP312,MP312 - Emalahleni,Mpumalanga,1902,MP312,MP312 - Emalahleni,Mpumalanga,vd_code_match
2021,54650448,MP312,MP312 - Emalahleni,Mpumalanga,3966,MP312,MP312 - Emalahleni,Mpumalanga,vd_code_match
2021,54650459,MP312,MP312 - Emalahleni,Mpumalanga,1429,MP312,MP312 - Emalahleni,Mpumalanga,vd_code_match
2021,54650460,MP312,MP312 - Emalahleni,Mpumalanga,416,MP312,MP312 - Emalahleni,Mpumalanga,vd_code_match
2021,54650471,MP312,MP312 - Emalahleni,Mpumalanga,1028,MP312,MP312 - Emalahleni,Mpumalanga,vd_code_match
2021,54650482,MP312,MP312 - Emalahleni,Mpumalanga,2797,MP312,MP312 - Emalahleni,Mpumalanga,vd_code_match
2021,54650493,MP312,MP312 - Emalahleni,Mpumalanga,792,MP312,MP312 - Emalahleni,Mpumalanga,vd_code_match
2021,54650505,MP312,MP312 - Emalahleni,Mpumalanga,1770,MP312,MP312 - Emalahleni,Mpumalanga,vd_code_match
2021,54650516,MP312,MP312 - Emalahleni,Mpumalanga,2889,MP312,MP312 - Emalahleni,Mpumalanga,vd_code_match
2021,54650527,MP312,MP312 - Emalahleni,Mpumalanga,2238,MP312,MP312 - Emalahleni,Mpumalanga,vd_code_match
2021,54650538,MP312,MP312 - Emalahleni,Mpumalanga,302,MP312,MP312 - Emalahleni,Mpumalanga,vd_code_match
2021,54650549,MP312,MP312 - Emalahleni,Mpumalanga,1522,MP312,MP312 - Emalahleni,Mpumalanga,vd_code_match
2021,54650550,MP312,MP312 - Emalahleni,Mpumalanga,503,MP312,MP312 - Emalahleni,Mpumalanga,vd_code_match
2021,54650561,MP312,MP312 - Emalahleni,Mpumalanga,913,MP312,MP312 - Emalahleni,Mpumalanga,vd_code_match
2021,54650572,MP312,MP312 - Emalahleni,Mpumalanga,609,MP312,MP312 - Emalahleni,Mpumalanga,vd_code_match
2021,54650583,MP312,MP312 - Emalahleni,Mpumalanga,1398,MP312,MP312 - Emalahleni,Mpumalanga,vd_code_match
2021,54650594,MP312,MP312 - Emalahleni,Mpumalanga,1983,MP312,MP312 - Emalahleni,Mpumalanga,vd_code_match
2021,54650606,MP312,MP312 - Emalahleni,Mpumalanga,442,MP312,MP312 - Emalahleni,Mpumalanga,vd_code_match
2021,54650617,MP312,MP312 - Emalahleni,Mpumalanga,3020,MP312,MP312 - Emalahleni,Mpumalanga,vd_code_match
2021,54650628,MP312,MP312 - Emalahleni,Mpumalanga,3235,MP312,MP312 - Emalahleni,Mpumalanga,vd_code_match
2021,54650639,MP312,MP312 - Emalahleni,Mpumalanga,1300,MP312,MP312 - Emalahleni,Mpumalanga,vd_code_match
2021,54650640,MP312,MP312 - Emalahleni,Mpumalanga,881,MP312,MP312 - Emalahleni,Mpumalanga,vd_code_match
2021,54650651,MP312,MP312 - Emalahleni,Mpumalanga,939,MP312,MP312 - Emalahleni,Mpumalanga,vd_code_match
2021,54650662,MP312,MP312 - Emalahleni,Mpumalanga,1990,MP312,MP312 - Emalahleni,Mpumalanga,vd_code_match
2021,54650673,MP312,MP312 - Emalahleni,Mpumalanga,976,MP312,MP312 - Emalahleni,Mpumalanga,vd_code_match
2021,54650684,MP312,MP312 - Emalahleni,Mpumalanga,1001,MP312,MP312 - Emalahleni,Mpumalanga,vd_code_match
2021,54650695,MP312,MP312 - Emalahleni,Mpumalanga,607,MP312,MP312 - Emalahleni,Mpumalanga,vd_code_match
2021,54650718,MP312,MP312 - Emalahleni,Mpumalanga,1004,MP312,MP312 - Emalahleni,Mpumalanga,vd_code_match
2021,54650729,MP312,MP312 - Emalahleni,Mpumalanga,385,MP312,MP312 - Emalahleni,Mpumalanga,vd_code_match
2021,54650730,MP312,MP312 - Emalahleni,Mpumalanga,593,MP312,MP312 - Emalahleni,Mpumalanga,vd_code_match
2021,54650741,MP312,MP312 - Emalahleni,Mpumalanga,610,MP312,MP312 - Emalahleni,Mpumalanga,vd_code_match
2021,54650752,MP312,MP312 - Emalahleni,Mpumalanga,898,MP312,MP312 - Emalahleni,Mpumalanga,vd_code_match
2021,54650763,MP312,MP312 - Emalahleni,Mpumalanga,2467,MP312,MP312 - Emalahleni,Mpumalanga,vd_code_match
2021,54650774,MP312,MP312 - Emalahleni,Mpumalanga,1392,MP312,MP312 - Emalahleni,Mpumalanga,vd_code_match
2021,54650785,MP312,MP312 - Emalahleni,Mpumalanga,767,MP312,MP312 - Emalahleni,Mpumalanga,vd_code_match
2021,54650796,MP312,MP312 - Emalahleni,Mpumalanga,960,MP312,MP312 - Emalahleni,Mpumalanga,vd_code_match
2021,54650808,MP312,MP312 - Emalahleni,Mpumalanga,562,MP312,MP312 - Emalahleni,Mpumalanga,vd_code_match
2021,54650819,MP312,MP312 - Emalahleni,Mpumalanga,434,MP312,MP312 - Emalahleni,Mpumalanga,vd_code_match
2021,54650820,MP312,MP312 - Emalahleni,Mpumalanga,627,MP312,MP312 - Emalahleni,Mpumalanga,vd_code_match
2021,54650831,MP312,MP312 - Emalahleni,Mpumalanga,514,MP312,MP312 - Emalahleni,Mpumalanga,vd_code_match
2021,54650842,MP312,MP312 - Emalahleni,Mpumalanga,300,MP312,MP312 - Emalahleni,Mpumalanga,vd_code_match
2021,54650853,MP312,MP312 - Emalahleni,Mpumalanga,963,MP312,MP312 - Emalahleni,Mpumalanga,vd_code_match
2021,54650864,MP312,MP312 - Emalahleni,Mpumalanga,300,MP312,MP312 - Emalahleni,Mpumalanga,vd_code_match
2021,54650875,MP312,MP312 - Emalahleni,Mpumalanga,11,MP312,MP312 - Emalahleni,Mpumalanga,vd_code_match
2021,54650886,MP312,MP312 - Emalahleni,Mpumalanga,29,MP312,MP312 - Emalahleni,Mpumalanga,vd_code_match
2021,54650897,MP312,MP312 - Emalahleni,Mpumalanga,218,MP312,MP312 - Emalahleni,Mpumalanga,vd_code_match
2021,54660012,MP321,MP321 - Thaba Chweu,Mpumalanga,861,MP321,MP321 - Thaba Chweu,Mpumalanga,vd_code_match
2021,54660023,MP314,MP314 - Emakhazeni,Mpumalanga,214,MP314,MP314 - Emakhazeni,Mpumalanga,vd_code_match
2021,54660034,MP314,MP314 - Emakhazeni,Mpumalanga,103,MP314,MP314 - Emakhazeni,Mpumalanga,vd_code_match
2021,54660045,MP314,MP314 - Emakhazeni,Mpumalanga,102,MP314,MP314 - Emakhazeni,Mpumalanga,vd_code_match
2021,54660067,MP314,MP314 - Emakhazeni,Mpumalanga,1017,MP314,MP314 - Emakhazeni,Mpumalanga,vd_code_match
2021,54660078,MP314,MP314 - Emakhazeni,Mpumalanga,191,MP314,MP314 - Emakhazeni,Mpumalanga,vd_code_match
2021,54660090,MP314,MP314 - Emakhazeni,Mpumalanga,158,MP314,MP314 - Emakhazeni,Mpumalanga,vd_code_match
2021,54660102,MP314,MP314 - Emakhazeni,Mpumalanga,455,MP314,MP314 - Emakhazeni,Mpumalanga,vd_code_match
2021,54660113,MP314,MP314 - Emakhazeni,Mpumalanga,409,MP314,MP314 - Emakhazeni,Mpumalanga,vd_code_match
2021,54660124,MP314,MP314 - Emakhazeni,Mpumalanga,121,MP314,MP314 - Emakhazeni,Mpumalanga,vd_code_match
2021,54660135,MP314,MP314 - Emakhazeni,Mpumalanga,99,MP314,MP314 - Emakhazeni,Mpumalanga,vd_code_match
2021,54660146,MP314,MP314 - Emakhazeni,Mpumalanga,119,MP314,MP314 - Emakhazeni,Mpumalanga,vd_code_match
2021,54660157,MP314,MP314 - Emakhazeni,Mpumalanga,296,MP314,MP314 - Emakhazeni,Mpumalanga,vd_code_match
2021,54660168,MP314,MP314 - Emakhazeni,Mpumalanga,234,MP314,MP314 - Emakhazeni,Mpumalanga,vd_code_match
2021,54660179,MP314,MP314 - Emakhazeni,Mpumalanga,340,MP314,MP314 - Emakhazeni,Mpumalanga,vd_code_match
2021,54660180,MP314,MP314 - Emakhazeni,Mpumalanga,137,MP314,MP314 - Emakhazeni,Mpumalanga,vd_code_match
2021,54660191,MP314,MP314 - Emakhazeni,Mpumalanga,297,MP314,MP314 - Emakhazeni,Mpumalanga,vd_code_match
2021,54660203,MP314,MP314 - Emakhazeni,Mpumalanga,404,MP314,MP314 - Emakhazeni,Mpumalanga,vd_code_match
2021,54660214,MP314,MP314 - Emakhazeni,Mpumalanga,94,MP314,MP314 - Emakhazeni,Mpumalanga,vd_code_match
2021,54680025,MP313,MP313 - Steve Tshwete,Mpumalanga,1606,MP313,MP313 - Steve Tshwete,Mpumalanga,vd_code_match
2021,54680036,MP314,MP314 - Emakhazeni,Mpumalanga,479,MP314,MP314 - Emakhazeni,Mpumalanga,vd_code_match
2021,54680058,MP313,MP313 - Steve Tshwete,Mpumalanga,912,MP313,MP313 - Steve Tshwete,Mpumalanga,vd_code_match
2021,54680069,MP313,MP313 - Steve Tshwete,Mpumalanga,636,MP313,MP313 - Steve Tshwete,Mpumalanga,vd_code_match
2021,54680070,MP313,MP313 - Steve Tshwete,Mpumalanga,2568,MP313,MP313 - Steve Tshwete,Mpumalanga,vd_code_match
2021,54680081,MP313,MP313 - Steve Tshwete,Mpumalanga,1925,MP313,MP313 - Steve Tshwete,Mpumalanga,vd_code_match
2021,54680092,MP313,MP313 - Steve Tshwete,Mpumalanga,590,MP313,MP313 - Steve Tshwete,Mpumalanga,vd_code_match
2021,54680104,MP313,MP313 - Steve Tshwete,Mpumalanga,280,MP313,MP313 - Steve Tshwete,Mpumalanga,vd_code_match
2021,54680115,MP313,MP313 - Steve Tshwete,Mpumalanga,275,MP313,MP313 - Steve Tshwete,Mpumalanga,vd_code_match
2021,54680126,MP313,MP313 - Steve Tshwete,Mpumalanga,367,MP313,MP313 - Steve Tshwete,Mpumalanga,vd_code_match
2021,54680148,MP313,MP313 - Steve Tshwete,Mpumalanga,2045,MP313,MP313 - Steve Tshwete,Mpumalanga,vd_code_match
2021,54680159,MP313,MP313 - Steve Tshwete,Mpumalanga,649,MP313,MP313 - Steve Tshwete,Mpumalanga,vd_code_match
2021,54680160,MP314,MP314 - Emakhazeni,Mpumalanga,160,MP314,MP314 - Emakhazeni,Mpumalanga,vd_code_match
2021,54680171,MP314,MP314 - Emakhazeni,Mpumalanga,441,MP314,MP314 - Emakhazeni,Mpumalanga,vd_code_match
2021,54680238,MP313,MP313 - Steve Tshwete,Mpumalanga,1898,MP313,MP313 - Steve Tshwete,Mpumalanga,vd_code_match
2021,54680249,MP314,MP314 - Emakhazeni,Mpumalanga,180,MP314,MP314 - Emakhazeni,Mpumalanga,vd_code_match
2021,54680261,MP313,MP313 - Steve Tshwete,Mpumalanga,2323,MP313,MP313 - Steve Tshwete,Mpumalanga,vd_code_match
2021,54680272,MP313,MP313 - Steve Tshwete,Mpumalanga,2197,MP313,MP313 - Steve Tshwete,Mpumalanga,vd_code_match
2021,54680283,MP313,MP313 - Steve Tshwete,Mpumalanga,230,MP313,MP313 - Steve Tshwete,Mpumalanga,vd_code_match
2021,54680294,MP313,MP313 - Steve Tshwete,Mpumalanga,461,MP313,MP313 - Steve Tshwete,Mpumalanga,vd_code_match
2021,54680306,MP313,MP313 - Steve Tshwete,Mpumalanga,580,MP313,MP313 - Steve Tshwete,Mpumalanga,vd_code_match
2021,54680317,MP313,MP313 - Steve Tshwete,Mpumalanga,542,MP313,MP313 - Steve Tshwete,Mpumalanga,vd_code_match
2021,54680328,MP313,MP313 - Steve Tshwete,Mpumalanga,869,MP313,MP313 - Steve Tshwete,Mpumalanga,vd_code_match
2021,54680339,MP313,MP313 - Steve Tshwete,Mpumalanga,176,MP313,MP313 - Steve Tshwete,Mpumalanga,vd_code_match
2021,54680340,MP314,MP314 - Emakhazeni,Mpumalanga,204,MP314,MP314 - Emakhazeni,Mpumalanga,vd_code_match
2021,54680395,MP313,MP313 - Steve Tshwete,Mpumalanga,621,MP313,MP313 - Steve Tshwete,Mpumalanga,vd_code_match
2021,54680407,MP313,MP313 - Steve Tshwete,Mpumalanga,396,MP313,MP313 - Steve Tshwete,Mpumalanga,vd_code_match
2021,54680418,MP313,MP313 - Steve Tshwete,Mpumalanga,108,MP313,MP313 - Steve Tshwete,Mpumalanga,vd_code_match
2021,54680429,MP313,MP313 - Steve Tshwete,Mpumalanga,969,MP313,MP313 - Steve Tshwete,Mpumalanga,vd_code_match
2021,54680430,MP313,MP313 - Steve Tshwete,Mpumalanga,1484,MP313,MP313 - Steve Tshwete,Mpumalanga,vd_code_match
2021,54680441,MP313,MP313 - Steve Tshwete,Mpumalanga,1766,MP313,MP313 - Steve Tshwete,Mpumalanga,vd_code_match
2021,54680452,MP313,MP313 - Steve Tshwete,Mpumalanga,1510,MP313,MP313 - Steve Tshwete,Mpumalanga,vd_code_match
2021,54680463,MP313,MP313 - Steve Tshwete,Mpumalanga,269,MP313,MP313 - Steve Tshwete,Mpumalanga,vd_code_match
2021,54680474,MP313,MP313 - Steve Tshwete,Mpumalanga,354,MP313,MP313 - Steve Tshwete,Mpumalanga,vd_code_match
2021,54680485,MP313,MP313 - Steve Tshwete,Mpumalanga,429,MP313,MP313 - Steve Tshwete,Mpumalanga,vd_code_match
2021,54690015,MP314,MP314 - Emakhazeni,Mpumalanga,117,MP314,MP314 - Emakhazeni,Mpumalanga,vd_code_match
2021,54690026,MP314,MP314 - Emakhazeni,Mpumalanga,169,MP314,MP314 - Emakhazeni,Mpumalanga,vd_code_match
2021,54690037,MP314,MP314 - Emakhazeni,Mpumalanga,320,MP314,MP314 - Emakhazeni,Mpumalanga,vd_code_match
2021,54690048,MP314,MP314 - Emakhazeni,Mpumalanga,245,MP314,MP314 - Emakhazeni,Mpumalanga,vd_code_match
2021,54700017,MP312,MP312 - Emalahleni,Mpumalanga,474,MP312,MP312 - Emalahleni,Mpumalanga,vd_code_match
2021,54700028,MP312,MP312 - Emalahleni,Mpumalanga,667,MP312,MP312 - Emalahleni,Mpumalanga,vd_code_match
2021,54700039,MP312,MP312 - Emalahleni,Mpumalanga,255,MP312,MP312 - Emalahleni,Mpumalanga,vd_code_match
2021,54700051,MP312,MP312 - Emalahleni,Mpumalanga,2716,MP312,MP312 - Emalahleni,Mpumalanga,vd_code_match
2021,54700062,MP315,MP315 - Thembisile Hani,Mpumalanga,158,MP315,MP315 - Thembisile Hani,Mpumalanga,vd_code_match
2021,54700073,MP312,MP312 - Emalahleni,Mpumalanga,632,MP312,MP312 - Emalahleni,Mpumalanga,vd_code_match
2021,54700084,MP312,MP312 - Emalahleni,Mpumalanga,782,MP312,MP312 - Emalahleni,Mpumalanga,vd_code_match
2021,54700095,MP312,MP312 - Emalahleni,Mpumalanga,1095,MP312,MP312 - Emalahleni,Mpumalanga,vd_code_match
2021,54700118,MP312,MP312 - Emalahleni,Mpumalanga,954,MP312,MP312 - Emalahleni,Mpumalanga,vd_code_match
2021,54700129,MP312,MP312 - Emalahleni,Mpumalanga,456,MP312,MP312 - Emalahleni,Mpumalanga,vd_code_match
2021,54700130,MP312,MP312 - Emalahleni,Mpumalanga,291,MP312,MP312 - Emalahleni,Mpumalanga,vd_code_match
2021,54709139,MP315,MP315 - Thembisile Hani,Mpumalanga,58,MP315,MP315 - Thembisile Hani,Mpumalanga,vd_code_match
2021,54720019,MP326,MP326 - City of Mbombela,Mpumalanga,2639,MP326,MP326 - City of Mbombela,Mpumalanga,vd_code_match
2021,54720020,MP326,MP326 - City of Mbombela,Mpumalanga,2283,MP326,MP326 - City of Mbombela,Mpumalanga,vd_code_match
2021,54720031,MP326,MP326 - City of Mbombela,Mpumalanga,1574,MP326,MP326 - City of Mbombela,Mpumalanga,vd_code_match
2021,54720042,MP326,MP326 - City of Mbombela,Mpumalanga,1635,MP326,MP326 - City of Mbombela,Mpumalanga,vd_code_match
2021,54720053,MP326,MP326 - City of Mbombela,Mpumalanga,1068,MP326,MP326 - City of Mbombela,Mpumalanga,vd_code_match
2021,54720064,MP326,MP326 - City of Mbombela,Mpumalanga,1913,MP326,MP326 - City of Mbombela,Mpumalanga,vd_code_match
2021,54720075,MP326,MP326 - City of Mbombela,Mpumalanga,978,MP326,MP326 - City of Mbombela,Mpumalanga,vd_code_match
2021,54720086,MP326,MP326 - City of Mbombela,Mpumalanga,2323,MP326,MP326 - City of Mbombela,Mpumalanga,vd_code_match
2021,54720097,MP326,MP326 - City of Mbombela,Mpumalanga,2732,MP326,MP326 - City of Mbombela,Mpumalanga,vd_code_match
2021,54720109,MP326,MP326 - City of Mbombela,Mpumalanga,1363,MP326,MP326 - City of Mbombela,Mpumalanga,vd_code_match
2021,54720110,MP326,MP326 - City of Mbombela,Mpumalanga,764,MP326,MP326 - City of Mbombela,Mpumalanga,vd_code_match
2021,54720121,MP326,MP326 - City of Mbombela,Mpumalanga,1658,MP326,MP326 - City of Mbombela,Mpumalanga,vd_code_match
2021,54720132,MP326,MP326 - City of Mbombela,Mpumalanga,534,MP326,MP326 - City of Mbombela,Mpumalanga,vd_code_match
2021,54730010,MP321,MP321 - Thaba Chweu,Mpumalanga,2188,MP321,MP321 - Thaba Chweu,Mpumalanga,vd_code_match
2021,54740011,MP326,MP326 - City of Mbombela,Mpumalanga,2155,MP326,MP326 - City of Mbombela,Mpumalanga,vd_code_match
2021,54740022,MP326,MP326 - City of Mbombela,Mpumalanga,1460,MP326,MP326 - City of Mbombela,Mpumalanga,vd_code_match
2021,54740033,MP326,MP326 - City of Mbombela,Mpumalanga,1969,MP326,MP326 - City of Mbombela,Mpumalanga,vd_code_match
2021,54740044,MP326,MP326 - City of Mbombela,Mpumalanga,1669,MP326,MP326 - City of Mbombela,Mpumalanga,vd_code_match
2021,54740055,MP326,MP326 - City of Mbombela,Mpumalanga,1572,MP326,MP326 - City of Mbombela,Mpumalanga,vd_code_match
2021,54740066,MP326,MP326 - City of Mbombela,Mpumalanga,1509,MP326,MP326 - City of Mbombela,Mpumalanga,vd_code_match
2021,54740077,MP326,MP326 - City of Mbombela,Mpumalanga,3150,MP326,MP326 - City of Mbombela,Mpumalanga,vd_code_match
2021,54740088,MP326,MP326 - City of Mbombela,Mpumalanga,1544,MP326,MP326 - City of Mbombela,Mpumalanga,vd_code_match
2021,54740099,MP326,MP326 - City of Mbombela,Mpumalanga,1819,MP326,MP326 - City of Mbombela,Mpumalanga,vd_code_match
2021,54740101,MP326,MP326 - City of Mbombela,Mpumalanga,784,MP326,MP326 - City of Mbombela,Mpumalanga,vd_code_match
2021,54740112,MP326,MP326 - City of Mbombela,Mpumalanga,326,MP326,MP326 - City of Mbombela,Mpumalanga,vd_code_match
2021,54740123,MP326,MP326 - City of Mbombela,Mpumalanga,1102,MP326,MP326 - City of Mbombela,Mpumalanga,vd_code_match
2021,54740134,MP326,MP326 - City of Mbombela,Mpumalanga,895,MP326,MP326 - City of Mbombela,Mpumalanga,vd_code_match
2021,54740145,MP326,MP326 - City of Mbombela,Mpumalanga,928,MP326,MP326 - City of Mbombela,Mpumalanga,vd_code_match
2021,54740156,MP326,MP326 - City of Mbombela,Mpumalanga,851,MP326,MP326 - City of Mbombela,Mpumalanga,vd_code_match
2021,54740167,MP326,MP326 - City of Mbombela,Mpumalanga,430,MP326,MP326 - City of Mbombela,Mpumalanga,vd_code_match
2021,54740178,MP326,MP326 - City of Mbombela,Mpumalanga,794,MP326,MP326 - City of Mbombela,Mpumalanga,vd_code_match
2021,54740189,MP326,MP326 - City of Mbombela,Mpumalanga,975,MP326,MP326 - City of Mbombela,Mpumalanga,vd_code_match
2021,54740190,MP326,MP326 - City of Mbombela,Mpumalanga,626,MP326,MP326 - City of Mbombela,Mpumalanga,vd_code_match
2021,54740202,MP326,MP326 - City of Mbombela,Mpumalanga,302,MP326,MP326 - City of Mbombela,Mpumalanga,vd_code_match
2021,54740213,MP326,MP326 - City of Mbombela,Mpumalanga,637,MP326,MP326 - City of Mbombela,Mpumalanga,vd_code_match
2021,54740224,MP326,MP326 - City of Mbombela,Mpumalanga,344,MP326,MP326 - City of Mbombela,Mpumalanga,vd_code_match
2021,54740235,MP326,MP326 - City of Mbombela,Mpumalanga,623,MP326,MP326 - City of Mbombela,Mpumalanga,vd_code_match
2021,54740246,MP326,MP326 - City of Mbombela,Mpumalanga,486,MP326,MP326 - City of Mbombela,Mpumalanga,vd_code_match
2021,54740257,MP326,MP326 - City of Mbombela,Mpumalanga,453,MP326,MP326 - City of Mbombela,Mpumalanga,vd_code_match
2021,54740268,MP326,MP326 - City of Mbombela,Mpumalanga,512,MP326,MP326 - City of Mbombela,Mpumalanga,vd_code_match
2021,54740279,MP326,MP326 - City of Mbombela,Mpumalanga,182,MP326,MP326 - City of Mbombela,Mpumalanga,vd_code_match
2021,54740280,MP326,MP326 - City of Mbombela,Mpumalanga,337,MP326,MP326 - City of Mbombela,Mpumalanga,vd_code_match
2021,54750012,MP324,MP324 - Nkomazi,Mpumalanga,2636,MP324,MP324 - Nkomazi,Mpumalanga,vd_code_match
2021,54750023,MP324,MP324 - Nkomazi,Mpumalanga,1727,MP324,MP324 - Nkomazi,Mpumalanga,vd_code_match
2021,54750034,MP324,MP324 - Nkomazi,Mpumalanga,1358,MP324,MP324 - Nkomazi,Mpumalanga,vd_code_match
2021,54750045,MP324,MP324 - Nkomazi,Mpumalanga,1279,MP324,MP324 - Nkomazi,Mpumalanga,vd_code_match
2021,54750056,MP324,MP324 - Nkomazi,Mpumalanga,1444,MP324,MP324 - Nkomazi,Mpumalanga,vd_code_match
2021,54750067,MP324,MP324 - Nkomazi,Mpumalanga,411,MP324,MP324 - Nkomazi,Mpumalanga,vd_code_match
2021,54750078,MP324,MP324 - Nkomazi,Mpumalanga,706,MP324,MP324 - Nkomazi,Mpumalanga,vd_code_match
2021,54750089,MP324,MP324 - Nkomazi,Mpumalanga,409,MP324,MP324 - Nkomazi,Mpumalanga,vd_code_match
2021,54760013,MP321,MP321 - Thaba Chweu,Mpumalanga,2479,MP321,MP321 - Thaba Chweu,Mpumalanga,vd_code_match
2021,54760024,MP321,MP321 - Thaba Chweu,Mpumalanga,1824,MP321,MP321 - Thaba Chweu,Mpumalanga,vd_code_match
2021,54760035,MP321,MP321 - Thaba Chweu,Mpumalanga,1173,MP321,MP321 - Thaba Chweu,Mpumalanga,vd_code_match
2021,54760046,MP321,MP321 - Thaba Chweu,Mpumalanga,2358,MP321,MP321 - Thaba Chweu,Mpumalanga,vd_code_match
2021,54760057,MP321,MP321 - Thaba Chweu,Mpumalanga,1788,MP321,MP321 - Thaba Chweu,Mpumalanga,vd_code_match
2021,54760068,MP321,MP321 - Thaba Chweu,Mpumalanga,816,MP321,MP321 - Thaba Chweu,Mpumalanga,vd_code_match
2021,54760079,MP321,MP321 - Thaba Chweu,Mpumalanga,2170,MP321,MP321 - Thaba Chweu,Mpumalanga,vd_code_match
2021,54760080,MP321,MP321 - Thaba Chweu,Mpumalanga,1804,MP321,MP321 - Thaba Chweu,Mpumalanga,vd_code_match
2021,54760091,MP321,MP321 - Thaba Chweu,Mpumalanga,1491,MP321,MP321 - Thaba Chweu,Mpumalanga,vd_code_match
2021,54760103,MP321,MP321 - Thaba Chweu,Mpumalanga,1596,MP321,MP321 - Thaba Chweu,Mpumalanga,vd_code_match
2021,54760114,MP321,MP321 - Thaba Chweu,Mpumalanga,1842,MP321,MP321 - Thaba Chweu,Mpumalanga,vd_code_match
2021,54760125,MP321,MP321 - Thaba Chweu,Mpumalanga,1782,MP321,MP321 - Thaba Chweu,Mpumalanga,vd_code_match
2021,54770014,MP324,MP324 - Nkomazi,Mpumalanga,1422,MP324,MP324 - Nkomazi,Mpumalanga,vd_code_match
2021,54770036,MP324,MP324 - Nkomazi,Mpumalanga,806,MP324,MP324 - Nkomazi,Mpumalanga,vd_code_match
2021,54770047,MP324,MP324 - Nkomazi,Mpumalanga,277,MP324,MP324 - Nkomazi,Mpumalanga,vd_code_match
2021,54770058,MP324,MP324 - Nkomazi,Mpumalanga,249,MP324,MP324 - Nkomazi,Mpumalanga,vd_code_match
2021,54770069,MP324,MP324 - Nkomazi,Mpumalanga,507,MP324,MP324 - Nkomazi,Mpumalanga,vd_code_match
2021,54780015,MP324,MP324 - Nkomazi,Mpumalanga,1199,MP324,MP324 - Nkomazi,Mpumalanga,vd_code_match
2021,54790016,MP326,MP326 - City of Mbombela,Mpumalanga,2024,MP326,MP326 - City of Mbombela,Mpumalanga,vd_code_match
2021,54790027,MP326,MP326 - City of Mbombela,Mpumalanga,1493,MP326,MP326 - City of Mbombela,Mpumalanga,vd_code_match
2021,54790038,MP326,MP326 - City of Mbombela,Mpumalanga,1819,MP326,MP326 - City of Mbombela,Mpumalanga,vd_code_match
2021,54790049,MP326,MP326 - City of Mbombela,Mpumalanga,2377,MP326,MP326 - City of Mbombela,Mpumalanga,vd_code_match
2021,54790050,MP326,MP326 - City of Mbombela,Mpumalanga,1330,MP326,MP326 - City of Mbombela,Mpumalanga,vd_code_match
2021,54790061,MP326,MP326 - City of Mbombela,Mpumalanga,1404,MP326,MP326 - City of Mbombela,Mpumalanga,vd_code_match
2021,54790072,MP326,MP326 - City of Mbombela,Mpumalanga,1813,MP326,MP326 - City of Mbombela,Mpumalanga,vd_code_match
2021,54790083,MP326,MP326 - City of Mbombela,Mpumalanga,1955,MP326,MP326 - City of Mbombela,Mpumalanga,vd_code_match
2021,54790094,MP326,MP326 - City of Mbombela,Mpumalanga,4491,MP326,MP326 - City of Mbombela,Mpumalanga,vd_code_match
2021,54790106,MP326,MP326 - City of Mbombela,Mpumalanga,1796,MP326,MP326 - City of Mbombela,Mpumalanga,vd_code_match
2021,54790117,MP326,MP326 - City of Mbombela,Mpumalanga,2362,MP326,MP326 - City of Mbombela,Mpumalanga,vd_code_match
2021,54790139,MP326,MP326 - City of Mbombela,Mpumalanga,3378,MP326,MP326 - City of Mbombela,Mpumalanga,vd_code_match
2021,54790140,MP326,MP326 - City of Mbombela,Mpumalanga,2333,MP326,MP326 - City of Mbombela,Mpumalanga,vd_code_match
2021,54790151,MP326,MP326 - City of Mbombela,Mpumalanga,2142,MP326,MP326 - City of Mbombela,Mpumalanga,vd_code_match
2021,54790162,MP326,MP326 - City of Mbombela,Mpumalanga,2090,MP326,MP326 - City of Mbombela,Mpumalanga,vd_code_match
2021,54790173,MP326,MP326 - City of Mbombela,Mpumalanga,1527,MP326,MP326 - City of Mbombela,Mpumalanga,vd_code_match
2021,54790184,MP326,MP326 - City of Mbombela,Mpumalanga,1419,MP326,MP326 - City of Mbombela,Mpumalanga,vd_code_match
2021,54790195,MP326,MP326 - City of Mbombela,Mpumalanga,844,MP326,MP326 - City of Mbombela,Mpumalanga,vd_code_match
2021,54790207,MP326,MP326 - City of Mbombela,Mpumalanga,1817,MP326,MP326 - City of Mbombela,Mpumalanga,vd_code_match
2021,54790218,MP326,MP326 - City of Mbombela,Mpumalanga,3038,MP326,MP326 - City of Mbombela,Mpumalanga,vd_code_match
2021,54790229,MP326,MP326 - City of Mbombela,Mpumalanga,1120,MP326,MP326 - City of Mbombela,Mpumalanga,vd_code_match
2021,54790230,MP326,MP326 - City of Mbombela,Mpumalanga,3248,MP326,MP326 - City of Mbombela,Mpumalanga,vd_code_match
2021,54790241,MP326,MP326 - City of Mbombela,Mpumalanga,1212,MP326,MP326 - City of Mbombela,Mpumalanga,vd_code_match
2021,54790252,MP326,MP326 - City of Mbombela,Mpumalanga,1906,MP326,MP326 - City of Mbombela,Mpumalanga,vd_code_match
2021,54790274,MP326,MP326 - City of Mbombela,Mpumalanga,2643,MP326,MP326 - City of Mbombela,Mpumalanga,vd_code_match
2021,54790285,MP326,MP326 - City of Mbombela,Mpumalanga,2068,MP326,MP326 - City of Mbombela,Mpumalanga,vd_code_match
2021,54790296,MP326,MP326 - City of Mbombela,Mpumalanga,1573,MP326,MP326 - City of Mbombela,Mpumalanga,vd_code_match
2021,54790308,MP326,MP326 - City of Mbombela,Mpumalanga,1373,MP326,MP326 - City of Mbombela,Mpumalanga,vd_code_match
2021,54790319,MP326,MP326 - City of Mbombela,Mpumalanga,2661,MP326,MP326 - City of Mbombela,Mpumalanga,vd_code_match
2021,54790320,MP326,MP326 - City of Mbombela,Mpumalanga,2119,MP326,MP326 - City of Mbombela,Mpumalanga,vd_code_match
2021,54790331,MP326,MP326 - City of Mbombela,Mpumalanga,2186,MP326,MP326 - City of Mbombela,Mpumalanga,vd_code_match
2021,54790342,MP326,MP326 - City of Mbombela,Mpumalanga,1528,MP326,MP326 - City of Mbombela,Mpumalanga,vd_code_match
2021,54790353,MP326,MP326 - City of Mbombela,Mpumalanga,1711,MP326,MP326 - City of Mbombela,Mpumalanga,vd_code_match
2021,54790364,MP326,MP326 - City of Mbombela,Mpumalanga,1150,MP326,MP326 - City of Mbombela,Mpumalanga,vd_code_match
2021,54790375,MP326,MP326 - City of Mbombela,Mpumalanga,1634,MP326,MP326 - City of Mbombela,Mpumalanga,vd_code_match
2021,54790386,MP326,MP326 - City of Mbombela,Mpumalanga,1919,MP326,MP326 - City of Mbombela,Mpumalanga,vd_code_match
2021,54790397,MP326,MP326 - City of Mbombela,Mpumalanga,1613,MP326,MP326 - City of Mbombela,Mpumalanga,vd_code_match
2021,54790409,MP326,MP326 - City of Mbombela,Mpumalanga,937,MP326,MP326 - City of Mbombela,Mpumalanga,vd_code_match
2021,54790410,MP326,MP326 - City of Mbombela,Mpumalanga,2115,MP326,MP326 - City of Mbombela,Mpumalanga,vd_code_match
2021,54790421,MP326,MP326 - City of Mbombela,Mpumalanga,3146,MP326,MP326 - City of Mbombela,Mpumalanga,vd_code_match
2021,54790432,MP326,MP326 - City of Mbombela,Mpumalanga,3542,MP326,MP326 - City of Mbombela,Mpumalanga,vd_code_match
2021,54790443,MP326,MP326 - City of Mbombela,Mpumalanga,2542,MP326,MP326 - City of Mbombela,Mpumalanga,vd_code_match
2021,54790454,MP326,MP326 - City of Mbombela,Mpumalanga,1198,MP326,MP326 - City of Mbombela,Mpumalanga,vd_code_match
2021,54790465,MP326,MP326 - City of Mbombela,Mpumalanga,2258,MP326,MP326 - City of Mbombela,Mpumalanga,vd_code_match
2021,54790487,MP326,MP326 - City of Mbombela,Mpumalanga,944,MP326,MP326 - City of Mbombela,Mpumalanga,vd_code_match
2021,54790498,MP326,MP326 - City of Mbombela,Mpumalanga,2092,MP326,MP326 - City of Mbombela,Mpumalanga,vd_code_match
2021,54790500,MP326,MP326 - City of Mbombela,Mpumalanga,722,MP326,MP326 - City of Mbombela,Mpumalanga,vd_code_match
2021,54790511,MP326,MP326 - City of Mbombela,Mpumalanga,1147,MP326,MP326 - City of Mbombela,Mpumalanga,vd_code_match
2021,54790522,MP326,MP326 - City of Mbombela,Mpumalanga,625,MP326,MP326 - City of Mbombela,Mpumalanga,vd_code_match
2021,54790533,MP326,MP326 - City of Mbombela,Mpumalanga,993,MP326,MP326 - City of Mbombela,Mpumalanga,vd_code_match
2021,54790544,MP326,MP326 - City of Mbombela,Mpumalanga,2012,MP326,MP326 - City of Mbombela,Mpumalanga,vd_code_match
2021,54790555,MP326,MP326 - City of Mbombela,Mpumalanga,1635,MP326,MP326 - City of Mbombela,Mpumalanga,vd_code_match
2021,54790566,MP326,MP326 - City of Mbombela,Mpumalanga,1179,MP326,MP326 - City of Mbombela,Mpumalanga,vd_code_match
2021,54790577,MP326,MP326 - City of Mbombela,Mpumalanga,1427,MP326,MP326 - City of Mbombela,Mpumalanga,vd_code_match
2021,54790588,MP326,MP326 - City of Mbombela,Mpumalanga,1227,MP326,MP326 - City of Mbombela,Mpumalanga,vd_code_match
2021,54790599,MP326,MP326 - City of Mbombela,Mpumalanga,1905,MP326,MP326 - City of Mbombela,Mpumalanga,vd_code_match
2021,54790601,MP326,MP326 - City of Mbombela,Mpumalanga,693,MP326,MP326 - City of Mbombela,Mpumalanga,vd_code_match
2021,54790612,MP326,MP326 - City of Mbombela,Mpumalanga,814,MP326,MP326 - City of Mbombela,Mpumalanga,vd_code_match
2021,54790623,MP326,MP326 - City of Mbombela,Mpumalanga,1335,MP326,MP326 - City of Mbombela,Mpumalanga,vd_code_match
2021,54790634,MP326,MP326 - City of Mbombela,Mpumalanga,2148,MP326,MP326 - City of Mbombela,Mpumalanga,vd_code_match
2021,54790645,MP326,MP326 - City of Mbombela,Mpumalanga,1378,MP326,MP326 - City of Mbombela,Mpumalanga,vd_code_match
2021,54790656,MP326,MP326 - City of Mbombela,Mpumalanga,1598,MP326,MP326 - City of Mbombela,Mpumalanga,vd_code_match
2021,54790667,MP326,MP326 - City of Mbombela,Mpumalanga,1205,MP326,MP326 - City of Mbombela,Mpumalanga,vd_code_match
2021,54790678,MP326,MP326 - City of Mbombela,Mpumalanga,662,MP326,MP326 - City of Mbombela,Mpumalanga,vd_code_match
2021,54790690,MP326,MP326 - City of Mbombela,Mpumalanga,854,MP326,MP326 - City of Mbombela,Mpumalanga,vd_code_match
2021,54790702,MP326,MP326 - City of Mbombela,Mpumalanga,1387,MP326,MP326 - City of Mbombela,Mpumalanga,vd_code_match
2021,54790713,MP326,MP326 - City of Mbombela,Mpumalanga,515,MP326,MP326 - City of Mbombela,Mpumalanga,vd_code_match
2021,54790724,MP326,MP326 - City of Mbombela,Mpumalanga,384,MP326,MP326 - City of Mbombela,Mpumalanga,vd_code_match
2021,54790735,MP326,MP326 - City of Mbombela,Mpumalanga,726,MP326,MP326 - City of Mbombela,Mpumalanga,vd_code_match
2021,54790746,MP326,MP326 - City of Mbombela,Mpumalanga,1157,MP326,MP326 - City of Mbombela,Mpumalanga,vd_code_match
2021,54790757,MP326,MP326 - City of Mbombela,Mpumalanga,698,MP326,MP326 - City of Mbombela,Mpumalanga,vd_code_match
2021,54790768,MP326,MP326 - City of Mbombela,Mpumalanga,531,MP326,MP326 - City of Mbombela,Mpumalanga,vd_code_match
2021,54790791,MP326,MP326 - City of Mbombela,Mpumalanga,655,MP326,MP326 - City of Mbombela,Mpumalanga,vd_code_match
2021,54790803,MP326,MP326 - City of Mbombela,Mpumalanga,653,MP326,MP326 - City of Mbombela,Mpumalanga,vd_code_match
2021,54790814,MP326,MP326 - City of Mbombela,Mpumalanga,201,MP326,MP326 - City of Mbombela,Mpumalanga,vd_code_match
2021,54790825,MP326,MP326 - City of Mbombela,Mpumalanga,984,MP326,MP326 - City of Mbombela,Mpumalanga,vd_code_match
2021,54790836,MP326,MP326 - City of Mbombela,Mpumalanga,824,MP326,MP326 - City of Mbombela,Mpumalanga,vd_code_match
2021,54790847,MP326,MP326 - City of Mbombela,Mpumalanga,742,MP326,MP326 - City of Mbombela,Mpumalanga,vd_code_match
2021,54790858,MP326,MP326 - City of Mbombela,Mpumalanga,978,MP326,MP326 - City of Mbombela,Mpumalanga,vd_code_match
2021,54790869,MP326,MP326 - City of Mbombela,Mpumalanga,659,MP326,MP326 - City of Mbombela,Mpumalanga,vd_code_match
2021,54790870,MP326,MP326 - City of Mbombela,Mpumalanga,703,MP326,MP326 - City of Mbombela,Mpumalanga,vd_code_match
2021,54790881,MP326,MP326 - City of Mbombela,Mpumalanga,498,MP326,MP326 - City of Mbombela,Mpumalanga,vd_code_match
2021,54790892,MP326,MP326 - City of Mbombela,Mpumalanga,942,MP326,MP326 - City of Mbombela,Mpumalanga,vd_code_match
2021,54790904,MP326,MP326 - City of Mbombela,Mpumalanga,916,MP326,MP326 - City of Mbombela,Mpumalanga,vd_code_match
2021,54790915,MP326,MP326 - City of Mbombela,Mpumalanga,343,MP326,MP326 - City of Mbombela,Mpumalanga,vd_code_match
2021,54790926,MP326,MP326 - City of Mbombela,Mpumalanga,363,MP326,MP326 - City of Mbombela,Mpumalanga,vd_code_match
2021,54790937,MP326,MP326 - City of Mbombela,Mpumalanga,81,MP326,MP326 - City of Mbombela,Mpumalanga,vd_code_match
2021,54800018,MP321,MP321 - Thaba Chweu,Mpumalanga,2533,MP321,MP321 - Thaba Chweu,Mpumalanga,vd_code_match
2021,54800029,MP321,MP321 - Thaba Chweu,Mpumalanga,2788,MP321,MP321 - Thaba Chweu,Mpumalanga,vd_code_match
2021,54800030,MP321,MP321 - Thaba Chweu,Mpumalanga,934,MP321,MP321 - Thaba Chweu,Mpumalanga,vd_code_match
2021,54800041,MP321,MP321 - Thaba Chweu,Mpumalanga,846,MP321,MP321 - Thaba Chweu,Mpumalanga,vd_code_match
2021,54830011,MP326,MP326 - City of Mbombela,Mpumalanga,2482,MP326,MP326 - City of Mbombela,Mpumalanga,vd_code_match
2021,54830022,MP326,MP326 - City of Mbombela,Mpumalanga,3870,MP326,MP326 - City of Mbombela,Mpumalanga,vd_code_match
2021,54830033,MP326,MP326 - City of Mbombela,Mpumalanga,1825,MP326,MP326 - City of Mbombela,Mpumalanga,vd_code_match
2021,54830044,MP326,MP326 - City of Mbombela,Mpumalanga,2451,MP326,MP326 - City of Mbombela,Mpumalanga,vd_code_match
2021,54830055,MP326,MP326 - City of Mbombela,Mpumalanga,2008,MP326,MP326 - City of Mbombela,Mpumalanga,vd_code_match
2021,54830066,MP326,MP326 - City of Mbombela,Mpumalanga,1734,MP326,MP326 - City of Mbombela,Mpumalanga,vd_code_match
2021,54830077,MP326,MP326 - City of Mbombela,Mpumalanga,1261,MP326,MP326 - City of Mbombela,Mpumalanga,vd_code_match
2021,54830088,MP326,MP326 - City of Mbombela,Mpumalanga,2533,MP326,MP326 - City of Mbombela,Mpumalanga,vd_code_match
2021,54830099,MP326,MP326 - City of Mbombela,Mpumalanga,859,MP326,MP326 - City of Mbombela,Mpumalanga,vd_code_match
2021,54830101,MP326,MP326 - City of Mbombela,Mpumalanga,859,MP326,MP326 - City of Mbombela,Mpumalanga,vd_code_match
2021,54830112,MP326,MP326 - City of Mbombela,Mpumalanga,571,MP326,MP326 - City of Mbombela,Mpumalanga,vd_code_match
2021,54830134,MP326,MP326 - City of Mbombela,Mpumalanga,571,MP326,MP326 - City of Mbombela,Mpumalanga,vd_code_match
2021,54830145,MP326,MP326 - City of Mbombela,Mpumalanga,789,MP326,MP326 - City of Mbombela,Mpumalanga,vd_code_match
2021,54830156,MP326,MP326 - City of Mbombela,Mpumalanga,465,MP326,MP326 - City of Mbombela,Mpumalanga,vd_code_match
2021,54830167,MP326,MP326 - City of Mbombela,Mpumalanga,579,MP326,MP326 - City of Mbombela,Mpumalanga,vd_code_match
2021,54830178,MP326,MP326 - City of Mbombela,Mpumalanga,458,MP326,MP326 - City of Mbombela,Mpumalanga,vd_code_match
2021,54840012,MP326,MP326 - City of Mbombela,Mpumalanga,489,MP326,MP326 - City of Mbombela,Mpumalanga,vd_code_match
2021,54840034,MP326,MP326 - City of Mbombela,Mpumalanga,286,MP326,MP326 - City of Mbombela,Mpumalanga,vd_code_match
2021,54840045,MP326,MP326 - City of Mbombela,Mpumalanga,215,MP326,MP326 - City of Mbombela,Mpumalanga,vd_code_match
2021,54840056,MP326,MP326 - City of Mbombela,Mpumalanga,156,MP326,MP326 - City of Mbombela,Mpumalanga,vd_code_match
2021,54840067,MP326,MP326 - City of Mbombela,Mpumalanga,557,MP326,MP326 - City of Mbombela,Mpumalanga,vd_code_match
2021,54840078,MP326,MP326 - City of Mbombela,Mpumalanga,754,MP326,MP326 - City of Mbombela,Mpumalanga,vd_code_match
2021,54840089,MP326,MP326 - City of Mbombela,Mpumalanga,422,MP326,MP326 - City of Mbombela,Mpumalanga,vd_code_match
2021,54840102,MP326,MP326 - City of Mbombela,Mpumalanga,216,MP326,MP326 - City of Mbombela,Mpumalanga,vd_code_match
2021,54840113,MP326,MP326 - City of Mbombela,Mpumalanga,951,MP326,MP326 - City of Mbombela,Mpumalanga,vd_code_match
2021,54840135,MP326,MP326 - City of Mbombela,Mpumalanga,1077,MP326,MP326 - City of Mbombela,Mpumalanga,vd_code_match
2021,54840146,MP326,MP326 - City of Mbombela,Mpumalanga,1875,MP326,MP326 - City of Mbombela,Mpumalanga,vd_code_match
2021,54840157,MP326,MP326 - City of Mbombela,Mpumalanga,1976,MP326,MP326 - City of Mbombela,Mpumalanga,vd_code_match
2021,54840179,MP326,MP326 - City of Mbombela,Mpumalanga,206,MP326,MP326 - City of Mbombela,Mpumalanga,vd_code_match
2021,54840180,MP326,MP326 - City of Mbombela,Mpumalanga,176,MP326,MP326 - City of Mbombela,Mpumalanga,vd_code_match
2021,54840191,MP326,MP326 - City of Mbombela,Mpumalanga,177,MP326,MP326 - City of Mbombela,Mpumalanga,vd_code_match
2021,54840203,MP326,MP326 - City of Mbombela,Mpumalanga,759,MP326,MP326 - City of Mbombela,Mpumalanga,vd_code_match
2021,54850013,MP325,MP325 - Bushbuckridge,Mpumalanga,457,MP325,MP325 - Bushbuckridge,Mpumalanga,vd_code_match
2021,54850024,MP325,MP325 - Bushbuckridge,Mpumalanga,326,MP325,MP325 - Bushbuckridge,Mpumalanga,vd_code_match
2021,54850035,MP325,MP325 - Bushbuckridge,Mpumalanga,130,MP325,MP325 - Bushbuckridge,Mpumalanga,vd_code_match
2021,54850046,MP325,MP325 - Bushbuckridge,Mpumalanga,91,MP325,MP325 - Bushbuckridge,Mpumalanga,vd_code_match
2021,54850057,MP325,MP325 - Bushbuckridge,Mpumalanga,186,MP325,MP325 - Bushbuckridge,Mpumalanga,vd_code_match
2021,54860014,MP321,MP321 - Thaba Chweu,Mpumalanga,1033,MP321,MP321 - Thaba Chweu,Mpumalanga,vd_code_match
2021,54860036,MP321,MP321 - Thaba Chweu,Mpumalanga,1135,MP321,MP321 - Thaba Chweu,Mpumalanga,vd_code_match
2021,54860070,MP321,MP321 - Thaba Chweu,Mpumalanga,1206,MP321,MP321 - Thaba Chweu,Mpumalanga,vd_code_match
2021,54860137,MP321,MP321 - Thaba Chweu,Mpumalanga,500,MP321,MP321 - Thaba Chweu,Mpumalanga,vd_code_match
2021,54860159,MP321,MP321 - Thaba Chweu,Mpumalanga,202,MP321,MP321 - Thaba Chweu,Mpumalanga,vd_code_match
2021,54860193,MP321,MP321 - Thaba Chweu,Mpumalanga,278,MP321,MP321 - Thaba Chweu,Mpumalanga,vd_code_match
2021,54860205,MP321,MP321 - Thaba Chweu,Mpumalanga,187,MP321,MP321 - Thaba Chweu,Mpumalanga,vd_code_match
2021,54860216,MP321,MP321 - Thaba Chweu,Mpumalanga,158,MP321,MP321 - Thaba Chweu,Mpumalanga,vd_code_match
2021,54860317,MP321,MP321 - Thaba Chweu,Mpumalanga,210,MP321,MP321 - Thaba Chweu,Mpumalanga,vd_code_match
2021,54870015,MP326,MP326 - City of Mbombela,Mpumalanga,243,MP326,MP326 - City of Mbombela,Mpumalanga,vd_code_match
2021,54870026,MP326,MP326 - City of Mbombela,Mpumalanga,471,MP326,MP326 - City of Mbombela,Mpumalanga,vd_code_match
2021,54870037,MP326,MP326 - City of Mbombela,Mpumalanga,893,MP326,MP326 - City of Mbombela,Mpumalanga,vd_code_match
2021,54870048,MP326,MP326 - City of Mbombela,Mpumalanga,1010,MP326,MP326 - City of Mbombela,Mpumalanga,vd_code_match
2021,54870059,MP326,MP326 - City of Mbombela,Mpumalanga,324,MP326,MP326 - City of Mbombela,Mpumalanga,vd_code_match
2021,54870060,MP326,MP326 - City of Mbombela,Mpumalanga,1211,MP326,MP326 - City of Mbombela,Mpumalanga,vd_code_match
2021,54870082,MP321,MP321 - Thaba Chweu,Mpumalanga,781,MP321,MP321 - Thaba Chweu,Mpumalanga,vd_code_match
2021,54870093,MP326,MP326 - City of Mbombela,Mpumalanga,497,MP326,MP326 - City of Mbombela,Mpumalanga,vd_code_match
2021,54870116,MP326,MP326 - City of Mbombela,Mpumalanga,1291,MP326,MP326 - City of Mbombela,Mpumalanga,vd_code_match
2021,54870138,MP326,MP326 - City of Mbombela,Mpumalanga,541,MP326,MP326 - City of Mbombela,Mpumalanga,vd_code_match
2021,54870149,MP326,MP326 - City of Mbombela,Mpumalanga,1198,MP326,MP326 - City of Mbombela,Mpumalanga,vd_code_match
2021,54870172,MP326,MP326 - City of Mbombela,Mpumalanga,560,MP326,MP326 - City of Mbombela,Mpumalanga,vd_code_match
2021,54870183,MP326,MP326 - City of Mbombela,Mpumalanga,2107,MP326,MP326 - City of Mbombela,Mpumalanga,vd_code_match
2021,54870194,MP326,MP326 - City of Mbombela,Mpumalanga,1015,MP326,MP326 - City of Mbombela,Mpumalanga,vd_code_match
2021,54870228,MP326,MP326 - City of Mbombela,Mpumalanga,400,MP326,MP326 - City of Mbombela,Mpumalanga,vd_code_match
2021,54870239,MP326,MP326 - City of Mbombela,Mpumalanga,241,MP326,MP326 - City of Mbombela,Mpumalanga,vd_code_match
2021,54870240,MP326,MP326 - City of Mbombela,Mpumalanga,358,MP326,MP326 - City of Mbombela,Mpumalanga,vd_code_match
2021,54870251,MP326,MP326 - City of Mbombela,Mpumalanga,339,MP326,MP326 - City of Mbombela,Mpumalanga,vd_code_match
2021,54870262,MP326,MP326 - City of Mbombela,Mpumalanga,2532,MP326,MP326 - City of Mbombela,Mpumalanga,vd_code_match
2021,54870273,MP326,MP326 - City of Mbombela,Mpumalanga,1188,MP326,MP326 - City of Mbombela,Mpumalanga,vd_code_match
2021,54870284,MP326,MP326 - City of Mbombela,Mpumalanga,737,MP326,MP326 - City of Mbombela,Mpumalanga,vd_code_match
2021,54870295,MP326,MP326 - City of Mbombela,Mpumalanga,739,MP326,MP326 - City of Mbombela,Mpumalanga,vd_code_match
2021,54870307,MP326,MP326 - City of Mbombela,Mpumalanga,648,MP326,MP326 - City of Mbombela,Mpumalanga,vd_code_match
2021,54870318,MP326,MP326 - City of Mbombela,Mpumalanga,106,MP326,MP326 - City of Mbombela,Mpumalanga,vd_code_match
2021,54880016,MP324,MP324 - Nkomazi,Mpumalanga,1126,MP324,MP324 - Nkomazi,Mpumalanga,vd_code_match
2021,54880027,MP324,MP324 - Nkomazi,Mpumalanga,212,MP324,MP324 - Nkomazi,Mpumalanga,vd_code_match
2021,54880038,MP324,MP324 - Nkomazi,Mpumalanga,1320,MP324,MP324 - Nkomazi,Mpumalanga,vd_code_match
2021,54880049,MP324,MP324 - Nkomazi,Mpumalanga,1187,MP324,MP324 - Nkomazi,Mpumalanga,vd_code_match
2021,54880050,MP324,MP324 - Nkomazi,Mpumalanga,2096,MP324,MP324 - Nkomazi,Mpumalanga,vd_code_match
2021,54880061,MP324,MP324 - Nkomazi,Mpumalanga,1044,MP324,MP324 - Nkomazi,Mpumalanga,vd_code_match
2021,54880083,MP324,MP324 - Nkomazi,Mpumalanga,1869,MP324,MP324 - Nkomazi,Mpumalanga,vd_code_match
2021,54880094,MP324,MP324 - Nkomazi,Mpumalanga,2388,MP324,MP324 - Nkomazi,Mpumalanga,vd_code_match
2021,54880106,MP324,MP324 - Nkomazi,Mpumalanga,1340,MP324,MP324 - Nkomazi,Mpumalanga,vd_code_match
2021,54880117,MP324,MP324 - Nkomazi,Mpumalanga,1634,MP324,MP324 - Nkomazi,Mpumalanga,vd_code_match
2021,54880139,MP324,MP324 - Nkomazi,Mpumalanga,2237,MP324,MP324 - Nkomazi,Mpumalanga,vd_code_match
2021,54880162,MP324,MP324 - Nkomazi,Mpumalanga,1786,MP324,MP324 - Nkomazi,Mpumalanga,vd_code_match
2021,54880173,MP324,MP324 - Nkomazi,Mpumalanga,613,MP324,MP324 - Nkomazi,Mpumalanga,vd_code_match
2021,54880184,MP324,MP324 - Nkomazi,Mpumalanga,804,MP324,MP324 - Nkomazi,Mpumalanga,vd_code_match
2021,54880195,MP324,MP324 - Nkomazi,Mpumalanga,1551,MP324,MP324 - Nkomazi,Mpumalanga,vd_code_match
2021,54880207,MP324,MP324 - Nkomazi,Mpumalanga,1163,MP324,MP324 - Nkomazi,Mpumalanga,vd_code_match
2021,54880229,MP324,MP324 - Nkomazi,Mpumalanga,1756,MP324,MP324 - Nkomazi,Mpumalanga,vd_code_match
2021,54880230,MP324,MP324 - Nkomazi,Mpumalanga,1555,MP324,MP324 - Nkomazi,Mpumalanga,vd_code_match
2021,54880241,MP324,MP324 - Nkomazi,Mpumalanga,1442,MP324,MP324 - Nkomazi,Mpumalanga,vd_code_match
2021,54880252,MP324,MP324 - Nkomazi,Mpumalanga,820,MP324,MP324 - Nkomazi,Mpumalanga,vd_code_match
2021,54880263,MP324,MP324 - Nkomazi,Mpumalanga,565,MP324,MP324 - Nkomazi,Mpumalanga,vd_code_match
2021,54880274,MP324,MP324 - Nkomazi,Mpumalanga,843,MP324,MP324 - Nkomazi,Mpumalanga,vd_code_match
2021,54880285,MP324,MP324 - Nkomazi,Mpumalanga,2355,MP324,MP324 - Nkomazi,Mpumalanga,vd_code_match
2021,54880296,MP324,MP324 - Nkomazi,Mpumalanga,685,MP324,MP324 - Nkomazi,Mpumalanga,vd_code_match
2021,54880308,MP324,MP324 - Nkomazi,Mpumalanga,1936,MP324,MP324 - Nkomazi,Mpumalanga,vd_code_match
2021,54880319,MP324,MP324 - Nkomazi,Mpumalanga,1220,MP324,MP324 - Nkomazi,Mpumalanga,vd_code_match
2021,54880342,MP324,MP324 - Nkomazi,Mpumalanga,2693,MP324,MP324 - Nkomazi,Mpumalanga,vd_code_match
2021,54880364,MP324,MP324 - Nkomazi,Mpumalanga,800,MP324,MP324 - Nkomazi,Mpumalanga,vd_code_match
2021,54880375,MP324,MP324 - Nkomazi,Mpumalanga,1057,MP324,MP324 - Nkomazi,Mpumalanga,vd_code_match
2021,54880386,MP324,MP324 - Nkomazi,Mpumalanga,928,MP324,MP324 - Nkomazi,Mpumalanga,vd_code_match
2021,54880397,MP324,MP324 - Nkomazi,Mpumalanga,1541,MP324,MP324 - Nkomazi,Mpumalanga,vd_code_match
2021,54880409,MP324,MP324 - Nkomazi,Mpumalanga,900,MP324,MP324 - Nkomazi,Mpumalanga,vd_code_match
2021,54880410,MP324,MP324 - Nkomazi,Mpumalanga,1891,MP324,MP324 - Nkomazi,Mpumalanga,vd_code_match
2021,54880421,MP324,MP324 - Nkomazi,Mpumalanga,2137,MP324,MP324 - Nkomazi,Mpumalanga,vd_code_match
2021,54880432,MP324,MP324 - Nkomazi,Mpumalanga,772,MP324,MP324 - Nkomazi,Mpumalanga,vd_code_match
2021,54880443,MP324,MP324 - Nkomazi,Mpumalanga,756,MP324,MP324 - Nkomazi,Mpumalanga,vd_code_match
2021,54880454,MP324,MP324 - Nkomazi,Mpumalanga,963,MP324,MP324 - Nkomazi,Mpumalanga,vd_code_match
2021,54880465,MP324,MP324 - Nkomazi,Mpumalanga,946,MP324,MP324 - Nkomazi,Mpumalanga,vd_code_match
2021,54880476,MP324,MP324 - Nkomazi,Mpumalanga,580,MP324,MP324 - Nkomazi,Mpumalanga,vd_code_match
2021,54880487,MP324,MP324 - Nkomazi,Mpumalanga,1390,MP324,MP324 - Nkomazi,Mpumalanga,vd_code_match
2021,54880498,MP324,MP324 - Nkomazi,Mpumalanga,923,MP324,MP324 - Nkomazi,Mpumalanga,vd_code_match
2021,54880500,MP324,MP324 - Nkomazi,Mpumalanga,669,MP324,MP324 - Nkomazi,Mpumalanga,vd_code_match
2021,54880511,MP324,MP324 - Nkomazi,Mpumalanga,788,MP324,MP324 - Nkomazi,Mpumalanga,vd_code_match
2021,54880522,MP324,MP324 - Nkomazi,Mpumalanga,524,MP324,MP324 - Nkomazi,Mpumalanga,vd_code_match
2021,54880533,MP324,MP324 - Nkomazi,Mpumalanga,785,MP324,MP324 - Nkomazi,Mpumalanga,vd_code_match
2021,54880544,MP324,MP324 - Nkomazi,Mpumalanga,999,MP324,MP324 - Nkomazi,Mpumalanga,vd_code_match
2021,54880555,MP324,MP324 - Nkomazi,Mpumalanga,666,MP324,MP324 - Nkomazi,Mpumalanga,vd_code_match
2021,54880566,MP324,MP324 - Nkomazi,Mpumalanga,588,MP324,MP324 - Nkomazi,Mpumalanga,vd_code_match
2021,54880577,MP324,MP324 - Nkomazi,Mpumalanga,800,MP324,MP324 - Nkomazi,Mpumalanga,vd_code_match
2021,54880588,MP324,MP324 - Nkomazi,Mpumalanga,551,MP324,MP324 - Nkomazi,Mpumalanga,vd_code_match
2021,54880599,MP324,MP324 - Nkomazi,Mpumalanga,655,MP324,MP324 - Nkomazi,Mpumalanga,vd_code_match
2021,54880601,MP324,MP324 - Nkomazi,Mpumalanga,621,MP324,MP324 - Nkomazi,Mpumalanga,vd_code_match
2021,54880612,MP324,MP324 - Nkomazi,Mpumalanga,644,MP324,MP324 - Nkomazi,Mpumalanga,vd_code_match
2021,54880623,MP324,MP324 - Nkomazi,Mpumalanga,427,MP324,MP324 - Nkomazi,Mpumalanga,vd_code_match
2021,54880634,MP324,MP324 - Nkomazi,Mpumalanga,570,MP324,MP324 - Nkomazi,Mpumalanga,vd_code_match
2021,54880645,MP324,MP324 - Nkomazi,Mpumalanga,552,MP324,MP324 - Nkomazi,Mpumalanga,vd_code_match
2021,54880656,MP324,MP324 - Nkomazi,Mpumalanga,756,MP324,MP324 - Nkomazi,Mpumalanga,vd_code_match
2021,54880667,MP324,MP324 - Nkomazi,Mpumalanga,556,MP324,MP324 - Nkomazi,Mpumalanga,vd_code_match
2021,54880678,MP324,MP324 - Nkomazi,Mpumalanga,475,MP324,MP324 - Nkomazi,Mpumalanga,vd_code_match
2021,54880689,MP324,MP324 - Nkomazi,Mpumalanga,437,MP324,MP324 - Nkomazi,Mpumalanga,vd_code_match
2021,54880690,MP324,MP324 - Nkomazi,Mpumalanga,466,MP324,MP324 - Nkomazi,Mpumalanga,vd_code_match
2021,54880702,MP324,MP324 - Nkomazi,Mpumalanga,96,MP324,MP324 - Nkomazi,Mpumalanga,vd_code_match
2021,54890017,MP324,MP324 - Nkomazi,Mpumalanga,1225,MP324,MP324 - Nkomazi,Mpumalanga,vd_code_match
2021,54890039,MP324,MP324 - Nkomazi,Mpumalanga,91,MP324,MP324 - Nkomazi,Mpumalanga,vd_code_match
2021,54890040,MP324,MP324 - Nkomazi,Mpumalanga,492,MP324,MP324 - Nkomazi,Mpumalanga,vd_code_match
2021,54890051,MP324,MP324 - Nkomazi,Mpumalanga,779,MP324,MP324 - Nkomazi,Mpumalanga,vd_code_match
2021,54890073,MP324,MP324 - Nkomazi,Mpumalanga,314,MP324,MP324 - Nkomazi,Mpumalanga,vd_code_match
2021,54890084,MP324,MP324 - Nkomazi,Mpumalanga,756,MP324,MP324 - Nkomazi,Mpumalanga,vd_code_match
2021,54890095,MP326,MP326 - City of Mbombela,Mpumalanga,1072,MP326,MP326 - City of Mbombela,Mpumalanga,vd_code_match
2021,54890118,MP324,MP324 - Nkomazi,Mpumalanga,855,MP324,MP324 - Nkomazi,Mpumalanga,vd_code_match
2021,54890130,MP324,MP324 - Nkomazi,Mpumalanga,760,MP324,MP324 - Nkomazi,Mpumalanga,vd_code_match
2021,54890141,MP324,MP324 - Nkomazi,Mpumalanga,1100,MP324,MP324 - Nkomazi,Mpumalanga,vd_code_match
2021,54890152,MP324,MP324 - Nkomazi,Mpumalanga,1103,MP324,MP324 - Nkomazi,Mpumalanga,vd_code_match
2021,54890163,MP324,MP324 - Nkomazi,Mpumalanga,1611,MP324,MP324 - Nkomazi,Mpumalanga,vd_code_match
2021,54890174,MP324,MP324 - Nkomazi,Mpumalanga,1205,MP324,MP324 - Nkomazi,Mpumalanga,vd_code_match
2021,54890185,MP324,MP324 - Nkomazi,Mpumalanga,658,MP324,MP324 - Nkomazi,Mpumalanga,vd_code_match
2021,54890196,MP324,MP324 - Nkomazi,Mpumalanga,1205,MP324,MP324 - Nkomazi,Mpumalanga,vd_code_match
2021,54890208,MP324,MP324 - Nkomazi,Mpumalanga,1830,MP324,MP324 - Nkomazi,Mpumalanga,vd_code_match
2021,54890219,MP324,MP324 - Nkomazi,Mpumalanga,1197,MP324,MP324 - Nkomazi,Mpumalanga,vd_code_match
2021,54890220,MP324,MP324 - Nkomazi,Mpumalanga,1718,MP324,MP324 - Nkomazi,Mpumalanga,vd_code_match
2021,54890231,MP324,MP324 - Nkomazi,Mpumalanga,742,MP324,MP324 - Nkomazi,Mpumalanga,vd_code_match
2021,54890242,MP324,MP324 - Nkomazi,Mpumalanga,1248,MP324,MP324 - Nkomazi,Mpumalanga,vd_code_match
2021,54890253,MP324,MP324 - Nkomazi,Mpumalanga,1155,MP324,MP324 - Nkomazi,Mpumalanga,vd_code_match
2021,54890264,MP324,MP324 - Nkomazi,Mpumalanga,1542,MP324,MP324 - Nkomazi,Mpumalanga,vd_code_match
2021,54890275,MP324,MP324 - Nkomazi,Mpumalanga,1354,MP324,MP324 - Nkomazi,Mpumalanga,vd_code_match
2021,54890286,MP324,MP324 - Nkomazi,Mpumalanga,478,MP324,MP324 - Nkomazi,Mpumalanga,vd_code_match
2021,54890297,MP324,MP324 - Nkomazi,Mpumalanga,582,MP324,MP324 - Nkomazi,Mpumalanga,vd_code_match
2021,54890309,MP324,MP324 - Nkomazi,Mpumalanga,1199,MP324,MP324 - Nkomazi,Mpumalanga,vd_code_match
2021,54890310,MP324,MP324 - Nkomazi,Mpumalanga,1665,MP324,MP324 - Nkomazi,Mpumalanga,vd_code_match
2021,54890321,MP324,MP324 - Nkomazi,Mpumalanga,1114,MP324,MP324 - Nkomazi,Mpumalanga,vd_code_match
2021,54890332,MP324,MP324 - Nkomazi,Mpumalanga,1874,MP324,MP324 - Nkomazi,Mpumalanga,vd_code_match
2021,54890343,MP324,MP324 - Nkomazi,Mpumalanga,289,MP324,MP324 - Nkomazi,Mpumalanga,vd_code_match
2021,54890354,MP324,MP324 - Nkomazi,Mpumalanga,435,MP324,MP324 - Nkomazi,Mpumalanga,vd_code_match
2021,54890365,MP324,MP324 - Nkomazi,Mpumalanga,729,MP324,MP324 - Nkomazi,Mpumalanga,vd_code_match
2021,54890376,MP324,MP324 - Nkomazi,Mpumalanga,1338,MP324,MP324 - Nkomazi,Mpumalanga,vd_code_match
2021,54890387,MP324,MP324 - Nkomazi,Mpumalanga,1519,MP324,MP324 - Nkomazi,Mpumalanga,vd_code_match
2021,54890398,MP324,MP324 - Nkomazi,Mpumalanga,1424,MP324,MP324 - Nkomazi,Mpumalanga,vd_code_match
2021,54890400,MP324,MP324 - Nkomazi,Mpumalanga,1579,MP324,MP324 - Nkomazi,Mpumalanga,vd_code_match
2021,54890411,MP324,MP324 - Nkomazi,Mpumalanga,1661,MP324,MP324 - Nkomazi,Mpumalanga,vd_code_match
2021,54890422,MP324,MP324 - Nkomazi,Mpumalanga,822,MP324,MP324 - Nkomazi,Mpumalanga,vd_code_match
2021,54890433,MP324,MP324 - Nkomazi,Mpumalanga,1340,MP324,MP324 - Nkomazi,Mpumalanga,vd_code_match
2021,54890444,MP324,MP324 - Nkomazi,Mpumalanga,851,MP324,MP324 - Nkomazi,Mpumalanga,vd_code_match
2021,54890455,MP324,MP324 - Nkomazi,Mpumalanga,1739,MP324,MP324 - Nkomazi,Mpumalanga,vd_code_match
2021,54890466,MP324,MP324 - Nkomazi,Mpumalanga,868,MP324,MP324 - Nkomazi,Mpumalanga,vd_code_match
2021,54890477,MP324,MP324 - Nkomazi,Mpumalanga,1349,MP324,MP324 - Nkomazi,Mpumalanga,vd_code_match
2021,54890499,MP324,MP324 - Nkomazi,Mpumalanga,827,MP324,MP324 - Nkomazi,Mpumalanga,vd_code_match
2021,54890501,MP324,MP324 - Nkomazi,Mpumalanga,798,MP324,MP324 - Nkomazi,Mpumalanga,vd_code_match
2021,54890512,MP324,MP324 - Nkomazi,Mpumalanga,1279,MP324,MP324 - Nkomazi,Mpumalanga,vd_code_match
2021,54890523,MP324,MP324 - Nkomazi,Mpumalanga,988,MP324,MP324 - Nkomazi,Mpumalanga,vd_code_match
2021,54890534,MP324,MP324 - Nkomazi,Mpumalanga,1623,MP324,MP324 - Nkomazi,Mpumalanga,vd_code_match
2021,54890556,MP324,MP324 - Nkomazi,Mpumalanga,857,MP324,MP324 - Nkomazi,Mpumalanga,vd_code_match
2021,54890567,MP324,MP324 - Nkomazi,Mpumalanga,1433,MP324,MP324 - Nkomazi,Mpumalanga,vd_code_match
2021,54890578,MP324,MP324 - Nkomazi,Mpumalanga,924,MP324,MP324 - Nkomazi,Mpumalanga,vd_code_match
2021,54890589,MP324,MP324 - Nkomazi,Mpumalanga,877,MP324,MP324 - Nkomazi,Mpumalanga,vd_code_match
2021,54890590,MP324,MP324 - Nkomazi,Mpumalanga,1230,MP324,MP324 - Nkomazi,Mpumalanga,vd_code_match
2021,54890602,MP324,MP324 - Nkomazi,Mpumalanga,467,MP324,MP324 - Nkomazi,Mpumalanga,vd_code_match
2021,54890613,MP324,MP324 - Nkomazi,Mpumalanga,892,MP324,MP324 - Nkomazi,Mpumalanga,vd_code_match
2021,54890624,MP324,MP324 - Nkomazi,Mpumalanga,1439,MP324,MP324 - Nkomazi,Mpumalanga,vd_code_match
2021,54890635,MP324,MP324 - Nkomazi,Mpumalanga,1496,MP324,MP324 - Nkomazi,Mpumalanga,vd_code_match
2021,54890646,MP324,MP324 - Nkomazi,Mpumalanga,1076,MP324,MP324 - Nkomazi,Mpumalanga,vd_code_match
2021,54890657,MP324,MP324 - Nkomazi,Mpumalanga,1895,MP324,MP324 - Nkomazi,Mpumalanga,vd_code_match
2021,54890668,MP324,MP324 - Nkomazi,Mpumalanga,789,MP324,MP324 - Nkomazi,Mpumalanga,vd_code_match
2021,54890679,MP324,MP324 - Nkomazi,Mpumalanga,1525,MP324,MP324 - Nkomazi,Mpumalanga,vd_code_match
2021,54890680,MP324,MP324 - Nkomazi,Mpumalanga,1006,MP324,MP324 - Nkomazi,Mpumalanga,vd_code_match
2021,54890691,MP324,MP324 - Nkomazi,Mpumalanga,1078,MP324,MP324 - Nkomazi,Mpumalanga,vd_code_match
2021,54890703,MP324,MP324 - Nkomazi,Mpumalanga,182,MP324,MP324 - Nkomazi,Mpumalanga,vd_code_match
2021,54890725,MP324,MP324 - Nkomazi,Mpumalanga,139,MP324,MP324 - Nkomazi,Mpumalanga,vd_code_match
2021,54890736,MP324,MP324 - Nkomazi,Mpumalanga,503,MP324,MP324 - Nkomazi,Mpumalanga,vd_code_match
2021,54890747,MP324,MP324 - Nkomazi,Mpumalanga,1219,MP324,MP324 - Nkomazi,Mpumalanga,vd_code_match
2021,54890758,MP324,MP324 - Nkomazi,Mpumalanga,909,MP324,MP324 - Nkomazi,Mpumalanga,vd_code_match
2021,54890769,MP324,MP324 - Nkomazi,Mpumalanga,613,MP324,MP324 - Nkomazi,Mpumalanga,vd_code_match
2021,54890770,MP324,MP324 - Nkomazi,Mpumalanga,855,MP324,MP324 - Nkomazi,Mpumalanga,vd_code_match
2021,54890781,MP324,MP324 - Nkomazi,Mpumalanga,1486,MP324,MP324 - Nkomazi,Mpumalanga,vd_code_match
2021,54890792,MP324,MP324 - Nkomazi,Mpumalanga,1734,MP324,MP324 - Nkomazi,Mpumalanga,vd_code_match
2021,54890804,MP324,MP324 - Nkomazi,Mpumalanga,831,MP324,MP324 - Nkomazi,Mpumalanga,vd_code_match
2021,54890815,MP324,MP324 - Nkomazi,Mpumalanga,1363,MP324,MP324 - Nkomazi,Mpumalanga,vd_code_match
2021,54890826,MP324,MP324 - Nkomazi,Mpumalanga,1516,MP324,MP324 - Nkomazi,Mpumalanga,vd_code_match
2021,54890837,MP324,MP324 - Nkomazi,Mpumalanga,1049,MP324,MP324 - Nkomazi,Mpumalanga,vd_code_match
2021,54890848,MP324,MP324 - Nkomazi,Mpumalanga,234,MP324,MP324 - Nkomazi,Mpumalanga,vd_code_match
2021,54890859,MP324,MP324 - Nkomazi,Mpumalanga,1065,MP324,MP324 - Nkomazi,Mpumalanga,vd_code_match
2021,54890860,MP324,MP324 - Nkomazi,Mpumalanga,589,MP324,MP324 - Nkomazi,Mpumalanga,vd_code_match
2021,54890871,MP324,MP324 - Nkomazi,Mpumalanga,398,MP324,MP324 - Nkomazi,Mpumalanga,vd_code_match
2021,54890882,MP324,MP324 - Nkomazi,Mpumalanga,1084,MP324,MP324 - Nkomazi,Mpumalanga,vd_code_match
2021,54890893,MP324,MP324 - Nkomazi,Mpumalanga,823,MP324,MP324 - Nkomazi,Mpumalanga,vd_code_match
2021,54890905,MP324,MP324 - Nkomazi,Mpumalanga,388,MP324,MP324 - Nkomazi,Mpumalanga,vd_code_match
2021,54890916,MP324,MP324 - Nkomazi,Mpumalanga,305,MP324,MP324 - Nkomazi,Mpumalanga,vd_code_match
2021,54890927,MP324,MP324 - Nkomazi,Mpumalanga,688,MP324,MP324 - Nkomazi,Mpumalanga,vd_code_match
2021,54890938,MP324,MP324 - Nkomazi,Mpumalanga,378,MP324,MP324 - Nkomazi,Mpumalanga,vd_code_match
2021,54890949,MP324,MP324 - Nkomazi,Mpumalanga,364,MP324,MP324 - Nkomazi,Mpumalanga,vd_code_match
2021,54890950,MP324,MP324 - Nkomazi,Mpumalanga,343,MP324,MP324 - Nkomazi,Mpumalanga,vd_code_match
2021,54890961,MP324,MP324 - Nkomazi,Mpumalanga,461,MP324,MP324 - Nkomazi,Mpumalanga,vd_code_match
2021,54890972,MP324,MP324 - Nkomazi,Mpumalanga,790,MP324,MP324 - Nkomazi,Mpumalanga,vd_code_match
2021,54890983,MP324,MP324 - Nkomazi,Mpumalanga,392,MP324,MP324 - Nkomazi,Mpumalanga,vd_code_match
2021,54890994,MP324,MP324 - Nkomazi,Mpumalanga,451,MP324,MP324 - Nkomazi,Mpumalanga,vd_code_match
2021,54891007,MP324,MP324 - Nkomazi,Mpumalanga,265,MP324,MP324 - Nkomazi,Mpumalanga,vd_code_match
2021,54891018,MP324,MP324 - Nkomazi,Mpumalanga,144,MP324,MP324 - Nkomazi,Mpumalanga,vd_code_match
2021,54891029,MP324,MP324 - Nkomazi,Mpumalanga,147,MP324,MP324 - Nkomazi,Mpumalanga,vd_code_match
2021,54891030,MP324,MP324 - Nkomazi,Mpumalanga,235,MP324,MP324 - Nkomazi,Mpumalanga,vd_code_match
2021,54891041,MP324,MP324 - Nkomazi,Mpumalanga,385,MP324,MP324 - Nkomazi,Mpumalanga,vd_code_match
2021,54891052,MP324,MP324 - Nkomazi,Mpumalanga,150,MP324,MP324 - Nkomazi,Mpumalanga,vd_code_match
2021,54891063,MP324,MP324 - Nkomazi,Mpumalanga,409,MP324,MP324 - Nkomazi,Mpumalanga,vd_code_match
2021,54891074,MP324,MP324 - Nkomazi,Mpumalanga,285,MP324,MP324 - Nkomazi,Mpumalanga,vd_code_match
2021,54891085,MP324,MP324 - Nkomazi,Mpumalanga,320,MP324,MP324 - Nkomazi,Mpumalanga,vd_code_match
2021,54891096,MP324,MP324 - Nkomazi,Mpumalanga,118,MP324,MP324 - Nkomazi,Mpumalanga,vd_code_match
2021,54900019,MP321,MP321 - Thaba Chweu,Mpumalanga,531,MP321,MP321 - Thaba Chweu,Mpumalanga,vd_code_match
2021,54900020,MP321,MP321 - Thaba Chweu,Mpumalanga,1959,MP321,MP321 - Thaba Chweu,Mpumalanga,vd_code_match
2021,54900031,MP321,MP321 - Thaba Chweu,Mpumalanga,1341,MP321,MP321 - Thaba Chweu,Mpumalanga,vd_code_match
2021,54900042,MP321,MP321 - Thaba Chweu,Mpumalanga,1587,MP321,MP321 - Thaba Chweu,Mpumalanga,vd_code_match
2021,54900053,MP321,MP321 - Thaba Chweu,Mpumalanga,870,MP321,MP321 - Thaba Chweu,Mpumalanga,vd_code_match
2021,54900064,MP321,MP321 - Thaba Chweu,Mpumalanga,1170,MP321,MP321 - Thaba Chweu,Mpumalanga,vd_code_match
2021,54900075,MP321,MP321 - Thaba Chweu,Mpumalanga,254,MP321,MP321 - Thaba Chweu,Mpumalanga,vd_code_match
2021,54900086,MP321,MP321 - Thaba Chweu,Mpumalanga,431,MP321,MP321 - Thaba Chweu,Mpumalanga,vd_code_match
2021,54900097,MP321,MP321 - Thaba Chweu,Mpumalanga,1305,MP321,MP321 - Thaba Chweu,Mpumalanga,vd_code_match
2021,54900109,MP321,MP321 - Thaba Chweu,Mpumalanga,264,MP321,MP321 - Thaba Chweu,Mpumalanga,vd_code_match
2021,54900110,MP321,MP321 - Thaba Chweu,Mpumalanga,327,MP321,MP321 - Thaba Chweu,Mpumalanga,vd_code_match
2021,54900121,MP321,MP321 - Thaba Chweu,Mpumalanga,272,MP321,MP321 - Thaba Chweu,Mpumalanga,vd_code_match
2021,54900132,MP321,MP321 - Thaba Chweu,Mpumalanga,292,MP321,MP321 - Thaba Chweu,Mpumalanga,vd_code_match
2021,54900154,MP321,MP321 - Thaba Chweu,Mpumalanga,123,MP321,MP321 - Thaba Chweu,Mpumalanga,vd_code_match
2021,54900176,MP321,MP321 - Thaba Chweu,Mpumalanga,369,MP321,MP321 - Thaba Chweu,Mpumalanga,vd_code_match
2021,54900187,MP321,MP321 - Thaba Chweu,Mpumalanga,392,MP321,MP321 - Thaba Chweu,Mpumalanga,vd_code_match
2021,54900198,MP321,MP321 - Thaba Chweu,Mpumalanga,723,MP321,MP321 - Thaba Chweu,Mpumalanga,vd_code_match
2021,54900200,MP321,MP321 - Thaba Chweu,Mpumalanga,562,MP321,MP321 - Thaba Chweu,Mpumalanga,vd_code_match
2021,54910010,MP321,MP321 - Thaba Chweu,Mpumalanga,823,MP321,MP321 - Thaba Chweu,Mpumalanga,vd_code_match
2021,54910054,MP326,MP326 - City of Mbombela,Mpumalanga,773,MP326,MP326 - City of Mbombela,Mpumalanga,vd_code_match
2021,54910065,MP326,MP326 - City of Mbombela,Mpumalanga,1665,MP326,MP326 - City of Mbombela,Mpumalanga,vd_code_match
2021,54910076,MP326,MP326 - City of Mbombela,Mpumalanga,1854,MP326,MP326 - City of Mbombela,Mpumalanga,vd_code_match
2021,54910087,MP326,MP326 - City of Mbombela,Mpumalanga,1599,MP326,MP326 - City of Mbombela,Mpumalanga,vd_code_match
2021,54910100,MP326,MP326 - City of Mbombela,Mpumalanga,1619,MP326,MP326 - City of Mbombela,Mpumalanga,vd_code_match
2021,54910111,MP326,MP326 - City of Mbombela,Mpumalanga,1315,MP326,MP326 - City of Mbombela,Mpumalanga,vd_code_match
2021,54910144,MP326,MP326 - City of Mbombela,Mpumalanga,760,MP326,MP326 - City of Mbombela,Mpumalanga,vd_code_match
2021,54910155,MP326,MP326 - City of Mbombela,Mpumalanga,1276,MP326,MP326 - City of Mbombela,Mpumalanga,vd_code_match
2021,54910177,MP326,MP326 - City of Mbombela,Mpumalanga,1303,MP326,MP326 - City of Mbombela,Mpumalanga,vd_code_match
2021,54910188,MP326,MP326 - City of Mbombela,Mpumalanga,975,MP326,MP326 - City of Mbombela,Mpumalanga,vd_code_match
2021,54910212,MP326,MP326 - City of Mbombela,Mpumalanga,805,MP326,MP326 - City of Mbombela,Mpumalanga,vd_code_match
2021,54910223,MP326,MP326 - City of Mbombela,Mpumalanga,1115,MP326,MP326 - City of Mbombela,Mpumalanga,vd_code_match
2021,54910234,MP326,MP326 - City of Mbombela,Mpumalanga,1524,MP326,MP326 - City of Mbombela,Mpumalanga,vd_code_match
2021,54910245,MP326,MP326 - City of Mbombela,Mpumalanga,840,MP326,MP326 - City of Mbombela,Mpumalanga,vd_code_match
2021,54910256,MP326,MP326 - City of Mbombela,Mpumalanga,825,MP326,MP326 - City of Mbombela,Mpumalanga,vd_code_match
2021,54910267,MP326,MP326 - City of Mbombela,Mpumalanga,1244,MP326,MP326 - City of Mbombela,Mpumalanga,vd_code_match
2021,54910278,MP326,MP326 - City of Mbombela,Mpumalanga,1245,MP326,MP326 - City of Mbombela,Mpumalanga,vd_code_match
2021,54910290,MP326,MP326 - City of Mbombela,Mpumalanga,816,MP326,MP326 - City of Mbombela,Mpumalanga,vd_code_match
2021,54910313,MP326,MP326 - City of Mbombela,Mpumalanga,1168,MP326,MP326 - City of Mbombela,Mpumalanga,vd_code_match
2021,54910324,MP326,MP326 - City of Mbombela,Mpumalanga,801,MP326,MP326 - City of Mbombela,Mpumalanga,vd_code_match
2021,54910335,MP326,MP326 - City of Mbombela,Mpumalanga,1497,MP326,MP326 - City of Mbombela,Mpumalanga,vd_code_match
2021,54910346,MP326,MP326 - City of Mbombela,Mpumalanga,1185,MP326,MP326 - City of Mbombela,Mpumalanga,vd_code_match
2021,54910357,MP326,MP326 - City of Mbombela,Mpumalanga,1920,MP326,MP326 - City of Mbombela,Mpumalanga,vd_code_match
2021,54910368,MP326,MP326 - City of Mbombela,Mpumalanga,1327,MP326,MP326 - City of Mbombela,Mpumalanga,vd_code_match
2021,54910379,MP326,MP326 - City of Mbombela,Mpumalanga,1434,MP326,MP326 - City of Mbombela,Mpumalanga,vd_code_match
2021,54910380,MP326,MP326 - City of Mbombela,Mpumalanga,1426,MP326,MP326 - City of Mbombela,Mpumalanga,vd_code_match
2021,54910391,MP326,MP326 - City of Mbombela,Mpumalanga,565,MP326,MP326 - City of Mbombela,Mpumalanga,vd_code_match
2021,54910403,MP326,MP326 - City of Mbombela,Mpumalanga,1026,MP326,MP326 - City of Mbombela,Mpumalanga,vd_code_match
2021,54910414,MP326,MP326 - City of Mbombela,Mpumalanga,1145,MP326,MP326 - City of Mbombela,Mpumalanga,vd_code_match
2021,54910425,MP326,MP326 - City of Mbombela,Mpumalanga,1168,MP326,MP326 - City of Mbombela,Mpumalanga,vd_code_match
2021,54910436,MP326,MP326 - City of Mbombela,Mpumalanga,1180,MP326,MP326 - City of Mbombela,Mpumalanga,vd_code_match
2021,54910447,MP326,MP326 - City of Mbombela,Mpumalanga,885,MP326,MP326 - City of Mbombela,Mpumalanga,vd_code_match
2021,54910458,MP326,MP326 - City of Mbombela,Mpumalanga,970,MP326,MP326 - City of Mbombela,Mpumalanga,vd_code_match
2021,54910470,MP326,MP326 - City of Mbombela,Mpumalanga,1242,MP326,MP326 - City of Mbombela,Mpumalanga,vd_code_match
2021,54910481,MP326,MP326 - City of Mbombela,Mpumalanga,1433,MP326,MP326 - City of Mbombela,Mpumalanga,vd_code_match
2021,54910504,MP326,MP326 - City of Mbombela,Mpumalanga,866,MP326,MP326 - City of Mbombela,Mpumalanga,vd_code_match
2021,54910515,MP326,MP326 - City of Mbombela,Mpumalanga,1034,MP326,MP326 - City of Mbombela,Mpumalanga,vd_code_match
2021,54910526,MP326,MP326 - City of Mbombela,Mpumalanga,1556,MP326,MP326 - City of Mbombela,Mpumalanga,vd_code_match
2021,54910537,MP326,MP326 - City of Mbombela,Mpumalanga,459,MP326,MP326 - City of Mbombela,Mpumalanga,vd_code_match
2021,54910548,MP326,MP326 - City of Mbombela,Mpumalanga,1473,MP326,MP326 - City of Mbombela,Mpumalanga,vd_code_match
2021,54910571,MP326,MP326 - City of Mbombela,Mpumalanga,1177,MP326,MP326 - City of Mbombela,Mpumalanga,vd_code_match
2021,54910582,MP326,MP326 - City of Mbombela,Mpumalanga,382,MP326,MP326 - City of Mbombela,Mpumalanga,vd_code_match
2021,54910593,MP326,MP326 - City of Mbombela,Mpumalanga,847,MP326,MP326 - City of Mbombela,Mpumalanga,vd_code_match
2021,54910616,MP326,MP326 - City of Mbombela,Mpumalanga,1730,MP326,MP326 - City of Mbombela,Mpumalanga,vd_code_match
2021,54910627,MP326,MP326 - City of Mbombela,Mpumalanga,437,MP326,MP326 - City of Mbombela,Mpumalanga,vd_code_match
2021,54910649,MP326,MP326 - City of Mbombela,Mpumalanga,698,MP326,MP326 - City of Mbombela,Mpumalanga,vd_code_match
2021,54910650,MP326,MP326 - City of Mbombela,Mpumalanga,879,MP326,MP326 - City of Mbombela,Mpumalanga,vd_code_match
2021,54910661,MP326,MP326 - City of Mbombela,Mpumalanga,405,MP326,MP326 - City of Mbombela,Mpumalanga,vd_code_match
2021,54910683,MP326,MP326 - City of Mbombela,Mpumalanga,395,MP326,MP326 - City of Mbombela,Mpumalanga,vd_code_match
2021,54910694,MP326,MP326 - City of Mbombela,Mpumalanga,763,MP326,MP326 - City of Mbombela,Mpumalanga,vd_code_match
2021,54910706,MP326,MP326 - City of Mbombela,Mpumalanga,1035,MP326,MP326 - City of Mbombela,Mpumalanga,vd_code_match
2021,54910717,MP326,MP326 - City of Mbombela,Mpumalanga,509,MP326,MP326 - City of Mbombela,Mpumalanga,vd_code_match
2021,54910728,MP326,MP326 - City of Mbombela,Mpumalanga,896,MP326,MP326 - City of Mbombela,Mpumalanga,vd_code_match
2021,54910739,MP326,MP326 - City of Mbombela,Mpumalanga,1132,MP326,MP326 - City of Mbombela,Mpumalanga,vd_code_match
2021,54910740,MP326,MP326 - City of Mbombela,Mpumalanga,863,MP326,MP326 - City of Mbombela,Mpumalanga,vd_code_match
2021,54910751,MP326,MP326 - City of Mbombela,Mpumalanga,820,MP326,MP326 - City of Mbombela,Mpumalanga,vd_code_match
2021,54910762,MP321,MP321 - Thaba Chweu,Mpumalanga,401,MP321,MP321 - Thaba Chweu,Mpumalanga,vd_code_match
2021,54910773,MP326,MP326 - City of Mbombela,Mpumalanga,626,MP326,MP326 - City of Mbombela,Mpumalanga,vd_code_match
2021,54910784,MP326,MP326 - City of Mbombela,Mpumalanga,922,MP326,MP326 - City of Mbombela,Mpumalanga,vd_code_match
2021,54910795,MP326,MP326 - City of Mbombela,Mpumalanga,654,MP326,MP326 - City of Mbombela,Mpumalanga,vd_code_match
2021,54910807,MP326,MP326 - City of Mbombela,Mpumalanga,305,MP326,MP326 - City of Mbombela,Mpumalanga,vd_code_match
2021,54910818,MP326,MP326 - City of Mbombela,Mpumalanga,545,MP326,MP326 - City of Mbombela,Mpumalanga,vd_code_match
2021,54910829,MP326,MP326 - City of Mbombela,Mpumalanga,726,MP326,MP326 - City of Mbombela,Mpumalanga,vd_code_match
2021,54910830,MP326,MP326 - City of Mbombela,Mpumalanga,1387,MP326,MP326 - City of Mbombela,Mpumalanga,vd_code_match
2021,54910841,MP326,MP326 - City of Mbombela,Mpumalanga,651,MP326,MP326 - City of Mbombela,Mpumalanga,vd_code_match
2021,54910852,MP326,MP326 - City of Mbombela,Mpumalanga,571,MP326,MP326 - City of Mbombela,Mpumalanga,vd_code_match
2021,54910863,MP326,MP326 - City of Mbombela,Mpumalanga,1218,MP326,MP326 - City of Mbombela,Mpumalanga,vd_code_match
2021,54910874,MP326,MP326 - City of Mbombela,Mpumalanga,485,MP326,MP326 - City of Mbombela,Mpumalanga,vd_code_match
2021,54910885,MP326,MP326 - City of Mbombela,Mpumalanga,435,MP326,MP326 - City of Mbombela,Mpumalanga,vd_code_match
2021,54910896,MP326,MP326 - City of Mbombela,Mpumalanga,834,MP326,MP326 - City of Mbombela,Mpumalanga,vd_code_match
2021,54910908,MP326,MP326 - City of Mbombela,Mpumalanga,481,MP326,MP326 - City of Mbombela,Mpumalanga,vd_code_match
2021,54910919,MP326,MP326 - City of Mbombela,Mpumalanga,353,MP326,MP326 - City of Mbombela,Mpumalanga,vd_code_match
2021,54910920,MP326,MP326 - City of Mbombela,Mpumalanga,368,MP326,MP326 - City of Mbombela,Mpumalanga,vd_code_match
2021,54910931,MP326,MP326 - City of Mbombela,Mpumalanga,647,MP326,MP326 - City of Mbombela,Mpumalanga,vd_code_match
2021,54910942,MP326,MP326 - City of Mbombela,Mpumalanga,416,MP326,MP326 - City of Mbombela,Mpumalanga,vd_code_match
2021,54910953,MP326,MP326 - City of Mbombela,Mpumalanga,634,MP326,MP326 - City of Mbombela,Mpumalanga,vd_code_match
2021,54910964,MP326,MP326 - City of Mbombela,Mpumalanga,1165,MP326,MP326 - City of Mbombela,Mpumalanga,vd_code_match
2021,54910975,MP326,MP326 - City of Mbombela,Mpumalanga,382,MP326,MP326 - City of Mbombela,Mpumalanga,vd_code_match
2021,54910986,MP326,MP326 - City of Mbombela,Mpumalanga,549,MP326,MP326 - City of Mbombela,Mpumalanga,vd_code_match
2021,54910997,MP326,MP326 - City of Mbombela,Mpumalanga,519,MP326,MP326 - City of Mbombela,Mpumalanga,vd_code_match
2021,54911000,MP326,MP326 - City of Mbombela,Mpumalanga,738,MP326,MP326 - City of Mbombela,Mpumalanga,vd_code_match
2021,54911011,MP326,MP326 - City of Mbombela,Mpumalanga,309,MP326,MP326 - City of Mbombela,Mpumalanga,vd_code_match
2021,54911022,MP326,MP326 - City of Mbombela,Mpumalanga,455,MP326,MP326 - City of Mbombela,Mpumalanga,vd_code_match
2021,54911033,MP326,MP326 - City of Mbombela,Mpumalanga,246,MP326,MP326 - City of Mbombela,Mpumalanga,vd_code_match
2021,54911044,MP326,MP326 - City of Mbombela,Mpumalanga,511,MP326,MP326 - City of Mbombela,Mpumalanga,vd_code_match
2021,54911055,MP326,MP326 - City of Mbombela,Mpumalanga,510,MP326,MP326 - City of Mbombela,Mpumalanga,vd_code_match
2021,54911066,MP326,MP326 - City of Mbombela,Mpumalanga,436,MP326,MP326 - City of Mbombela,Mpumalanga,vd_code_match
2021,54911077,MP326,MP326 - City of Mbombela,Mpumalanga,465,MP326,MP326 - City of Mbombela,Mpumalanga,vd_code_match
2021,54911088,MP326,MP326 - City of Mbombela,Mpumalanga,701,MP326,MP326 - City of Mbombela,Mpumalanga,vd_code_match
2021,54911099,MP326,MP326 - City of Mbombela,Mpumalanga,487,MP326,MP326 - City of Mbombela,Mpumalanga,vd_code_match
2021,54911101,MP326,MP326 - City of Mbombela,Mpumalanga,285,MP326,MP326 - City of Mbombela,Mpumalanga,vd_code_match
2021,54911112,MP326,MP326 - City of Mbombela,Mpumalanga,540,MP326,MP326 - City of Mbombela,Mpumalanga,vd_code_match
2021,54911123,MP326,MP326 - City of Mbombela,Mpumalanga,622,MP326,MP326 - City of Mbombela,Mpumalanga,vd_code_match
2021,54911134,MP326,MP326 - City of Mbombela,Mpumalanga,927,MP326,MP326 - City of Mbombela,Mpumalanga,vd_code_match
2021,54911145,MP326,MP326 - City of Mbombela,Mpumalanga,220,MP326,MP326 - City of Mbombela,Mpumalanga,vd_code_match
2021,54911156,MP326,MP326 - City of Mbombela,Mpumalanga,586,MP326,MP326 - City of Mbombela,Mpumalanga,vd_code_match
2021,54911167,MP326,MP326 - City of Mbombela,Mpumalanga,238,MP326,MP326 - City of Mbombela,Mpumalanga,vd_code_match
2021,54911178,MP326,MP326 - City of Mbombela,Mpumalanga,505,MP326,MP326 - City of Mbombela,Mpumalanga,vd_code_match
2021,54911189,MP326,MP326 - City of Mbombela,Mpumalanga,280,MP326,MP326 - City of Mbombela,Mpumalanga,vd_code_match
2021,76150010,MP325,MP325 - Bushbuckridge,Mpumalanga,1095,MP325,MP325 - Bushbuckridge,Mpumalanga,vd_code_match
2021,76150021,MP325,MP325 - Bushbuckridge,Mpumalanga,913,MP325,MP325 - Bushbuckridge,Mpumalanga,vd_code_match
2021,76150032,MP325,MP325 - Bushbuckridge,Mpumalanga,2386,MP325,MP325 - Bushbuckridge,Mpumalanga,vd_code_match
2021,76150043,MP325,MP325 - Bushbuckridge,Mpumalanga,1286,MP325,MP325 - Bushbuckridge,Mpumalanga,vd_code_match
2021,76150054,MP325,MP325 - Bushbuckridge,Mpumalanga,579,MP325,MP325 - Bushbuckridge,Mpumalanga,vd_code_match
2021,76150065,MP325,MP325 - Bushbuckridge,Mpumalanga,1129,MP325,MP325 - Bushbuckridge,Mpumalanga,vd_code_match
2021,76150076,MP325,MP325 - Bushbuckridge,Mpumalanga,1130,MP325,MP325 - Bushbuckridge,Mpumalanga,vd_code_match
2021,76150087,MP325,MP325 - Bushbuckridge,Mpumalanga,648,MP325,MP325 - Bushbuckridge,Mpumalanga,vd_code_match
2021,76150098,MP325,MP325 - Bushbuckridge,Mpumalanga,617,MP325,MP325 - Bushbuckridge,Mpumalanga,vd_code_match
2021,76150100,MP325,MP325 - Bushbuckridge,Mpumalanga,815,MP325,MP325 - Bushbuckridge,Mpumalanga,vd_code_match
2021,76150111,MP325,MP325 - Bushbuckridge,Mpumalanga,744,MP325,MP325 - Bushbuckridge,Mpumalanga,vd_code_match
2021,76150122,MP325,MP325 - Bushbuckridge,Mpumalanga,1022,MP325,MP325 - Bushbuckridge,Mpumalanga,vd_code_match
2021,76150133,MP325,MP325 - Bushbuckridge,Mpumalanga,778,MP325,MP325 - Bushbuckridge,Mpumalanga,vd_code_match
2021,76150144,MP325,MP325 - Bushbuckridge,Mpumalanga,470,MP325,MP325 - Bushbuckridge,Mpumalanga,vd_code_match
2021,76150155,MP325,MP325 - Bushbuckridge,Mpumalanga,1142,MP325,MP325 - Bushbuckridge,Mpumalanga,vd_code_match
2021,76150166,MP325,MP325 - Bushbuckridge,Mpumalanga,1074,MP325,MP325 - Bushbuckridge,Mpumalanga,vd_code_match
2021,76150177,MP325,MP325 - Bushbuckridge,Mpumalanga,1056,MP325,MP325 - Bushbuckridge,Mpumalanga,vd_code_match
2021,76150188,MP325,MP325 - Bushbuckridge,Mpumalanga,966,MP325,MP325 - Bushbuckridge,Mpumalanga,vd_code_match
2021,76150199,MP325,MP325 - Bushbuckridge,Mpumalanga,967,MP325,MP325 - Bushbuckridge,Mpumalanga,vd_code_match
2021,76150201,MP325,MP325 - Bushbuckridge,Mpumalanga,703,MP325,MP325 - Bushbuckridge,Mpumalanga,vd_code_match
2021,76150212,MP325,MP325 - Bushbuckridge,Mpumalanga,1557,MP325,MP325 - Bushbuckridge,Mpumalanga,vd_code_match
2021,76150223,MP325,MP325 - Bushbuckridge,Mpumalanga,776,MP325,MP325 - Bushbuckridge,Mpumalanga,vd_code_match
2021,76150234,MP325,MP325 - Bushbuckridge,Mpumalanga,960,MP325,MP325 - Bushbuckridge,Mpumalanga,vd_code_match
2021,76150245,MP325,MP325 - Bushbuckridge,Mpumalanga,1172,MP325,MP325 - Bushbuckridge,Mpumalanga,vd_code_match
2021,76150256,MP325,MP325 - Bushbuckridge,Mpumalanga,1769,MP325,MP325 - Bushbuckridge,Mpumalanga,vd_code_match
2021,76150267,MP325,MP325 - Bushbuckridge,Mpumalanga,492,MP325,MP325 - Bushbuckridge,Mpumalanga,vd_code_match
2021,76150278,MP325,MP325 - Bushbuckridge,Mpumalanga,1789,MP325,MP325 - Bushbuckridge,Mpumalanga,vd_code_match
2021,76150289,MP325,MP325 - Bushbuckridge,Mpumalanga,1341,MP325,MP325 - Bushbuckridge,Mpumalanga,vd_code_match
2021,76150290,MP325,MP325 - Bushbuckridge,Mpumalanga,1001,MP325,MP325 - Bushbuckridge,Mpumalanga,vd_code_match
2021,76150302,MP325,MP325 - Bushbuckridge,Mpumalanga,1199,MP325,MP325 - Bushbuckridge,Mpumalanga,vd_code_match
2021,76150313,MP325,MP325 - Bushbuckridge,Mpumalanga,529,MP325,MP325 - Bushbuckridge,Mpumalanga,vd_code_match
2021,76150324,MP325,MP325 - Bushbuckridge,Mpumalanga,1148,MP325,MP325 - Bushbuckridge,Mpumalanga,vd_code_match
2021,76150335,MP325,MP325 - Bushbuckridge,Mpumalanga,979,MP325,MP325 - Bushbuckridge,Mpumalanga,vd_code_match
2021,76150346,MP325,MP325 - Bushbuckridge,Mpumalanga,1209,MP325,MP325 - Bushbuckridge,Mpumalanga,vd_code_match
2021,76150357,MP325,MP325 - Bushbuckridge,Mpumalanga,885,MP325,MP325 - Bushbuckridge,Mpumalanga,vd_code_match
2021,76150368,MP325,MP325 - Bushbuckridge,Mpumalanga,526,MP325,MP325 - Bushbuckridge,Mpumalanga,vd_code_match
2021,76150379,MP325,MP325 - Bushbuckridge,Mpumalanga,780,MP325,MP325 - Bushbuckridge,Mpumalanga,vd_code_match
2021,76150380,MP325,MP325 - Bushbuckridge,Mpumalanga,1744,MP325,MP325 - Bushbuckridge,Mpumalanga,vd_code_match
2021,76150391,MP325,MP325 - Bushbuckridge,Mpumalanga,1499,MP325,MP325 - Bushbuckridge,Mpumalanga,vd_code_match
2021,76150403,MP325,MP325 - Bushbuckridge,Mpumalanga,594,MP325,MP325 - Bushbuckridge,Mpumalanga,vd_code_match
2021,76150414,MP325,MP325 - Bushbuckridge,Mpumalanga,1827,MP325,MP325 - Bushbuckridge,Mpumalanga,vd_code_match
2021,76150425,MP325,MP325 - Bushbuckridge,Mpumalanga,1365,MP325,MP325 - Bushbuckridge,Mpumalanga,vd_code_match
2021,76150436,MP325,MP325 - Bushbuckridge,Mpumalanga,1295,MP325,MP325 - Bushbuckridge,Mpumalanga,vd_code_match
2021,76150447,MP325,MP325 - Bushbuckridge,Mpumalanga,1324,MP325,MP325 - Bushbuckridge,Mpumalanga,vd_code_match
2021,76150458,MP325,MP325 - Bushbuckridge,Mpumalanga,1108,MP325,MP325 - Bushbuckridge,Mpumalanga,vd_code_match
2021,76150469,MP325,MP325 - Bushbuckridge,Mpumalanga,1100,MP325,MP325 - Bushbuckridge,Mpumalanga,vd_code_match
2021,76150470,MP325,MP325 - Bushbuckridge,Mpumalanga,2039,MP325,MP325 - Bushbuckridge,Mpumalanga,vd_code_match
2021,76150481,MP325,MP325 - Bushbuckridge,Mpumalanga,1121,MP325,MP325 - Bushbuckridge,Mpumalanga,vd_code_match
2021,76150492,MP325,MP325 - Bushbuckridge,Mpumalanga,1799,MP325,MP325 - Bushbuckridge,Mpumalanga,vd_code_match
2021,76150504,MP325,MP325 - Bushbuckridge,Mpumalanga,1028,MP325,MP325 - Bushbuckridge,Mpumalanga,vd_code_match
2021,76150515,MP325,MP325 - Bushbuckridge,Mpumalanga,663,MP325,MP325 - Bushbuckridge,Mpumalanga,vd_code_match
2021,76150526,MP325,MP325 - Bushbuckridge,Mpumalanga,812,MP325,MP325 - Bushbuckridge,Mpumalanga,vd_code_match
2021,76150537,MP325,MP325 - Bushbuckridge,Mpumalanga,671,MP325,MP325 - Bushbuckridge,Mpumalanga,vd_code_match
2021,76150548,MP325,MP325 - Bushbuckridge,Mpumalanga,963,MP325,MP325 - Bushbuckridge,Mpumalanga,vd_code_match
2021,76150559,MP325,MP325 - Bushbuckridge,Mpumalanga,868,MP325,MP325 - Bushbuckridge,Mpumalanga,vd_code_match
2021,76150560,MP325,MP325 - Bushbuckridge,Mpumalanga,1223,MP325,MP325 - Bushbuckridge,Mpumalanga,vd_code_match
2021,76150571,MP325,MP325 - Bushbuckridge,Mpumalanga,533,MP325,MP325 - Bushbuckridge,Mpumalanga,vd_code_match
2021,76150582,MP325,MP325 - Bushbuckridge,Mpumalanga,876,MP325,MP325 - Bushbuckridge,Mpumalanga,vd_code_match
2021,76150593,MP325,MP325 - Bushbuckridge,Mpumalanga,1028,MP325,MP325 - Bushbuckridge,Mpumalanga,vd_code_match
2021,76150605,MP325,MP325 - Bushbuckridge,Mpumalanga,899,MP325,MP325 - Bushbuckridge,Mpumalanga,vd_code_match
2021,76150616,MP325,MP325 - Bushbuckridge,Mpumalanga,937,MP325,MP325 - Bushbuckridge,Mpumalanga,vd_code_match
2021,76150627,MP325,MP325 - Bushbuckridge,Mpumalanga,1055,MP325,MP325 - Bushbuckridge,Mpumalanga,vd_code_match
2021,76150649,MP325,MP325 - Bushbuckridge,Mpumalanga,502,MP325,MP325 - Bushbuckridge,Mpumalanga,vd_code_match
2021,76150650,MP325,MP325 - Bushbuckridge,Mpumalanga,1530,MP325,MP325 - Bushbuckridge,Mpumalanga,vd_code_match
2021,76150661,MP325,MP325 - Bushbuckridge,Mpumalanga,1187,MP325,MP325 - Bushbuckridge,Mpumalanga,vd_code_match
2021,76150672,MP325,MP325 - Bushbuckridge,Mpumalanga,941,MP325,MP325 - Bushbuckridge,Mpumalanga,vd_code_match
2021,76150683,MP325,MP325 - Bushbuckridge,Mpumalanga,673,MP325,MP325 - Bushbuckridge,Mpumalanga,vd_code_match
2021,76150694,MP325,MP325 - Bushbuckridge,Mpumalanga,885,MP325,MP325 - Bushbuckridge,Mpumalanga,vd_code_match
2021,76150706,MP325,MP325 - Bushbuckridge,Mpumalanga,336,MP325,MP325 - Bushbuckridge,Mpumalanga,vd_code_match
2021,76150717,MP325,MP325 - Bushbuckridge,Mpumalanga,632,MP325,MP325 - Bushbuckridge,Mpumalanga,vd_code_match
2021,76150728,MP325,MP325 - Bushbuckridge,Mpumalanga,292,MP325,MP325 - Bushbuckridge,Mpumalanga,vd_code_match
2021,76150739,MP325,MP325 - Bushbuckridge,Mpumalanga,525,MP325,MP325 - Bushbuckridge,Mpumalanga,vd_code_match
2021,76150740,MP325,MP325 - Bushbuckridge,Mpumalanga,939,MP325,MP325 - Bushbuckridge,Mpumalanga,vd_code_match
2021,76150751,MP325,MP325 - Bushbuckridge,Mpumalanga,494,MP325,MP325 - Bushbuckridge,Mpumalanga,vd_code_match
2021,76150762,MP325,MP325 - Bushbuckridge,Mpumalanga,343,MP325,MP325 - Bushbuckridge,Mpumalanga,vd_code_match
2021,76150773,MP325,MP325 - Bushbuckridge,Mpumalanga,366,MP325,MP325 - Bushbuckridge,Mpumalanga,vd_code_match
2021,76150784,MP325,MP325 - Bushbuckridge,Mpumalanga,435,MP325,MP325 - Bushbuckridge,Mpumalanga,vd_code_match
2021,76150807,MP325,MP325 - Bushbuckridge,Mpumalanga,527,MP325,MP325 - Bushbuckridge,Mpumalanga,vd_code_match
2021,76150818,MP325,MP325 - Bushbuckridge,Mpumalanga,790,MP325,MP325 - Bushbuckridge,Mpumalanga,vd_code_match
2021,76150829,MP325,MP325 - Bushbuckridge,Mpumalanga,673,MP325,MP325 - Bushbuckridge,Mpumalanga,vd_code_match
2021,76150830,MP325,MP325 - Bushbuckridge,Mpumalanga,799,MP325,MP325 - Bushbuckridge,Mpumalanga,vd_code_match
2021,76150841,MP325,MP325 - Bushbuckridge,Mpumalanga,503,MP325,MP325 - Bushbuckridge,Mpumalanga,vd_code_match
2021,76150852,MP325,MP325 - Bushbuckridge,Mpumalanga,521,MP325,MP325 - Bushbuckridge,Mpumalanga,vd_code_match
2021,76150863,MP325,MP325 - Bushbuckridge,Mpumalanga,537,MP325,MP325 - Bushbuckridge,Mpumalanga,vd_code_match
2021,76150874,MP325,MP325 - Bushbuckridge,Mpumalanga,235,MP325,MP325 - Bushbuckridge,Mpumalanga,vd_code_match
2021,76150885,MP325,MP325 - Bushbuckridge,Mpumalanga,371,MP325,MP325 - Bushbuckridge,Mpumalanga,vd_code_match
2021,76150896,MP325,MP325 - Bushbuckridge,Mpumalanga,340,MP325,MP325 - Bushbuckridge,Mpumalanga,vd_code_match
2021,76150908,MP325,MP325 - Bushbuckridge,Mpumalanga,448,MP325,MP325 - Bushbuckridge,Mpumalanga,vd_code_match
2021,76150919,MP325,MP325 - Bushbuckridge,Mpumalanga,243,MP325,MP325 - Bushbuckridge,Mpumalanga,vd_code_match
2021,76160011,MP325,MP325 - Bushbuckridge,Mpumalanga,1562,MP325,MP325 - Bushbuckridge,Mpumalanga,vd_code_match
2021,76160022,MP325,MP325 - Bushbuckridge,Mpumalanga,977,MP325,MP325 - Bushbuckridge,Mpumalanga,vd_code_match
2021,76160033,MP325,MP325 - Bushbuckridge,Mpumalanga,504,MP325,MP325 - Bushbuckridge,Mpumalanga,vd_code_match
2021,76160044,MP325,MP325 - Bushbuckridge,Mpumalanga,1142,MP325,MP325 - Bushbuckridge,Mpumalanga,vd_code_match
2021,76160055,MP325,MP325 - Bushbuckridge,Mpumalanga,1336,MP325,MP325 - Bushbuckridge,Mpumalanga,vd_code_match
2021,76160066,MP325,MP325 - Bushbuckridge,Mpumalanga,1158,MP325,MP325 - Bushbuckridge,Mpumalanga,vd_code_match
2021,76160077,MP325,MP325 - Bushbuckridge,Mpumalanga,1156,MP325,MP325 - Bushbuckridge,Mpumalanga,vd_code_match
2021,76160088,MP325,MP325 - Bushbuckridge,Mpumalanga,613,MP325,MP325 - Bushbuckridge,Mpumalanga,vd_code_match
2021,76160099,MP325,MP325 - Bushbuckridge,Mpumalanga,1394,MP325,MP325 - Bushbuckridge,Mpumalanga,vd_code_match
2021,76160101,MP325,MP325 - Bushbuckridge,Mpumalanga,1422,MP325,MP325 - Bushbuckridge,Mpumalanga,vd_code_match
2021,76160112,MP325,MP325 - Bushbuckridge,Mpumalanga,597,MP325,MP325 - Bushbuckridge,Mpumalanga,vd_code_match
2021,76160123,MP325,MP325 - Bushbuckridge,Mpumalanga,1907,MP325,MP325 - Bushbuckridge,Mpumalanga,vd_code_match
2021,76160134,MP325,MP325 - Bushbuckridge,Mpumalanga,581,MP325,MP325 - Bushbuckridge,Mpumalanga,vd_code_match
2021,76160145,MP325,MP325 - Bushbuckridge,Mpumalanga,805,MP325,MP325 - Bushbuckridge,Mpumalanga,vd_code_match
2021,76160156,MP325,MP325 - Bushbuckridge,Mpumalanga,684,MP325,MP325 - Bushbuckridge,Mpumalanga,vd_code_match
2021,76160167,MP325,MP325 - Bushbuckridge,Mpumalanga,1051,MP325,MP325 - Bushbuckridge,Mpumalanga,vd_code_match
2021,76160178,MP325,MP325 - Bushbuckridge,Mpumalanga,1150,MP325,MP325 - Bushbuckridge,Mpumalanga,vd_code_match
2021,76160189,MP325,MP325 - Bushbuckridge,Mpumalanga,966,MP325,MP325 - Bushbuckridge,Mpumalanga,vd_code_match
2021,76160190,MP325,MP325 - Bushbuckridge,Mpumalanga,1082,MP325,MP325 - Bushbuckridge,Mpumalanga,vd_code_match
2021,76160202,MP325,MP325 - Bushbuckridge,Mpumalanga,1543,MP325,MP325 - Bushbuckridge,Mpumalanga,vd_code_match
2021,76160213,MP325,MP325 - Bushbuckridge,Mpumalanga,984,MP325,MP325 - Bushbuckridge,Mpumalanga,vd_code_match
2021,76160224,MP325,MP325 - Bushbuckridge,Mpumalanga,2043,MP325,MP325 - Bushbuckridge,Mpumalanga,vd_code_match
2021,76160246,MP325,MP325 - Bushbuckridge,Mpumalanga,1818,MP325,MP325 - Bushbuckridge,Mpumalanga,vd_code_match
2021,76160257,MP325,MP325 - Bushbuckridge,Mpumalanga,308,MP325,MP325 - Bushbuckridge,Mpumalanga,vd_code_match
2021,76160268,MP325,MP325 - Bushbuckridge,Mpumalanga,689,MP325,MP325 - Bushbuckridge,Mpumalanga,vd_code_match
2021,76160279,MP325,MP325 - Bushbuckridge,Mpumalanga,1754,MP325,MP325 - Bushbuckridge,Mpumalanga,vd_code_match
2021,76160280,MP325,MP325 - Bushbuckridge,Mpumalanga,990,MP325,MP325 - Bushbuckridge,Mpumalanga,vd_code_match
2021,76160291,MP325,MP325 - Bushbuckridge,Mpumalanga,817,MP325,MP325 - Bushbuckridge,Mpumalanga,vd_code_match
2021,76160303,MP325,MP325 - Bushbuckridge,Mpumalanga,791,MP325,MP325 - Bushbuckridge,Mpumalanga,vd_code_match
2021,76160314,MP325,MP325 - Bushbuckridge,Mpumalanga,923,MP325,MP325 - Bushbuckridge,Mpumalanga,vd_code_match
2021,76160325,MP325,MP325 - Bushbuckridge,Mpumalanga,628,MP325,MP325 - Bushbuckridge,Mpumalanga,vd_code_match
2021,76160336,MP325,MP325 - Bushbuckridge,Mpumalanga,639,MP325,MP325 - Bushbuckridge,Mpumalanga,vd_code_match
2021,76160358,MP325,MP325 - Bushbuckridge,Mpumalanga,1147,MP325,MP325 - Bushbuckridge,Mpumalanga,vd_code_match
2021,76160369,MP325,MP325 - Bushbuckridge,Mpumalanga,823,MP325,MP325 - Bushbuckridge,Mpumalanga,vd_code_match
2021,76160370,MP325,MP325 - Bushbuckridge,Mpumalanga,904,MP325,MP325 - Bushbuckridge,Mpumalanga,vd_code_match
2021,76160381,MP325,MP325 - Bushbuckridge,Mpumalanga,1032,MP325,MP325 - Bushbuckridge,Mpumalanga,vd_code_match
2021,76160392,MP325,MP325 - Bushbuckridge,Mpumalanga,886,MP325,MP325 - Bushbuckridge,Mpumalanga,vd_code_match
2021,76160404,MP325,MP325 - Bushbuckridge,Mpumalanga,595,MP325,MP325 - Bushbuckridge,Mpumalanga,vd_code_match
2021,76160415,MP325,MP325 - Bushbuckridge,Mpumalanga,1674,MP325,MP325 - Bushbuckridge,Mpumalanga,vd_code_match
2021,76160426,MP325,MP325 - Bushbuckridge,Mpumalanga,1777,MP325,MP325 - Bushbuckridge,Mpumalanga,vd_code_match
2021,76160437,MP325,MP325 - Bushbuckridge,Mpumalanga,1441,MP325,MP325 - Bushbuckridge,Mpumalanga,vd_code_match
2021,76160448,MP325,MP325 - Bushbuckridge,Mpumalanga,533,MP325,MP325 - Bushbuckridge,Mpumalanga,vd_code_match
2021,76160459,MP325,MP325 - Bushbuckridge,Mpumalanga,1614,MP325,MP325 - Bushbuckridge,Mpumalanga,vd_code_match
2021,76160460,MP325,MP325 - Bushbuckridge,Mpumalanga,1304,MP325,MP325 - Bushbuckridge,Mpumalanga,vd_code_match
2021,76160471,MP325,MP325 - Bushbuckridge,Mpumalanga,1180,MP325,MP325 - Bushbuckridge,Mpumalanga,vd_code_match
2021,76160482,MP325,MP325 - Bushbuckridge,Mpumalanga,1524,MP325,MP325 - Bushbuckridge,Mpumalanga,vd_code_match
2021,76160493,MP325,MP325 - Bushbuckridge,Mpumalanga,642,MP325,MP325 - Bushbuckridge,Mpumalanga,vd_code_match
2021,76160505,MP325,MP325 - Bushbuckridge,Mpumalanga,807,MP325,MP325 - Bushbuckridge,Mpumalanga,vd_code_match
2021,76160516,MP325,MP325 - Bushbuckridge,Mpumalanga,777,MP325,MP325 - Bushbuckridge,Mpumalanga,vd_code_match
2021,76160527,MP325,MP325 - Bushbuckridge,Mpumalanga,732,MP325,MP325 - Bushbuckridge,Mpumalanga,vd_code_match
2021,76160549,MP325,MP325 - Bushbuckridge,Mpumalanga,761,MP325,MP325 - Bushbuckridge,Mpumalanga,vd_code_match
2021,76160550,MP325,MP325 - Bushbuckridge,Mpumalanga,1180,MP325,MP325 - Bushbuckridge,Mpumalanga,vd_code_match
2021,76160561,MP325,MP325 - Bushbuckridge,Mpumalanga,669,MP325,MP325 - Bushbuckridge,Mpumalanga,vd_code_match
2021,76160572,MP325,MP325 - Bushbuckridge,Mpumalanga,870,MP325,MP325 - Bushbuckridge,Mpumalanga,vd_code_match
2021,76160583,MP325,MP325 - Bushbuckridge,Mpumalanga,1058,MP325,MP325 - Bushbuckridge,Mpumalanga,vd_code_match
2021,76160606,MP325,MP325 - Bushbuckridge,Mpumalanga,573,MP325,MP325 - Bushbuckridge,Mpumalanga,vd_code_match
2021,76160628,MP325,MP325 - Bushbuckridge,Mpumalanga,1033,MP325,MP325 - Bushbuckridge,Mpumalanga,vd_code_match
2021,76160639,MP325,MP325 - Bushbuckridge,Mpumalanga,1490,MP325,MP325 - Bushbuckridge,Mpumalanga,vd_code_match
2021,76160640,MP325,MP325 - Bushbuckridge,Mpumalanga,1162,MP325,MP325 - Bushbuckridge,Mpumalanga,vd_code_match
2021,76160651,MP325,MP325 - Bushbuckridge,Mpumalanga,723,MP325,MP325 - Bushbuckridge,Mpumalanga,vd_code_match
2021,76160662,MP325,MP325 - Bushbuckridge,Mpumalanga,1281,MP325,MP325 - Bushbuckridge,Mpumalanga,vd_code_match
2021,76160673,MP325,MP325 - Bushbuckridge,Mpumalanga,441,MP325,MP325 - Bushbuckridge,Mpumalanga,vd_code_match
2021,76160684,MP325,MP325 - Bushbuckridge,Mpumalanga,1354,MP325,MP325 - Bushbuckridge,Mpumalanga,vd_code_match
2021,76160695,MP325,MP325 - Bushbuckridge,Mpumalanga,243,MP325,MP325 - Bushbuckridge,Mpumalanga,vd_code_match
2021,76160707,MP325,MP325 - Bushbuckridge,Mpumalanga,325,MP325,MP325 - Bushbuckridge,Mpumalanga,vd_code_match
2021,76160718,MP325,MP325 - Bushbuckridge,Mpumalanga,955,MP325,MP325 - Bushbuckridge,Mpumalanga,vd_code_match
2021,76160729,MP325,MP325 - Bushbuckridge,Mpumalanga,272,MP325,MP325 - Bushbuckridge,Mpumalanga,vd_code_match
2021,76160730,MP325,MP325 - Bushbuckridge,Mpumalanga,778,MP325,MP325 - Bushbuckridge,Mpumalanga,vd_code_match
2021,76160763,MP325,MP325 - Bushbuckridge,Mpumalanga,916,MP325,MP325 - Bushbuckridge,Mpumalanga,vd_code_match
2021,76160774,MP325,MP325 - Bushbuckridge,Mpumalanga,837,MP325,MP325 - Bushbuckridge,Mpumalanga,vd_code_match
2021,76160808,MP325,MP325 - Bushbuckridge,Mpumalanga,657,MP325,MP325 - Bushbuckridge,Mpumalanga,vd_code_match
2021,76160820,MP325,MP325 - Bushbuckridge,Mpumalanga,1224,MP325,MP325 - Bushbuckridge,Mpumalanga,vd_code_match
2021,76160831,MP325,MP325 - Bushbuckridge,Mpumalanga,1011,MP325,MP325 - Bushbuckridge,Mpumalanga,vd_code_match
2021,76160842,MP325,MP325 - Bushbuckridge,Mpumalanga,789,MP325,MP325 - Bushbuckridge,Mpumalanga,vd_code_match
2021,76160853,MP325,MP325 - Bushbuckridge,Mpumalanga,1131,MP325,MP325 - Bushbuckridge,Mpumalanga,vd_code_match
2021,76160875,MP325,MP325 - Bushbuckridge,Mpumalanga,679,MP325,MP325 - Bushbuckridge,Mpumalanga,vd_code_match
2021,76160886,MP325,MP325 - Bushbuckridge,Mpumalanga,311,MP325,MP325 - Bushbuckridge,Mpumalanga,vd_code_match
2021,76160897,MP325,MP325 - Bushbuckridge,Mpumalanga,496,MP325,MP325 - Bushbuckridge,Mpumalanga,vd_code_match
2021,76160909,MP325,MP325 - Bushbuckridge,Mpumalanga,641,MP325,MP325 - Bushbuckridge,Mpumalanga,vd_code_match
2021,76160921,MP325,MP325 - Bushbuckridge,Mpumalanga,121,MP325,MP325 - Bushbuckridge,Mpumalanga,vd_code_match
2021,76160932,MP325,MP325 - Bushbuckridge,Mpumalanga,582,MP325,MP325 - Bushbuckridge,Mpumalanga,vd_code_match
2021,76160943,MP325,MP325 - Bushbuckridge,Mpumalanga,1070,MP325,MP325 - Bushbuckridge,Mpumalanga,vd_code_match
2021,76160954,MP325,MP325 - Bushbuckridge,Mpumalanga,412,MP325,MP325 - Bushbuckridge,Mpumalanga,vd_code_match
2021,76160965,MP325,MP325 - Bushbuckridge,Mpumalanga,559,MP325,MP325 - Bushbuckridge,Mpumalanga,vd_code_match
2021,76160976,MP325,MP325 - Bushbuckridge,Mpumalanga,390,MP325,MP325 - Bushbuckridge,Mpumalanga,vd_code_match
2021,76160987,MP325,MP325 - Bushbuckridge,Mpumalanga,508,MP325,MP325 - Bushbuckridge,Mpumalanga,vd_code_match
2021,76160998,MP325,MP325 - Bushbuckridge,Mpumalanga,540,MP325,MP325 - Bushbuckridge,Mpumalanga,vd_code_match
2021,76161001,MP325,MP325 - Bushbuckridge,Mpumalanga,844,MP325,MP325 - Bushbuckridge,Mpumalanga,vd_code_match
2021,76161012,MP325,MP325 - Bushbuckridge,Mpumalanga,341,MP325,MP325 - Bushbuckridge,Mpumalanga,vd_code_match
2021,76161023,MP325,MP325 - Bushbuckridge,Mpumalanga,427,MP325,MP325 - Bushbuckridge,Mpumalanga,vd_code_match
2021,76161034,MP325,MP325 - Bushbuckridge,Mpumalanga,448,MP325,MP325 - Bushbuckridge,Mpumalanga,vd_code_match
2021,76161045,MP325,MP325 - Bushbuckridge,Mpumalanga,363,MP325,MP325 - Bushbuckridge,Mpumalanga,vd_code_match
2021,76161056,MP325,MP325 - Bushbuckridge,Mpumalanga,509,MP325,MP325 - Bushbuckridge,Mpumalanga,vd_code_match
2021,76161067,MP325,MP325 - Bushbuckridge,Mpumalanga,300,MP325,MP325 - Bushbuckridge,Mpumalanga,vd_code_match
2021,76170012,MP325,MP325 - Bushbuckridge,Mpumalanga,1653,MP325,MP325 - Bushbuckridge,Mpumalanga,vd_code_match
2021,76170023,MP325,MP325 - Bushbuckridge,Mpumalanga,1783,MP325,MP325 - Bushbuckridge,Mpumalanga,vd_code_match
2021,76170034,MP325,MP325 - Bushbuckridge,Mpumalanga,616,MP325,MP325 - Bushbuckridge,Mpumalanga,vd_code_match
2021,76170045,MP325,MP325 - Bushbuckridge,Mpumalanga,1090,MP325,MP325 - Bushbuckridge,Mpumalanga,vd_code_match
2021,76170056,MP325,MP325 - Bushbuckridge,Mpumalanga,1210,MP325,MP325 - Bushbuckridge,Mpumalanga,vd_code_match
2021,76170067,MP325,MP325 - Bushbuckridge,Mpumalanga,581,MP325,MP325 - Bushbuckridge,Mpumalanga,vd_code_match
2021,76170078,MP325,MP325 - Bushbuckridge,Mpumalanga,325,MP325,MP325 - Bushbuckridge,Mpumalanga,vd_code_match
2021,76170089,MP325,MP325 - Bushbuckridge,Mpumalanga,2300,MP325,MP325 - Bushbuckridge,Mpumalanga,vd_code_match
2021,76170090,MP325,MP325 - Bushbuckridge,Mpumalanga,927,MP325,MP325 - Bushbuckridge,Mpumalanga,vd_code_match
2021,76170102,MP325,MP325 - Bushbuckridge,Mpumalanga,1896,MP325,MP325 - Bushbuckridge,Mpumalanga,vd_code_match
2021,76170113,MP325,MP325 - Bushbuckridge,Mpumalanga,808,MP325,MP325 - Bushbuckridge,Mpumalanga,vd_code_match
2021,76170124,MP325,MP325 - Bushbuckridge,Mpumalanga,1029,MP325,MP325 - Bushbuckridge,Mpumalanga,vd_code_match
2021,76170135,MP325,MP325 - Bushbuckridge,Mpumalanga,1257,MP325,MP325 - Bushbuckridge,Mpumalanga,vd_code_match
2021,76170146,MP325,MP325 - Bushbuckridge,Mpumalanga,922,MP325,MP325 - Bushbuckridge,Mpumalanga,vd_code_match
2021,76170157,MP325,MP325 - Bushbuckridge,Mpumalanga,1537,MP325,MP325 - Bushbuckridge,Mpumalanga,vd_code_match
2021,76170168,MP325,MP325 - Bushbuckridge,Mpumalanga,2427,MP325,MP325 - Bushbuckridge,Mpumalanga,vd_code_match
2021,76170179,MP325,MP325 - Bushbuckridge,Mpumalanga,1825,MP325,MP325 - Bushbuckridge,Mpumalanga,vd_code_match
2021,76170180,MP325,MP325 - Bushbuckridge,Mpumalanga,932,MP325,MP325 - Bushbuckridge,Mpumalanga,vd_code_match
2021,76170191,MP325,MP325 - Bushbuckridge,Mpumalanga,1103,MP325,MP325 - Bushbuckridge,Mpumalanga,vd_code_match
2021,76170203,MP325,MP325 - Bushbuckridge,Mpumalanga,1050,MP325,MP325 - Bushbuckridge,Mpumalanga,vd_code_match
2021,76170214,MP325,MP325 - Bushbuckridge,Mpumalanga,1349,MP325,MP325 - Bushbuckridge,Mpumalanga,vd_code_match
2021,76170225,MP325,MP325 - Bushbuckridge,Mpumalanga,643,MP325,MP325 - Bushbuckridge,Mpumalanga,vd_code_match
2021,76170236,MP325,MP325 - Bushbuckridge,Mpumalanga,931,MP325,MP325 - Bushbuckridge,Mpumalanga,vd_code_match
2021,76170247,MP325,MP325 - Bushbuckridge,Mpumalanga,1388,MP325,MP325 - Bushbuckridge,Mpumalanga,vd_code_match
2021,76170258,MP325,MP325 - Bushbuckridge,Mpumalanga,2275,MP325,MP325 - Bushbuckridge,Mpumalanga,vd_code_match
2021,76170269,MP325,MP325 - Bushbuckridge,Mpumalanga,1436,MP325,MP325 - Bushbuckridge,Mpumalanga,vd_code_match
2021,76170270,MP325,MP325 - Bushbuckridge,Mpumalanga,1131,MP325,MP325 - Bushbuckridge,Mpumalanga,vd_code_match
2021,76170281,MP325,MP325 - Bushbuckridge,Mpumalanga,766,MP325,MP325 - Bushbuckridge,Mpumalanga,vd_code_match
2021,76170292,MP325,MP325 - Bushbuckridge,Mpumalanga,677,MP325,MP325 - Bushbuckridge,Mpumalanga,vd_code_match
2021,76170304,MP325,MP325 - Bushbuckridge,Mpumalanga,310,MP325,MP325 - Bushbuckridge,Mpumalanga,vd_code_match
2021,76170315,MP325,MP325 - Bushbuckridge,Mpumalanga,845,MP325,MP325 - Bushbuckridge,Mpumalanga,vd_code_match
2021,76170326,MP325,MP325 - Bushbuckridge,Mpumalanga,835,MP325,MP325 - Bushbuckridge,Mpumalanga,vd_code_match
2021,76170337,MP325,MP325 - Bushbuckridge,Mpumalanga,1164,MP325,MP325 - Bushbuckridge,Mpumalanga,vd_code_match
2021,76170348,MP325,MP325 - Bushbuckridge,Mpumalanga,1280,MP325,MP325 - Bushbuckridge,Mpumalanga,vd_code_match
2021,76170359,MP325,MP325 - Bushbuckridge,Mpumalanga,919,MP325,MP325 - Bushbuckridge,Mpumalanga,vd_code_match
2021,76170360,MP325,MP325 - Bushbuckridge,Mpumalanga,1441,MP325,MP325 - Bushbuckridge,Mpumalanga,vd_code_match
2021,76170371,MP325,MP325 - Bushbuckridge,Mpumalanga,2173,MP325,MP325 - Bushbuckridge,Mpumalanga,vd_code_match
2021,76170382,MP325,MP325 - Bushbuckridge,Mpumalanga,1264,MP325,MP325 - Bushbuckridge,Mpumalanga,vd_code_match
2021,76170393,MP325,MP325 - Bushbuckridge,Mpumalanga,1769,MP325,MP325 - Bushbuckridge,Mpumalanga,vd_code_match
2021,76170405,MP325,MP325 - Bushbuckridge,Mpumalanga,914,MP325,MP325 - Bushbuckridge,Mpumalanga,vd_code_match
2021,76170416,MP325,MP325 - Bushbuckridge,Mpumalanga,874,MP325,MP325 - Bushbuckridge,Mpumalanga,vd_code_match
2021,76170427,MP325,MP325 - Bushbuckridge,Mpumalanga,359,MP325,MP325 - Bushbuckridge,Mpumalanga,vd_code_match
2021,76170438,MP325,MP325 - Bushbuckridge,Mpumalanga,596,MP325,MP325 - Bushbuckridge,Mpumalanga,vd_code_match
2021,76170449,MP325,MP325 - Bushbuckridge,Mpumalanga,892,MP325,MP325 - Bushbuckridge,Mpumalanga,vd_code_match
2021,76170450,MP325,MP325 - Bushbuckridge,Mpumalanga,822,MP325,MP325 - Bushbuckridge,Mpumalanga,vd_code_match
2021,76170461,MP325,MP325 - Bushbuckridge,Mpumalanga,1962,MP325,MP325 - Bushbuckridge,Mpumalanga,vd_code_match
2021,76170472,MP325,MP325 - Bushbuckridge,Mpumalanga,1361,MP325,MP325 - Bushbuckridge,Mpumalanga,vd_code_match
2021,76170483,MP325,MP325 - Bushbuckridge,Mpumalanga,1924,MP325,MP325 - Bushbuckridge,Mpumalanga,vd_code_match
2021,76170494,MP325,MP325 - Bushbuckridge,Mpumalanga,1808,MP325,MP325 - Bushbuckridge,Mpumalanga,vd_code_match
2021,76170506,MP325,MP325 - Bushbuckridge,Mpumalanga,1240,MP325,MP325 - Bushbuckridge,Mpumalanga,vd_code_match
2021,76170539,MP325,MP325 - Bushbuckridge,Mpumalanga,1192,MP325,MP325 - Bushbuckridge,Mpumalanga,vd_code_match
2021,76170540,MP325,MP325 - Bushbuckridge,Mpumalanga,1372,MP325,MP325 - Bushbuckridge,Mpumalanga,vd_code_match
2021,76170551,MP325,MP325 - Bushbuckridge,Mpumalanga,553,MP325,MP325 - Bushbuckridge,Mpumalanga,vd_code_match
2021,76170562,MP325,MP325 - Bushbuckridge,Mpumalanga,1227,MP325,MP325 - Bushbuckridge,Mpumalanga,vd_code_match
2021,76170573,MP325,MP325 - Bushbuckridge,Mpumalanga,223,MP325,MP325 - Bushbuckridge,Mpumalanga,vd_code_match
2021,76170584,MP325,MP325 - Bushbuckridge,Mpumalanga,873,MP325,MP325 - Bushbuckridge,Mpumalanga,vd_code_match
2021,76170595,MP325,MP325 - Bushbuckridge,Mpumalanga,756,MP325,MP325 - Bushbuckridge,Mpumalanga,vd_code_match
2021,76170607,MP325,MP325 - Bushbuckridge,Mpumalanga,1055,MP325,MP325 - Bushbuckridge,Mpumalanga,vd_code_match
2021,76170618,MP325,MP325 - Bushbuckridge,Mpumalanga,888,MP325,MP325 - Bushbuckridge,Mpumalanga,vd_code_match
2021,76170629,MP325,MP325 - Bushbuckridge,Mpumalanga,393,MP325,MP325 - Bushbuckridge,Mpumalanga,vd_code_match
2021,76170630,MP325,MP325 - Bushbuckridge,Mpumalanga,328,MP325,MP325 - Bushbuckridge,Mpumalanga,vd_code_match
2021,76170641,MP326,MP326 - City of Mbombela,Mpumalanga,286,MP326,MP326 - City of Mbombela,Mpumalanga,vd_code_match
2021,76170652,MP325,MP325 - Bushbuckridge,Mpumalanga,381,MP325,MP325 - Bushbuckridge,Mpumalanga,vd_code_match
2021,76170663,MP325,MP325 - Bushbuckridge,Mpumalanga,405,MP325,MP325 - Bushbuckridge,Mpumalanga,vd_code_match
2021,76170674,MP325,MP325 - Bushbuckridge,Mpumalanga,335,MP325,MP325 - Bushbuckridge,Mpumalanga,vd_code_match
2021,76170685,MP325,MP325 - Bushbuckridge,Mpumalanga,1125,MP325,MP325 - Bushbuckridge,Mpumalanga,vd_code_match
2021,76170696,MP325,MP325 - Bushbuckridge,Mpumalanga,580,MP325,MP325 - Bushbuckridge,Mpumalanga,vd_code_match
2021,76170708,MP325,MP325 - Bushbuckridge,Mpumalanga,520,MP325,MP325 - Bushbuckridge,Mpumalanga,vd_code_match
2021,76170719,MP325,MP325 - Bushbuckridge,Mpumalanga,397,MP325,MP325 - Bushbuckridge,Mpumalanga,vd_code_match
2021,76170720,MP325,MP325 - Bushbuckridge,Mpumalanga,523,MP325,MP325 - Bushbuckridge,Mpumalanga,vd_code_match
2021,76170731,MP325,MP325 - Bushbuckridge,Mpumalanga,481,MP325,MP325 - Bushbuckridge,Mpumalanga,vd_code_match
2021,76170742,MP325,MP325 - Bushbuckridge,Mpumalanga,1980,MP325,MP325 - Bushbuckridge,Mpumalanga,vd_code_match
2021,76170753,MP325,MP325 - Bushbuckridge,Mpumalanga,358,MP325,MP325 - Bushbuckridge,Mpumalanga,vd_code_match
2021,76170764,MP325,MP325 - Bushbuckridge,Mpumalanga,362,MP325,MP325 - Bushbuckridge,Mpumalanga,vd_code_match
2021,76170775,MP325,MP325 - Bushbuckridge,Mpumalanga,472,MP325,MP325 - Bushbuckridge,Mpumalanga,vd_code_match
